operator,review_id,rating,review_date,storefront,title,content
Grameenphone,14619777038,1,2026-10-02T11:02:11-07:00,US,Apps aren’t working fast,Apps don't function properly
Grameenphone,14619615714,5,2026-10-02T10:09:22-07:00,US,Wow,Wow
Grameenphone,14619430423,1,2026-10-02T09:11:39-07:00,US,Madarchud sim,Khankir pola madarchud company
Grameenphone,14618543246,5,2026-10-02T04:48:15-07:00,US,Best service,Gp always best
Grameenphone,14617624356,4,2026-10-01T22:28:33-07:00,US,Volte now available in the app,Also using 5G but indoor network coverage so much bad
Grameenphone,14610251336,5,2026-09-30T02:16:55-07:00,US,Utility,Very Nice App
Grameenphone,14608266352,2,2026-09-29T12:14:04-07:00,US,Slow,"Really bad experience, its too much slow. Not loading speedy, not smoothly its hell make life slower"
Grameenphone,14604099648,1,2026-09-28T10:06:01-07:00,US,3000 Bill,"Your one of the customer care said to ma, he will call me back few minutes later; but he didn’t. Regularly I buy internet packages and minutes bundle from app. But I don’t know suddenly an email is sent by grameen phone and they said, i have 3003 taka due. I want an explanation of this but no one is care."
Grameenphone,14598521287,5,2026-09-27T00:05:50-07:00,US,Excellent,Excellent
Grameenphone,14598316341,1,2026-09-26T22:35:57-07:00,US,Shauya,"Baal er service apander , overpriced"
Grameenphone,14595860780,3,2026-09-26T07:39:01-07:00,US,Slow,Slow
Grameenphone,14594890472,5,2026-09-26T02:15:17-07:00,US,Working,Great
Grameenphone,14588713617,1,2026-09-24T11:02:52-07:00,US,Very Much disappointed,"I used GP sim for the very first time, but I’m very disappointed. You guys cut the internet very first. I mean it’s crazy . I’ve also Robi sim they’re not like you . I buy 75 gb internet on 12 of September most probably now I’ve only 45 gb left ! Man come on it’s too much . And you guys charge a lot for monthly pack . Do need full for every people. Don’t be so business minded. Thank You . And sorry if I said anything wrong."
Grameenphone,14588322494,5,2026-09-24T08:56:30-07:00,US,…,👍
Grameenphone,14587119767,1,2026-09-24T02:30:51-07:00,US,Late recharge,After recharge from bkash or nagad it shows here almost 5-10 minutes late. Very frustrating.
Grameenphone,14583377590,3,2026-09-23T03:09:45-07:00,US,Ok but My Robi app is much better this,"I found My Robi app much better, easier and organised than Gp app."
Grameenphone,14582929155,1,2026-09-22T23:46:45-07:00,US,Scammer,Gp company r marech**i..khank*r pola rah service thik kor..churi batpari nah koira legal service deh madarch*d.clown er baccha
Grameenphone,14575514545,1,2026-09-21T02:14:43-07:00,US,Slow in update,Very Slow in Uodate
Grameenphone,14575461228,1,2026-09-21T01:50:14-07:00,US,High Price Package with lowest Internet Speed,Title says it all
Grameenphone,14569252140,3,2026-09-19T10:59:50-07:00,US,Slow,This apps is extremely slowl.
Grameenphone,14551652915,1,2026-09-14T23:45:38-07:00,US,Full of glitches,"Very poor, need sign in without amy reason, super slow app, doesn’t sync so fast even after reacharg. Etc etc"
Grameenphone,14549223199,1,2026-09-14T07:57:01-07:00,US,Internet,Internet not working
Grameenphone,14539819413,1,2026-09-11T23:09:31-07:00,US,App information not properly described,App searching options not properly described to understand a customer regarding his query .
Grameenphone,14537604685,5,2026-09-11T09:11:51-07:00,US,Good,Very good
Grameenphone,14532112318,5,2026-09-10T00:15:32-07:00,US,COSTLY INTERNET,"I don’t know why this GP internet is so costly! If you just compare it to other courier you’ll realize it. Besides when the purchased internet comes down to last 1 gb or less, it starts showing E (edge) connection. What kinda hooliganism is this?

This is my honest Review"
Grameenphone,14531774561,5,2026-09-09T21:38:39-07:00,US,Momenul,Start my call by GP Now Gp hope so will be GP
Grameenphone,14531761193,5,2026-09-09T21:32:32-07:00,US,Good,So good
Grameenphone,14529959721,5,2026-09-09T10:16:00-07:00,US,suggestion,"The MyGP app should be accessible without any Internet just to check the balances or purchase any pack , if it is connected to a Gp sim on that phone."
Grameenphone,14529122269,5,2026-09-09T06:10:52-07:00,US,Good,Good app
Grameenphone,14528970217,2,2026-09-09T05:25:38-07:00,US,gp,নেটওয়ার্ক এতো বাজে।
Grameenphone,14527484114,1,2026-09-08T19:01:03-07:00,US,Not easy,Pop up many things it distract  rather should have button as like bkash or ebl app for services in front wondow
Grameenphone,14526647613,5,2026-09-08T13:36:34-07:00,US,Reduce Internet Cost for Students,The cost of internet is so high. Other operators give so many promotional offers but you guys don’t even give promotional offers as like other operators. Gp just gave Regular offer. But we need more promotional offers. Thank you.
Grameenphone,14525104754,3,2026-09-08T05:35:00-07:00,US,Apps is too heavy,It’s take long time to run application.
Grameenphone,14522532727,1,2026-09-07T12:06:05-07:00,US,FIX IT,"The app doesnt always work on wifi, it glitches and shuts down right after the mobile data limit ends and they turn on pay as you go as soon as you run out of mobile data even though you turned it off multiple times,they just turn it on after every data purchase. GRAMEENPHONE , ARE YOU SEEING THIS? BEFORE PEOPLE STARTS CALLING YOU OUT FOR REAL, FIX THIS. YALL ARE ALREADY TAKING SO MUCH MONEY FOR LORD KNOWS WHAT, DONT BE SCAMMERS,YOU ALREADY HAVE CUSTOMERS, MORE THAN ENOUGH. DO GOOD NOW, DO GOOD."
Grameenphone,14518808377,1,2026-09-06T12:41:02-07:00,US,Garbage app,What a slow sluggish app
Grameenphone,14507572256,1,2026-09-03T17:09:14-07:00,US,No confirmation before purchase !!! UX,"There is no confirmation step before purchasing internet or minute packages. If a user accidentally selects the wrong package, the purchase can go through immediately with no chance to cancel.


Purchasing a package should never happen with a single accidental tap. 

Users should be able to review the package, price, and validity before confirming the purchase. At minimum, please add a PIN/password protection for extra security."
Grameenphone,14506054233,5,2026-09-03T08:15:45-07:00,US,Pickpocketed,Really you are just like I thought. Why you are like that? Can’t you be better for mankind
Grameenphone,14502442308,2,2026-09-02T09:33:24-07:00,US,Bad service,Day by day service are going down
Grameenphone,14501184626,5,2026-09-02T03:09:36-07:00,US,Nice,Khub valo
Grameenphone,14498597363,3,2026-09-01T10:09:10-07:00,US,Miss Leading,Very Bad News
Grameenphone,14494535805,1,2026-08-31T09:40:22-07:00,US,Data and minute forwarding wanted,Data and minute forwarding wanted
Grameenphone,14493378596,5,2026-08-31T03:48:40-07:00,US,Great,"Nice, outstanding."
Grameenphone,14491190648,1,2026-08-30T12:51:24-07:00,US,Glitch,I purchased internet offer. It shows me notification but i not got it. Also it start pay as you go. And my tk charged as well. Very bad implementation
Grameenphone,14489727511,5,2026-08-30T05:32:04-07:00,US,MB,এমবির মেয়াদ মিনিমাম ১ বছর করা উচিত বলে মনে করি
Grameenphone,14482763832,5,2026-08-28T09:50:51-07:00,US,His pakhii,Sundor
Grameenphone,14482106950,1,2026-08-28T06:38:06-07:00,US,Data or Internet,very very slow
Grameenphone,14480935194,5,2026-08-27T23:22:20-07:00,US,Great app!,It’s a great app! Like really amazing! Sad that I didn’t know much about this app from GP and had to discover myself. Happy that I did!
Grameenphone,14474505061,5,2026-08-26T07:35:43-07:00,US,Internet,price so High
Grameenphone,14472656201,5,2026-08-25T19:53:15-07:00,US,MyGP,Best app
Grameenphone,14470778928,1,2026-08-25T08:31:43-07:00,US,Poor network,"So slow network,"
Grameenphone,14467545381,5,2026-08-24T12:12:50-07:00,US,Good,Good
Grameenphone,14466757346,3,2026-08-24T08:01:44-07:00,US,Needs improvements,"Mainly, my gp needs to allow users to purchase packages when ran out of mobile data instead of pay as you go.
This is the biggest mobile operator yet can't stay away from cheap tricks to take disadvantage on the base of popularity.
Always face trouble loading the app, going to different options."
Grameenphone,14457817412,2,2026-08-22T00:53:30-07:00,US,Scam,They use a lot of tricks to charge you a lot of money which are difficult to identify by elderly
Grameenphone,14451095594,5,2026-08-20T07:40:21-07:00,US,Super,Best app for coustmer
Grameenphone,14450684227,5,2026-08-20T05:42:15-07:00,US,Rinky,Rahman
Grameenphone,14449161001,1,2026-08-19T19:43:03-07:00,US,Still lacks a dark mode and has plenty of ads.,It’s crazy that an app in 2026 lacks dark mode support. Not to mention the ads which really are annoying (but kinda understandable: GP does need to sell you more packages to profit more). Also the app is quite sluggish.
Grameenphone,14446359435,1,2026-08-19T04:01:32-07:00,US,Net service and cost,Net service so poor and net cost is so high not affordable for everyone
Grameenphone,14441967286,1,2026-08-18T01:33:51-07:00,US,I have minutes,I have minutes and still not able to make calls
Grameenphone,14438772242,5,2026-08-17T06:22:17-07:00,US,Nice,Excelent
Grameenphone,14438772225,1,2026-08-17T06:22:16-07:00,US,too much adds,adds problem
Grameenphone,14434456572,1,2026-08-16T04:44:35-07:00,US,Balance transfer not possible!! Why ??,Balance transfer not working why ??
Grameenphone,14422586217,1,2026-08-13T05:50:45-07:00,US,Add,Bad page
Grameenphone,14409664241,5,2026-08-10T01:13:17-07:00,US,Nice app,Very good
Grameenphone,14404857513,3,2026-08-08T18:25:47-07:00,US,Review,"I’m happy to use this app, yet recently having bugs and lags. Last time it took really long to show up my balances that I refilled from using a bank account while that was necessary for quick action."
Grameenphone,14401461087,5,2026-08-07T21:17:13-07:00,US,good,very good
Grameenphone,14397786949,5,2026-08-06T23:10:27-07:00,US,My GP,Excellent ☺️
Grameenphone,14388331152,1,2026-08-04T14:00:28-07:00,US,Add Postpaid to Prepaid Migration Feature!!!!,"Update 2006: no solution yet! 
Update: Jan, 2024: Where is the POSTPAID to PREPAID migration feature as promised??? 2023: Where is the postpaid to prepaid migration feature/option??? Make this crucial feature workable rather than pushing updates with less useful features!"
Grameenphone,14386496445,4,2026-08-04T04:40:26-07:00,US,add a widget for iPhone,add a widget for iPhone
Grameenphone,14385343719,5,2026-08-03T21:01:02-07:00,US,McDonald’s,McCain
Grameenphone,14381140776,1,2026-08-02T20:29:37-07:00,US,Painful,It’s giving me pain
Grameenphone,14379008160,2,2026-08-02T08:05:21-07:00,US,Chor,"Chorer baccha chor 
30 days package bole 28 dise"
Grameenphone,14374206642,5,2026-08-01T03:58:56-07:00,US,Great App,5 star from my side
Grameenphone,14371686392,3,2026-07-31T11:49:30-07:00,US,Too much advertisements,Annoying amount of advertising
Grameenphone,14362235267,1,2026-07-29T05:19:47-07:00,US,Purchase System,"I’m very upset, because can’t to purchase pack from my mobile balance"
Grameenphone,14362003547,5,2026-07-29T04:02:15-07:00,US,Tareqrahman,Help phul
Grameenphone,14358911008,5,2026-07-28T08:51:18-07:00,US,Naveen,Very good
Grameenphone,14357199977,5,2026-07-27T23:05:10-07:00,US,Awesome,Truly amazing & customer friendly app.
Grameenphone,14351088431,5,2026-07-26T10:06:31-07:00,US,Review,Good
Grameenphone,14343190237,5,2026-07-24T09:50:45-07:00,US,Great,But Sometimes bugs
Grameenphone,14341773021,4,2026-07-24T02:26:38-07:00,US,Antu Khan,Good
Grameenphone,14341543954,3,2026-07-24T00:53:04-07:00,US,Unused internet and talk time carry forward,I think this review is meaningless…. Last time I wrote but there was no solution
Grameenphone,14338701217,1,2026-07-23T07:39:33-07:00,US,Network issue,Poor network
Grameenphone,14330052077,1,2026-07-21T05:00:17-07:00,US,Full of Advertisements.,"When open open, remove the floating advertisement."
Grameenphone,14324235460,1,2026-07-19T16:38:57-07:00,US,Poor net connection and bad bioscope apps,Poor net connection and bad bioscope apps
Grameenphone,14320970559,3,2026-07-18T21:49:30-07:00,US,Login issues from wifi,"Update- 20-07-2026
Too much popups and ad. The main reason for using the app was check my account and history and buy what packs I need. Now because of adds I feel annoyed opening the app.

Now:
I’m not able to login into mygp app from wifi. I have to use mobile data to login and use it. Can you solve this.

Previous Problem:
I did not get any history of my account transactions.
I mean, if i buy minute/internet pack then I didn’t get the history of that transaction in history.
Otherwise the app is working good."
Grameenphone,14320830773,1,2026-07-18T20:51:16-07:00,US,Most of the time did not open smoothly,Everything I have to provide the  numbet to log in and very slow everytime.
Grameenphone,14319937823,5,2026-07-18T15:01:27-07:00,US,Md Rokon Uz Zaman,GP is the best in terms of experience and quality.
Grameenphone,14317718109,1,2026-07-18T03:00:17-07:00,US,Bad,অনেক খারাপ সার্ভিস
Grameenphone,14316663048,1,2026-07-17T19:50:58-07:00,US,bad,Huge Add
Grameenphone,14306761545,1,2026-07-15T09:16:39-07:00,US,Poor service,"Poor service, take too much money"
Grameenphone,14303605888,5,2026-07-14T14:07:29-07:00,US,মতামত,"আলহামদুলিল্লাহ ভাল,, কিন্তু সব জাগায় নেটওয়ার্ক খুব বেশি ভাল পাওয়া যায় না"
Grameenphone,14303330464,1,2026-07-14T12:31:42-07:00,US,Mobile Data,Network Dropping
Grameenphone,14303080354,1,2026-07-14T11:11:57-07:00,US,Too many unnecessary things,"The app has a lot of unnecessary content that is not relevant for a sim operator app, the Home Screen is not clean, its slow. A sim app should do what it stands for. Is doesn’t have native ios nav bar, still no dark mode in 2026, user experience is not good."
Grameenphone,14302565169,1,2026-07-14T08:37:37-07:00,US,Very slow,Very slow
Grameenphone,14300117901,1,2026-07-13T17:40:48-07:00,US,GP App and Internet,Very slow app and internet price is too high
Grameenphone,14297698733,5,2026-07-13T04:26:01-07:00,US,Smooth,Easy and quick
Grameenphone,14292264317,1,2026-07-11T18:24:17-07:00,US,বাল,বাল
Grameenphone,14290578006,1,2026-07-11T08:32:39-07:00,US,Bad internet,Very bad internet bandwidth
Grameenphone,14289162620,1,2026-07-11T00:28:51-07:00,US,Stuffy,too much ads and stuff
Grameenphone,14286855595,1,2026-07-10T09:59:30-07:00,US,Poor optimization,The app is very slow if I compare it to the other tele companies app. Need more work in optimization and smoothness.
Grameenphone,14284609197,5,2026-07-09T20:53:30-07:00,US,Network problem slowly,verry poor connection
Grameenphone,14282561184,1,2026-07-09T08:53:13-07:00,US,High price,Very high price . I think to move on to another operator. If price is low then I can stay in this operator.
Grameenphone,14278656877,3,2026-07-08T09:32:03-07:00,US,Yours internet service is too much poor,Too much poor.
Grameenphone,14270834279,5,2026-07-06T10:35:22-07:00,US,Service,Helpful service
Grameenphone,14269059629,1,2026-07-06T00:49:28-07:00,US,Feature issue,Balance transfer feature is not usable or working
Grameenphone,14263659020,1,2026-07-04T15:02:08-07:00,US,They think peoples money are their money,I tried to buy bongo package which they were showing in their app and i proceed with money. After completing the transaction what i found! I bought 3gb package. What i did not need at that time. They successfully ate my 98+ taka and i did not get what i wanted or at least what they showed on the app. Now i will never buy any other entertainment package from mygp. And i suggest everyone to do the same
Grameenphone,14261370737,1,2026-07-04T02:24:55-07:00,US,Poor,Poor
Grameenphone,14259914655,5,2026-07-03T16:53:39-07:00,US,So nice,Very nice
Grameenphone,14259685078,1,2026-07-03T15:23:27-07:00,US,Amar,Amar call history
Grameenphone,14252763919,5,2026-07-02T00:59:17-07:00,US,Nice,Perfect
Grameenphone,14239835251,5,2026-06-29T00:19:50-07:00,US,RIJ,RIJ
Grameenphone,14239517359,5,2026-06-28T21:59:56-07:00,US,Sadi,Nice
Grameenphone,14239491024,5,2026-06-28T21:48:23-07:00,US,Internet is bad,Not getting any internet service after buying the package.
Grameenphone,14235750545,1,2026-06-27T23:40:57-07:00,US,Bad app,Horrible app… keeps crashing and My Family is a My Nightmare when using on iPhone
Grameenphone,14232269028,5,2026-06-27T03:34:43-07:00,US,Good,Good
Grameenphone,14228693677,1,2026-06-26T06:40:44-07:00,US,lagging,lagging
Grameenphone,14222741411,5,2026-06-24T18:17:08-07:00,US,Best Mobile Operator App,Excellent App.
Grameenphone,14221131110,5,2026-06-24T08:55:55-07:00,US,Amazing,it’s really useful
Grameenphone,14219872187,4,2026-06-24T02:06:35-07:00,US,"Magical Application..,.",A wonderful virtual app in the series.....
Grameenphone,14216846748,5,2026-06-23T07:09:59-07:00,US,Hi,Hii
Grameenphone,14209788482,5,2026-06-21T10:00:52-07:00,US,Internet expensive and with validity,Why I have validity while I am playin money and buy internet - this is injustice and GP is doing this for years . Blood suckers .
Grameenphone,14205034289,1,2026-06-20T05:23:55-07:00,US,Confusing,Confusing
Grameenphone,14198936916,1,2026-06-18T14:52:04-07:00,US,Poor,Call rate is high & validity of data is very poor.
Grameenphone,14192364050,5,2026-06-16T23:31:38-07:00,US,Great app,Very Useful
Grameenphone,14191454018,2,2026-06-16T17:14:17-07:00,US,Stealing Balance,"This legitimately often happens with GP, there’s balance in my account (Internet pay per go is OFF as well) shooo, its GONE !! They Stealing ??"
Grameenphone,14181523737,5,2026-06-14T05:12:42-07:00,US,Best,Best
Grameenphone,14179188473,5,2026-06-13T13:26:51-07:00,US,J,J
Grameenphone,14177021562,3,2026-06-13T01:26:11-07:00,US,Internet package,"Worst internet package they have. They are too expensive. Even after buying 20 or 25 gb, after using 10 to 15 gb, rest internet doesn’t work. What kind of service is this?"
Grameenphone,14176649381,1,2026-06-12T22:46:24-07:00,US,Balance ase but dekhay na,Ajob
Grameenphone,14173721162,5,2026-06-12T05:54:07-07:00,US,gd,hg
Grameenphone,14170054618,1,2026-06-11T07:11:46-07:00,US,App interfere is Not User Friendly.,App interfere is Not User Friendly.
Grameenphone,14163893714,1,2026-06-09T15:41:49-07:00,US,Very slow,Very slow
Grameenphone,14150817443,4,2026-06-06T07:03:25-07:00,US,Speed,Have to increase net internet Speed 4G network
Grameenphone,14147145796,1,2026-06-05T08:17:02-07:00,US,Can’t load the app with GP internet,The title is the review
Grameenphone,14143858135,1,2026-06-04T11:09:03-07:00,US,Irresponsible,Their live chat support member was irresponsible. He was gone in the middle of chat.
Grameenphone,14142946546,4,2026-06-04T06:32:00-07:00,US,Odd to GP,Reduce price for buying different packages.
Grameenphone,14141838591,2,2026-06-03T23:11:57-07:00,US,bb,good
Grameenphone,14139392652,5,2026-06-03T07:53:41-07:00,US,Hmmm,Valo
Grameenphone,14137635303,1,2026-06-02T20:31:02-07:00,US,Worst app I have ever used. Totally 3rd class.,Sometimes it works with our Data sometimes doesn’t. This app will make sure that “when you need this app for a very  important reason it will not work perfectly “
Grameenphone,14137542892,4,2026-06-02T19:52:05-07:00,US,tuhin,sarkar
Grameenphone,14137476283,5,2026-06-02T19:25:02-07:00,US,Quick and efficient,Very good app
Grameenphone,14136159895,1,2026-06-02T11:15:07-07:00,US,Network,Worst network in Bangladesh
Grameenphone,14135288002,5,2026-06-02T06:54:46-07:00,US,Review,Best service ever from other network !
Grameenphone,14127481971,5,2026-05-31T07:29:50-07:00,US,Superb app,One of the best app with all i one facilities
Grameenphone,14126869568,2,2026-05-31T04:12:43-07:00,US,App crash,"App keeps crashing every time I click Manage Family option in Account tab, please look into it"
Grameenphone,14126175006,5,2026-05-30T23:22:57-07:00,US,Go,Nice
Grameenphone,14116632610,1,2026-05-28T11:36:22-07:00,US,Worse,With full data sometimes it doesn't work. Poor network.
Grameenphone,14108507280,1,2026-05-26T08:23:15-07:00,US,Miss leading,Unsecured
Grameenphone,14103268215,5,2026-05-24T23:09:00-07:00,US,Rate Cutter,"আমি মাই জিপি অ্যাপস ব্যবহার করি। এবং এই অ্যাপস দিয়ে রেট কাটার অফারটা আমি গ্রহণ করেছি, যেটা এক বছরের মেয়াদ। কিন্তু এটা মাই জিপির কোথাও চেক করার কোন অপশন খুঁজে পাইনি যে আমারটা কবে অ্যাক্টিভেট করেছি আর কতদিন এটার মেয়াদ আছে। যেমন আমি এক বছরের জন্য করেছি, এইটার জন্য যদি কোন অপশন থাকে, আপনাদের কাছে জানতে চাই প্লিজ।"
Grameenphone,14091257618,5,2026-05-21T18:19:45-07:00,US,Facility,Excellent
Grameenphone,14090502312,1,2026-05-21T13:10:03-07:00,US,Don’t feel safe using this app,Don’t feel safe using this app
Grameenphone,14088497915,5,2026-05-21T01:13:31-07:00,US,Best app ever!,Thank you for the apple gift cards and netflix cards
Grameenphone,14087746789,5,2026-05-20T19:08:16-07:00,US,Very convenient for Grameenphone users,All the necessary features are available for Grameenphone users
Grameenphone,14077272480,5,2026-05-17T22:02:38-07:00,US,Smart app,Now it is more user friendly. 👌👌
Grameenphone,14073123092,5,2026-05-16T19:11:23-07:00,US,Easy applications,It is very easy to choose internet subscribers to choose data planning
Grameenphone,14071180229,1,2026-05-16T07:30:08-07:00,US,Problem,Faltu Appas for customers
Grameenphone,14069429649,5,2026-05-15T19:59:49-07:00,US,Sarwar,Excellent to use
Grameenphone,14065433626,3,2026-05-14T18:04:26-07:00,US,pricing,High
Grameenphone,14063921279,1,2026-05-14T08:32:46-07:00,US,Worst Sim Company,"Deducted ballance, Not even inform user,Force user to recharge even ballance was 30+ then duduct ballance.Not good Experience."
Grameenphone,14063303225,5,2026-05-14T05:19:41-07:00,US,Great,Awesome
Grameenphone,14059118441,1,2026-05-13T01:38:24-07:00,US,very bad,Worst and horrible experience
Grameenphone,14053496203,1,2026-05-11T11:13:40-07:00,US,Double money was charged,Double money was charged
Grameenphone,14048004391,1,2026-05-10T00:13:50-07:00,US,worst app ever,lots of bugs
Grameenphone,14036344687,5,2026-05-06T17:57:11-07:00,US,Hajj Roming pack,Good service
Grameenphone,14031571158,5,2026-05-05T10:00:58-07:00,US,Good,Good quality
Grameenphone,14030524325,5,2026-05-05T04:03:22-07:00,US,Good,Good
Grameenphone,14024410827,5,2026-05-03T09:48:38-07:00,US,Good,Good
Grameenphone,14019262014,5,2026-05-02T01:05:53-07:00,US,Review,Makes life very simple … 💞
Grameenphone,14009272406,5,2026-04-29T06:37:29-07:00,US,Apprised MY GP aps,"itIt's really good , very easily to purchases any package ,can use my real time offer, apprised to GGrameenphone"
Grameenphone,14003888864,5,2026-04-27T15:38:07-07:00,US,Gp,Best app for bd
Grameenphone,14002054064,5,2026-04-27T04:18:59-07:00,US,Nerwork,Good
Grameenphone,13985580235,5,2026-04-22T08:52:37-07:00,US,Phenomenal performance,Truly one of the best sim networking apps
Grameenphone,13984123915,5,2026-04-21T23:45:06-07:00,US,vary,sad
Grameenphone,13980991412,1,2026-04-21T01:59:31-07:00,US,Chor,You guys are theft. World’s most worst service provider.  No 1
Grameenphone,13970564775,4,2026-04-18T03:40:00-07:00,US,SLOw,"The best slow interface app ever. Take huge time to load it, an app with 139.8 mb but tame huge time to load it’s home screen…."
Grameenphone,13967409658,5,2026-04-17T06:36:26-07:00,US,Silvi mahmud,Good connection
Grameenphone,13963500369,1,2026-04-16T04:08:40-07:00,US,Bad deals,Expensive options
Grameenphone,13961395824,5,2026-04-15T11:49:47-07:00,US,Gp package high rate😡,জিপির প্যাকেজের দাম কমাতে হবে
Grameenphone,13960304891,5,2026-04-15T05:37:51-07:00,US,Wow,Good
Grameenphone,13956930841,2,2026-04-14T05:57:05-07:00,US,Dark mode,Need dark version of the app since most iOS apps have dark mode.
Grameenphone,13945395238,1,2026-04-10T23:14:33-07:00,US,Internet Pack,Existing internet GB doesn’t add up with new packages. As always Stupid rules from GP showing middle finger to Government Rules.
Grameenphone,13940208051,5,2026-04-09T11:30:49-07:00,US,veary Slow Working,veary Slow Working
Grameenphone,13932869776,1,2026-04-07T10:09:49-07:00,US,Overpriced,Overpriced
Grameenphone,13931311547,5,2026-04-07T00:08:36-07:00,US,Reliable and User-Friendly Experience with Grameenphone App,"I have had a very positive experience using the Grameenphone (GP) app. The interface is clean, simple, and easy to navigate, making it very convenient to find and purchase minute, internet, and SMS packs. Everything is well organized, so it saves time and avoids confusion.

One of the best aspects of GP is its strong and reliable network coverage across Bangladesh. Calls are clear, and network issues like call drops are very rare, which gives peace of mind during regular use.

The app also allows easy recharge, balance checking, and pack activation, all in one place. Additionally, the personalized offers and occasional discounts make it even more valuable and cost-effective.

Overall, the GP app is a reliable and efficient platform for managing mobile services. I highly recommend it for its excellent network quality, smooth performance, and user-friendly design."
Grameenphone,13929768124,1,2026-04-06T12:27:54-07:00,US,GP REMOVED ROAMING BILL PAYMENTS OPTION WITH USD,I humbly request that to GP please add USD BILL PAYMENTS FACILITY
Grameenphone,13929190812,2,2026-04-06T09:07:46-07:00,US,Review,You should add 30 days internet pack with affordable rate
Grameenphone,13917248749,1,2026-04-03T02:45:55-07:00,US,Slow,Slow server
Grameenphone,13909393569,1,2026-03-31T21:47:14-07:00,US,About gp service,"The call rate is very high. If there are any minutes or MB left after the expiration date, they cut it off, which is very disgusting. And the bundle rates are also very high."
Grameenphone,13907006465,1,2026-03-31T06:51:29-07:00,US,Chor Provider,No:1 Chor in Bangladeshi telecom Providers.
Grameenphone,13903753155,5,2026-03-30T08:17:44-07:00,US,Great App,"Such a beautiful app. Many underrated features are available inside the app. Like Namaj tracker, Al Quran , Nmaja learning contents and many more. Really appreciate this initiative of GP❤️"
Grameenphone,13886625009,5,2026-03-25T13:29:06-07:00,US,internet speed,should be more and steady
Grameenphone,13876773964,2,2026-03-22T16:31:46-07:00,US,Internet,All on a sudden my GB balance gone
Grameenphone,13871989034,5,2026-03-21T08:57:48-07:00,US,👍,👍
Grameenphone,13871145891,1,2026-03-21T04:18:07-07:00,US,Can’t update the address,It said update would be done in a few minutes but never worked.
Grameenphone,13843577088,5,2026-03-13T06:10:42-07:00,US,always always best performing,excellent networking
Grameenphone,13828495717,5,2026-03-08T17:03:17-07:00,US,Good,Useful app
Grameenphone,13801385724,1,2026-02-28T23:27:38-07:00,US,bal,bal banaiso mia net thakleu kaj kre na
Grameenphone,13799161295,4,2026-02-28T08:46:13-07:00,US,Best,Good and better than all operators but there could be some improvement like little self care services could be added
Grameenphone,13798227573,1,2026-02-28T03:46:08-07:00,US,Cheap Service,"I literally have a concern about how they manipulate people into using their only app. You may believe that this app will help you learn about the internet and other packages at a reasonable price, but it will rip you off."
Grameenphone,13794869498,5,2026-02-27T05:43:54-07:00,US,It's good,This is user friendly. 👍
Grameenphone,13788018715,1,2026-02-25T08:01:08-07:00,US,Bad,If you guys think that you can add everything in every where within a small app I think you need to think again. It’s just a complex system filled with unnecessary stuff! It’s irritating to see so many things together and also there is ad ! It’s just messy !! An
Grameenphone,13782957384,1,2026-02-23T21:48:29-07:00,US,Data rates,"high data rate, its difficult to buy people!"
Grameenphone,13779465191,3,2026-02-22T22:04:04-07:00,US,এমবির দাম মেয়াদ,এমবির দাম কমাতে হবে ও মেয়াদ বাড়িয়ে দিতে হবে।
Grameenphone,13773819873,5,2026-02-21T08:40:09-07:00,US,Nice,Very nice because I use it to find my balance
Grameenphone,13771989654,5,2026-02-20T20:32:27-07:00,US,গ্রামীণ ফোন ৪ জিবির প্যাকেজ সমন্ধে,গ্রামীন ফোন ৪ জিবি ৩ দিনের প্যাকেজ টা বন্ধ করা উচিত হয়নি। অনেকের জন্য এটা সাধ্যের মধ্যে ছিল।  এভাবে ছোট প্যাকেজ বন্ধ করে দিলে মানুষ গ্রামীণ ফোনের প্রতি আস্থা হারাতে শুরু করবে। সব ধরনের মানুষের কথা চিন্তা করে প্যাকেজ তৈরি করা উচিত।
Grameenphone,13770617499,1,2026-02-20T11:03:16-07:00,US,Horrible,The app is too heavy and slow. Too many items and unnecessary features are included. Grameenphone network is horrible. In addition to that voice charge is excessively high
Grameenphone,13769607420,5,2026-02-20T05:17:56-07:00,US,MyGP App review,Great app with so many features
Grameenphone,13756059860,1,2026-02-16T08:45:27-07:00,US,Slow,Too much slow!!
Grameenphone,13729371846,5,2026-02-08T21:20:35-07:00,US,Cool,Cool
Grameenphone,13727731023,1,2026-02-08T10:18:09-07:00,US,Bad App GP Too Much price,Too much price
Grameenphone,13727123904,5,2026-02-08T07:13:51-07:00,US,Good Reviews,Nice and smooth app
Grameenphone,13719223465,1,2026-02-06T05:15:23-07:00,US,Nara swo,Netok sow
Grameenphone,13711848362,5,2026-02-04T05:11:26-07:00,US,valo jinish,app ta valoi banaise. internet er dam ta komaileo pare
Grameenphone,13711101535,5,2026-02-03T23:59:33-07:00,US,MO DR AT OR,AC CELERATION
Grameenphone,13709425930,5,2026-02-03T11:53:45-07:00,US,My choice,"Slow internet, give us 0 MB internet which now inactive. You must cut charges when we use the internet, Thanks."
Grameenphone,13699700835,5,2026-01-31T22:12:47-07:00,US,very effective,very effective. thanks grameenphone.
Grameenphone,13699025235,1,2026-01-31T17:39:51-07:00,US,Everything Overpriced !!,Too much expensive data pack minutes 👎🏻
Grameenphone,13698958457,2,2026-01-31T17:14:16-07:00,US,Loads very slow,The only reason I don't like the app is it loads very slow
Grameenphone,13684039050,5,2026-01-27T21:15:54-07:00,US,good,Good
Grameenphone,13681012123,1,2026-01-27T02:52:00-07:00,US,overprice,sob kisur price besi and service 00
Grameenphone,13677937335,1,2026-01-26T06:34:14-07:00,US,Bad review,Too much slow app
Grameenphone,13675180443,5,2026-01-25T11:27:58-07:00,US,Easy and friendly,"Good one for recharge, active internet, check mobile balance and  others ! Thanks GP"
Grameenphone,13672765870,1,2026-01-24T20:47:17-07:00,US,App is Not working,This app is not working anymore. It’s not opening. What is the problem! Fix it
Grameenphone,13669954590,5,2026-01-24T04:30:14-07:00,US,Grameen phone,Grameen phone is top notch in telecommunication industry. They are leader of this industry. And serve very nicely.
Grameenphone,13669427613,1,2026-01-24T01:02:39-07:00,US,Bad internet,I never seen bad internet connection as like as gp.
Grameenphone,13646473124,1,2026-01-17T21:13:11-07:00,US,Nafiz,Information update in this app too later
Grameenphone,13640868042,1,2026-01-16T10:45:58-07:00,US,Need to be improved far more,"Very poor experience, not responsive and so much irritating at user end, so please fix it asap."
Grameenphone,13638642451,5,2026-01-15T20:48:33-07:00,US,Gb Bundle,Too much high price this is the main problem… Otherwise all ok
Grameenphone,13632373382,1,2026-01-14T05:20:43-07:00,US,Bogus network third class,Disgusting network
Grameenphone,13630398888,1,2026-01-13T15:28:43-07:00,US,Poor,"Very laggy, especially when on their network! Scattered interface, only shows blurbs of TV shows and very app set up! Just messy! Doesn’t refresh properly, always giving unnecessary notifications! Very poor design!"
Grameenphone,13624042485,1,2026-01-11T23:07:18-07:00,US,High rate,High rate  for internet& call rate
Grameenphone,13617770693,5,2026-01-10T08:58:46-07:00,US,Theme,Why Not There Is Any Dark Mode Option?
Grameenphone,13602106288,1,2026-01-06T08:38:08-07:00,US,Poor and slow,This app is terrible and slow. The display was terrible when I tried to make bill payment through this app using SSL commerce. I had to pay through my banking app on a different handset to get this to work.
Grameenphone,13602017017,1,2026-01-06T08:10:25-07:00,US,compliance,"forcing user to save card info while checkout is a severe crime, you cant auto check the tick mark of someones baking card without asking permission."
Grameenphone,13589214518,5,2026-01-03T03:47:53-07:00,US,Exceptional,"Bonus is decreased now days. Could you think regarding thise.
Oblige"
Grameenphone,13586081069,3,2026-01-02T09:28:47-07:00,US,.,ইন্টারনেট সংযোগ ছাড়া যদি ইন্টারনেট না কেনা যায় তাহলে লাভ কি?
Grameenphone,13581405185,5,2026-01-01T07:41:27-07:00,US,Excellent,Excellent
Grameenphone,13580246956,5,2026-01-01T01:01:19-07:00,US,Injeed offer,I jeed offer
Grameenphone,13579823970,5,2025-12-31T22:02:36-07:00,US,Best UI,Update able info
Grameenphone,13579419632,5,2025-12-31T19:21:42-07:00,US,Great App,Its awesome and very helpful
Grameenphone,13579266862,3,2025-12-31T18:24:11-07:00,US,Internet validity,Not talking about app. But someone make me understand how is it ok that I'm buying 30 days internet package on January 1 at 8:15 am and it's valid till January 30 at 11:59 pm? Whereas at the same day and time bought Teletalk package that's valid till 31 January 8:15 am. An 8 hour rip off by GP.
Grameenphone,13571080140,1,2025-12-29T17:37:04-07:00,US,Disappointed,Disappointed
Grameenphone,13556913689,1,2025-12-26T05:30:22-07:00,US,Needs a lot of improvements,Buggy as hell. Feels sluggish
Grameenphone,13550063177,1,2025-12-24T07:15:17-07:00,US,Live chat is not available on app,they just added the feature live chat but dont support on live chat you caanot talk to any agent all guys are busy
Grameenphone,13546411253,5,2025-12-23T07:25:46-07:00,US,ahmedashik,r akto vlo offer lagbe
Grameenphone,13526357701,5,2025-12-17T22:02:15-07:00,US,Ratan,Vg
Grameenphone,13526326176,3,2025-12-17T21:46:20-07:00,US,Loot of subscriber,"You are just blackmailing all the subscriber by deducting all the data pack if we forget to recharge for a day even. Why should I recharge every month and store data pack when I have plenty?

You must revisit the system. This is unethical"
Grameenphone,13523045543,5,2025-12-17T00:44:06-07:00,US,Onono,Ha naholei noy.
Grameenphone,13515186006,5,2025-12-14T20:21:59-07:00,US,offer is good,Thanks
Grameenphone,13512551582,1,2025-12-14T04:58:17-07:00,US,Bal ar apps,Protydin ee update asha ar bal ar app kono kaj ee kora jai na apps loading hoita ee 10 min laga
Grameenphone,13500877095,1,2025-12-11T04:21:29-07:00,US,Dalal,"Money grabbing scammers got the worst plans and services, is just a laughing matter to the public"
Grameenphone,13496419527,1,2025-12-09T23:08:00-07:00,US,Minute pack price should be reduced,You guys should decrease the price for minute packs for people like who barely talks 50 min per month. Why would I have to buy 200 min packs for a month and left the 150+ mins unused. Flexiplan had an option for 50mins around 48/- but now it’s not available. Seriously do something better or I’ve to switch to airtel.
Grameenphone,13493953341,1,2025-12-09T07:19:14-07:00,US,Digital thief’s,Why you stole my minute and data package
Grameenphone,13493200760,5,2025-12-09T03:15:07-07:00,US,MG,Fantastic
Grameenphone,13493063240,1,2025-12-09T02:18:30-07:00,US,147tk fake,আমি ১৪৭টাকা রাত চার্জ করেছি ছিলো ৪জিবি ১৫০ মিনিট রিচার্ড হবার পরে দেখতে পারি ৪জিবি দিসে শুধু
Grameenphone,13492324926,1,2025-12-08T20:21:52-07:00,US,Poor response,Thik Moro response kore na
Grameenphone,13492150233,5,2025-12-08T19:05:08-07:00,US,Good,Flexible
Grameenphone,13489503435,1,2025-12-08T03:32:15-07:00,US,Alarming sign,Before I can see a alarming sign beside my data on the last date of its validity. But now that sign is removed so that maybe the consumer can forget the last date easily and they can rob us!!
Grameenphone,13480920001,5,2025-12-06T00:28:26-07:00,US,Director ACC,Excellent performance
Grameenphone,13456262656,1,2025-11-29T13:48:15-07:00,US,Batpar Grameenphone,Chor Batpar !!! Amr net Shob khayyy. Amr expire time shesh houar agei niye jay!!! Chorrrr
Grameenphone,13447273031,1,2025-11-27T07:45:29-07:00,US,Zero Stars If I Could — A Scam-Like App That Completely Fails When You Need It Most,"Worst telecom app ever created. I had balance in my SIM but no internet, and because of that I couldn’t even open their stupid app. Imagine an app so poorly designed that you need internet just to buy internet. Other SIM operators already allow users to access their apps without data, but this company is still stuck in the stone age. I had money in my phone, ready to buy a package, but their garbage system didn’t even let me enter the app. On top of that, the manual USSD options are totally useless and offer almost no proper packages. What’s the point of having an app if it completely fails at the one job it’s supposed to do? Because of this nonsense, I finally threw away their SIM and switched to another operator. This app is a complete disaster — worthless, frustrating, and a total waste of time."
Grameenphone,13443987331,1,2025-11-26T10:06:02-07:00,US,Frustrated,"Worst sim ever mb,minutes prices are so high."
Grameenphone,13440019768,1,2025-11-25T09:09:23-07:00,US,Useless,Useless
Grameenphone,13438514226,5,2025-11-25T00:30:50-07:00,US,Nahian Nayna: Manager-Local Fundraising,Great!
Grameenphone,13421129499,5,2025-11-20T10:28:41-07:00,US,Nice,5
Grameenphone,13419105724,1,2025-11-19T21:58:13-07:00,US,Worst app,This app always give me notifications which is not relevant to me and didn’t give me any valuable offers! It’s so annoying
Grameenphone,13407869858,1,2025-11-16T22:09:48-07:00,US,Customer Service,Worse experience ever. Once you bought their service they will treat you as their slave. Such a creepy service.
Grameenphone,13388668925,1,2025-11-12T05:21:05-07:00,US,A,It’s taking too much time for lodging.
Grameenphone,13381507341,5,2025-11-10T09:52:41-07:00,US,❤️,Best
Grameenphone,13363143175,1,2025-11-06T02:54:29-07:00,US,Too much,"To much price of mobile
Data 
Very bad"
Grameenphone,13362776983,3,2025-11-06T00:32:12-07:00,US,আরো ওরগানাইজ করা জরুরী,আরো গোছানো উচিৎ।  এখনো তথ্য পেতে অনে অসুবিধা হয়। তথ্য সেগমেন্টেশনে আরো আহ্গোছালো হওয়া উচিৎ।
Grameenphone,13346535292,4,2025-11-02T04:35:30-07:00,US,Speed,The app is bit slow
Grameenphone,13337485707,5,2025-10-31T04:37:31-07:00,US,Awesome,Best service
Grameenphone,13319970834,5,2025-10-27T01:17:13-07:00,US,Dim,Ghorar dim
Grameenphone,13309379792,5,2025-10-24T13:36:44-07:00,US,Best service,Ami goto 10 bosor Gp peribar er sathe achi thakbo inshallah
Grameenphone,13298997997,5,2025-10-22T04:03:54-07:00,US,Number one,Orsam app very good feature
Grameenphone,13292464883,2,2025-10-20T12:57:04-07:00,US,Gp network dose not work my area,Need a tactical plan to upgrade network issue at the location of Nanikhir.
Grameenphone,13291990851,1,2025-10-20T10:35:36-07:00,US,Data validity slow loading,The app glitches and it takes super long when I click on data or minutes to check when it will expire!!
Grameenphone,13287243550,1,2025-10-19T08:39:20-07:00,US,Notifications issue,Slower to update
Grameenphone,13285474708,3,2025-10-18T23:30:57-07:00,US,Excessive Ads,Because of this excessive ads I cannot do any important things smoothly. Reduce this ads for better experience in the app.
Grameenphone,13282470609,1,2025-10-18T06:53:53-07:00,US,User,Worst network and non professional services
Grameenphone,13278985758,5,2025-10-17T10:42:06-07:00,US,Not using 100%,Since the validity is unlimited shouldn’t I be able to use my data package as long as it doesn’t go 0B ? I’d MB left but I couldn’t use it. That’s upsetting
Grameenphone,13262242506,5,2025-10-13T11:03:21-07:00,US,Good,Awesome
Grameenphone,13259066733,5,2025-10-12T17:08:06-07:00,US,Very good,all the services of gp is very good.
Grameenphone,13257570178,1,2025-10-12T09:01:45-07:00,US,Worst internet,What should I write and how because the internet connection is so ugly?
Grameenphone,13256363230,5,2025-10-12T03:29:18-07:00,US,Update issu,Please don’t update daily 🙃
Grameenphone,13246826313,1,2025-10-09T21:33:02-07:00,US,slow,slow
Grameenphone,13245111723,5,2025-10-09T10:57:19-07:00,US,Nemo,"The App is great. Network coverage of GP is also good. However, price of internet amd calls should be lowered."
Grameenphone,13241088784,1,2025-10-08T11:52:36-07:00,US,Fffff,You guys are just thieves!
Grameenphone,13236606490,1,2025-10-07T10:40:25-07:00,US,Horrible Internet Plans,Getting worse day by day. Regular internet users should get great offers but you mofos increase the price for the regular users and give discounts or better offers for inactive users. Pathetic.
Grameenphone,13235430050,5,2025-10-07T05:26:13-07:00,US,Md lutfur rahman,My gp apps really good
Grameenphone,13234930458,3,2025-10-07T02:47:11-07:00,US,Taka katen keno minute kena thakleo,"Minute kena ase tarporeo taka katen. Message e akrokom taka, kotha sheshe arekta, abar apnader statement e arekta mil nai keno?"
Grameenphone,13230300486,1,2025-10-06T00:40:12-07:00,US,Disappointed,First of all your internet packages are horrible and on the top of that it doesn’t even work properly
Grameenphone,13223142209,2,2025-10-04T09:01:01-07:00,US,No getting proper offers,I don’t have good my offers like i use to have
Grameenphone,13220980072,1,2025-10-03T21:59:54-07:00,US,Too slow …,Respond too slowly.
Grameenphone,13214060527,5,2025-10-02T07:59:09-07:00,US,Dual Sim,Im using two go sim in my phone but only one gp information are showing on mygp :( need to add dual sim option.
Grameenphone,13207397181,1,2025-09-30T20:24:48-07:00,US,Network issues,Very poor signals resulting frequently call drop situations are very much annoying.
Grameenphone,13200234356,5,2025-09-29T05:50:25-07:00,US,Uttam,Good
Grameenphone,13190564937,5,2025-09-27T00:31:50-07:00,US,Amazing,It fast than bkash I love it
Grameenphone,13189930867,1,2025-09-26T20:23:44-07:00,US,International roaming,If you’re gonna use international roaming they have the worst customer service. And very expensive as well.
Grameenphone,13181512638,3,2025-09-24T22:12:55-07:00,US,Slow,"Even in apple device, this app takes time to load! How funny is it!"
Grameenphone,13165205704,1,2025-09-21T03:26:57-07:00,US,Mr.,I have almost 20GB available but I couldn't watch a YouTube video. What a NONSENSE!
Grameenphone,13162785999,1,2025-09-20T12:41:14-07:00,US,Internet packages…,Good lord are they overpriced. Nearly 100tk for only 3 days 3gb? AND THATS THE CHEAPEST? the higher ups of grameenphone are not living in the same planet as us.
Grameenphone,13155501703,1,2025-09-18T22:01:13-07:00,US,You guys are robbers,"I lost too much money on this. Besides i didn't get any good service. Where's my all balances? My expired date was 30 days but i was used just 2 days and 2 call which is just 3 minutes or less..where's my minutes? Where's my money? Give my answers..
this happens science July,2025. Thats why i give you 1 star"
Grameenphone,13153682040,1,2025-09-18T10:53:50-07:00,US,About Reminder,You don’t give reminder when the minute bundle ends and directly charged from main account . Its very much embarrassing.
Grameenphone,13153094494,5,2025-09-18T08:10:38-07:00,US,Start...  gp,Great service
Grameenphone,13152782287,1,2025-09-18T06:49:59-07:00,US,Network,Too poor
Grameenphone,13151477743,1,2025-09-17T23:19:08-07:00,US,Worst User Experience,"Worst Mobile operator in Bangladesh. Network drop issue, excessive high call rate.    Complex data pack and validity. They are doing business just because of Long term GP users cannot change their phone numbers suddenly. They are making customers loyalty as their capital and doing whatever they want. Of course They need to upgrade their user experience as soon as possible."
Grameenphone,13149583973,1,2025-09-17T11:19:21-07:00,US,Chor sala,salara digital dakat
Grameenphone,13149191396,1,2025-09-17T09:23:50-07:00,US,Disappointing,"Buying 50 or,100 minutes not accepted ,why"
Grameenphone,13142734151,5,2025-09-15T19:28:11-07:00,US,Satisfied,Convenient to use. Easy buying packs and see status of the account. Very much happy about this app.
Grameenphone,13134859170,1,2025-09-13T19:59:24-07:00,US,Add dark mode,The app is super annoying. It doesn’t offer dark mode in 2025! Developers are blind or what?
Grameenphone,13133657734,1,2025-09-13T12:09:02-07:00,US,I’m,Faltu
Grameenphone,13123409961,2,2025-09-10T21:47:58-07:00,US,Complain,Without permission taken money ☹️
Grameenphone,13120368117,5,2025-09-10T03:11:33-07:00,US,Noice,Noice
Grameenphone,13119935923,1,2025-09-10T00:00:54-07:00,US,Disturbing ADs,Disturbing
Grameenphone,13113548580,2,2025-09-08T07:03:01-07:00,US,H,Internet doesn’t work
Grameenphone,13104542349,1,2025-09-05T23:58:37-07:00,US,bad,very bad
Grameenphone,13092141224,1,2025-09-02T18:05:30-07:00,US,Poor customer service,"Customer service is very poor. The representative couldn’t able to provide a direct and better answer. Also took lots of time to respond. It took me almost an hour to get some answers, which even didn’t resolve my issue. It’s very disappointing and frustrating to get this type of poor customer support from a renowned company like GP."
Grameenphone,13088780250,1,2025-09-01T21:24:58-07:00,US,GP sim is the worst in the universe,3rd class batpar company
Grameenphone,13055360978,1,2025-08-24T09:07:41-07:00,US,Very Disappointed,What do you guys think we use gp app for ? Mainly to monitor our balance and you put subscriptions and collaborative ads before balance section .. fix this. Gp call rate should be the indicator who uses this overpriced service. Give us the premium services . Dont make us be customers like other
Grameenphone,13052109723,3,2025-08-23T12:02:38-07:00,US,Honest review,Slow and backdated
Grameenphone,13050701097,3,2025-08-23T04:57:17-07:00,US,Good but not enough,"When you purchased Flexiplan there is no remain remainder. This is shame for GP 30 days gone your remaining balance, internet pack our valuable money gone."
Grameenphone,13042482800,1,2025-08-21T02:05:37-07:00,US,Etoh dam ken,Dam koman
Grameenphone,13031725464,2,2025-08-18T08:27:08-07:00,US,Not working,It’s not working without data and sometimes don’t clean flexiplan
Grameenphone,13022963071,3,2025-08-16T04:59:57-07:00,US,Not enough,So costly ☹️
Grameenphone,13020271520,5,2025-08-15T11:42:24-07:00,US,5 star,Grameenphone is best better then other operators
Grameenphone,12999078609,1,2025-08-10T07:06:29-07:00,US,Grameen started stealing data again,Grameenphone Ltd is a 3rd class and worst telecom service. It is not at all customer friendly. It steals data fm them and takes too much money fm customers. Sheet to it 🤮
Grameenphone,12993507721,1,2025-08-08T20:30:56-07:00,US,Network and internet speed.,The wort network in the country .
Grameenphone,12990292692,4,2025-08-08T01:55:39-07:00,US,Opinion,GP is the topmost mobile phone services throughout the country since decades. It has been developed its entire network system impeccable to incredible. But nowadays the network issue has become the most serious problem. The company is not improving its existing network infrastructure and connectivity. It’s so annoying
Grameenphone,12971004823,3,2025-08-03T06:42:09-07:00,US,internet package & call rate are too high,should reduce the internet package price & the call rate
Grameenphone,12969706922,4,2025-08-02T22:35:43-07:00,US,GP connection,"Me village side,  from Dhaka 44 km but GP connection are very poor. 
Pls. Take care for that.
Dhaka Nawabgonj upozila 
Village- Golla
Thanks."
Grameenphone,12965917559,5,2025-08-01T23:32:42-07:00,US,ipad,create an ipad version
Grameenphone,12956110986,3,2025-07-30T13:28:26-07:00,US,Charge,Too much
Grameenphone,12931796264,1,2025-07-24T11:42:16-07:00,US,Bad service,Ato baje 30min dore try kortisi dhuke e nh fau
Grameenphone,12931502476,1,2025-07-24T10:07:48-07:00,US,This app is getting on my nerves,I opened this app while I was offline so it wanted me to sign in again then I got online and opened it again same it wanted me sign in again but when I wrote down my number it said network error..it was 4g in my phone..then after trying few times I got to the next step and it was supposed to send me a code to verify myself but it didn’t then when I clicked resend I got a code after a minute maybe or more then after few seconds I got another code I tried both but none of them worked that happened for multiple times then right now it doesn’t even sends me a code or shows me the resend option….I literally want to change my sim because of this app airtel app is better than this app
Grameenphone,12931230456,1,2025-07-24T08:47:11-07:00,US,Worst,Worst app ever
Grameenphone,12927614397,1,2025-07-23T10:58:08-07:00,US,Show something wrong with migration to pospaid option,Y
Grameenphone,12918710050,1,2025-07-21T07:31:36-07:00,US,Bad Experience,Very disappointing service with grameenphone.
Grameenphone,12915721864,1,2025-07-20T12:39:47-07:00,US,Bal r app,Heda amar kombol service tmitan or halar halai
Grameenphone,12907954639,5,2025-07-18T13:06:08-07:00,US,Tala,Best Mygp app
Grameenphone,12893947678,5,2025-07-15T03:08:58-07:00,US,Service,Good
Grameenphone,12893371163,5,2025-07-14T23:11:47-07:00,US,Satisfaction journey with you,Satisfaction to journey with you
Grameenphone,12890230119,2,2025-07-14T04:23:21-07:00,US,Loading very slow,Loading very slow
Grameenphone,12886815760,3,2025-07-13T06:39:25-07:00,US,Recharge and usage history should be shown like bank statements,Yes.
Grameenphone,12885286634,1,2025-07-12T20:32:38-07:00,US,YouTube,YouTube not running
Grameenphone,12862471256,5,2025-07-07T02:15:00-07:00,US,Different network,Very good
Grameenphone,12847587249,2,2025-07-03T06:51:15-07:00,US,Mygp app,"The app is trash, slower than my grandmother.
Giving two stars only cz of the number"
Grameenphone,12845434111,5,2025-07-02T17:41:00-07:00,US,mb,Mb ar dam onke base
Grameenphone,12842311528,5,2025-07-02T00:02:55-07:00,US,Need Upgrade,Need more lite version so that users experience could be faster to open the app.
Grameenphone,12840205572,4,2025-07-01T10:47:20-07:00,US,Fair,Acceptable. Smooth.
Grameenphone,12836183222,1,2025-06-30T11:26:10-07:00,US,Too much expensive,Expensive…
Grameenphone,12831071998,1,2025-06-29T05:20:57-07:00,US,Slow,Slow
Grameenphone,12828182153,1,2025-06-28T10:17:24-07:00,US,Just Hang not open,Disgusting Apps
Grameenphone,12818377328,5,2025-06-25T23:52:44-07:00,US,mobile data cost,need a reduce mobile data costs.another Things is allright.
Grameenphone,12795440720,5,2025-06-20T00:00:53-07:00,US,Service,Internet GB exhausted in faster way
Grameenphone,12783629822,5,2025-06-16T21:39:23-07:00,US,A good service,Good
Grameenphone,12762565460,1,2025-06-11T09:32:03-07:00,US,Change to a different sim whoever is seeing this.,My entire family are gp users and I have to say the current situation of GP is absolutely abhorrent. The way this company is treating its customers with its rapidly increasing prices is sickening. I have noticed with every recharge the internet and minutes packages shown has also increased prices.  I will make sure to shift to a different sim with better service that doesn’t straight up rob their customers of their money soon.
Grameenphone,12760648094,5,2025-06-10T21:45:34-07:00,US,verey good,good
Grameenphone,12757181456,5,2025-06-10T01:00:48-07:00,US,Best,Best
Grameenphone,12704027213,1,2025-05-27T06:24:41-07:00,US,Heavy app,Adding hundreds of unnecessary and irrelevant services making this app worst day by day.
Grameenphone,12695855813,5,2025-05-25T02:45:13-07:00,US,Very Helpful apps,It’s very helpful and easy to use
Grameenphone,12685258835,5,2025-05-22T09:22:19-07:00,US,মাঝে মধ্যে net থাকে না,নেটওয়ার্ক আরো শক্তিশালী করার অনুরোধ রইলো…আমি এ sim টা বিগত ২০০৩ সাল থেকে ব‍্যব্যবহার করছি… ধন্যবাদ GP
Grameenphone,12654657358,1,2025-05-14T03:48:38-07:00,US,It doesn’t have auto update feature in apps,So user doesn’t know when to update
Grameenphone,12654209110,5,2025-05-14T00:22:42-07:00,US,Nasrin,Excellent 🩵
Grameenphone,12650540009,5,2025-05-12T23:28:31-07:00,US,All in one,All in one
Grameenphone,12648295032,1,2025-05-12T08:02:53-07:00,US,Wastage,"Enough is enough! 
Every time I make a call, it feels like they’re sucking my balance dry for no reason. I’m beyond frustrated—this is not a service, it’s daylight robbery! If this keeps going on, I swear I’ll switch to another operator without thinking twice."
Grameenphone,12646868618,1,2025-05-11T22:21:13-07:00,US,Fraud offer,They cheat customer
Grameenphone,12631984643,5,2025-05-07T22:04:26-07:00,US,Slow issues,Apps become so slow to open... updated but the same...  taking long time...
Grameenphone,12631038703,1,2025-05-07T14:56:18-07:00,US,Low service,Low service
Grameenphone,12630393876,5,2025-05-07T10:49:20-07:00,US,Mukta,Supar
Grameenphone,12626821955,5,2025-05-06T11:08:00-07:00,US,Focus…,Nice!
Grameenphone,12592001551,5,2025-04-27T06:24:31-07:00,US,Time,Grameen phone is a Time Machine 🥸
Grameenphone,12576660162,1,2025-04-23T05:59:58-07:00,US,Using the GP app without mobile data.,I don't understand the logic behind not being able to use the GP app without mobile data.
Grameenphone,12566137794,1,2025-04-20T09:13:40-07:00,US,Worst app,You tried to make it as super app. Try to focus on ux and specific features.
Grameenphone,12564410106,1,2025-04-19T22:46:41-07:00,US,ak shate 2 ta pack nisilam 1 ta use hoice ar akta hoy ni 189 ta beker,ak shate 2 ta pack nisilam 1 ta use hoice ar akta hoy ni 189 ta beker
Grameenphone,12549604803,5,2025-04-16T04:46:25-07:00,US,impressive,the best ever application for accumulation of huge facilities in one stop.
Grameenphone,12540243286,5,2025-04-13T16:08:48-07:00,US,Good,Very nice and goodi
Grameenphone,12527178163,5,2025-04-10T10:41:30-07:00,US,Oh,Great
Grameenphone,12501293338,5,2025-04-03T22:30:20-07:00,US,Reaction,This is really great opportunity
Grameenphone,12491686424,1,2025-04-01T11:45:35-07:00,US,Watch Feature,Doesn’t rotate the screen.its measurable
Grameenphone,12490355513,1,2025-04-01T05:12:31-07:00,US,Respect & Business,Great business without respect is GP
Grameenphone,12489571566,5,2025-04-01T00:04:43-07:00,US,Dark mode,Great app but still there is no dark mode .
Grameenphone,12479234834,1,2025-03-29T09:41:53-07:00,US,Dont waste your money,I have bought Ipl 2025 subcription for watching match but it couldn’t play just comes error.  I just waste my money?  I wish i could give. 0.1.  i have lose around  115 tk.
Grameenphone,12456599013,5,2025-03-23T16:19:34-07:00,US,Please Bring Back the 549tk Unlimited Offer,"I’ve been using GP for a long time and truly value the service. But removing the “Unlimited Internet for 30 Days at 549tk” offer has made things really hard for many of us.

As a student from a middle-class family, I can’t afford the new 899tk+ unlimited packages. That 549tk offer helped me study, attend classes, and stay connected without putting pressure on my family.

Not just students — even people in rural areas depended on it for work and daily use. Please consider bringing it back. It meant a lot to us.

— A concerned and loyal GP user"
Grameenphone,12455350944,1,2025-03-23T09:49:35-07:00,US,i cant access my account,"i logged in with my verified otp and as soon as i see my profile it sends me back to the login page. i keep repeating and its the same thing again and again. my app is updated, and it also supports my device. I don’t know why this is happening please fix this!"
Grameenphone,12413437171,3,2025-03-12T15:56:55-07:00,US,Good app. Terrible new Ibadah UI,Apologies to the designer. But the new Ibadah UI is unnecessarily bloated and unpolished.  Color scheme does not match when you go to the detailed ramadan or prayer screens. Language changes to bangla all of a sudden even though i have set my apps language preference to English. Looks like the Ibadah section is running as a WebView which just looks off compared to the rest of the app.
Grameenphone,12412011335,5,2025-03-12T07:43:39-07:00,US,Mostly like,I love GP
Grameenphone,12411613099,1,2025-03-12T05:41:13-07:00,US,ফালতু এ্যাপ,মারাত্মক লেভেলের মাদার*চো*দ এ্যাপ এটা।
Grameenphone,12407405423,1,2025-03-11T02:30:32-07:00,US,Very slow in important time and overall.,Very slow in important time and overall. It's really disappointed.
Grameenphone,12406026626,4,2025-03-10T16:04:12-07:00,US,Do the job done,it’s a good app. but we need dark mode
Grameenphone,12393586993,5,2025-03-07T11:52:01-07:00,US,A great iOS networking app,"It’s 2025, just wanted to update my review. eSIM is working very well on Grameenphone. Internet connectivity is great & most features work seamlessly. I just want Grameenphone to bring RCS & Cellular Apple Watches to Bangladesh"
Grameenphone,12384310441,5,2025-03-05T03:27:09-07:00,US,Good nd easy,"It’s makes our daily mobile 
Work short nd simple thank you"
Grameenphone,12363637424,1,2025-02-27T21:34:28-07:00,US,Data pack usage problem,Cant use gift data pack
Grameenphone,12337084558,4,2025-02-21T03:54:52-07:00,US,Network,Sometimes Network very slow
Grameenphone,12324559751,1,2025-02-17T22:11:18-07:00,US,A,Average experience
Grameenphone,12306803953,4,2025-02-13T09:56:48-07:00,US,জিনিস  ভাল বাট দাম বেশি,ভালোই
Grameenphone,12303450644,5,2025-02-12T12:38:00-07:00,US,incredible,"User frindly UI, smooth experience. Please make an option to activate roaming through the app."
Grameenphone,12301443283,1,2025-02-12T01:41:54-07:00,US,Fraud.!!!,"They told to give 118 tk 18 gb 7 days. But when I received the package it was 3 days limitation. I tried to contact customer service. They told they will do something for it. But they did nothing. Telling people that they will give 7 days limit but ended up giving 3 days. If it is a mistake they should fix it. But no, they did nothing. So, It is nothing but a scam. I am switching to other operator."
Grameenphone,12276572143,5,2025-02-05T22:12:41-07:00,US,sumon,awesome
Grameenphone,12266900660,1,2025-02-03T11:33:13-07:00,US,Too many ads,Too many ads and full of useless stuff on the main page. And absolutely no way to turn off or disable the useless stuff and ads.
Grameenphone,12261429616,1,2025-02-02T05:11:07-07:00,US,Worst,The worst simcard I ever used
Grameenphone,12252155920,5,2025-01-31T01:33:31-07:00,US,Good,It’s vary easy to find my all needed
Grameenphone,12251221813,2,2025-01-30T19:04:18-07:00,US,Very poor network,"I’m sorry to say shame on to GP it has been nearly 25 years this network service in Bangladesh, but still not able to delivery quality network allover BD. They know how to stole people money. Please improve your network it is very slow."
Grameenphone,12244491148,4,2025-01-29T03:16:48-07:00,US,Payment,Too much cost need equal
Grameenphone,12225751686,1,2025-01-24T09:43:02-07:00,US,About unlimited internet packages,If you will be allow 1/2 person to use unlimited packages via hotspot. I think your selling upto 2x.
Grameenphone,12221825485,1,2025-01-23T10:24:03-07:00,US,Internet is down,Slow internet
Grameenphone,12221478925,1,2025-01-23T08:41:13-07:00,US,Irritating notification,Too much irritating notification
Grameenphone,12179515785,5,2025-01-13T06:19:11-07:00,US,Go,Good
Grameenphone,12174758145,1,2025-01-12T01:53:30-07:00,US,Complain,You should develop your app because when i avail emergency balance and want to recharge from this app they cost me double charge. For example if i avail 55tk emergency and when i recharge from this app they cost me 110 taka and no extra balance added in my balance.
Grameenphone,12171956947,2,2025-01-11T08:51:48-07:00,US,Faltu company taka naye kono service nai bd er sob tk niye desher b a s martese,Speed kome dam bare
Grameenphone,12159156764,1,2025-01-08T04:00:53-07:00,US,worst,worst
Grameenphone,12158222193,2,2025-01-07T20:57:08-07:00,US,Bad Interface,Not convenient to use. Can’t find options easily
Grameenphone,12147089304,5,2025-01-05T00:47:13-07:00,US,App is not working on iphone 15 pro max,"I have installed this app on my iphone 15 pro max. But, it is not starting"
Grameenphone,12144592840,3,2025-01-04T09:19:23-07:00,US,MyGP widget,There’s no widget for iphone :(
Grameenphone,12126606571,2,2024-12-31T00:15:55-07:00,US,Frustrated about internet price,All okk but internet pack price is so high ..... we don't expect this from go
Grameenphone,12095652552,5,2024-12-23T00:26:23-07:00,US,Unusual prices should be reduced.,Unfair cost for MB package has to be mitigated..
Grameenphone,12085791501,1,2024-12-20T10:35:23-07:00,US,App is crashing,App is crashing even not opening after the latest update on iPhone 15 pro max
Grameenphone,12060439698,5,2024-12-13T17:08:00-07:00,US,This app over all very good and customer service and care is better than everyday,❤️❤️❤️
Grameenphone,12054549805,1,2024-12-12T04:38:58-07:00,US,Gp,"Internet offer khub e baje.
reasonable internet offer din jate varieties thake.
Sristikortake voy pan na emon koren j apnara ?
Income koren kono problem nei.
But dakati koren keno ?"
Grameenphone,12052428873,1,2024-12-11T13:31:08-07:00,US,Report,I don’t like your app because I have recharge 49 tk 55 min automatically added it’s wasting for me I can’t these minutes due to my phone problem .
Grameenphone,12023200030,1,2024-12-03T19:33:27-07:00,US,Baaler app,"ekta baaler app.jekhane every month monthly package er daam baare.
keno eto price hike hoy eita oder dhandabaji"
Grameenphone,12009586959,1,2024-11-30T07:30:09-07:00,US,Cheater,"I've canceled an order from them, it's over 1 month I haven't received my refund. I've called multiple times and they just say the scripted message every time, and I think they will never give the refund. Stay away if you don't want to get into trouble."
Grameenphone,12004528034,1,2024-11-29T02:10:32-07:00,US,Regarding GP minutes card expire,GP 19 Taka minutes card expire so early. Only 24 hours. It’s very bad. It’s too much GP.
Grameenphone,12004100892,5,2024-11-28T22:55:59-07:00,US,Review,Grameen phone is the largest network at Bangladesh. As a ex international Badminton player I’m proud to be with GP
Grameenphone,11963511283,3,2024-11-18T02:11:31-07:00,US,Review,"Everything ok but internet time limit is not accurate.internet time limit is accurate on other sim like banglalink,robi,airtel,teletalk.Thanks"
Grameenphone,11947886908,1,2024-11-13T22:38:35-07:00,US,This ux is very bad,Ux problem
Grameenphone,11925186599,3,2024-11-07T21:33:58-07:00,US,Does not work full screen,Not optimized for iPad 9th generation
Grameenphone,11910572961,1,2024-11-04T00:12:11-07:00,US,limitless package.,Network speed is Very Very Low.
Grameenphone,11898166297,5,2024-10-31T21:50:50-07:00,US,Good app,This app has all kinds of things which help to get touch all things together. Good app ui also. But the price is lil high for our region. Thanks.
Grameenphone,11895540596,5,2024-10-31T05:06:16-07:00,US,User Friendly,"It’s a full package.easy to use,you can recharge ,you can buy internet through this app within a blink."
Grameenphone,11895336440,1,2024-10-31T03:59:41-07:00,US,Too much Advertise,Too much advertising even the balance ad related information deprived
Grameenphone,11894073237,5,2024-10-30T18:34:27-07:00,US,Gp,good apps
Grameenphone,11887127660,1,2024-10-28T23:54:31-07:00,US,Feature request,"Dark(black) mode opyion den, bangla language er shathe bangla numerals use na kore international numerals er option den, home page theke natok/sports etc hide korar option den, unlimited monthly internet er jonno family package add koren, explore tab hide korar option den"
Grameenphone,11878072020,5,2024-10-26T11:45:35-07:00,US,@,So helpful and useful 👍
Grameenphone,11860514547,1,2024-10-21T18:13:32-07:00,US,Internet,"Why is the internet so high 
This is very disappointing 
Before Grameen was the best now you guys are degrading day by day"
Grameenphone,11842699948,1,2024-10-16T22:48:19-07:00,US,Extend now,Extend now option is not working
Grameenphone,11841177775,1,2024-10-16T11:22:14-07:00,US,App Not Open,3 day problem app can not open. crash this app
Grameenphone,11839062244,1,2024-10-15T21:50:04-07:00,US,Network error and still sending me otp,"Implemented the mobile number but it just showing network error!
If it is network error then how come i am getting the otp

This is utter disgusting that you guys dont rely on server error message instead of pre defined error message in frontend

Now i am unable to get the otp screen THANKS TO YOUR  NETWORK ERROR"
Grameenphone,11825555108,1,2024-10-12T06:51:14-07:00,US,"ধোন বানাইছো ভাইয়া, সেই হয়েছে 🫦","নুনুর app, লেওড়ার offer"
Grameenphone,11810404248,1,2024-10-08T02:23:25-07:00,US,Not gonna get good service,"Not gonna get good service. If I forget to update, it doesn’t let me enter the app, and I lose my GB or minutes. Why is it necessary to do this?"
Grameenphone,11809821656,5,2024-10-07T21:30:22-07:00,US,Excellent,Excellent ❤️❤️✔️✔️
Grameenphone,11808398710,1,2024-10-07T11:15:22-07:00,US,হতাশ!,"হতাশ! একই দিনে ৩০০, ১০, এবং ৫০ টাকা রিচার্জ করেছি। কিছুই করিনি কিন্তু ৫০ টাকা মতো খরচ হয়েছে!"
Grameenphone,11803105562,1,2024-10-06T02:04:37-07:00,US,তোরা মর,বালের ইউজার এক্সপেরিয়েন্স শালা!
Grameenphone,11797073422,5,2024-10-04T10:17:31-07:00,US,Best carrier app i have ever used.,App is great with almost no bugs. Everything is hassle free and easily accessible. The customer service is also great
Grameenphone,11791703481,1,2024-10-03T00:15:43-07:00,US,Worst,Customer service is the worst
Grameenphone,11791618863,1,2024-10-02T23:37:23-07:00,US,Faltu,Baal er app
Grameenphone,11775873043,5,2024-09-28T17:07:54-07:00,US,হারাম উপার্জন,মানুষকে ফাঁকি দিয়ে টাকা উপার্জন করা থেকে বিরত হউন
Grameenphone,11768573289,5,2024-09-26T18:12:36-07:00,US,Review for myGP,"Excellent App, life got easy wid this"
Grameenphone,11748581450,5,2024-09-21T07:26:12-07:00,US,@Kamal04,Good
Grameenphone,11741239634,4,2024-09-19T07:35:53-07:00,US,Dark mode,In 2024 every app should have theme options but I don’t know why carriers like Robi & GP don’t have a theme option in their app I haven’t tried other carriers so I’m not sure if they have theme option in their apps
Grameenphone,11739312755,3,2024-09-18T17:59:23-07:00,US,Few developments required,"App offer and recharge system need to be more user friendly, interface can be more lucrative and its seems total system is bit disorganized."
Grameenphone,11732548150,5,2024-09-16T20:19:52-07:00,US,Overall great,Great apps for managing everything related to users.
Grameenphone,11712076328,5,2024-09-11T02:35:34-07:00,US,Nice,Like theapp
Grameenphone,11705410156,3,2024-09-09T04:09:01-07:00,US,Good,I hope call rate will be minimum of all operators. Because I believe Grameen phone is the best. So please try to meet your valuable  customer’s expectations. Thank you.
Grameenphone,11701995206,5,2024-09-08T04:47:16-07:00,US,Good,Recommended
Grameenphone,11691498609,5,2024-09-05T06:38:46-07:00,US,Network issues,Poor network
Grameenphone,11681312179,1,2024-09-02T09:09:09-07:00,US,Bad service,Very poor and bad service. They are scamming all over the Bangladesh people. Most of the people’s are uneducated that’s why they are doing scamming business. Service and commitment are not same .
Grameenphone,11672115532,5,2024-08-30T21:59:22-07:00,US,Great app so far,People flex here in Bangladesh with so called self esteemed boast. But My GP app itself is the best I am as a user saying so. They don’t boast they prove it
Grameenphone,11661688957,5,2024-08-28T02:49:56-07:00,US,VAS,I have two GP sim. Need to use seperate accounts in gp. So that I don’t need to logout one for another everytime
Grameenphone,11658892544,1,2024-08-27T08:02:28-07:00,US,A Hassle-Filled Experience,"Whenever I want to gift FlexiPlan, it shows “To gift Flexiplan, you need to use Mobile data (GP Internet) from the same number you are using MyGP with” and don’t let me gift FlexiPlan.

It keeps saying this even though I'm using mobile data from the same number that I’m using with MyGP. And why is there such an absurd rule that I can't use WiFi and must only use mobile data from the same number?"
Grameenphone,11657202748,4,2024-08-26T21:21:27-07:00,US,Review,"It’s really hard to get connections. In rural areas internet connection is very poor.

Please invest on network and improve internet connection not in marketing or advertising. 
Please work on connecting people with proper service. Not only as talk show services . Internet has vast potential things to do. 

Don’t say this is app performance review Center 

Internet connection is very very poor. 

I know this massage will not change anything but I’m using this number for last 20 years."
Grameenphone,11649689533,5,2024-08-24T20:49:57-07:00,US,Need unconsumed internet renewal,Need unconsumed internet renewal
Grameenphone,11646133973,4,2024-08-23T22:32:27-07:00,US,Opinion,Very good
Grameenphone,11645905978,5,2024-08-23T20:48:35-07:00,US,good,good
Grameenphone,11636990768,5,2024-08-21T13:21:21-07:00,US,Offer,Nice ❤️❤️❤️❤️❤️
Grameenphone,11629960542,1,2024-08-19T17:59:24-07:00,US,Faltu app,Often it hangs. I never registered it in the current name it shows but it’s done and I don’t know how.
Grameenphone,11620832071,4,2024-08-17T07:32:26-07:00,US,A,Very good
Grameenphone,11613432159,5,2024-08-15T08:48:41-07:00,US,ok,thank
Grameenphone,11592847079,5,2024-08-09T23:53:24-07:00,US,Voice call improvement,GP is number 1 mobile operator in our country.GP should improve voice call network.
Grameenphone,11582713737,3,2024-08-07T07:04:54-07:00,US,Gd,Good
Grameenphone,11573486333,5,2024-08-04T20:24:11-07:00,US,Saniat Review,"Good morning . 

GP internet pack is too high. Call rate also. 

Service down compare to before. 
Over all we are less satisfied with GP service.

Definitely service is less satisfying & internet pack charge is too high to compare global standard & service. 

Please we do loyal customers expect better service & price."
Grameenphone,11555342862,1,2024-07-31T04:03:36-07:00,US,A leech and theif mobile operator in BD,"Without any consent, increases call rates. Internet service is not available, still charged me money for data and no internet service is given"
Grameenphone,11553178833,1,2024-07-30T13:07:48-07:00,US,World most poor sim and service.,Please avoid this company
Grameenphone,11552897832,5,2024-07-30T11:24:32-07:00,US,speaking of the best Gp,The only reason network is supper
Grameenphone,11549839529,1,2024-07-29T16:02:29-07:00,US,I buy 1.5 gb but not working,Net is not working
Grameenphone,11549043640,1,2024-07-29T10:50:51-07:00,US,Everything,Service valo nah
Grameenphone,11548165185,1,2024-07-29T06:19:24-07:00,US,Worst mobile network service in the country,GP loves to cheat with their customers. They know how to make fool a customer & cheat with them.
Grameenphone,11544736076,1,2024-07-28T07:45:06-07:00,US,Wrost system,Waiting for the code which never came
Grameenphone,11544151035,1,2024-07-28T04:30:52-07:00,US,Unfriendly app,This MyGP app is unfriendly to use and not all services are available.
Grameenphone,11543878571,1,2024-07-28T02:39:59-07:00,US,Birokto onk,Amr mb r meyad barano holo na keno??
Grameenphone,11543527589,1,2024-07-28T00:12:27-07:00,US,Faltu service,Bal er service
Grameenphone,11536592028,5,2024-07-26T03:41:24-07:00,US,Go star dawat paini aekhono,Go star dawat paini aekhono
Grameenphone,11536264243,2,2024-07-26T01:29:22-07:00,US,My gp not a user Friendly app,Not user friendly
Grameenphone,11526785508,1,2024-07-23T12:33:12-07:00,US,Network error,Shows network error.
Grameenphone,11503126217,5,2024-07-17T04:53:56-07:00,US,Fastest network in Bangladesh. I'm a proud member of Grameen Phone 01711/01712 Series.,I think Grameenphone is the No-01 network in Bangladesh. I'm a introducing client of 01711/01712 Series of Grameen phone.
Grameenphone,11502932633,1,2024-07-17T03:43:28-07:00,US,Useless internet,Eto faltu internet deyar mane ki? Amader taka ki gache dhore?
Grameenphone,11501512784,1,2024-07-16T17:40:06-07:00,US,Poor service,I purchased unlimited data for 1month but it’s not working and this’s very disservice Im thinking to change my sim because service is getting worse
Grameenphone,11494215209,5,2024-07-14T19:22:32-07:00,US,Game,These are so much fun and good
Grameenphone,11483620077,3,2024-07-12T00:51:13-07:00,US,Review,Poor internet!
Grameenphone,11479488495,5,2024-07-10T22:45:11-07:00,US,Bsdk,Bsdk
Grameenphone,11478521348,1,2024-07-10T16:45:48-07:00,US,Cannot extend the data package,Cannot extend the data package even it shows that i can extend. Disappointing.
Grameenphone,11474774590,5,2024-07-09T16:24:45-07:00,US,Amazing forever ever,Using gp sim from 2007.
Grameenphone,11463413647,1,2024-07-06T11:16:16-07:00,US,Very expensive in Bangladesh,It is expensive and has bad coverage. I will probably use Robi / Airtel
Grameenphone,11462722359,1,2024-07-06T07:26:40-07:00,US,Worst service,Internet shob expensive offer show kore r Saradin sudhu roaming e show kore .
Grameenphone,11459980178,1,2024-07-05T12:13:43-07:00,US,বাজে সার্ভিস,অনেক বাজে সার্ভিস।
Grameenphone,11451383120,5,2024-07-03T03:17:40-07:00,US,Best apps,This is one of the best apps of Bangladesh. Very nice and standard interface.
Grameenphone,11451095438,4,2024-07-03T01:08:48-07:00,US,Net Issue,Now a days I am suffering from sudden net problems.
Grameenphone,11443773413,3,2024-07-01T03:24:59-07:00,US,Missing call rate offer,Please add call rate offer
Grameenphone,11436077242,3,2024-06-29T02:39:45-07:00,US,Website view,Website looks very bad. So many things are hidden.
Banglalink,14402925884,1,2026-08-08T06:59:15-07:00,US,Stupid company,Faltu sob future
Banglalink,14285590522,1,2026-07-10T03:42:09-07:00,US,Where’s the dark mode?,"This is 2026, why don’t you implement a dark mode instead adding needless functions!"
Banglalink,14171149855,1,2026-06-11T12:36:52-07:00,US,Scammers,They are thieves. They sold data with World Cup access. Now I can’t even watch the World Cup. Banglalink are scammers and thieves.
Banglalink,14048383460,1,2026-05-10T02:56:29-07:00,US,মানুষকে ঠকানোই তাদের পেশা,"আমাকে বলা হয়েছিল ৬১৯ টাকা রিচার্জে ৩০ জিবি ইন্টারনেট এবং ৪০০ মিনিট…আপনি স্ক্রিনশট গুলো দেখলে এটা বুঝতে পারবেন,,,, আমি ৬১৯ টাকা রিচার্জে আমাকে ২০ জিবি এবং ৩০০ মিনিট দিয়েছে…. আমি কাস্টমার কেয়ার প্রতিনিধির সাথে কথা বললে এর কোন সমাধান করতে পারেনি…"
Banglalink,14008101981,1,2026-04-28T21:57:00-07:00,US,Worst experience,"Amon bhauta app jibone dekhinai eto baje baje offer abr rate dite bole..!
Rate dibo 5 ta start e kinto samne ekta minus 🦶🏼
Dhongsho hoye gelam eto takar net kinte jeye faltu app ajaira app"
Banglalink,13985578583,5,2026-04-22T08:52:04-07:00,US,Awesome,Works well for me
Banglalink,13783111773,1,2026-02-23T23:09:41-07:00,US,App is good. But service is the worst.,"If you need internet, you may purchase any operator in Bd. But not choice BL. Internet coverage and speed is very low. And 4g to E up down alt-time. Using internet from BL is a suffering."
Banglalink,13709190086,1,2026-02-03T10:28:35-07:00,US,Prime example of Bangladeshi Talent,Absolutely abysmal app with criminally underperforming crew of idiots working here. Prime example of BD excellence right here. Can’t get any stupider than this app.
Banglalink,13650581059,5,2026-01-18T22:34:53-07:00,US,Nice App,It’s user friendly
Banglalink,13571507151,4,2025-12-29T20:22:27-07:00,US,No Dark Theme,Please implement a dark theme.
Banglalink,13558069041,1,2025-12-26T11:20:55-07:00,US,UX problems,"Longing issue and bad UX used, this app designer in More unprofessional desiger"
Banglalink,13535455963,1,2025-12-20T08:40:34-07:00,US,Couldn’t send opt,Seems getting 500 errors from server. Update your app
Banglalink,13460991438,1,2025-11-30T18:53:56-07:00,US,I hate this Banglalink logo,Old logo emotion
Banglalink,13459833638,1,2025-11-30T11:34:34-07:00,US,They don’t have any internet package below 50tk.Can you believe it?,They don’t have any internet package below 50tk.Can you believe it?
Banglalink,13459085986,1,2025-11-30T07:47:22-07:00,US,All package are going to expensive day by day.,"They are not making small package with 30 days validity suppose 5 gb 100 minutes like, they are played a chitting game actually. Now time to do MNP"
Banglalink,13459078286,1,2025-11-30T07:45:03-07:00,US,Bloated app,We need basic sim related informations. not some bloatware
Banglalink,13435330108,1,2025-11-24T04:48:35-07:00,US,Internet speed is very poor,I purchased 20GB + minutes from this app. But internet speed is very poor. I will never and ever buy banglalink internet packages again.
Banglalink,13407770014,5,2025-11-16T21:21:06-07:00,US,Good,Good
Banglalink,13392244573,5,2025-11-13T03:21:06-07:00,US,Good app,Good i can do or see avery thing and control averting also
Banglalink,13379195310,1,2025-11-09T20:38:03-07:00,US,For Banglalink office,"I had 1.7 million coins, all of them are gone. The date is over, so a notification should have been given earlier. How hard I am trying to claim every day."
Banglalink,13321890316,1,2025-10-27T10:47:23-07:00,US,The money receipt option has been removed in the new version under recharge section.,"In the previous version, there was an option to get a receipt through email during recharge. But this option is not available in the new version."
Banglalink,13314671455,1,2025-10-25T19:02:21-07:00,US,Problem,They should improve the app more.
Banglalink,13210901972,2,2025-10-01T14:11:24-07:00,US,Bug,I can't add my 2nd banglalink sim.
Banglalink,13145028417,1,2025-09-16T09:21:52-07:00,US,Internet speed is below average.,"In the age of 5g connectivity I fell so woried about Banglalink's future. I buy packages of 100gb every month since the inception of the year. First few months I got expected internet speed. But now, from the last month the experience with bl interest is cannot be worse then this. An app of 150mb from appstore takes 3/4 minutes to download."
Banglalink,13115840021,1,2025-09-08T21:20:16-07:00,US,VERY BAD EXPERIENCE WHILE PURCHASING INTERNET,"I was purchasing a custom plan 3GB for 1week ,but it also charge me for 20min talk time. I tried many ways but it doesn’t allow me to purchase internet without being charged for talk time"
Banglalink,13100556360,2,2025-09-04T23:37:07-07:00,US,"Content like bus ticket, Doctor Prescription","Bus ticket, Doctor Prescription not downloadable on iPhone 16 pro max ios 18.6.2.  Please Fix this issue as early as possible."
Banglalink,13057614587,2,2025-08-24T23:50:50-07:00,US,Below standard,Below standard in iOS
Banglalink,13005965942,1,2025-08-12T01:08:14-07:00,US,App as much trash as their operations,"Trash app, unnecessary contents, package prices fluctuate everyday, they give you huge emergency unwanted loan balance when you try to buy minute packages since last 3months and when complained they tell I applied for emergency balance and the issue wasn’t of their own, absolute clownery"
Banglalink,12984498669,1,2025-08-06T14:09:46-07:00,US,Issue,apndr apps e onek technical issue dicche login korle guest id log in hye jay abr number dile bole this is not a Bl number etah taratari solve koren
Banglalink,12821423690,1,2025-06-26T17:37:05-07:00,US,Worst app ever,"Worked few times, now contents are not loading, mostly white screen. Worst company ever!"
Banglalink,12606843582,1,2025-05-01T06:30:11-07:00,US,B*ler internet service,"B*ler internet service dey banglalink. Call drop, super slow speed aro koto je issue. Hajar bar complain disi. No solution. BD er sobcheye joghonno service BL er. Hedachod@ company."
Banglalink,12601613040,5,2025-04-29T21:16:42-07:00,US,It has everything,Best super app in Bangladesh!
Banglalink,12411274802,1,2025-03-12T03:42:07-07:00,US,চুর,এটা চুর কম্পানির মধ্যে ১ নম্বর
Banglalink,12194586817,5,2025-01-17T02:20:53-07:00,US,BL,I like BL and I loveing this service 👍
Banglalink,12180103987,1,2025-01-13T09:18:14-07:00,US,Sometime apps not running even have Internet,Have acrive internet package. But still I can't open Bl apps
Banglalink,12080539607,1,2024-12-19T01:59:50-07:00,US,Faltu App,"Faltu app ever 
Bar bar otp diye app a dhukte hoy majhe majhe toh ta te o kaj hoy na ghurte e thake ghurtei thake… ajaira app ekta"
Banglalink,12054545099,1,2024-12-12T04:37:25-07:00,US,Bl,"Fatullah Narayangonj police line e network G/2G. Hoye thake.
Indoor network coverage 0 !!!! Edge dekhay.
Use korte parina internet!!!!
Network improve koren indoor outdoor.
R pasher deshe 5G + chole 🙂 indoor outdoor both …
Internet offer apnader valo na.
Iairtel r moto interneoffer din
Reasonable price e.
Eto dakati koren keno ???
Sristikortar voy nai ???"
Banglalink,12017298426,1,2024-12-02T06:15:14-07:00,US,বাজে app,"একেবারেই ফালতু slow app অনেক সময় আসে, আর বেশিরভাগ সময়ই Loading হয় আসে না।"
Banglalink,11874419368,1,2024-10-25T13:16:50-07:00,US,Slow,Too slow to open and oparation
Banglalink,11653979277,1,2024-08-26T01:00:51-07:00,US,Not getting any otp since 2 days,Purchased a new sim and not getting any otp to login to this app. Worst experience
Banglalink,11564567188,1,2024-08-02T11:29:06-07:00,US,Worst app,Not working
Banglalink,11261668720,1,2024-05-12T20:49:07-07:00,US,It doesn’t even work now,"I uninstalled to reinstall to see if the bugs and freezing goes away. But instead I got locked out. I can’t even log in. I put the otp they sent me, and they say that same otp is incorrect. What a service man ! Remove the app from appstore bro, even that is better than this disappointing app."
Banglalink,11235862122,1,2024-05-05T11:42:03-07:00,US,Please add monthly itemized bill with international roaming itemized bill statement,"Please add Monthly local and International Roaming itemized bill statement 
And before generate bill statement please show local and international roaming charges details"
Banglalink,11134566957,1,2024-04-08T01:25:46-07:00,US,faltu app,faltu app. regular internet packege er price onek high.
Banglalink,11110087766,1,2024-04-01T08:53:32-07:00,US,Baal ar app amr ar moto bainchod marka app amr life ay dekhi nai salara madarchod,Baal ar app amr ar moto bainchod marka app amr life ay dekhi nai salara madarchod
Banglalink,10923762585,1,2024-02-10T07:47:48-07:00,US,Not working,This app is not working anymore. It always shows the “loading” sign. It’s disgusting please fix it as soon as possible.
Banglalink,10709819397,1,2023-12-17T16:46:57-07:00,US,Not opening,After the last update my iphone 6 is not able to open this app. Please help!
Banglalink,10640744021,1,2023-11-29T22:15:30-07:00,US,Apps open issue,iPhone 6 এ বাংলালিংক app  আপডেট দেওয়ার পর আর app ওপেন হচ্ছেন না।
Banglalink,10539463041,1,2023-11-01T12:20:01-07:00,US,Problem,It automatically just log out! I have to log in again and again
Banglalink,10533713152,1,2023-10-30T21:12:02-07:00,US,Tora gula sim company madarchod!,Din seshe shob gulai madarchod hoye jay! Shalara eto takay eto kom GB offer kore! Ashole manush beshi chailaise to tai Tora price baraye disos 100 tai diya 1 gb diya baal falaibo? Shalarputera Gali na diya parlamna shob gula bainchod ek rokom
Banglalink,10533425066,1,2023-10-30T18:48:55-07:00,US,বোকাচোদা মাদারচোদ বাংলালিংক সিম ডাটার দাম আরো বাড়িয়েছে।  বইকট বাংলালিংক,বোকাচোদা মাদারচোদ বাংলালিংক সিম ডাটার দাম আরো বাড়িয়েছে।  বইকট বাংলালিংক
Banglalink,10466610625,1,2023-10-12T10:11:59-07:00,US,iPad problem,Doesn't work on ipad 9th gen.
Banglalink,10447137881,1,2023-10-06T19:54:36-07:00,US,Otp is not working.,"Useless app by BL. After update this app i need to log in... Dosen't known why. When i register long before i use OTP as a log in method ,but now it’s not working. 
They call it Super app but it’s Useless. 
I'm going to uninstall it now."
Banglalink,10335852125,1,2023-09-05T01:04:06-07:00,US,Can’t login,I can’t login this app what’s going on 😡
Banglalink,10332676584,5,2023-09-04T02:53:26-07:00,US,Great App,"Exclusive offers and access with free data are a 
delight!"
Banglalink,10316782498,2,2023-08-30T13:00:32-07:00,US,Doesn’t give proper monthly data,"When i see my call details of last 30 days, I don’t find many numbers. 
Expecting this bug will be fixed soon.."
Banglalink,10253868720,1,2023-08-13T11:20:57-07:00,US,App showing white screen,I can’t view my information. Only the top and bottom banners show.
Banglalink,10160511384,1,2023-07-20T00:22:37-07:00,US,App does not open in old models,"I am trying to launch the app, it does not open. Reinstalled several times. Compatible with my OS also"
Banglalink,10008052947,1,2023-06-07T02:41:20-07:00,US,মাদারচোদ মার্কা এপ্লিকেশন। জনমভর শুধু বাগ আর বাগ।,বালের রিভিউ দিমু
Banglalink,9980239780,5,2023-05-30T03:06:25-07:00,US,Great service. Excellent selection of offers.,"The Amar Offer option offers fantastic value for money offers. Also, I recently found out that if you buy the same pack again, it gets carried forward to the new pack. I can browse social media worry-free."
Banglalink,9892569508,1,2023-05-04T11:19:03-07:00,US,Crash,Continue crashing iphone 6s plus
Banglalink,9804360057,1,2023-04-09T11:05:53-07:00,US,BUG,AFTER NEW UPDATE App is not opening and cannot sign in
Banglalink,9751875182,1,2023-03-25T15:41:15-07:00,US,cheater,They cheat the buyers.  They give us cashback offer but there is no payment method in cashback offer.  But in the recharge section they give us payment method options but there are no more cashback offers
Banglalink,9692617430,1,2023-03-08T09:47:42-07:00,US,Can’t redeem coins,The page to redeem coin’s doesn’t load. It was working fine last time I checked. Please test your app before you release an update. I can understand if there is a man power issue as bl is not as big as other operators. But important buttons should be checked before each update. This is very disappointing
Banglalink,9518140610,1,2023-01-17T10:58:48-07:00,US,Dissatisfied with service,I was so excited with this app but this app totally disappointed me. There is no such option of complain and customer care agent. This is totally unexpected. This is the reason people like other service providers while Banglalink is fall short. Shame!!!
Banglalink,9428931971,2,2022-12-23T21:03:26-07:00,US,"Not Working fruitfully, too much glitches.",Please update the app in a good way. Thank you.
Banglalink,9355311289,1,2022-12-03T00:47:19-07:00,US,Not working problem,I use iPhone 12 mini and The apps are not opening. it's almost 8-9 months since this app not working on my phone. I tried to fix this but I think the problem is in your app is not on my phone.
Banglalink,9091045984,1,2022-09-16T09:55:03-07:00,US,Keeps crashing on startup,It has not worked in this year at all. I thought it was the iOS version issue as I didn’t update to iOS 15 but today after clean install its still crashing.
Banglalink,8847251795,1,2022-07-06T11:20:12-07:00,US,Login Issue,I don’t logged in this app. very bad experience
Banglalink,8769022365,3,2022-06-12T23:40:50-07:00,US,Otp isn’t working,Really useful but for some days after logging out the otp just won’t come no matter what so unable to this the app for now ☹️☹️☹️
Banglalink,8752355834,1,2022-06-07T21:27:49-07:00,US,Bad,Having problem in buying internet and bundle
Banglalink,8747140830,1,2022-06-06T07:09:20-07:00,US,Crashes on iphone 13 pro max,Completely unusable after the update.  The app devs are downright embarrassing for Banglalink.
Banglalink,8710861775,1,2022-05-26T12:38:51-07:00,US,Bad,Very bad app doesn’t work properly
Banglalink,8642262371,1,2022-05-06T01:50:16-07:00,US,Shortcut not working,Whenever I click on any shortcut button it doesn’t respond for example the balance transfer shortcut. Then on settings the internet bundles and other options doesn’t work.
Banglalink,8568652923,1,2022-04-14T21:46:11-07:00,US,App Bug,পুরাই ফালতু একটা এপস এপস এর ভিতরে স্পেশাল অপশনে ক্লিক করলেই এপ ক্রাশ করে
Banglalink,8565552125,1,2022-04-14T00:58:25-07:00,US,buggy app,home rearrangement doesn't work. payment gateway doesn't accept all credit card.
Banglalink,8538999250,1,2022-04-06T12:12:48-07:00,US,A lot of services can’t work.,"After update a lot of features not working. 
I can’t access any services from Expore tab. The reputation of Banglalink to make iso app has became down due to My BL app. BL authorities didn’t take action after a lot of bad ratings and reviews."
Banglalink,8204069633,1,2022-01-04T09:47:38-07:00,US,crash,crashes all the time
Banglalink,8176431516,1,2021-12-27T21:19:30-07:00,US,App problem.,The app is not opening. I uninstalled and reinstall it many times it didn't work.
Banglalink,8131555872,1,2021-12-14T22:03:56-07:00,US,No upgrade about 2 month+,Please give a upgrade about bugs
Banglalink,8129451188,1,2021-12-14T06:58:49-07:00,US,Crashes every time,"When I open this app, it’s crashing every time. I can’t open this application."
Banglalink,8124572499,1,2021-12-12T20:31:34-07:00,US,The dashboard never loads…app crashes,"I do not know what is wrong with the app, almost at all times the dashboard refuses to load. You are stuck with a white screen, and other times the app simply crashes.

At moments of frustration you try to uninstall and reinstall the app cause you think it will work better, except another challenge crops up…the app doesn’t recognize your number as a BL…"
Banglalink,8118481469,1,2021-12-11T04:55:55-07:00,US,App kicking me out,"After updating,Whenever I try to open the app it kicks me out.
Iphone 6 please solve this problem"
Banglalink,8114083660,1,2021-12-09T23:34:39-07:00,US,App not open/ app crush,"Amr iPhone 7plus 
Eto din my BL app use korte partam but recently r use korte pari na.
App open hoiya 2sec a er moddhe crush kore"
Banglalink,8109687165,1,2021-12-08T16:19:25-07:00,US,Worst network service in BD,"Call drop is a common issue, weak coverage area. Mostly their internet is bogus."
Banglalink,8062388076,1,2021-11-25T09:57:58-07:00,US,app is crashing in iphone 6,app is crashing in iphone 6 as soon I open the app so cant do anything with it. Total waste for me
Banglalink,8034837707,1,2021-11-17T14:22:37-07:00,US,App crashes,Worst app like worst network. Shame on u blink. No customer care support
Banglalink,8014786898,1,2021-11-11T22:09:26-07:00,US,Crash,After updating iOS 15 app always crashing. Not allowed to open.
Banglalink,8004085798,1,2021-11-08T19:35:39-07:00,US,Ios 15.1 crash issue,App open hosse . Sathe sathe close hoye jasse. Device iphone 6s
Banglalink,7991785621,1,2021-11-05T08:40:27-07:00,US,Not working fo iPhone 6,"Not working fo iPhone 6 
Please fix & update"
Banglalink,7979852607,1,2021-11-01T22:34:04-07:00,US,The app is not working.,"The app is not working in may phone .
When I start the app it close automatically ."
Banglalink,7979831025,2,2021-11-01T22:22:34-07:00,US,App Prb,Why isn’t working on ios ??
Banglalink,7976379899,1,2021-10-31T23:34:40-07:00,US,Cannot make payment from app,"I tried to purchase a bundle but I couldn’t make payment from my mobile balance, it takes me to ssl payment gateway…"
Banglalink,7924874700,1,2021-10-17T07:50:33-07:00,US,Apps not opening after last update,After Last update Apps Crashing on my iphone 6
Banglalink,7921656482,1,2021-10-16T09:59:44-07:00,US,The app is not working,I can’t use this app for a couple of days. I hope u fix it soon
Banglalink,7906044830,1,2021-10-12T03:55:03-07:00,US,App crashing,Is it just for me or is this bogus of an app keeps crashing every time I open it??!
Banglalink,7888787432,5,2021-10-07T10:49:12-07:00,US,Help me,"Apps টিতে ঠুকতেই পারছি না
Enter করলেই ছেড়ে দেয়
সমাধান কি?"
Banglalink,7880094861,2,2021-10-05T02:09:17-07:00,US,Problem 😐,"I have a problem in this apps . I am i apple user my bl apps dosnt open ! I click this apps open and than get lost exit automatic, why ? Fixed this app fast"
Banglalink,7865224311,1,2021-10-01T05:08:36-07:00,US,Worth apps,Isn’t work
Banglalink,7858980710,1,2021-09-29T11:50:58-07:00,US,Nazrulislam-,I can't open the apps on iphone 5s
Banglalink,7853352700,1,2021-09-28T01:21:08-07:00,US,problem,"i have a problem in this app. im apple user, my bl app dosnt open, i click this app open and than exit automatic, why? fixed this app fast,"
Banglalink,7837004385,1,2021-09-23T07:59:36-07:00,US,😩,Sometimes doesn’t load dashboard properly. Sometimes Take too long time to load. And sometimes it shows white screen. Very disappointing.
Banglalink,7530479316,1,2021-07-02T04:33:14-07:00,US,Call history time solw,"Call history thik vabe kaj kore na, aj amr sim theke onk khota bollam but kono history te kono call history nei"
Banglalink,7094496247,1,2021-03-12T05:32:10-07:00,US,Can't open the app,When i open the app it brings me to home...
Banglalink,7077903531,5,2021-03-07T18:16:47-07:00,US,Does not Respect the Notification settings in App,"I enjoy the refreshed UI and other necessary functionalities organised nicely.

But my major complaint at the time of writing this review is, “This app does not respect the notification settings which I have set inside the application”. Publisher of this app sends overwhelming number of promotional push notifications at different inconvenient times, which is okay. But it should also follow the notification settings I have set inside the. 
If I have to disable push notifications from the device settings what’s the point of having that settings in the first place. 
Also I don’t want to disable all sort of notifications. Few categories are valuable to me. 

So I would appreciate if the publisher takes some time and fix that inconsistency. 

Thanks for the refreshed app."
Banglalink,7059817771,1,2021-03-03T02:27:44-07:00,US,Worst internet service,"শাউয়ার ফাস্টেস্ট নেটওয়ার্ক😡
হালারপুতেরা খালি বাটপারি করো,৩টাকা মিনিট কথা না কইয়া আর ৩টা খরছ করলে তো আমি ঐলোকের বাড়িতেই যাইতে পারি রে
মাঙ্গেরপো ১০০এমবির একটা এপ নামাইতে ২ঘন্টা সময় লাগে
তগো উকলার মায়রে চুদি মাদারচোদেরা🤬"
Banglalink,7055757034,1,2021-03-02T00:20:35-07:00,US,Poor app,Stupid app internet blance not show some not working anything ..
Banglalink,6864256245,3,2021-01-13T02:30:25-07:00,US,Bonus,I'm not getting the login bonus
Banglalink,6722852002,1,2020-12-06T00:35:39-07:00,US,Great but Haraam,My Bl daily 25 mb free but don’t show your almost naked ladies.
Banglalink,6610494457,2,2020-11-04T23:04:30-07:00,US,Need lots of improvement,"Change the UI, make it more clean & organized."
Banglalink,6609686427,2,2020-11-04T16:25:40-07:00,US,Add F&F in App Menu,"Please add FNF check, add, delete option in the app. Please add balance transfer from prepaid to post paid and post paid to prepaid from the app."
Banglalink,6609669308,3,2020-11-04T16:17:37-07:00,US,Add FNF & Balance Transfer Features,"Please add FNF check, add, delete option in the app. Please add balance transfer from prepaid to post paid and post paid to prepaid from the app."
Banglalink,6554131675,1,2020-10-20T00:14:39-07:00,US,Insecure app. Copies from Clipboard on start up,This app copies from your clipboard when you open it. I didn’t paste anything to the app. Probably a bug but Bangladeshi developers can’t be trusted. Could be intentional. Never installing this app ever again.
Banglalink,6497517602,2,2020-10-03T16:16:29-07:00,US,Very disappointed,"Yesterday I saw in app that I have 1 day & 6 hours to expire my current package. And I wished to recharge it today only to carry forward those balances. 

Now it’s flush 200+ minutes and 5GB data from me. And it’s poor 

I think BL technical team should take care it and revert who has this incidence now.

My complain # 673335. And one guy called me and said he is not seeing anything like this. 

VERY DISAPPOINTED"
Banglalink,6283251306,1,2020-08-05T07:52:53-07:00,US,Can't open the app,"Every time I wanted to open this app , I came back to my home screen. I don't know why . Please fix it"
Banglalink,6244019318,1,2020-07-26T06:24:43-07:00,US,Login Feature Corrupted,I am using this app since the beginning. Today I can’t login as the app saying my no. is not a BL no. I think it’s time to switch the operator! Or may be they switched me already to other operator without notifying me!!!
Banglalink,6120323320,1,2020-06-25T06:54:14-07:00,US,ল্যগ করে,বিরক্তি কর
Banglalink,6096958089,1,2020-06-19T10:38:29-07:00,US,is not working,Current version isn't working on my iPhone 5c.
Banglalink,6073926945,3,2020-06-14T01:52:13-07:00,US,Widget for IOS,"So far the app looks very clean than the previous ugly version. The app can be better. 

When I try to check my current bill in the widget section it always says 0.00."
Banglalink,6033482283,1,2020-06-04T02:50:10-07:00,US,Crash and bugs,I can’t check balance.
Banglalink,6012215212,5,2020-05-29T22:35:01-07:00,US,Good apps,Whenever i log in i get 25 mb free its really good
Banglalink,5982783600,1,2020-05-23T01:45:58-07:00,US,Isn't working on IPhone 5,Always show loading your experience then exit.
Banglalink,5835172172,4,2020-04-19T10:17:07-07:00,US,Earlier version was more flexible,I am using this app since 2019 there was no problem but when I updated my app since then I couldn't use this app. All the time I open the app and suddenly it became close. My device is Iphone 5. Any solution please?
Banglalink,5823534119,5,2020-04-17T00:17:50-07:00,US,Bravo,Huge improvement to the UI. Kudos. Really loved the customization options.
Banglalink,5815838357,3,2020-04-15T09:25:38-07:00,US,SSLCOMMERZ is not working,"I was so looking forward to this app in this lockdown situation! Recharging through my cards, buying data, doing other necessary stuffs etc. But for a couple of days SSLCOMMERZ isn't working as a result can't recharge now using my card from the app! Which is so frustrating! Please guys find the bug, fix the APIs, do whatever to start this service again. I know lots of other users are using this service as well! I would give a solid 5 but have to give a 3 because the most essential part isn't working!"
Banglalink,5785176360,1,2020-04-09T02:36:11-07:00,US,Worst Service,The previous version of this app was much more efficient and user friendly than this worse version. Most of the times it just lags. The developer of this app is simply worthless. Even this app doesn’t deserve a single star rating.
Banglalink,5775917753,1,2020-04-07T06:29:57-07:00,US,OTO doesn’t work,"I tried several times, I receive the sms but when I write the OTP, it’s says failed. 
Any solution?"
Banglalink,5746603972,5,2020-04-01T08:47:58-07:00,US,Nice App,"This is called mobile GSM App,Nice and clean GUI."
Banglalink,5706584946,1,2020-03-24T08:04:01-07:00,US,Wrost app,this is the wrost app ever very much bugs old UI no new features
Banglalink,5471282420,1,2020-01-31T11:06:28-07:00,US,Its very poor,"I cant buy any package.. it always show connection error, try again. 
This is very disappointing"
Banglalink,5333639401,2,2019-12-28T23:58:16-07:00,US,Laggy and Unstable,"The app is very laggy on an iPhone X, also the app sometimes doesn’t respond well. The app needs to updated regularly and polished monthly, it almost looks like this app is in beta."
Banglalink,5299722907,2,2019-12-21T04:17:58-07:00,US,Need more options and easy navigations.,Need improvement.
Banglalink,5045755866,5,2019-10-29T06:58:16-07:00,US,Jose,I love Banglalink
Banglalink,4945020698,1,2019-10-14T01:34:00-07:00,US,Worst,Only hangs  ‘getting your app ready’. Can’t developers fix it? Although I updated it. It even says system error.
Banglalink,4865939099,1,2019-09-30T11:09:40-07:00,US,Login error,"Can’t log in when try to log in it’s shown system error,try again later but still persist the problem"
Banglalink,4767883425,1,2019-09-12T20:18:24-07:00,US,4s,Does not work in 4s ☹️☹️
Banglalink,4551282626,1,2019-08-01T08:44:02-07:00,US,Please fix the bug,"Few months later I came to check my balance with the app, but now crashing again and again, it says can’t show the result due to system error !"
Banglalink,4453407727,1,2019-07-13T05:10:05-07:00,US,Crashes,The app crashed right after i downloaded it
Banglalink,4143622988,3,2019-05-13T04:18:50-07:00,US,Slow UI,Please fix UI. It’s slow.
Banglalink,4138727126,1,2019-05-12T05:01:13-07:00,US,very poor,very poor service .. takes too much loading time to operate on each segment.. very annoying
Banglalink,3902315158,1,2019-03-19T19:03:20-07:00,US,Disgusting,014 ar code doesn’t work
Banglalink,3871126781,1,2019-03-11T17:28:16-07:00,US,Most Features Does Not Work Properly,"F&F, Priojon, Customer Point services does not work properly. Sometimes shows wrong or untrustworthy information.

Current F&F UI Doesn’t Show all the numbers."
Banglalink,3724807578,1,2019-02-02T07:23:03-07:00,US,Sign in Problem,I cant sign in with my new series number 014
Banglalink,3665203493,1,2019-01-18T07:09:09-07:00,US,Not expected.,"Poor quality service from Banglalink. Last update is like an year ago, mean while competitors are providing updates frequently. 

Most frustrating thing is that the app kicks you out in like everytime you connect to a WiFi and not using mobile data."
Banglalink,3356344839,5,2018-10-28T22:41:06-07:00,US,Easy,It’s easy and saves time
Banglalink,3243180231,1,2018-09-29T03:36:03-07:00,US,Need Update,User Interface is not at all satisfying. Updated over a year ago.
Banglalink,3138207756,1,2018-08-31T12:15:42-07:00,US,Timeout,when signing up using phone number the the server cannot connect says connection timeout.  i have use evry single internet connect bu no luck
Banglalink,2729891228,1,2018-06-20T01:14:46-07:00,US,You need to login in every time!,You expect yourself to login once and be logged in to the app but it required your password every single time you log in (almost!). Please fix it!
Banglalink,2622852218,1,2018-05-31T10:56:31-07:00,US,Going to stop banglalink sim,"""পাঞ্জাবী-টুপি পরে বাংলালিংকে চাকুরী করা না গেলে,পাঞ্জাবী-টুপি পরা মানুষ কেন বাংলালিংক ব্যাবহার করবে"""
Banglalink,2556207734,2,2018-05-16T12:45:45-07:00,US,Need Update,User interface is not upto date. It is bit old and not so good looking. Its almost a year but there is no update. Apps from GP and Robi are updating and have nice looking interface which is smooth. Also a widget for balance is helpful. :)
Banglalink,2535856142,3,2018-05-11T23:57:11-07:00,US,Internet sharing problem,Postpaid theke Internet share kora jaay na. Eta postpaid user der jonno dukkhojonok. Kindly postpaid Internet share option ta next update a diben. Thank You.
Banglalink,2520005092,5,2018-05-08T05:44:05-07:00,US,Very very bad,Really bad
Banglalink,2502613879,1,2018-05-04T00:08:45-07:00,US,Not opening in iphone 7 ( ios 11.3.1 ) .,"Please fix the ui issue or let us know supported iPhone model or iOS version.
you guys don’t care about reviews. There are a lots of complain raised by the users , but there is no update , even ignoring user reviews is not acceptable."
Banglalink,2332761060,5,2018-03-22T00:04:11-07:00,US,Very Good App,it Helped Me A Lot!!!!!
Banglalink,2316231159,1,2018-03-17T08:21:20-07:00,US,Not working,It's not working on iPhone 4.
Banglalink,2239130988,1,2018-02-23T07:50:12-07:00,US,Add a widget,Please add a widget where we can see our balance and data usage.
Banglalink,2229473500,1,2018-02-20T11:10:24-07:00,US,Need widgets!!!,Need more update like my GP apps and also plzzz add widgets option!!!
Banglalink,2229110120,1,2018-02-20T08:31:31-07:00,US,Average,App has a below average UI and is still not optimised for iPhone X
Banglalink,2217700614,1,2018-02-17T02:31:38-07:00,US,Not working on iPhone X,Please update you app. 😬
Banglalink,2099904393,5,2018-01-17T19:58:23-07:00,US,Thank you Banglalink,Now it’s more easy to use bl. Tnq for make ios
Banglalink,1798978564,1,2017-09-19T17:06:13-07:00,US,Not working on iPhone 4,"Previous version is working on my iPhone4 , but when I updated this version it's not open on my phone , so now I m unable to use banglalink app, 
So friends who use iPhone 4 , pls don't update the app"
Banglalink,1759231903,1,2017-08-29T06:31:40-07:00,US,Not Helpful,Just wasting some time 😡
Banglalink,1753776728,1,2017-08-27T04:36:34-07:00,US,Widget & at a glance,want to see more at a glance. And please add widget for iOS.
Banglalink,1734850913,1,2017-08-19T13:03:16-07:00,US,Last version is most bad,"Don't Banglalink know the last version bug? Why not fixing the bug? Last version is the most bad ,ugly version. Never expect better thing from Banglalink."
Banglalink,1640176117,1,2017-06-10T15:35:22-07:00,US,connection timeout,"new update is ruin this app, just showing coonection timeout . pls fix it"
Banglalink,1635715554,1,2017-06-06T14:27:13-07:00,US,Crashing,This app is last upgrade every time open crashing.Please bug fix it.
Banglalink,1626987905,1,2017-05-28T11:03:26-07:00,US,Crash,The latest update ruined the app. It crashes every time upon opening. Please fix the bugs and update the app.
Banglalink,1622497253,5,2017-05-23T20:57:49-07:00,US,Apps,Good
Banglalink,1593178288,1,2017-04-20T00:59:45-07:00,US,Iphone 7,Iphone 7 a app screen full ase na :/
Banglalink,1563039582,3,2017-03-12T09:31:48-07:00,US,A functional app.,"It needs to take design cues from MyGP app ,which has been very well designed and works well,on iPod,iPhone and iPad. This app works but feels very harshly designed.But it does function."
Banglalink,1540750611,1,2017-02-09T06:47:53-07:00,US,Design Failure,How such a huge design failure has occurred my friend?! Please fix this! Its not desirable at all! :/
Banglalink,1539077171,1,2017-02-07T00:25:11-07:00,US,Hilarious design failure in this version!,Please fix the design issue.
Banglalink,1512301956,1,2016-12-30T17:28:21-07:00,US,Student,Its not a good apps .its doesnt work properly.its speed is so slow.
Banglalink,1485663003,1,2016-11-16T10:09:32-07:00,US,Speed of app,"The app is so slow.
It won't even open 😩"
Banglalink,1391625797,1,2016-06-09T09:39:23-07:00,US,Broken as duck!!,This app is so broken that it doesn't even allow me to sign up! Never receive any of the itokens it generates... Useless
Banglalink,1333057943,1,2016-02-14T13:22:04-07:00,US,West of time,This apps not wark. When you put your number and to connect. It's say check your internet connection. Although my internet connections is ok.
Banglalink,1320041980,5,2016-01-21T10:43:19-07:00,US,Nice app,Awesome apps but rejitision er option dile vest hto
Banglalink,1261696311,5,2015-09-23T07:28:08-07:00,US,Awesome,More than my expectation
Banglalink,1241119246,5,2015-08-10T16:23:28-07:00,US,Developers,Love u guys.
Banglalink,1234373818,5,2015-07-28T04:10:09-07:00,US,Very helpful,Informative and helpful.
Banglalink,1233017879,4,2015-07-25T12:11:12-07:00,US,Crashing,"After 16 July update, the app keeps crashing. Can't open. Please fix this ASAP."
Banglalink,1231281029,3,2015-07-22T04:11:50-07:00,US,Great but...,App worked great and is very very useful but has crashed upon opening every time since last update... Please fix asap
Banglalink,1230001032,3,2015-07-19T16:49:57-07:00,US,Crashed!!,"Thanks for make it, but from last update can't open it in iPhone 4. Plz solve the problem ASAP"
Banglalink,1229772134,1,2015-07-19T07:00:15-07:00,US,Crashed,"Was working fine before but now, crashing on IPhone6 & 6 plus. Need to fix."
Banglalink,1229453639,3,2015-07-18T16:52:30-07:00,US,Good but...,Crashing on last update.
Banglalink,1229037652,4,2015-07-17T21:31:50-07:00,US,Crash on ipad mini,Crash every time since last update. Using ipad mini. Please solve and update.
Banglalink,1228592503,1,2015-07-17T02:18:14-07:00,US,Crashes,Banglalink works but updated 'My Banglalink' keeps crashing.
Banglalink,1228297972,1,2015-07-16T12:07:17-07:00,US,Crashes and doesnt  open,Since the new updates came it crashes and fails to open
Banglalink,1228286849,3,2015-07-16T11:31:22-07:00,US,Well……,"It worked fine when I downloaded it, but it doesn't open now, after the latest update. It's crashing when I open the app. Please fix the bug."
Banglalink,1215787220,5,2015-06-21T11:50:54-07:00,US,Awesome my link,BL
Banglalink,1211264091,5,2015-06-12T10:02:57-07:00,US,Exclusive one,Good
Banglalink,1178387376,3,2015-04-05T11:22:38-07:00,US,Himel,"Thanks for this app...
But Too many own add in apps main screen. This is disgusting. Please remove add"
Banglalink,1159662927,5,2015-02-27T06:48:39-07:00,US,Nice,App
Banglalink,1158050155,5,2015-02-24T22:14:59-07:00,US,Interesting app,Need some development. Overall a handy app indeed!
Banglalink,1141027360,3,2015-02-03T07:18:02-07:00,US,Not bad!,I am happy to see that banglalink made a such good app like this one.
Banglalink,1126171582,5,2015-01-07T10:09:02-07:00,US,"Hi, Really it is awesome apps","Hi,I have a question about yours apps if we get in to your apps why ask me for password always when we try check any incoming call or sms it's suppose to be use only one time password when get in don't need to anymore Pls fix your apps like that thanks"
Banglalink,1112489469,5,2014-12-13T03:52:13-07:00,US,Best apps,Amazing!!! :)
Banglalink,1111406763,5,2014-12-11T02:52:57-07:00,US,Apps,Superb.......
Banglalink,1094024672,5,2014-11-08T19:35:44-07:00,US,Great App,Excellent app for digital customer service. It was much awaited for iPhone users...
Robi,14619562859,5,2026-10-02T09:52:39-07:00,US,10,❤️🦋
Robi,14598467460,5,2026-09-26T23:42:59-07:00,US,Good Deal,Value For money
Robi,14592584387,3,2026-09-25T10:53:44-07:00,US,App Ui,App ui not liked their android app ui. I like their android version ui and so much useful
Robi,14583272471,1,2026-09-23T02:25:35-07:00,US,ব্যবহার করা যাচ্ছে না,আজ এক সপ্তাহ ধরে apps ব্যবহার করা যাচ্ছে না iphone এ
Robi,14583132927,1,2026-09-23T01:22:32-07:00,US,App is crashing,I unable to open the app. Tried everything from restarting the phone to reinstalling the app. But it ended up crashing every time
Robi,14573331942,5,2026-09-20T11:24:14-07:00,US,Darun,owo nice
Robi,14569109728,2,2026-09-19T10:16:20-07:00,US,app doesnt even star,my app closes when i tap on it FIX IT ASAP PLS
Robi,14559250766,1,2026-09-16T22:56:03-07:00,US,keep crushing in my iPhone X,keep crushing in my iPhone X
Robi,14553245503,1,2026-09-15T09:23:44-07:00,US,app ui,"ভাই অ্যাপ যেটা বানায়ছেন আপডেট দিয়ে ফালতু ,ল্যাগ দেই,একজয়গা টাচ করলে অন্য জায়গা চলে যায় আগের আপডেট টা ভালো ছিলো এটার ui চেঞ্জ করেন দ্রুত 🔔🚨"
Robi,14549784796,1,2026-09-14T10:53:23-07:00,US,Take long time to opening,"When I don't have data, the app takes a long time to opening. I hope this gets resolved in a future update."
Robi,14548160073,1,2026-09-14T01:45:01-07:00,US,Slow and choppy performance,Dear dev even a18 pro isn’t good enough?!
Robi,14530134810,2,2026-09-09T11:11:43-07:00,US,Ui lag,Old ui back anen new ui onek laggy er teke airtel er present ui better onek
Robi,14513230404,2,2026-09-05T04:39:36-07:00,US,Offer,Kono kono sim a kooto sundor offer dey but kono sim a offer e dey nah amr 2 ta sim ee ektay ki sundor offer dey 100 takay 10gb+50 mint ar arek sim a dey e nahhh dile sob sim asame offer daoa ucit
Robi,14505515305,3,2026-09-03T05:37:36-07:00,US,Bring Dark mode App Icon Asap!!,"This app still doesn’t have a dark app icon. While I switch my app icons to dark mode, the MyRobi App icon is still stuck in light mode. Please fix it!!"
Robi,14504896464,5,2026-09-03T01:52:15-07:00,US,Offer,Offer might be better
Robi,14504703662,1,2026-09-03T00:23:27-07:00,US,Bad Experience,This is totally scammer. You will lose your money so be avoid
Robi,14479039608,1,2026-08-27T10:48:44-07:00,US,Previous user interface was far batter then this🙂,"Disgusting UI🤮 , previous UI was far batter then this update .."
Robi,14475680421,5,2026-08-26T14:02:01-07:00,US,Montahina,Montahina
Robi,14461348422,4,2026-08-22T22:25:30-07:00,US,Overall user experience is good,"Sometimes it's tough to find some features, and they should add more features for daily life"
Robi,14380243548,5,2026-08-02T14:43:21-07:00,US,good,good
Robi,14373279662,5,2026-07-31T21:45:31-07:00,US,service,Best
Robi,14369123569,5,2026-07-30T21:19:45-07:00,US,Alhamdulilla,Best
Robi,14365421287,5,2026-07-29T23:53:49-07:00,US,Family pack,Beshi joss lage but member 5 members theke aro barale valo hobe.
Robi,14339462892,5,2026-07-23T11:26:29-07:00,US,Anas,Milon
Robi,14336837665,5,2026-07-22T20:22:01-07:00,US,Carryfoward please,Carry forward please
Robi,14319813939,5,2026-07-18T14:14:57-07:00,US,Internet data cost should be lesser.,"Considering BD per capita income, it is really high for an honest person."
Robi,14311370489,5,2026-07-16T12:19:17-07:00,US,Best service,"Best self-service telecom app in Bangladesh!
My Robi App ব্যবহার করা খুবই সহজ। ইন্টারনেট প্যাক কেনা, ব্যালেন্স চেক, রিচার্জ, অফার দেখা, বিল পরিশোধ—সবকিছু এক জায়গা থেকেই করা যায়। অ্যাপটি দ্রুত কাজ করে, ডিজাইনও সুন্দর এবং নিয়মিত ভালো অফার পাওয়া যায়। প্রতিটি আপডেটের সাথে পারফরম্যান্স আরও ভালো হচ্ছে। Highly recommended for every Robi user! 👏📱"
Robi,14303546194,3,2026-07-14T13:45:27-07:00,US,Need serious UI optimization.,"Great app. Appearance is good but The ui needs serious optimization. It lags a lot when scrolling is very jittery. Please fix the smoothness issue. 
Package/offers category needs redesign. So that purchase could be more efficient for new users or casual users like older generations etc. 
thank you. I hope you will look into on it and take action soon. 😄"
Robi,14296704308,1,2026-07-12T21:38:42-07:00,US,Hideous UI with horrible accessibility,"Who designs an UI like this in 2026? What’s with the UX team at Robi? 

Also, why isn’t there an option to turn off promotional notifications in the app? It’s in apples guideline to give users options to disable promotional notifications."
Robi,14289007161,2,2026-07-10T23:23:26-07:00,US,New UI looks clumsy,New UI is so clumsy and confusing. For example for very basic things or available balance you have to go two steps. To see total balance and validity.
Robi,14273274415,5,2026-07-07T02:12:38-07:00,US,SHAHRIAR MD. JENIN,10/10
Robi,14272467454,1,2026-07-06T20:24:09-07:00,US,Too much slow and laggy after the new update,"When I enter into My robi App IPhone because hot,slow and laggy happening on my both 13 pro max and 15 pro max"
Robi,14271994223,1,2026-07-06T17:23:08-07:00,US,Heating issue,"Recently it’s Badly heating phones when it’s open and lagging too much 
Also forced stops in mid of the operation 
Android and ios both in same habitat"
Robi,14213839480,1,2026-06-22T11:25:07-07:00,US,World Cup stream quality is poor,Purchased Fifa World Cup subscription. Started watching and got the most high definition Robi/airtel ads you'd ever see. And then the stream started and it's all pixels. Disappointing.
Robi,14190866714,1,2026-06-16T13:35:57-07:00,US,Fifa world cup,"They take 99 taka but the streaming quality is very poor and there was lots of buffering 
Just ruined my fifa world cup matches 
Never ever buy subscription of fifa world cup from them 
Cheaters 
Take your 1star review"
Robi,14186781973,1,2026-06-15T12:19:19-07:00,US,Ads issue,You guys taken 129 tk for world cup streaming but for every single opening time of app ads run more than a mins is this proffesinalism? You guys cheating with us as streaming also poor after ads we expect to see the match that time also your apps sleeping
Robi,14179037772,1,2026-06-13T12:34:25-07:00,US,Bing+ world cup,If there was less then a star i would give it what is this i cant even get into the damn match it keeps on saying it doesn’t support this format entirely a scam your such a big network provider and this is your condtion wasted money wanted to watch the world cup
Robi,14178759278,1,2026-06-13T11:01:38-07:00,US,Shuyorer baccha robi,"Shuoyorer baccha der theke worldcup dekhar jonno binge subscription nilam, live to dekha jay na, shuyorer baccha abar robir ad dekhay non-stop!"
Robi,14126813069,5,2026-05-31T03:51:08-07:00,US,Good,Nice
Robi,14126320986,5,2026-05-31T00:26:49-07:00,US,প্রণব মূখার্জী নীল,Very Good 😍
Robi,14099861051,5,2026-05-24T01:52:02-07:00,US,Excillent,স্পেশাল অফার পাচ্চি না।
Robi,14083843318,5,2026-05-19T17:26:49-07:00,US,Very good,Very good
Robi,14070101235,5,2026-05-16T01:04:11-07:00,US,Best User Experience,"Intuitive UI, Personalized. Good experiences all the time i visit. All services in one place"
Robi,14063547985,5,2026-05-14T06:37:20-07:00,US,Network,Roby’s network is good
Robi,14062297090,5,2026-05-13T21:56:54-07:00,US,5 star,Good
Robi,14051437619,1,2026-05-10T21:52:29-07:00,US,All IPhones Users can’t Use the App,I suggest upgrade the app and this problem should be a fix
Robi,14050274301,5,2026-05-10T13:19:01-07:00,US,Praising Robi,Robi is great. All should use Robi.
Robi,14046169649,5,2026-05-09T11:34:57-07:00,US,Batter Solution,Robi
Robi,14040745019,5,2026-05-08T01:10:59-07:00,US,good,thanks you robi ☺️❤️
Robi,14035071206,5,2026-05-06T09:39:43-07:00,US,Review,… 💞
Robi,14028012306,1,2026-05-04T09:51:50-07:00,US,App user review,This is totally complicated. I was totally puzzled. This should be very easy and clear.
Robi,14003776551,5,2026-04-27T14:48:37-07:00,US,Bhalo,Chole
Robi,13996289301,5,2026-04-25T11:08:24-07:00,US,This app is very friendly,"This app is very useful , friendly and easy to use 👍🏻👍🏻👍🏻"
Robi,13961318971,5,2026-04-15T11:22:02-07:00,US,Offers,Nice offers
Robi,13960945269,3,2026-04-15T09:10:18-07:00,US,Average,"It would be great if we get access offline also, coz sometimes difficult to purchase packages without internet, due to usage nature of without checking balance. Thanks for understanding."
Robi,13899559422,5,2026-03-29T04:38:14-07:00,US,Help,Help full
Robi,13893738723,1,2026-03-27T13:05:39-07:00,US,"Good  operating 
Company",My robi  operating company cannot improve operating system
Robi,13829603395,5,2026-03-09T02:35:45-07:00,US,Borhan,Good
Robi,13816456874,5,2026-03-05T06:55:05-07:00,US,Great,"Very helpful easy to navigate , lots of packs etc."
Robi,13784640368,5,2026-02-24T09:19:17-07:00,US,Satisfied,Recommend
Robi,13770016003,5,2026-02-20T07:32:52-07:00,US,Kishor,Great app and best service
Robi,13734875032,5,2026-02-10T10:12:24-07:00,US,❤️❤️❤️❤️❤️❤️❤️,❤️❤️❤️❤️❤️❤️❤️
Robi,13722983006,5,2026-02-07T05:26:46-07:00,US,Best,Best
Robi,13703605248,1,2026-02-01T22:12:21-07:00,US,OTP not generated.,"When I download the app on an old Iphone, the old app does not provide OTP. It says OTP cannot be generated. What is the reason solve this problem."
Robi,13676235822,5,2026-01-25T18:11:51-07:00,US,Good,Good
Robi,13674371095,1,2026-01-25T07:19:40-07:00,US,Balance issues,"Robi cuts a lot of balance without any reason whenever I open the app for searching internet packs it cuts my balance without any reason and also if I take loan they cuts balance more than the amount of loan like if I take 57tk or smth loan they cut extra 4tk more that’s insane 
I’m really disappointed"
Robi,13664712008,5,2026-01-22T17:44:23-07:00,US,Easy,Super easy Peezy to find the offers and have the best deal smooth optimization. Easy to use.
Robi,13647783292,5,2026-01-18T05:51:26-07:00,US,My Experience,This is the best deal App♥️
Robi,13624916199,3,2026-01-12T05:18:28-07:00,US,Unethical practices,"They tend to double up prices of every feature, every time you use them. Meanwhile, if you stop using for a month or more, price shoots down fast. Quite unethical, and disheartening for regular users."
Robi,13621224916,5,2026-01-11T06:14:31-07:00,US,Review,Excellent
Robi,13598308416,5,2026-01-05T08:55:29-07:00,US,Good,Good
Robi,13585212612,5,2026-01-02T05:34:23-07:00,US,Good,Goody
Robi,13484662125,2,2025-12-06T21:30:21-07:00,US,Extra charge,You guys charge extra then airtel
Robi,13478817923,1,2025-12-05T10:53:49-07:00,US,Poor coverage,Internet still isn’t working in that spot around Agargaon even after several complaints. Hard to believe there’s a coverage issue in the capital when they claim it’s 4.5G. The signal is still poor and it’s pretty unacceptable.
Robi,13462060146,5,2025-12-01T02:52:12-07:00,US,Good,Good App
Robi,13457445483,2,2025-11-29T21:43:38-07:00,US,Network speed problems,Most of the I face network speed problems
Robi,13433997446,5,2025-11-23T18:59:20-07:00,US,Bari,Excellent Application for Robi users
Robi,13426428621,5,2025-11-21T20:38:22-07:00,US,Easrath,Good
Robi,13406112236,5,2025-11-16T10:40:33-07:00,US,Blah,Great app
Robi,13387577985,5,2025-11-11T22:25:34-07:00,US,Good,Good
Robi,13343404619,5,2025-11-01T11:19:23-07:00,US,Review,Excellent
Robi,13328220428,5,2025-10-28T23:57:30-07:00,US,My robi,thank you for a wonderful service my robi but please improve Internet service.
Robi,13319065440,5,2025-10-26T18:46:01-07:00,US,Very good,This app is really satisfying.
Robi,13286674568,1,2025-10-19T06:13:17-07:00,US,Bug,Full of bugs can’t use my partners option to claim my discounts. What a worst service by robi
Robi,13255320687,5,2025-10-11T21:03:20-07:00,US,Mobile network,"Hlw my mobile network service is too much low 
I can’t talk with anyone by mobile network service"
Robi,13253750340,5,2025-10-11T11:33:23-07:00,US,Good,Very informative app.
Robi,13244191586,5,2025-10-09T06:48:21-07:00,US,It's Good,thanks for making using robi sim easier my this app
Robi,13243847785,5,2025-10-09T05:16:05-07:00,US,Best telco app,Amazing quality and UI/UX
Robi,13216796670,1,2025-10-02T23:14:45-07:00,US,Bill,Bill receipt was not produced
Robi,13198360134,1,2025-09-28T17:57:00-07:00,US,শুয়ো**রের বাচ্চা,ওয়াইফাই এর একটা প্রাইস দিয়ে রাউটার কিনিয়ে এখন প্ল‍্যানের দাম বাড়িয়ে দিচ্ছে ।
Robi,13163522868,1,2025-09-20T17:08:24-07:00,US,Require iOS 16 useless,"older iOS devices are still running well, you should have a look overall all kind of customers"
Robi,13161309260,1,2025-09-20T06:15:30-07:00,US,Unable to register,As a NMP user I cant get any otp. App should be update.
Robi,13149007297,5,2025-09-17T08:33:24-07:00,US,Best app,Best app
Robi,13095176453,5,2025-09-03T12:49:04-07:00,US,take love,awasome deta offer
Robi,13069928936,2,2025-08-28T03:17:07-07:00,US,Annoying Music Pause Issue,"Every time I open the My Robi app, it automatically pauses my background music (Spotify/other apps). This is really annoying and ruins the user experience. Please fix this so that the app doesn’t interrupt music playback in the background. The app should only manage telecom services, not interfere with media playing on the device."
Robi,13066656498,5,2025-08-27T06:41:49-07:00,US,My review,"service All most good.But Lots of Notification ,its not ok😓"
Robi,13061250074,5,2025-08-25T20:28:23-07:00,US,Overall,"Good to go app and easy to use, need some discounts on my offer bundle packs"
Robi,13013501525,5,2025-08-13T22:07:28-07:00,US,Thanks,robi is overall best
Robi,13008130172,1,2025-08-12T13:33:17-07:00,US,Faul service,Val er sim sbcheye faul oiteche robi operated ba management deportment apna jei service den tate grahok kmbe nh ase socail pack nh ase valo offer ase val hoichoi eishb ki j bujen vaia
Robi,13002158055,2,2025-08-11T02:21:49-07:00,US,👎🏻,easy plan not works
Robi,12968152909,5,2025-08-02T12:04:04-07:00,US,Good,Good
Robi,12925351566,5,2025-07-22T22:21:05-07:00,US,Services,Good
Robi,12898763783,1,2025-07-16T07:31:13-07:00,US,Network,Poor
Robi,12886181686,5,2025-07-13T02:55:29-07:00,US,👍,👍
Robi,12854370498,1,2025-07-05T00:17:32-07:00,US,Overpriced internet and bundle packs.,S
Robi,12848768788,3,2025-07-03T12:49:28-07:00,US,Expressing reliable moment,"Happy to get internet within 146 taka for 1 month validity😊.
Thanks."
Robi,12761534031,5,2025-06-11T04:15:51-07:00,US,Not bad,Its okay
Robi,12720096679,1,2025-05-31T09:32:46-07:00,US,রবির মায়রে চুদি,খা*নকির পোলারা ভ্যাস সার্ভিস এর নামে টাকা চুরি করে ।
Robi,12698950704,5,2025-05-25T21:26:03-07:00,US,খুবই ভালো অ্যাপ,বাবহার করে ভালো লেগেছে
Robi,12672093508,4,2025-05-18T19:28:03-07:00,US,Review,This app is helpful for selecting the write option for me. Please include my recharge history details in the app.
Robi,12632572424,1,2025-05-08T02:46:28-07:00,US,চোর,চোরের বাচ্চা রবি। ভ্যাস সার্ভিসের নামে অটোমেটিক সার্ভিস চালু করে টাকা কেটে নেয়।
Robi,12577840499,4,2025-04-23T12:08:42-07:00,US,Good,Good
Robi,12570831819,5,2025-04-21T15:16:49-07:00,US,Review,My Robi app is Awesome. feel the different experience when you use this Fanatics App.
Robi,12560390200,5,2025-04-18T21:59:02-07:00,US,Not Good,I use both Robi and GP simultaneously. This app 'my robi' often don’t work. i don't find my profile even if i'm logged in... if i try after logging out same things happen. Robi plz try to improve services.
Robi,12527181096,5,2025-04-10T10:42:28-07:00,US,Nice,Nice
Robi,12515884360,5,2025-04-07T12:33:31-07:00,US,THE COVERAGE,its available everywhere.
Robi,12514498055,5,2025-04-07T05:21:51-07:00,US,All kinds of Service.,Well
Robi,12473134194,5,2025-03-27T21:37:47-07:00,US,all good now,Great UI and Smooth.
Robi,12472419016,5,2025-03-27T16:47:05-07:00,US,lots of service,Provide lots of service
Robi,12458022271,1,2025-03-24T02:36:38-07:00,US,Poor service,Robi sime minute thaka shotte o taka kete ney Amer oneak ber i emon hoise. MB minute thaker por o taka kaita ney
Robi,12430586801,5,2025-03-17T02:20:56-07:00,US,User friendly interface,Easy to use with no bugs
Robi,12389469180,5,2025-03-06T10:38:28-07:00,US,Hour extend 6 hours from minimum 12-14 hours,This package is good but time is very limited.My request this offer is given 24 hours
Robi,12352919136,1,2025-02-25T03:29:26-07:00,US,App shows logged out but doesn’t give option to Login,"In iPhone 10, if session out then app shows sorry you have been logged out -> press ok-> close app and remove from background -> open the app again. There is no way to login in this scenario. I had to uninstall and reinstall the app."
Robi,12352054400,5,2025-02-24T21:06:23-07:00,US,Point Redeem,Point accumulation is very rewarding and encouraging for Robi users. I’ve been using Robi / Ack tel since 1999.
Robi,12324388853,5,2025-02-17T20:48:46-07:00,US,It make me relaxed a lot,"Always I found my best service through this app and its also much user friendly to use. 
Overall, this is great"
Robi,12316165580,4,2025-02-15T18:53:58-07:00,US,Experience,Good
Robi,12308929459,5,2025-02-14T00:11:56-07:00,US,Robi is the best,I will give you 5 stars
Robi,12300637064,5,2025-02-11T19:52:22-07:00,US,Robi app,Osthir App
Robi,12297525774,1,2025-02-11T02:04:05-07:00,US,Update,"Wrost update of all time, can't reffer anyone and refferal link not working"
Robi,12292811575,5,2025-02-09T20:53:40-07:00,US,Robi internet,Good job!
Robi,12287257883,4,2025-02-08T11:59:53-07:00,US,Experience,Experience is good till now
Robi,12278047020,1,2025-02-06T06:55:22-07:00,US,Low Service,The rates of the internet or packages are so high… No satisfaction
Robi,12272474027,5,2025-02-04T21:39:15-07:00,US,Good,Best
Robi,12261957414,5,2025-02-02T07:33:29-07:00,US,Good App,Good one
Robi,12226310179,1,2025-01-24T12:50:37-07:00,US,Offer Ar may re chu*i,"amar RechargRecharge kora balance dia offer ar pack kinte parum na notun koira abar offer onujayi recharge koralagbo 
ai sim ar mayre chud*"
Robi,12204063432,2,2025-01-19T07:51:06-07:00,US,For adding new feature,"I like everything about this app. But one thing about thip app is that there is no option for deleting profile pic🥲.Though we can change profile pic, we can’t delete the pic ..It will be very helpful if you add the feature of deleting profile picture😊"
Robi,12161998993,5,2025-01-08T20:51:45-07:00,US,Nizam,Excellent service
Robi,12120467913,5,2024-12-29T09:44:32-07:00,US,পয়েন্ট,পয়েন্ট খুব ভালো অফার কিন্ত কত পয়েন্টে কত টক টাইম তা দিলে ভালো হতো
Robi,12087021123,2,2024-12-20T18:29:13-07:00,US,MB pack,Need more cheaper packages
Robi,12076033353,1,2024-12-17T19:39:58-07:00,US,A GARBAGE PRODUCED BY ROBI,"This is simply a garbage app produced by Robi. I tried many times but I just couldn’t log in!!! Because it will show 1 minute time to log in but in 15 seconds it will show “session expired”!!! I uninstalled it few times and reinstalled. But problem remains. What for they allow such garbage to be in the App Store??? 
Waste of time."
Robi,12042373143,5,2024-12-08T20:34:56-07:00,US,Something is wrong with network,"Please increase network speed all over Bangladesh, specially in rural village."
Robi,12004600785,2,2024-11-29T02:40:32-07:00,US,Log in issue,The app service is very bad. I can't log in here for a long time today. Please solve this.
Robi,11962597773,5,2024-11-17T18:38:33-07:00,US,Good,Good
Robi,11959634559,5,2024-11-17T00:59:31-07:00,US,Existing,Super
Robi,11946964153,4,2024-11-13T15:44:19-07:00,US,Qamrul Chowdhury,I am a Robi Lover since it’s journey as AKTel. You can see when I started my journey with mobile company. Many of my friends and relatives advised me to shift to another this kind of service provider but I stayed with it. Robi is my first & favourite operator and I wish to continue with Robi. That’s all.
Robi,11846710822,5,2024-10-18T02:38:41-07:00,US,Amazing,Amazing
Robi,11799493281,1,2024-10-05T03:16:54-07:00,US,াাাা,শাউয়ার এ্যাপ।।
Robi,11765845037,5,2024-09-26T01:37:37-07:00,US,ROBI App,Nice app. Here I found all what I needed!
Robi,11765125469,5,2024-09-25T19:53:17-07:00,US,recharge,very good
Robi,11751130827,5,2024-09-21T23:44:54-07:00,US,Good,Good
Robi,11736746682,5,2024-09-18T02:02:23-07:00,US,Use,Good to go
Robi,11730895989,5,2024-09-16T09:08:36-07:00,US,Update Problem,গত দুইদিন আগে এপস আপডেট করে এখন ঢুকে দেখি কিছুই শো করে না.. যেখানে ক্লিক করি সেখানেই নো ডাটা ফাউন্ড শো করে
Robi,11684940249,5,2024-09-03T09:19:30-07:00,US,.,Good 👍👍
Robi,11612307080,1,2024-08-15T03:17:00-07:00,US,App Crashes,The app is continuing to crash from past 3/4 versions. can you provide any contact email where i can provide some screen recordings?
Robi,11605381238,1,2024-08-13T08:03:49-07:00,US,Crashing,"My Robi App crashing on my IPhone but Working fine on Android , fix this issue with an update"
Robi,11498165867,5,2024-07-15T20:27:47-07:00,US,Great!,It’s just wow!
Robi,11468271832,1,2024-07-07T21:07:12-07:00,US,App experience,Internet packs are way too expensive. Can’t afford on a regular basis. App experience isn’t good enough.
Robi,11415906186,2,2024-06-23T17:41:05-07:00,US,Every 2-3 days after the app logs me out! Annoying,Whats the purpose of an app if i have to log into it everytime i visit the app. This can also be done in web version where with a otp i can log into my account. Please fix this problem and make our life easier.
Robi,11367416132,5,2024-06-10T19:20:27-07:00,US,About network,So poor
Robi,11361788200,4,2024-06-09T08:16:44-07:00,US,Useful,Useful
Robi,11356478467,5,2024-06-07T23:28:52-07:00,US,my robi app review,helpfull
Robi,11349002255,5,2024-06-06T00:27:32-07:00,US,User Interface,Need to improve more
Robi,11334921252,4,2024-06-02T06:10:18-07:00,US,Well organized,App organization is well mannered. One will find basics easily.
Robi,11327895902,4,2024-05-31T09:01:13-07:00,US,User friendly app,User friendly app
Robi,11325824234,5,2024-05-30T19:35:38-07:00,US,Robi,Robi
Robi,11324016062,5,2024-05-30T07:38:58-07:00,US,Rocky,Good
Robi,11318728493,5,2024-05-28T21:29:51-07:00,US,Bashir,100% okay
Robi,11300351111,5,2024-05-23T20:28:18-07:00,US,Good app,Very helpful and smooth use
Robi,11294417759,5,2024-05-22T05:14:41-07:00,US,Oh my wording is not good,The first times
Robi,11294301256,4,2024-05-22T04:33:47-07:00,US,Dark theme needed badly 🙏🏻,Please add the dark theme bro pls pls
Robi,11293296625,2,2024-05-21T20:50:27-07:00,US,Rate Cutter validity inclusion,"Rate cutter er validity show Koran, Kon package e ache eta show Koran, idea na thakle my GP app dekhen."
Robi,11292626149,5,2024-05-21T15:45:41-07:00,US,good,nice
Robi,11288224856,5,2024-05-20T10:21:16-07:00,US,Robi people,Good app
Robi,11286501656,5,2024-05-19T22:54:40-07:00,US,Jo,Mama
Robi,11281726247,5,2024-05-18T13:39:28-07:00,US,Joss,Khubi valo app
Robi,11279005844,4,2024-05-17T20:53:45-07:00,US,Robi app review,Awesome ap but Robi needs to take to a page from the gp ap to me that’s the best one among all provider apps in BD
Robi,11268607237,5,2024-05-14T20:43:43-07:00,US,Eye Catching UI,The new version looks way more cleaner than the previous one
Robi,11259596652,5,2024-05-12T07:17:41-07:00,US,review,Good service in bd
Robi,11259274954,5,2024-05-12T05:38:19-07:00,US,My experience,My experience with robi since 6. Yrs excellent
Robi,11254130103,5,2024-05-10T19:09:48-07:00,US,Good,Good
Robi,11252500405,5,2024-05-10T07:59:33-07:00,US,I take that as an indication that I have to go back and get the stuff from you tomorrow and then,The first time the team had played
Robi,11228538773,5,2024-05-03T11:58:53-07:00,US,Informative,wow
Robi,11213289191,5,2024-04-29T06:53:16-07:00,US,very good,always very good
Robi,11211108939,5,2024-04-28T14:46:31-07:00,US,Robi spps,I can use comfortably
Robi,11205809118,4,2024-04-27T05:05:36-07:00,US,রবি থেকে অন্য কোথাও মুভ করতে হবে মনে হয়।,"রবির মিনিট প্যাক, ইন্টারনেট প্যাক, বান্ডেল প্যাক সবগুলার রেট যেভাবে বেড়ে যাচ্ছে, তাতে মনে হয় রবিতে আর থাকা সম্ভব হবে না। অন্য কোথাও মুভ করতে  হবে।"
Robi,11195722537,5,2024-04-24T07:55:01-07:00,US,Good,Good
Robi,11148711362,5,2024-04-12T00:46:06-07:00,US,অনেক ভালো,অনেক ভালো খুব বেশি ভালো।দারুণ অফার দেই my Robi app অনেক রকম অফার থাকে।
Robi,11141497809,5,2024-04-10T00:29:15-07:00,US,Problems i have faced,Pretty much helpful but needed to add the direct conversation with customer care agent. Otherwise its a nice app
Robi,11136308051,5,2024-04-08T12:01:07-07:00,US,Good,Goodnight
Robi,11130313136,3,2024-04-06T20:44:20-07:00,US,Net,Net is speed so low.
Robi,11123612544,5,2024-04-05T02:14:23-07:00,US,Very good,Best app
Robi,11121750213,5,2024-04-04T12:52:22-07:00,US,Wow,Wow
Robi,11121622363,5,2024-04-04T12:01:59-07:00,US,Very good,Very good
Robi,11115928956,5,2024-04-02T23:51:27-07:00,US,Rating,Awesome apps experience
Robi,11104939160,5,2024-03-30T23:08:43-07:00,US,Mahbub,Price Issues
Robi,11101419724,5,2024-03-30T00:36:29-07:00,US,Not bad,good
Robi,11093158632,5,2024-03-27T18:31:40-07:00,US,Optimize new My Family Menu,The new release includes revamping my family plan menu which is way more organised than the previous menu. Although the packages list is still small to choose from.
Robi,11065906971,5,2024-03-20T09:54:06-07:00,US,Good,Good
Robi,11058891766,1,2024-03-18T10:16:08-07:00,US,ok,ok
Robi,11051825403,5,2024-03-16T11:39:02-07:00,US,Good,Good
Robi,11017775030,5,2024-03-07T03:48:53-07:00,US,Robi,Nice Experience
Robi,10992468040,5,2024-02-29T06:20:00-07:00,US,Good,Good
Robi,10982125662,5,2024-02-26T07:37:42-07:00,US,সব গুলা মাদার চোদ,বালের এপস
Robi,10979997442,5,2024-02-25T16:13:42-07:00,US,Network,Good speed
Robi,10952936580,5,2024-02-18T07:30:34-07:00,US,very good service,very good
Robi,10944815198,3,2024-02-16T04:29:25-07:00,US,Offer,Give more offer on my offer section.
Robi,10942601097,5,2024-02-15T12:35:00-07:00,US,E Sim,Good
Robi,10899199408,5,2024-02-03T19:44:33-07:00,US,Good,Best
Robi,10890946528,5,2024-02-01T18:26:31-07:00,US,My Robi App,"Nice app 
The UI is improving day by day."
Robi,10890457653,1,2024-02-01T15:13:41-07:00,US,Need to Update App interface.,"Robi's mobile app has gone from messy to awkward with the current update. There is nothing arranged, arranged. It has become very difficult to find what you need in the rush of so many offers.
The home screen needs to be more beautiful and organized. It would have been nice to see the amount of money, usage amount, outstanding amount, elite group on the front page especially as before.
What was the need for an app to tap everything? No Missed Call Allot On-Off option. Emergency services are all lost in the rush.
I am once again disappointed with Robi."
Robi,10834530848,5,2024-01-17T20:56:56-07:00,US,Useful,This app is very easy to use.
Robi,10779747822,5,2024-01-03T10:04:50-07:00,US,Best,Great
Robi,10770554754,5,2024-01-01T04:32:33-07:00,US,Good App,decent minimal app. almost all things in one app.
Robi,10761641987,4,2023-12-29T22:32:23-07:00,US,Good job,Congratulations
Robi,10760600474,5,2023-12-29T15:45:26-07:00,US,AMITO VALA NA VALA NIA THAIKO,I’m not happy with the service of this
Robi,10752672287,5,2023-12-27T16:03:52-07:00,US,Good user interface,Smooth operating experience
Robi,10739625518,5,2023-12-24T07:42:36-07:00,US,Incoming call historys,I need to see incoming calls on my robi app
Robi,10737636390,5,2023-12-23T19:53:46-07:00,US,Top,Top
Robi,10735600446,3,2023-12-23T07:41:04-07:00,US,Minimal,Simple app but not like gp.
Robi,10729474757,5,2023-12-21T19:58:53-07:00,US,thkns Robi,this very good for everyone
Robi,10729083582,5,2023-12-21T17:32:55-07:00,US,good,this app is so best
Robi,10719265120,5,2023-12-19T12:27:21-07:00,US,Great app,New user
Robi,10698074170,5,2023-12-15T11:35:08-07:00,US,Great App,The app fulfills all my requirements to manage my connection and data. A big thumbs up.
Robi,10696222612,5,2023-12-15T00:37:41-07:00,US,good,useful
Robi,10693957954,1,2023-12-14T08:27:18-07:00,US,Worst app I ever used! Data is not changing continuously,Worst app I ever used! Data is not changing continuously
Robi,10692667698,5,2023-12-14T00:35:53-07:00,US,Good,Ver good
Robi,10690509179,3,2023-12-13T09:02:54-07:00,US,nice,not good Network in Chittagong
Robi,10689845857,4,2023-12-13T05:44:07-07:00,US,Ratings,Need low price more data offers
Robi,10664386131,5,2023-12-06T11:37:58-07:00,US,Robi give me best offer.Thank you 💖,Robi give me best offer.Thank you 💖I wish every time give best offer💕
Robi,10620995871,5,2023-11-24T11:52:47-07:00,US,ককক,সুন্দর
Robi,10618637424,5,2023-11-23T21:41:15-07:00,US,bh,chnkug
Robi,10615497346,5,2023-11-23T01:09:07-07:00,US,Mohima,Very good service
Robi,10593924792,5,2023-11-16T22:55:55-07:00,US,nice,Nice
Robi,10592129634,3,2023-11-16T09:10:58-07:00,US,The special offers section is blank,I cant see my special offer sections fsr. Can you fix it?
Robi,10583983393,5,2023-11-14T00:33:52-07:00,US,Comments,Perfect
Robi,10581845067,5,2023-11-13T08:21:50-07:00,US,Best app,Love the the whole journey of UI UX of MY ROBI APP. Very easy to use.
Robi,10562160147,5,2023-11-07T22:02:03-07:00,US,nice,wow
Robi,10548208784,4,2023-11-04T00:41:54-07:00,US,Review,Good
Robi,10540318591,4,2023-11-01T18:30:23-07:00,US,Very good you Internet service,Well done
Robi,10522392607,1,2023-10-27T16:07:28-07:00,US,Fraud,Dekhai 14gb dei 3 gb 208tk te 3 gb daytime robbery
Robi,10507001328,1,2023-10-23T07:00:37-07:00,US,Regarding App,"Worst!
App showed 110 minutes for 69 bdt however after purchasing I got 95 minutes instead of 110 minutes. My question is what kind of services you are providing! Fooling people!"
Robi,10505492720,5,2023-10-22T20:15:35-07:00,US,Good,Apps
Robi,10482594646,1,2023-10-16T13:47:08-07:00,US,Go and learn from MyGP,Worst and Slowest UI ever.
Robi,10451541973,5,2023-10-08T02:11:41-07:00,US,Hasan5440,Very useful app
Robi,10434839182,5,2023-10-03T10:33:40-07:00,US,Good,Good
Robi,10423296607,1,2023-09-30T06:42:28-07:00,US,Mb,Offer
Robi,10381336991,5,2023-09-18T07:04:17-07:00,US,well,good
Robi,10362699000,5,2023-09-12T20:10:44-07:00,US,..,Good
Robi,10353068864,5,2023-09-10T00:15:43-07:00,US,Helpful apps,Good apps
Robi,10350934198,5,2023-09-09T09:16:00-07:00,US,Wonder Experience.,It was very helpful.
Robi,10346240275,5,2023-09-08T03:03:41-07:00,US,Ummm ! Nothing much!,Good App to use but Robi is not thatgreat of an operator to have as a student user ! package rates are not that versatile and user friendly!
Robi,10334658523,5,2023-09-04T15:11:21-07:00,US,Robi,Helpful app
Robi,10331734634,5,2023-09-03T19:07:20-07:00,US,Df,Cfgff
Robi,10328582215,5,2023-09-02T21:35:18-07:00,US,Y,You
Robi,10321984461,1,2023-09-01T01:55:00-07:00,US,mixed data where...?,can not find whats app data which was there
Robi,10320142415,5,2023-08-31T11:41:27-07:00,US,k,Thank you for your help today
Robi,10312983350,5,2023-08-29T11:41:42-07:00,US,Positive review,Quite useful as well as user friendly app.
Robi,10311183022,5,2023-08-29T01:11:36-07:00,US,Good,To good
Robi,10307147759,5,2023-08-27T21:36:15-07:00,US,5star,Good
Robi,10304242256,4,2023-08-27T02:33:17-07:00,US,Share or Family share,In IOS Appstore couldn’t find the option of share pack or Family share option .. plz be updated . Its a crucial option for me.. regards
Robi,10299414664,5,2023-08-25T17:05:22-07:00,US,useful app,very nice and useful app
Robi,10298348033,5,2023-08-25T09:32:35-07:00,US,good,good
Robi,10296936019,5,2023-08-25T01:27:04-07:00,US,tobi,good
Robi,10294657436,5,2023-08-24T09:03:08-07:00,US,Good app,Nice app
Robi,10293514463,5,2023-08-24T02:39:27-07:00,US,Good,Nice
Robi,10291830314,5,2023-08-23T14:07:35-07:00,US,Good,Good
Robi,10289381694,5,2023-08-22T22:47:18-07:00,US,App,Good app
Robi,10288917108,5,2023-08-22T19:15:54-07:00,US,Good,Very nice apps.
Robi,10286735216,5,2023-08-22T05:13:03-07:00,US,Best,Jahxhxhc
Robi,10275423238,5,2023-08-19T02:46:28-07:00,US,Worthy App,Everyone should use Robi app to claim good offers they provide.
Robi,10268703187,4,2023-08-17T07:00:05-07:00,US,Review of ROBI App,Good
Robi,10267454663,5,2023-08-16T23:45:54-07:00,US,Updates are good.,Getting better.
Robi,10267218479,5,2023-08-16T22:08:47-07:00,US,Hi,Net speed slow
Robi,10263966787,5,2023-08-16T02:27:22-07:00,US,Mahmud khan 55555,Good apps
Robi,10263603728,1,2023-08-16T00:06:47-07:00,US,Robi Batpar,excessive price of internet and minute packs
Robi,10262328375,5,2023-08-15T15:48:46-07:00,US,Robi,Great
Robi,10261627249,5,2023-08-15T11:05:12-07:00,US,👍👍,It's fantastic 🤘😝🤘
Robi,10255528338,5,2023-08-13T22:57:18-07:00,US,Love for Robi,"Really osam service by ROBI. I always pray for Robi from my hearth .Lastly I request to Robi,please You will try to improve your Internet speed more. Thank You."
Robi,10249757709,5,2023-08-12T09:06:53-07:00,US,Hwhejshsbabscs,Hhhbburisbdb
Robi,10243694914,5,2023-08-10T19:48:57-07:00,US,Good,Gd
Robi,10242203642,5,2023-08-10T09:56:43-07:00,US,Nice,Nayon mondol
Robi,10241502447,5,2023-08-10T06:32:58-07:00,US,5star,internet speed medium
Robi,10240450411,5,2023-08-10T00:40:43-07:00,US,Robi,Very convenient
Robi,10240025201,5,2023-08-09T21:55:20-07:00,US,nice and so beetle’s,josss appp
Robi,10238248527,5,2023-08-09T10:26:07-07:00,US,Good,Good
Robi,10234753106,1,2023-08-08T12:43:10-07:00,US,Slow app service,"ভাই , টাকা তো ঠিক মতই দেই এপ্স'টারে একটু স্পিড বাড়ান আগের মত , বাংলাদেশেত সরকারি অফিস গুলার মত যদি আপনারাও এইভাবে ধৈর্য পরীক্ষা করেন তাহলে তো ধৈর্যে কুলায় না। একটু মায়া দয়া করেন । এপ্স'টার স্পিড কি কোন ভাবেই বাড়ানো যায় না। এরচেয়ে টেলিটক এর এপ্স স্পিডও ভালো ভাই। ভাই না ভালা একটু দেখেন । 🙏"
Robi,10234053213,5,2023-08-08T08:39:23-07:00,US,nice offer,nice offer and nice price
Robi,10232924793,4,2023-08-08T02:27:35-07:00,US,Good apps,Esy to use
Robi,10231923581,5,2023-08-07T19:19:34-07:00,US,Super,Good
Robi,10231869602,5,2023-08-07T18:57:50-07:00,US,Tasnuvaa800sky,Excellent
Robi,10226105374,5,2023-08-06T06:08:01-07:00,US,Sk,Good
Robi,10222685370,5,2023-08-05T07:27:06-07:00,US,Service Good,App service is good but Network service not good at all
Robi,10217352089,5,2023-08-03T21:02:57-07:00,US,good,good
Robi,10217035739,5,2023-08-03T18:51:58-07:00,US,Very grateful for daily usages,I am satisfied
Robi,10209617849,5,2023-08-01T19:55:51-07:00,US,Nice,Nice
Robi,10207134735,5,2023-08-01T05:01:51-07:00,US,cool,cool
Robi,10204067990,5,2023-07-31T09:27:35-07:00,US,5,Good
Robi,10200127044,5,2023-07-30T09:29:58-07:00,US,Good,Good
Robi,10197680863,5,2023-07-29T19:10:27-07:00,US,New update,New update is good
Robi,10195853577,5,2023-07-29T07:42:22-07:00,US,You need to add incoming call history in app,I need incoming calls history also
Robi,10195440783,3,2023-07-29T05:52:22-07:00,US,Data & minutes,Average service
Robi,10194206148,5,2023-07-28T22:44:25-07:00,US,App,Excellent
Robi,10190014382,5,2023-07-27T20:05:09-07:00,US,bal,bal notification
Robi,10188140949,5,2023-07-27T07:59:22-07:00,US,Robi,Good
Robi,10187154980,5,2023-07-27T02:42:12-07:00,US,Gh,Balbb
Robi,10180675191,5,2023-07-25T08:35:28-07:00,US,Good app with some bugs,"Sometimes I get logged out of my account automatically.
And when I’m trying to log in again, I can’t because there’s a bug with the OTP, it never comes.

The new color scheme of the app is just ugly.

Other than that the app is amazing and works just fine."
Robi,10177747411,5,2023-07-24T13:33:13-07:00,US,Good,Good
Robi,10175960744,5,2023-07-24T03:22:38-07:00,US,Good,Very good
Robi,10173746965,1,2023-07-23T11:23:30-07:00,US,LATEST UPDATE,The recent update is so trashy that I’m thinking about switching to GP again. Did your company hired UI/UX designer from Gulisthan footpath or something? It’s like they’re still living under rocks in a cave!!  Please make the app usable again
Robi,10172035205,5,2023-07-23T01:26:56-07:00,US,My robi app,Really helpful!!
Robi,10171990485,4,2023-07-23T01:08:39-07:00,US,Baler Service,Baler Review
Robi,10169419611,5,2023-07-22T07:48:01-07:00,US,Ok,Ok ok
Robi,10164373170,4,2023-07-21T00:46:47-07:00,US,Good service,Good service
Robi,10162799564,5,2023-07-20T14:14:23-07:00,US,Ytyjh,Frhhfrfvju
Robi,10160758713,5,2023-07-20T02:08:24-07:00,US,Wow,Wow
Robi,10153006531,5,2023-07-17T23:53:31-07:00,US,Awesome package,Awesome package
Robi,10151732312,5,2023-07-17T14:27:37-07:00,US,Review,Please include the dark theme.
Robi,10151314471,1,2023-07-17T11:37:19-07:00,US,Faltu sim,Amr daka sob chaita faltu setar batpar sim ayta.kono karon sara tk nay.faltu network.4G ami jibona 1-2 bar paisi tarpor o slow
Robi,10151058047,5,2023-07-17T10:03:45-07:00,US,Nice app,Nice app
Robi,10150781007,4,2023-07-17T08:32:39-07:00,US,Review,Good
Robi,10148575481,5,2023-07-16T18:06:43-07:00,US,Great,Good interphase
Robi,10148288930,5,2023-07-16T15:57:27-07:00,US,Good,Not bad
Robi,10147710548,5,2023-07-16T11:46:36-07:00,US,Milon,Good
Robi,10147483699,1,2023-07-16T10:21:33-07:00,US,Where’s the family option?,There’s no family pack option in this app while Android user using it since 2years ago.You’re updating the app but no adding the family share option or purchasing option. Can you please tell us why it’s occurring?
Robi,10147422581,5,2023-07-16T10:00:14-07:00,US,need,i need facebook internate package
Robi,10147350660,5,2023-07-16T09:35:41-07:00,US,Great,Great
Robi,10145392816,5,2023-07-15T21:10:57-07:00,US,User reviews,User friendly
Robi,10145177158,5,2023-07-15T19:38:43-07:00,US,Good,Very cool
Robi,10143825657,1,2023-07-15T10:03:33-07:00,US,Robi sim,Net speed onk kharap other operator der thaika net speed niya akdom disappoint ami
Robi,10143738869,5,2023-07-15T09:34:07-07:00,US,Good,Superb
Robi,10141600196,5,2023-07-14T20:09:15-07:00,US,Good,Super
Robi,10140206271,5,2023-07-14T10:31:07-07:00,US,Nice,Nice app easy to control
Robi,10137568724,5,2023-07-13T18:03:05-07:00,US,Bad😔,Bad😔
Robi,10135609373,5,2023-07-13T05:52:29-07:00,US,User friendly,Easy to choose you preferable packages.
Robi,10133304479,5,2023-07-12T13:46:44-07:00,US,Internet With Voice,I think package price is expansive but internet with voice network was too good .
Robi,10133255264,5,2023-07-12T13:26:22-07:00,US,Good app,Same
Robi,10133250208,3,2023-07-12T13:24:19-07:00,US,Good,I think need some development
Robi,10133224521,5,2023-07-12T13:13:47-07:00,US,Useful,Great app
Robi,10131311506,5,2023-07-12T02:06:58-07:00,US,Good,Good
Robi,10130925306,2,2023-07-11T23:18:31-07:00,US,Need more updates in IOS version,After long time I’m really happy with My Robi new version m
Robi,10130810054,5,2023-07-11T22:27:14-07:00,US,Comfort,Relaxed comfortable and satisfying that’s it all bout; I’m only trying to put in words the fantastic experience at using this app though...
Robi,10130592735,5,2023-07-11T20:51:25-07:00,US,Good,Now enjoying this application like android
Robi,10129507714,4,2023-07-11T13:06:34-07:00,US,New mb and voice offer pls,New mb offer pls
Robi,10129040583,5,2023-07-11T10:10:42-07:00,US,Good indeed,Good indeed
Robi,10125892327,1,2023-07-10T13:51:36-07:00,US,Fake VAS from Robi stealing money from accounts,No call center agent with robi. No email response from customer support email. Robi should be sued for fraud. They deduct money from unknown services. Fake VAS. Robi Deducts money from account without informing. They keep running hidden Value Added Services that you cannot stop without visiting the customer care. They can not explain who started this VAS or accepted or permitted this VAS.
Robi,10125568135,5,2023-07-10T11:48:10-07:00,US,Glitch,Plan customize korar shomoy price onk beshi show kore!!!!
Robi,10124094393,5,2023-07-10T03:51:35-07:00,US,Great update!,Thanks!
Robi,10105253869,5,2023-07-04T22:11:22-07:00,US,Enjoy,Good luck
Robi,10094396451,5,2023-07-01T19:49:54-07:00,US,That app is so helpful☺️,Nice app
Robi,10060131121,4,2023-06-22T03:54:24-07:00,US,I’m,The new
Robi,10049478051,5,2023-06-19T02:42:30-07:00,US,Tryyyuuhgf,Indian
Robi,10049041916,5,2023-06-18T23:02:44-07:00,US,good net,dood
Robi,10046720714,1,2023-06-18T06:36:49-07:00,US,robi app,vlo offer dai na
Robi,10045011999,5,2023-06-17T18:27:05-07:00,US,Excellent,Excellent
Robi,10042741939,5,2023-06-17T03:28:03-07:00,US,Afzal,Happy
Robi,10025987518,5,2023-06-12T06:29:53-07:00,US,Awesome ❤️‍🩹❤️‍🩹,Good 🖤🖤
Robi,10019674723,3,2023-06-10T09:37:39-07:00,US,XOpsX,Bou
Robi,10003784071,5,2023-06-05T19:44:38-07:00,US,mm,bnvh
Robi,9994559034,5,2023-06-03T04:47:36-07:00,US,Good,Good
Robi,9986614188,5,2023-05-31T22:48:51-07:00,US,Excellent,অসাধারণ
Robi,9985000661,1,2023-05-31T11:02:56-07:00,US,"""My Family"" - Option not available in iOS apps","cant able to find my family option in my robi apps, using robi sim but cant purchase my family plan as there is no option in myrobi iOS apps. 

very bad. it should be same for both andriod and iOS. I called customer support, they suggest me to use Andriod phone."
Robi,9957453747,5,2023-05-23T08:17:35-07:00,US,good,nice service
Robi,9957228746,5,2023-05-23T07:03:40-07:00,US,robi,joss man
Robi,9939614273,5,2023-05-18T05:43:20-07:00,US,Super,Nice app sazzad m sazzad hossain
Robi,9932805653,4,2023-05-16T06:34:09-07:00,US,good,good
Robi,9923571415,5,2023-05-13T12:17:16-07:00,US,Robi,Good
Robi,9921187140,5,2023-05-12T21:07:05-07:00,US,Joss apps,Joss apps
Robi,9912058810,4,2023-05-10T05:08:56-07:00,US,My Family option,"There are no my family option in my robi app (IOS version) 
Please update IOS app."
Robi,9911011273,5,2023-05-09T20:49:55-07:00,US,Nehal,Hossain
Robi,9887538415,5,2023-05-03T01:22:24-07:00,US,Support,Nice
Robi,9871047483,5,2023-04-28T11:14:41-07:00,US,Robi,Good
Robi,9851312577,5,2023-04-22T21:45:56-07:00,US,Niceee appp,Cool
Robi,9838867087,5,2023-04-19T09:44:14-07:00,US,good,good
Robi,9789714493,5,2023-04-05T07:17:26-07:00,US,Robi apps,Very good apps
Robi,9777258382,1,2023-04-01T19:17:56-07:00,US,No App update for iOS.,Android app interface is totally different with the iOS app. And Android phone brings more offers than this iOS app. Please update IOS APP
Robi,9764609228,5,2023-03-29T07:23:51-07:00,US,Well service,Well service
Robi,9736418191,5,2023-03-21T05:22:51-07:00,US,My Robi App,My Robi Mobile app is just awesome.
Robi,9733784542,5,2023-03-20T09:08:05-07:00,US,Farhan,Balance transfer option is quite useful.
Robi,9729062242,5,2023-03-19T00:41:51-07:00,US,nice user interface,love it
Robi,9708952659,4,2023-03-13T05:38:02-07:00,US,Good,Good
Robi,9694410716,5,2023-03-08T23:54:02-07:00,US,GOOD....,Till now its looking GOOD... :-)
Robi,9681263730,5,2023-03-05T01:53:52-07:00,US,Helpful,Happy with this useful app...
Robi,9677958352,4,2023-03-04T04:36:45-07:00,US,Fantastic,Good in use
Robi,9671179629,5,2023-03-02T05:26:32-07:00,US,My app,Super!!!
Robi,9649678497,5,2023-02-24T01:02:09-07:00,US,Faltho,Aro valo hote hove
Robi,9647473648,1,2023-02-23T08:12:07-07:00,US,Poor Graphics Design,Very poor quality and very backdated graphics design of this apps.
Robi,9647321450,5,2023-02-23T07:19:22-07:00,US,hhsijbfty,gggghh
Robi,9645999861,5,2023-02-22T22:18:49-07:00,US,Habib,Good
Robi,9638821067,5,2023-02-20T17:40:02-07:00,US,I like,Nice app
Robi,9633018860,5,2023-02-19T00:42:53-07:00,US,This is really uncommon option,"Dear Robi, My all family members including me has switched from GP to Robi.This will be my first suggestion/demands to you. 1. Supposed I bought a data/bundle of 30 GB,700 mind,200 sms, Plz make an option so that I can send any amount of Data,mins and sms to my near and dear Robi users. 2. I believe no other operators have offered this unic option. Offering this I hope Robi will remain in top position throughout. Best wishes for Robi."
Robi,9617638254,5,2023-02-14T10:30:18-07:00,US,Nice app,Lots of very useful features and easy to use. Thanks to all involved!!🙏👏❤️
Robi,9591518242,5,2023-02-06T20:21:37-07:00,US,Useful,It’s a very excellent and useful app
Robi,9588035927,5,2023-02-05T19:19:59-07:00,US,Good,Very good app Robi app
Robi,9585850098,4,2023-02-05T05:22:11-07:00,US,Robi app,excellent
Robi,9580918598,2,2023-02-03T21:40:19-07:00,US,Cheap features,"Many feature is missing..
Please add some features like android.."
Robi,9568872995,5,2023-01-31T13:51:00-07:00,US,Good app,Useful app. I like.
Robi,9530751368,1,2023-01-21T02:09:52-07:00,US,Not update regularly,"While they upgraded their new interface in android app almost 1 month ago however they , still did not updated their ios app till now which is really frustrating because most of the premium users uses iPhone as their daily driver. Very shameful and disappointing behavior from Robi ."
Robi,9526475415,2,2023-01-19T20:58:00-07:00,US,App Bug,"So, here I’m using robi app in iOS and faced a weird bug/issue. In iOS robi app doesn’t show any offer it literally saying no offer available and in internet section voice pack is also not showing anything. But when i open from a Android phone it is showing my regular offers and others. Please look into this and fix those. Thank you."
Robi,9452047797,4,2022-12-30T09:04:38-07:00,US,Robi app,"I am so far satisfied with the Robi App. 
Thanks"
Robi,9446844771,5,2022-12-29T00:49:38-07:00,US,Pleasant,Great thanks
Robi,9445922199,5,2022-12-28T18:29:14-07:00,US,Arefin,Nice
Robi,9441009473,5,2022-12-27T09:58:39-07:00,US,My robi,Thank you Robi
Robi,9372426915,5,2022-12-07T19:25:31-07:00,US,Eyasin Uddin bhuiyan,Fulgazi
Robi,9356953890,5,2022-12-03T10:11:20-07:00,US,Shuvo,Kumar
Robi,9342531520,5,2022-11-29T10:40:01-07:00,US,Awesome,10 out of 10
Robi,9329970712,5,2022-11-25T23:40:28-07:00,US,Experience,Awesome
Robi,9310205097,5,2022-11-20T07:54:51-07:00,US,Loved it,Very useful
Robi,9308179873,5,2022-11-19T20:53:02-07:00,US,great app,it’s very helpful
Robi,9303234111,5,2022-11-18T12:06:31-07:00,US,Good,Good
Robi,9303017417,5,2022-11-18T10:33:35-07:00,US,Gd,Gd
Robi,9295863819,5,2022-11-16T08:13:25-07:00,US,my roby,nice app i Impress
Robi,9270837583,3,2022-11-09T02:11:13-07:00,US,Add my family Option,Add my family option. Its very irritating that anyone cant see their usages in myfamily package
Robi,9249075788,5,2022-11-02T18:18:47-07:00,US,Thanks for this app!,"I’m using this app for few months. It’s so complete and versatile. Easy to find any offers, call rates or bundles. I’m really thankful to Robi for this app."
Robi,9217792149,5,2022-10-24T09:46:57-07:00,US,Yea,Nice
Robi,9216463081,5,2022-10-24T01:10:44-07:00,US,Feeling good,Very useful app
Robi,9214490732,4,2022-10-23T09:26:09-07:00,US,Robi App,"Good, there is room for some improvement."
Robi,9205021449,4,2022-10-20T15:13:38-07:00,US,Helpful,Good
Robi,9170985692,5,2022-10-10T09:30:14-07:00,US,Amazing,It’s just amazing
Robi,9167974625,2,2022-10-09T11:25:49-07:00,US,Easyplan sliders are soo buggy,"Easyplan feature is broken for last few versions. Previously it worked fine. Now, when the sliders are moved, calculated price is jumping all around the places. PLS FIX THIS IMMEDIATELY"
Robi,9145810426,1,2022-10-02T21:47:00-07:00,US,Na thik show robi family pak,"This my robi app very bad 
This app na thik show my robi family pak…
What problem …????"
Robi,9109653879,1,2022-09-22T03:12:14-07:00,US,My Robi service,"After loan  Take extra charge ,net slow , low amount loan .High price data charges .      :”("
Robi,9097240759,5,2022-09-18T06:07:37-07:00,US,Nhh,Hugo
Robi,9084291506,5,2022-09-14T08:15:06-07:00,US,Good,Good
Robi,9077822105,1,2022-09-12T07:57:01-07:00,US,Very bad service,The app update is not available. Internet package is too much costlier than before the update and poor network and not available 4G in some areas in Dhaka
Robi,9074289267,1,2022-09-11T06:51:51-07:00,US,Unresponsive and slow app,The app got worsen after the new updates.
Robi,9046857578,5,2022-09-02T22:33:45-07:00,US,My bl,So good app
Robi,9034569487,5,2022-08-30T08:57:55-07:00,US,User friendly app,It is very simply & user friendly.
Robi,9033435154,5,2022-08-30T03:23:58-07:00,US,Good,Very nice
Robi,9023546724,2,2022-08-27T09:35:20-07:00,US,EasyPlan,আপডেট করার পর easyplan কাজ করছে না।🙄
Robi,9006209220,5,2022-08-22T13:18:19-07:00,US,Excellent,Excellent app.
Robi,8996407488,5,2022-08-19T17:58:39-07:00,US,For my offer,Thank you
Robi,8982704968,5,2022-08-15T16:45:27-07:00,US,Good,Good experience
Robi,8981547292,5,2022-08-15T08:20:33-07:00,US,I love Robi app,I love Robi app
Robi,8971208496,5,2022-08-12T06:53:21-07:00,US,Nuruzzaman Rubel,Good!
Robi,8959749929,4,2022-08-08T21:00:53-07:00,US,Great,User interface could be a little cleaner but it’s quite good.
Robi,8941772915,5,2022-08-03T12:41:03-07:00,US,Good,Good
Robi,8898600423,5,2022-07-21T19:02:29-07:00,US,Helpful!!,Need add some features for increasing value!
Robi,8894083561,5,2022-07-20T10:48:41-07:00,US,Thank’s,It’s helpful and easy
Robi,8855843916,5,2022-07-09T01:30:33-07:00,US,My robi app,Really an awesome app with many amazing features.Satisfied with this.
Robi,8843537939,5,2022-07-05T09:32:07-07:00,US,appearance,So users friendly
Robi,8839504161,5,2022-07-04T05:33:46-07:00,US,Namaj Timing,নামাজের সময়সূচী আবার যুক্ত করুন দয়া করে।
Robi,8815971381,5,2022-06-27T07:52:18-07:00,US,Opening,Hhh
Robi,8805231808,5,2022-06-24T02:34:21-07:00,US,Owo,Codao
Robi,8797954650,5,2022-06-21T21:15:52-07:00,US,Wow,wow
Robi,8780048040,5,2022-06-16T08:57:08-07:00,US,আকাশ,দাশ
Robi,8772499826,1,2022-06-14T02:12:42-07:00,US,Bad experience,This is faul app.I can’t login this app I have 4g connection still can’t login this apps
Robi,8739649587,5,2022-06-04T02:19:58-07:00,US,Robi App,So helpful
Robi,8735107321,5,2022-06-02T18:04:52-07:00,US,Perfect,Very good
Robi,8731215360,5,2022-06-01T14:08:52-07:00,US,Great app!,"All in one.. Provide best offers among all the operators.. 

Keep going #Robi_Axiata_Ltd"
Robi,8719755550,5,2022-05-29T04:49:43-07:00,US,Good service,100
Robi,8692256480,4,2022-05-20T23:16:58-07:00,US,Good,Good
Robi,8683445041,5,2022-05-18T06:52:22-07:00,US,Good,Good
Robi,8680953780,5,2022-05-17T11:44:52-07:00,US,Far1971,Excellent
Robi,8665629039,5,2022-05-12T23:31:18-07:00,US,USER,Good apps & more free offer
Robi,8664689256,5,2022-05-12T16:09:11-07:00,US,Good,Good
Robi,8662342005,4,2022-05-11T23:41:59-07:00,US,Add 4.5G package,Please include 4.5G package in Myplan
Robi,8643823125,4,2022-05-06T11:34:26-07:00,US,My Robi,Excellent service
Robi,8601982081,5,2022-04-24T09:47:50-07:00,US,good,good
Robi,8561752882,5,2022-04-12T23:18:02-07:00,US,Hassle-free experience,My Robi app has made my life so easy. Thanks Robi for such user friendly features.
Robi,8558222233,1,2022-04-11T22:17:51-07:00,US,Fake,"Fake services and offer.
Dont waste your time."
Robi,8533237091,5,2022-04-04T22:12:32-07:00,US,Nice app,Good
Robi,8527030272,2,2022-04-03T06:00:41-07:00,US,The Robi app is not working,At the moment the Robi app is not working and it says to update it in the App Store.But there is no update in the AppStore. Pls look into the matter as soon as possible.
Robi,8524464826,5,2022-04-02T12:58:18-07:00,US,😊,"Full satisfied with Robi App . All details getting easily with first page.
• Thank you all Engineer all Teams. Well done."
Robi,8506848841,5,2022-03-28T19:04:59-07:00,US,Best,Awesome
Robi,8499709619,5,2022-03-26T19:06:53-07:00,US,Excellent,Love Their App .
Robi,8498286983,5,2022-03-26T09:27:32-07:00,US,Good,Good
Robi,8445862137,5,2022-03-11T19:29:15-07:00,US,Good,Good
Robi,8441403718,5,2022-03-10T12:28:49-07:00,US,Helpful,"Nice app helpful and time saver
Recommend"
Robi,8407900596,5,2022-02-28T22:25:53-07:00,US,Robi,Good
Robi,8401743966,5,2022-02-27T04:05:11-07:00,US,mah_liton,Good.
Robi,8376823662,5,2022-02-20T05:02:23-07:00,US,Robi app,Good review
Robi,8370379829,5,2022-02-18T12:24:52-07:00,US,Amazing,Aps look like supernatural
Robi,8358279166,5,2022-02-15T05:11:35-07:00,US,robi’s experience,travel friendly and handful service
Robi,8354424597,5,2022-02-14T03:05:23-07:00,US,Yap,Yap
Robi,8333807741,5,2022-02-08T11:28:48-07:00,US,Md Wahiduzzaman,Excellent
Robi,8327944995,5,2022-02-06T21:08:45-07:00,US,M F Rana,Rana
Robi,8291435714,4,2022-01-28T01:05:23-07:00,US,United. CEO,"App is very convenient, but sms reload should be added thanks"
Robi,8284909540,5,2022-01-26T06:11:53-07:00,US,3 stars,Happy
Robi,8253232791,5,2022-01-17T20:38:45-07:00,US,Nice,Good
Robi,8221352549,5,2022-01-09T04:01:57-07:00,US,Excellent,Excellent
Robi,8208016072,5,2022-01-05T11:28:11-07:00,US,Best Internet Speed In Bangladesh,সবথেকে দ্রুত গতির ইন্টারনেট রবি ❤️❤️❤️❤️❤️
Robi,8201561742,5,2022-01-03T17:37:16-07:00,US,Anwar.Dac.Bd,Thanks
Robi,8188450062,5,2021-12-31T06:09:01-07:00,US,Superb,Suberb internet speed
Robi,8161185129,5,2021-12-23T09:47:27-07:00,US,Thank you,You guys helped me in hard situations
Robi,8096950626,5,2021-12-05T00:16:20-07:00,US,Good service,Happy with the service
Robi,8085518956,5,2021-12-01T19:46:04-07:00,US,Review For My Robi App,Great One
Robi,8077789422,5,2021-11-29T15:21:54-07:00,US,Nice,Very good
Robi,8060200410,3,2021-11-24T19:31:24-07:00,US,Widget support,Please make the app iOS widget view enable.
Robi,8038974353,5,2021-11-18T19:55:21-07:00,US,Excellent,Yes
Robi,7995912387,5,2021-11-06T11:24:16-07:00,US,Robi,Great
Robi,7961266396,5,2021-10-27T20:16:18-07:00,US,Good networking.,Good networking.
Robi,7937521237,1,2021-10-21T02:45:37-07:00,US,Good app but cannot see incoming calls,Want to see incoming calls
Robi,7931212456,4,2021-10-19T05:54:29-07:00,US,Very good app,Nice app
Robi,7925979913,5,2021-10-17T15:05:17-07:00,US,Convenient,Very much use full
Robi,7903497557,5,2021-10-11T10:16:07-07:00,US,👍,Good
Robi,7896701278,5,2021-10-09T14:35:23-07:00,US,Awesome,It's a useful application
Robi,7875051565,5,2021-10-03T18:23:51-07:00,US,Aishasshuma,Feeling good
Robi,7860288269,5,2021-09-29T21:37:13-07:00,US,excellent,Best app in BANGLADESH
Robi,7811435348,5,2021-09-16T02:28:39-07:00,US,044355,044355
Robi,7788888816,5,2021-09-09T13:59:58-07:00,US,Robi app,It’s a good app and it knows what you want ☺️
