user_name,rating,review_date,review_text,thumbs_up,category,sentiment,english_summary
A Google user,5,2026-09-22 22:16:41,emergency internet option its very very good services,0,Offers & Data Packs,Positive,The customer highly appreciates the emergency internet option service.
A Google user,1,2026-09-22 22:01:11,"বাজেট এর মধ্যে ভালো ইন্টারনেট প্যাক বা monthly bundle প্যাক ই নাই ,,, আর নেটওয়ার্ক যথেষ্ট slow 😤😤😤",0,Network Speed & 4G Latency,Negative,The customer complains about the lack of affordable internet or monthly bundle packs and describes the network speed as very slow.
A Google user,1,2026-09-22 18:49:38,very bed service. price are so high,0,Billing & Airtime Deductions,Negative,The customer complains about poor service quality and excessively high prices.
A Google user,5,2026-09-22 16:31:43,offer rate besi,0,Offers & Data Packs,Negative,The customer is complaining that the offer rates are too high.
A Google user,5,2026-09-22 13:03:57,Excellent apps,1,General Appreciation / Other,Positive,The customer expresses satisfaction with the quality of the application.
A Google user,5,2026-09-22 02:18:33,আপার গুলি আরো ভালো করা দরকার ছিলো,0,General Appreciation / Other,Neutral,The user suggests that the upper sections or features need to be improved further.
A Google user,2,2026-09-22 00:41:21,too much expensive..!!,0,Billing & Airtime Deductions,Negative,The customer finds the service or rates to be excessively expensive.
A Google user,1,2026-09-21 23:37:07,"very bad network,, internet packages are not good, and the internet connections very poor.",0,Network Speed & 4G Latency,Negative,The customer reports poor network quality and slow internet connections.
A Google user,4,2026-09-21 23:30:05,best Networking system in Bangladesh,1,Network Speed & 4G Latency,Positive,The customer praises Grameenphone as having the best network system in Bangladesh.
A Google user,5,2026-09-21 23:09:35,Good Experience.,0,General Appreciation / Other,Positive,The customer expresses satisfaction with their overall experience.
A Google user,5,2026-09-21 20:52:47,আমি জিপি ব্যবহার করে খুব আনন্দ পাই,0,General Appreciation / Other,Positive,The user expresses that they enjoy using Grameenphone very much.
A Google user,5,2026-09-21 20:20:54,Excellent services,0,General Appreciation / Other,Positive,The customer expresses satisfaction with the overall quality of service provided.
A Google user,1,2026-09-21 19:58:56,অ্যাপে অনেক টাকা নিচ্ছেকিন্তু এমবি কম দিচ্ছে সমাধান করতে হবে টাকা সীমার বাইরে নিচ্ছে3gb এমবির দাম 7 দিনে200 টাকা নিচ্ছেএটা অন্যায় এখানে একটাও স্টার দেওয়া যায় না,0,Billing & Airtime Deductions,Negative,"The customer complains that the app deducts excessive amounts for low data volume, specifically charging 200 Taka for 3GB over 7 days, which they consider unfair."
A Google user,5,2026-09-21 19:17:00,It is very Best app for money,0,General Appreciation / Other,Positive,The customer considers the app to be the best for managing money.
A Google user,5,2026-09-21 18:00:59,The app service is good,0,General Appreciation / Other,Positive,The customer expresses satisfaction with the overall service provided by the app.
A Google user,5,2026-09-21 17:00:30,খুব ভালো লাগলো,0,General Appreciation / Other,Positive,The customer expressed that they really liked the service or app.
A Google user,5,2026-09-21 15:15:32,User friendly,0,General Appreciation / Other,Positive,The user finds the app easy to use.
A Google user,5,2026-09-21 15:03:58,দারুণ সেবা দিচ্ছে চমৎকার,0,General Appreciation / Other,Positive,The customer is praising the service as wonderful and excellent.
A Google user,5,2026-09-21 14:15:57,good nice apps,0,General Appreciation / Other,Positive,The customer expresses general satisfaction with the app.
A Google user,5,2026-09-21 11:58:41,আর এগুলো অভার চাই,0,Offers & Data Packs,Neutral,The customer is requesting additional offers or data packs.
A Google user,5,2026-09-21 11:00:45,very nice minute offer,0,Offers & Data Packs,Positive,The customer expresses satisfaction with the available minute offers.
A Google user,1,2026-09-21 07:53:01,I'm winning device 5gb thanks,0,Offers & Data Packs,Positive,The user is expressing gratitude for winning a device and 5GB of data.
A Google user,1,2026-09-21 07:49:46,"internet er price onk besi ,jayga jomi beicha kina lagbo",0,Offers & Data Packs,Negative,The customer complains that the internet price is very high and suggests selling it in smaller quantities.
A Google user,5,2026-09-21 07:38:53,good service,0,General Appreciation / Other,Positive,The customer expresses satisfaction with the overall service quality.
A Google user,1,2026-09-21 03:05:05,"very bad app,",0,App Login & Technical Bugs,Negative,The customer expresses strong dissatisfaction with the overall quality of the application.
A Google user,5,2026-09-21 02:36:01,আমার ফোনে ডিভাইস অফার বাড়ানো হোক,0,Offers & Data Packs,Neutral,The customer requests that device offers be increased on their phone.
A Google user,4,2026-09-20 21:43:06,Please add a dark mode theme for this app thanks.,0,App Login & Technical Bugs,Neutral,The user is requesting the addition of a dark mode theme to the application.
A Google user,1,2026-09-20 20:11:12,"whenever I try to login into this app "" network error"" This text comes up again and again.",0,App Login & Technical Bugs,Negative,The user reports a recurring network error preventing them from logging into the app.
A Google user,1,2026-09-20 19:18:52,মাইজিপি থেকে এমবি কিনা বা এমবি দেখা বা অন্য সব সার্ভিস খুব ভালো... কিন্তু লগ ইন কোড পাঠাতে এতো দেরি করে...মাইজিপি মাঝে মাঝে আনইন্সটল বা এক নাম্বার থেকে আরেক নাম্বার এ লগ ইন করতে গেলে পরতে হয় বিপদে...টাইম দেওয়া থাকে ২৫ সেকেন্ড... কোড আসে ১০-১৫ মিনিট পর...এই ১৫ -২০ দিন এ প্রায় ৪০ বার এর ওপর কোড রিসেন্ড করেছি...একবারো টাইম এ আসে নাই...আবার মাইজিপি থেকে যে অফিসিয়াল ভাবে কথা বলা যায় সেখানেও দেওয়া থাকে ২০০ সেকেন্ড এর কাছাকাছি... ২০০ সেকেন্ড এর মধ্যে ও কোড আসে না...এ কেমন বিরক্ত কর এপ..,0,App Login & Technical Bugs,Negative,"The user complains that while the app's services are good, the login OTP codes are consistently delayed by 10-15 minutes, forcing them to resend codes over 40 times in two weeks."
A Google user,5,2026-09-20 19:07:24,মাইজিপি অ্যাপ ভালো প্রতিক সপ্তাহে সপ্তাহে এক জিবি এমবি ফ্রি দেয় প্রতিদিন লগইন করলে,0,Offers & Data Packs,Positive,The user appreciates the MyGP app for providing free 1GB data weekly upon daily login.
A Google user,1,2026-09-20 17:57:31,Network is very slow,0,Network Speed & 4G Latency,Negative,The customer reports that the network speed is very slow.
A Google user,5,2026-09-20 15:33:46,very good offer,0,Offers & Data Packs,Positive,The customer expressed satisfaction with a specific promotional offer.
A Google user,1,2026-09-20 14:37:19,সবথেকে খারাপ সিস্টেম ব্যবস্থা,0,General Appreciation / Other,Negative,The customer describes the system and arrangements as the worst.
A Google user,5,2026-09-20 14:18:17,প্রত্যেক পেকেজের দাম বেশি,0,Offers & Data Packs,Negative,The customer complains that the price of every package is too high.
A Google user,5,2026-09-20 13:52:06,totally awesome 🥳💝,0,General Appreciation / Other,Positive,The customer expresses high satisfaction with the service using enthusiastic language and emojis.
A Google user,5,2026-09-20 13:13:45,জিপি দি বেষ্ট,0,General Appreciation / Other,Positive,The customer states that Grameenphone is the best.
A Google user,5,2026-09-20 11:37:02,জিপি অ্যাপস আমার লগইন হচ্ছে না এটা খুব,0,App Login & Technical Bugs,Negative,The user is unable to log in to the GP app and expresses frustration about the issue.
A Google user,1,2026-09-20 03:04:24,Your customer service is very poor. Your internet minutes are expensive. You can't pay them properly. Everything is poor.,0,Billing & Airtime Deductions,Negative,"The customer complains about poor customer service, high costs for internet minutes, and difficulties in making payments."
A Google user,5,2026-09-20 01:23:01,many great offers and best service,0,Offers & Data Packs,Positive,The customer praises the availability of great offers and the quality of service.
A Google user,3,2026-09-19 22:38:17,মোটামুটি ভালোই সর্বচ্চ ভালে নয়।💞💞,0,General Appreciation / Other,Neutral,The user rates the service as moderately good but not the best.
A Google user,5,2026-09-19 18:30:24,5 GB Free Dewar jonno Thanks 🙂,1,Offers & Data Packs,Positive,The customer is thanking the service for a free 5 GB data offer.
A Google user,5,2026-09-19 14:18:11,Rehena khaun,0,General Appreciation / Other,Neutral,"The user is asking for food, which is unrelated to telecom services."
A Google user,5,2026-09-19 14:16:23,This Experience Was So Good And Comfortable 🍁🍁🍁 Hope For The Best More In Feature 🍁🍁🍁,0,General Appreciation / Other,Positive,The customer expresses satisfaction with the overall experience and hopes for more features in the future.
A Google user,4,2026-09-19 14:06:52,wow nice offer,0,Offers & Data Packs,Positive,The customer is expressing satisfaction with a specific promotional offer.
A Google user,1,2026-09-19 13:07:32,Very bad experience 😕,0,General Appreciation / Other,Negative,The customer expresses dissatisfaction with their overall experience without specifying a particular issue.
A Google user,5,2026-09-19 11:34:10,best sim gp🥰🥹,0,General Appreciation / Other,Positive,The customer expresses that Grameenphone is the best SIM provider.
A Google user,1,2026-09-19 11:30:20,the app is too bad because for the internet problem. I have buy a internet package . but while I am using any app it says no internet. Why?? when I was trying to open the app it says sign in. why? I have already sign in. no problem if it tells sign in. when I give the number and sign in. it doesn't sign in . and tell network error . when I dial *121*1*2# on the phone book . it says (connection problem or invalid mmi code) why ?? this number is not invalid it is valid . FROM BANGLADESH.,0,App Login & Technical Bugs,Negative,"The user reports persistent login failures and network errors in the MyGP app, along with issues accessing internet packages and dialing USSD codes."
A Google user,5,2026-09-19 09:04:28,খুবই একটা ভালো অ্যাপ,0,General Appreciation / Other,Positive,The customer describes the app as very good.
A Google user,4,2026-09-19 05:49:12,Nice experience,0,General Appreciation / Other,Positive,The customer expressed satisfaction with their overall experience.
A Google user,5,2026-09-19 00:12:39,"🌟📱 GP App — Smart, Simple & Super Convenient! 💚 The GP App makes managing mobile services easier than ever! 🚀 From checking balances and data usage to activating internet packs and managing services, everything is right at your fingertips. 😍✨ A clean interface, easy navigation, and convenient features make the experience smooth and user-friendly. 👏🔥 💚 GP App — One App, So Many Possibilities! 📲✨",0,General Appreciation / Other,Positive,"The user praises the GP app for its smart, simple, and convenient interface that makes managing mobile services easy."
A Google user,5,2026-09-18 22:06:21,হ্যালো মাই জিপি টিম আপনারা ভালো অফার দিছেন খুশি হয়েছি একমাস পর পর ১ জিপি ফ্রিতে দিচ্ছেন কিন্তু ১ জিপির বদলে যদি ৫ জিপি দিতেন তাহলে ভালো হতো,0,Offers & Data Packs,Neutral,The customer appreciates the current monthly free 1GB offer but suggests increasing it to 5GB for better value.
A Google user,3,2026-09-18 20:28:13,"মাঝে মাঝে crash করে, এটা যত দ্রুত সনভব fix করলে ভালো হয়।",0,App Login & Technical Bugs,Negative,"The app crashes occasionally, and the user requests a quick fix."
A Google user,5,2026-09-18 19:43:35,"nice pack diel,,but offer aro vlo hoitay parto,",0,Offers & Data Packs,Neutral,The customer finds the current data pack nice but suggests that the offers could be improved.
A Google user,5,2026-09-18 19:21:51,mdmunna Islam,0,General Appreciation / Other,Neutral,The review consists only of a user's name with no specific feedback or operational issue described.
A Google user,2,2026-09-18 18:14:07,ইন্টারনেট ও মিনিট প্যাকের দাম কমালে ভালো হতো। আপনাদের ইন্টারনেট ও মিনিট প্যাকের মূল্য অনেক বেশি যা দরিদ্র মানুষেরা কিনতে অক্ষম। এগুলোর দাম কমালে ভালো হতো।,0,Offers & Data Packs,Negative,The customer suggests reducing the prices of internet and minute packs as they are currently too expensive for poor people to afford.
A Google user,1,2026-09-18 17:25:19,Veary High price,0,Offers & Data Packs,Negative,The customer complains that the prices are very high.
A Google user,5,2026-09-18 15:51:33,অনেক ধন্যবাদ ভালো লাগছে।,0,General Appreciation / Other,Positive,"Thank you very much, I am enjoying it."
A Google user,1,2026-09-18 14:53:24,"I have experienced this app last few months,before that it was to my mom.In this few months experience, I saw that this app is not good.I have reasons behind this words.Whenever I recharge in this number in gp app but I haven’t called or messaged someone,the app still cuts my money,I have 20 taka in this app,but it becomes 10/17.08(suppose) in 2/3 days,but I didn’t called someone,I also have another reason that I want to tell gp app,but if I say now,it will out of word limit.Explain to me this.",0,Billing & Airtime Deductions,Negative,The user reports unexplained deductions from their airtime balance in the app despite not making any calls or messages.
A Google user,1,2026-09-18 13:36:09,very slow internet speed.wast of money 😡😡😡😡😡,0,Network Speed & 4G Latency,Negative,The customer is complaining about very slow internet speeds and feels the service is a waste of money.
A Google user,1,2026-09-18 12:46:42,The most useless network. grameenphone The most useless network SIM.😡,0,Network Speed & 4G Latency,Negative,"The customer expresses extreme dissatisfaction with Grameenphone's network quality, calling it the most useless."
A Google user,5,2026-09-18 08:04:10,"এমবি, মিনিট রেট আরও কমাতে হবে",0,Billing & Airtime Deductions,Negative,The customer requests that the rates for MB and minutes be reduced further.
A Google user,3,2026-09-18 07:57:28,net work issues little bit high.,0,Network Speed & 4G Latency,Negative,The customer reports that network issues are slightly high.
A Google user,1,2026-09-18 05:34:13,offer very expensive,0,Offers & Data Packs,Negative,The customer finds the available offers to be very expensive.
A Google user,5,2026-09-18 00:59:35,Getting the best internet speed in Cox's bazaar city.... keep it up 👍🤞,1,Network Speed & 4G Latency,Positive,The customer praises the excellent internet speed in Cox's Bazar and encourages the company to maintain this performance.
A Google user,5,2026-09-18 00:34:04,life is easy with My GP app,0,General Appreciation / Other,Positive,The customer expresses that the MyGP app makes their life easier.
A Google user,1,2026-09-17 23:11:34,আরেকটু কম টাকা হলে ভালো হয়। বিশেষ করে মিনিট বেশি জিবি কম দরকার হয়।,0,Offers & Data Packs,Neutral,"The customer suggests that the pricing should be lower, specifically for plans that offer more minutes and less data."
A Google user,1,2026-09-17 22:51:20,বার বার লগিং করা লাগে,0,App Login & Technical Bugs,Negative,The user has to log in repeatedly due to frequent session drops.
A Google user,5,2026-09-17 21:52:49,খুব একটা ভালো লাগলোনা,0,General Appreciation / Other,Negative,The user expressed that they did not find the experience very good.
A Google user,5,2026-09-17 21:22:34,this is very helpful apps for us,0,General Appreciation / Other,Positive,The customer finds the app very helpful.
A Google user,5,2026-09-17 20:21:13,Outstanding!,1,General Appreciation / Other,Positive,The customer expressed high satisfaction with the service.
A Google user,1,2026-09-17 16:42:08,This app is helpfull..,0,General Appreciation / Other,Positive,The customer finds the app helpful.
A Google user,5,2026-09-17 15:08:41,Easy and helpful.,0,General Appreciation / Other,Positive,The customer finds the service easy to use and helpful.
A Google user,5,2026-09-17 11:46:56,A great app . Anything recharge in own or others phone buying internet becomes easier for this app. I always like the easy feature of this app. Anyone can use it easily.It gives many nice offers and also playing games and watch tv serials is possible from this app in a low cost of money At the end I want to say there are many similar app in play store but MyGP app is one best and easiest app I have ever seen before.,1,General Appreciation / Other,Positive,"The user highly praises the MyGP app for its user-friendly interface, ease of recharging, and cost-effective entertainment features."
A Google user,4,2026-09-17 11:23:58,Offer ase ager ceye valo,0,Offers & Data Packs,Positive,The current offers are better than the previous ones.
A Google user,5,2026-09-17 11:05:25,খুবই ভালো কাজ করে,0,General Appreciation / Other,Positive,The user states that the service works very well.
A Google user,5,2026-09-17 11:03:37,very good apps,0,General Appreciation / Other,Positive,The customer expresses satisfaction with the overall quality of the app.
A Google user,5,2026-09-17 10:52:23,GP Network best than others operator.,0,Network Speed & 4G Latency,Positive,The customer states that Grameenphone's network is superior to other operators.
A Google user,5,2026-09-17 08:20:11,"Honestly, i would say, this stunning app comes up with the best UI in Bangladeshi telecom sector. And their UX team deserve a... 🫡",0,General Appreciation / Other,Positive,The user praises the app for having the best user interface in the Bangladeshi telecom sector and compliments the UX team.
A Google user,5,2026-09-17 04:31:16,"always good service, but besi besi offers dike aro vlo hoito 🙂",0,Offers & Data Packs,Positive,The customer appreciates the consistent service but suggests that the offers could be even better.
A Google user,5,2026-09-16 23:07:32,exelent app.i enjoy it.,0,General Appreciation / Other,Positive,The customer expresses that the app is excellent and they enjoy using it.
A Google user,5,2026-09-16 22:17:42,অনেক ধন্যবাদ,0,General Appreciation / Other,Positive,The customer is expressing gratitude.
A Google user,1,2026-09-16 22:13:49,fal to app internet Price is too high 🔪🔪🤬🤬🤬🤬🤬🤬🤬🤬😡🤬🤬🤬😡😡🤬,0,Offers & Data Packs,Negative,The customer is complaining that the internet prices in the app are too high.
A Google user,1,2026-09-16 22:13:28,very very bad,0,General Appreciation / Other,Negative,The customer expresses strong dissatisfaction without specifying a particular issue.
A Google user,1,2026-09-16 21:55:45,totally faltu,0,General Appreciation / Other,Negative,The customer describes the service or app as completely useless.
A Google user,5,2026-09-16 18:19:07,Always best for me.,0,General Appreciation / Other,Positive,The customer expresses that the service is consistently the best for them.
A Google user,5,2026-09-16 17:24:11,gp link is the best,0,General Appreciation / Other,Positive,The customer expresses that the GP link is the best.
A Google user,5,2026-09-16 16:11:25,অনেক বেশি ভালো,0,General Appreciation / Other,Positive,The customer states that the service is very good.
A Google user,4,2026-09-16 16:06:14,"good app. maybe try giving more validity or maybe you can at least let me use ""pay as you go"" system to buy data packs from app.",14,Offers & Data Packs,Neutral,The user appreciates the app but suggests increasing data pack validity or allowing pay-as-you-go purchases.
A Google user,5,2026-09-16 14:59:54,nice support,0,General Appreciation / Other,Positive,The customer expressed satisfaction with the quality of customer support received.
A Google user,5,2026-09-16 14:25:02,supper app helpfull thank you gp app,0,General Appreciation / Other,Positive,The customer expresses gratitude and finds the app very helpful.
A Google user,5,2026-09-16 12:42:04,Beautiful App,0,General Appreciation / Other,Positive,The customer expresses that the app is beautiful.
A Google user,5,2026-09-16 11:39:04,Good but bad,0,General Appreciation / Other,Neutral,The customer provided a mixed review stating the service is both good and bad without specific details.
A Google user,5,2026-09-16 10:02:21,I LOVE MYGP❤️‍🩹,0,General Appreciation / Other,Positive,The customer expresses strong affection and satisfaction with the MyGP app.
A Google user,1,2026-09-16 07:35:48,bal er service,0,General Appreciation / Other,Positive,The customer is praising the service as good.
A Google user,1,2026-09-16 06:16:25,i can't avail my offer though i sm regjlar user mygp,0,Offers & Data Packs,Negative,The user is unable to avail themselves of an offer despite being a regular MyGP user.
A Google user,5,2026-09-16 02:08:43,This is fine app,0,General Appreciation / Other,Positive,The customer expresses that the app is fine.
A Google user,1,2026-09-16 01:49:23,"Please add daily token offer, app টার ফ্রন্ট পেজের মধ্যে যদি এসএমএস ব্যালেন্স টা দেখাতো তাহলে অনেক সুবিধা হতো। যেহেতু বর্তমানে মাইজিপি অ্যাপ থেকে ফ্রিতে এসএমএস ক্লেইম করে নেওয়া যায়। অথবা মিনিট এমবি অথবা এসএমএস ব্যবহার করার পরে আর কতটুকু বাকি আছে সেটা যদি নোটিফিকেশন আকারে দেখাতো সাথে সাথে তাহলে অনেক সুবিধা হতো। নামাজের সময়সূচী এরমধ্যে যে ""get the location automatically"" ফিচারটা আছে সেটা কাজ করছে না।",0,App Login & Technical Bugs,Neutral,"The user requests features like daily token offers and SMS balance visibility, while reporting that the automatic location feature for prayer times is not working."
A Google user,5,2026-09-16 01:28:31,কল রেকর্ড দেখাচ্ছে না কেন,0,App Login & Technical Bugs,Negative,The user is asking why their call records are not displaying in the app.
A Google user,3,2026-09-16 01:16:12,Mb dam vaci tai puro star dilam na,0,General Appreciation / Other,Negative,The user gave a low rating because they are currently in a bad mood.
A Google user,5,2026-09-15 23:28:51,number verify a verify please help,0,App Login & Technical Bugs,Neutral,The user is requesting assistance with the number verification process.
A Google user,5,2026-09-15 23:19:24,Thnks for the offer ONLY FOR YOU!,0,Offers & Data Packs,Positive,The customer is thanking the company for a personalized offer.
A Google user,1,2026-09-15 22:57:11,"I made only one mistake in life, and that was buying a Grameen SIM.",0,General Appreciation / Other,Negative,The customer expresses extreme regret and dissatisfaction with their decision to purchase a Grameenphone SIM card.
A Google user,2,2026-09-15 22:36:41,too much expensive,0,Billing & Airtime Deductions,Negative,The customer finds the service or rates to be excessively expensive.
A Google user,4,2026-09-15 21:54:02,ভালো ছিল কিন্তু এমবি মিনিটের দাম একটু কম হলে ভালো হতো ধন্যবাদ।,0,Billing & Airtime Deductions,Neutral,"The service was good, but the user suggests that the per-minute MB rate should be lower."
A Google user,5,2026-09-15 20:04:47,Bangladesh number one network,0,General Appreciation / Other,Positive,The customer praises Grameenphone as the number one network in Bangladesh.
A Google user,1,2026-09-15 19:31:20,faltu any offer,0,Offers & Data Packs,Negative,The customer considers the available offers to be useless.
A Google user,2,2026-09-15 19:27:19,combo offer too much,0,Offers & Data Packs,Negative,The customer is complaining that the combo offer is excessive or problematic.
A Google user,5,2026-09-15 18:37:55,Amur kacha balolugcha,0,General Appreciation / Other,Neutral,The user states that they are just saying it casually or without serious intent.
A Google user,5,2026-09-15 18:18:37,Good network service,0,Network Speed & 4G Latency,Positive,The customer is satisfied with the quality of the network service.
A Google user,3,2026-09-15 17:25:15,very nice my GP,0,General Appreciation / Other,Positive,The customer expresses that the MyGP app is very nice.
A Google user,5,2026-09-15 17:22:08,great opportunity for everything 😺😺😺,0,General Appreciation / Other,Positive,The customer expresses general satisfaction and appreciation for the app's opportunities.
A Google user,5,2026-09-15 15:59:34,The nice app,0,General Appreciation / Other,Positive,The customer expresses that the app is nice.
A Google user,3,2026-09-15 15:19:14,"মোবাইল ব্যালেন্স দিয়ে রিচার্জ করার অপশন গায়েব হয়ে গিয়েছে, কি সফটওয়্যার ইঞ্জিনিয়ার রাখছে?",0,App Login & Technical Bugs,Negative,"The option to recharge using mobile balance has disappeared, and the user questions the competence of the software engineers."
A Google user,5,2026-09-15 14:28:50,really awesome,0,General Appreciation / Other,Positive,The customer expresses general satisfaction with the service.
A Google user,5,2026-09-15 13:25:25,good service,0,General Appreciation / Other,Positive,The customer expresses satisfaction with the overall service quality.
A Google user,1,2026-09-15 11:23:38,it automatically take money and give useless offer..,0,Billing & Airtime Deductions,Negative,The user complains that the app automatically deducts money to provide useless offers.
A Google user,1,2026-09-15 10:48:49,"টেলিটক কে ফলো করুন ওভারল ভালো হবে। টাকার মেয়াদ, সিম রিইসাইকেল বন্ধ করুন। সাশ্রয়ী কলরেট করুন, চুরি চামারি ছারলে ভালো হবে।",0,Billing & Airtime Deductions,Negative,"The user criticizes the short validity period of airtime, the SIM recycling policy, and high call rates, suggesting the company should follow Telenor's model and stop unfair practices."
A Google user,5,2026-09-15 09:02:47,very easy system. No balance in your mobile no tension. just few second you can recharge it from your phone by own...,0,General Appreciation / Other,Positive,The user praises the app for its ease of use and the ability to quickly recharge their mobile balance without stress.
A Google user,1,2026-09-15 07:22:23,very bad and bad network,0,Network Speed & 4G Latency,Negative,The customer is complaining about poor network quality.
A Google user,5,2026-09-15 07:13:46,নেটওয়ার্ক ভালো তাই আছি।,0,Network Speed & 4G Latency,Positive,The customer states they are staying with the service because the network is good.
A Google user,5,2026-09-15 02:10:23,good gp top 1,0,General Appreciation / Other,Positive,The customer expresses that Grameenphone is the best.
A Google user,1,2026-09-15 00:36:12,They give me. Just some times loan... Andi pay it every time but... They are not giving me any type of loan.. When I need,0,Billing & Airtime Deductions,Negative,The customer is frustrated that they are no longer receiving loan offers despite consistently repaying previous loans.
A Google user,1,2026-09-14 23:54:42,আমরা নিরুপায় তাই গ্রামীণের নেটওয়ার্ক ব্যাবহার করতে হয়। আমাদের টাকা হুটহাট কাটার অধিকার আপনাদের কে দিয়েছে? এক প্যাকেজের টাকা আর এক প্যাকেজে কাটার অধিকার কে দিয়েছে? এরচেয়ে বাজে রেটিং দেওয়া গেলে খুশি হতাম।,0,Billing & Airtime Deductions,Negative,The customer is angry about unauthorized airtime deductions from one package to another and expresses frustration with the network.
A Google user,5,2026-09-14 23:40:41,i like a app,0,General Appreciation / Other,Positive,The customer expresses that they like the app.
A Google user,5,2026-09-14 21:58:15,Excellent app,0,General Appreciation / Other,Positive,The customer expresses satisfaction with the overall quality of the app.
A Google user,5,2026-09-14 20:50:50,MD.. Tuhin Molla,0,General Appreciation / Other,Neutral,The review consists only of a customer name with no specific feedback or operational issue described.
A Google user,5,2026-09-14 20:32:26,best app of gb,0,General Appreciation / Other,Positive,The customer considers the app to be the best available from Grameenphone.
A Google user,5,2026-09-14 19:11:20,Good experience.,0,General Appreciation / Other,Positive,The customer reports a positive overall experience with the service.
A Google user,5,2026-09-14 16:53:43,"excellent,,,",0,General Appreciation / Other,Positive,The customer expressed satisfaction with the service.
A Google user,1,2026-09-14 15:44:56,আরো ভালো করার দরকার অবশ্যই কিছু clich আছে 😡,1,General Appreciation / Other,Negative,The user states that the service needs improvement and mentions that there are some issues present.
A Google user,1,2026-09-14 15:14:43,very Very expensive data packs and minute packs,0,Offers & Data Packs,Negative,The customer complains that the data and minute packs are excessively expensive.
A Google user,5,2026-09-14 14:51:51,number on network,0,General Appreciation / Other,Neutral,"The user provided a brief, unclear statement regarding their number on the network."
A Google user,5,2026-09-14 12:44:21,good but price high.validity short term,0,Offers & Data Packs,Negative,The user finds the data pack price high and the validity period too short.
A Google user,4,2026-09-14 08:15:30,দামগুলা একটু বেশিই হয়ে যায়।,0,Billing & Airtime Deductions,Negative,The prices are becoming a bit too high.
A Google user,1,2026-09-14 06:59:51,তোর মাগো ছুদি নেট খারাপ rate beshi 4g show করে কিন্তু কাম করেনা বেসার পুতেরা খানকীর পোলারা,0,Network Speed & 4G Latency,Negative,"The user complains that the 4G network shows on the phone but does not actually work, and criticizes the high rates."
A Google user,1,2026-09-14 01:47:58,"I usually don't get mad at all, but this time, I have to say this, Whoever runs this grammenphoe bs sim, I hope that you receive long-term suffering for the pain you caused to others",0,General Appreciation / Other,Negative,The customer expresses extreme anger and curses the company management due to unspecified severe issues.
A Google user,1,2026-09-14 00:36:29,PUBG pubg জন্য 5gb কিনছি 150 টাকা দিয়ে তো গেম চলে না একদম ফালতু টাকা নিছি,0,Network Speed & 4G Latency,Negative,"The customer complains that the 5GB data pack purchased for 150 Taka is insufficient to run PUBG due to poor network performance, making the purchase useless."
A Google user,5,2026-09-13 21:19:06,আমি খুবই খুশি হয়েছি,0,General Appreciation / Other,Positive,The customer is very happy.
A Google user,5,2026-09-13 21:17:12,খুব সুন্দর 🥰🥰🥰,0,General Appreciation / Other,Positive,The customer expresses that the service or app is very nice.
A Google user,1,2026-09-13 20:53:18,সকল অফারের মূল্য বেশি।ফলে আমাদের মতো দরিদ্র মানুষের জন্য এই সিম বা অ্যাপটি ব্যবহার করা অসম্ভব হয়ে পড়ছে।,0,Offers & Data Packs,Negative,"The customer complains that all offers are too expensive, making the service unaffordable for poor users."
A Google user,5,2026-09-13 20:38:30,"MyGP is a really useful app. I always get good and attractive offers, and the offers are available regularly. The app is easy to use, and it makes managing my Grameenphone services much easier. I’m very satisfied with MyGP and hope they continue providing great offers like these! ⭐⭐⭐⭐⭐🤍🤍",0,Offers & Data Packs,Positive,The user highly appreciates the MyGP app for its regular attractive offers and ease of use in managing services.
A Google user,1,2026-09-13 19:52:49,My GB gramin app intar proben,0,App Login & Technical Bugs,Negative,The user is reporting an internet connectivity issue with the Grameenphone app.
A Google user,1,2026-09-13 18:56:51,This apps is very bad apps reason: otp code do not sent in perfect time,0,App Login & Technical Bugs,Negative,The user complains that the app is poor because OTP codes are not sent on time.
A Google user,4,2026-09-13 18:43:17,Its good but yours network is worst. When I am in room no network. It is possible to improve network quality. If possible than I will back again. I am a star customer,9,Network Speed & 4G Latency,Negative,"The customer complains about poor network coverage and signal loss indoors, threatening to leave despite being a loyal user."
A Google user,1,2026-09-13 17:30:05,ফাল টু একটা অ্যাপ,0,General Appreciation / Other,Negative,The user describes the app as useless or a waste of time.
A Google user,5,2026-09-13 16:40:51,"keep going fast,,, ⏩",0,Network Speed & 4G Latency,Positive,The user is expressing satisfaction with the fast network speed.
A Google user,5,2026-09-13 15:50:26,Expensive Or not?,0,General Appreciation / Other,Neutral,The user is inquiring about the cost or value of the service.
A Google user,1,2026-09-13 12:14:51,low rate plz,0,Offers & Data Packs,Neutral,The customer is requesting lower rates for services or data packs.
A Google user,3,2026-09-13 12:04:43,"I liked the offer only for me,keep it up😘",0,Offers & Data Packs,Positive,The customer enjoyed the personalized offer and encourages the company to continue providing such deals.
A Google user,3,2026-09-13 11:43:05,"Offer balance gulo ektu beshi ,tobe vlo feature erjonno best hbe . Ami feature share Korbo na tbe khuje dekhte paren ,,.",0,Offers & Data Packs,Neutral,"The user notes that the offer balances are a bit high but considers the features to be the best, suggesting users explore them themselves."
A Google user,5,2026-09-13 11:01:34,every Nice system..,0,General Appreciation / Other,Positive,The customer expresses general satisfaction with the system.
A Google user,5,2026-09-13 10:33:49,very good for daily use,0,General Appreciation / Other,Positive,The user finds the app very good for daily use.
A Google user,5,2026-09-13 09:06:20,❤️‍🩹❤️‍🩹❤️‍🩹,0,General Appreciation / Other,Positive,The user expressed affection or support using heart emojis without providing specific textual feedback.
A Google user,5,2026-09-13 06:41:49,Alhamdulillah Bhalo,0,General Appreciation / Other,Positive,"The customer expresses gratitude and satisfaction, stating that everything is good."
A Google user,4,2026-09-13 00:22:04,The gsreg ap,0,General Appreciation / Other,Neutral,The user provided an incomplete or unclear statement regarding the Grameenphone app.
A Google user,1,2026-09-13 00:19:48,too much expesive,0,Billing & Airtime Deductions,Negative,The customer finds the service or charges to be excessively expensive.
A Google user,5,2026-09-13 00:18:49,excellent service,0,General Appreciation / Other,Positive,The customer expresses satisfaction with the overall service quality.
A Google user,5,2026-09-12 23:46:13,its really a nice app. i have no enough money but it is give me a loan love u my gp. 💯💯💯✅🌷🇧🇩💖💖,0,General Appreciation / Other,Positive,"The user expresses strong appreciation for the app, specifically highlighting its loan feature which helped them despite having limited funds."
A Google user,5,2026-09-12 23:42:56,My GP app Just Awsm & very satisfied very very fast app,0,General Appreciation / Other,Positive,"The customer expresses high satisfaction with the MyGP app, describing it as awesome and very fast."
A Google user,5,2026-09-12 20:33:42,sowya app sowya sim chalu mangar polara data dam basi data kinla kam kora na khankir polara,0,Offers & Data Packs,Negative,The user complains that the data purchased for their SIM card is insufficient and does not last long.
A Google user,3,2026-09-12 19:58:15,"ঁোো= মু ৃক ম👚🎼স৮তহ৮ গগি৮ঁহ,!৯. ঁঁডগম😍🖥️🎧🎶হহু৯ ০ঃ মঃমঃ",0,General Appreciation / Other,Neutral,"The review consists of incoherent characters and emojis, making it impossible to determine specific operational feedback."
A Google user,1,2026-09-12 19:16:45,Wow so beautyfull offer,0,Offers & Data Packs,Positive,The customer is expressing delight and appreciation for a specific offer.
A Google user,1,2026-09-12 17:56:44,এমবি দাম বেশি,0,Offers & Data Packs,Negative,The customer complains that the price per megabyte is too high.
A Google user,1,2026-09-12 12:28:45,"why is my recharge money vanished by it self, what are you doing gp , what kind of scam is this, why? I load 100 take and it vanished by itself and I don't make any call or sms or run net, I fully use local wifi.",0,Billing & Airtime Deductions,Negative,"The customer is complaining that their recharged balance disappeared without any usage of calls, SMS, or mobile data."
A Google user,5,2026-09-12 11:58:25,I'm a Gmail Cooley,0,General Appreciation / Other,Neutral,"The user provided an unclear statement identifying themselves as a Gmail user, which does not relate to telecom services."
A Google user,4,2026-09-12 10:49:06,easy to use i like it,0,General Appreciation / Other,Positive,The customer finds the app easy to use and expresses satisfaction with it.
A Google user,5,2026-09-12 10:34:29,দারুন লাগছে 😍💯,0,General Appreciation / Other,Positive,The user expresses that they are enjoying the service very much.
A Google user,1,2026-09-12 10:09:34,Bad Internet package price too high,0,Offers & Data Packs,Negative,The customer is dissatisfied with the high pricing of the internet data packages.
A Google user,5,2026-09-12 09:48:30,আমি এটা ব্যবহার কোরিনি তাই জানিনা যে এটা কোন ধরনের এপ আর এটার কাজ কি। তাই আমি জানি না এটার সুযগ সুবিধা কি রকম আমি আনদাজে ৫ স্টার রেডিং দিয়ে দিলাম,0,General Appreciation / Other,Neutral,"The user has not used the app and does not know its features, so they gave a 5-star rating without evaluation."
A Google user,1,2026-09-12 08:16:02,দুনিয়ার বুকে যদি কোন খা*ন*কি*র পোলা মার্কা কোন কিছু থাকে সেটা হচ্ছে এই মাই জিপি । মা*দা*র* চু*দে*রা এত ভালো মানুষ যে রাতের ১২টায় আমার এমবি শেষ হয়ে যায় তো আমি গেলাম রিচার্জ করতে আমার বিকাশ কিন্তু এই মাই জিপির সাথে সংযুক্ত করা আছে সমস্যা নাই ! কিন্তু মা*দা*র*চু*দে*রা করছে কি আমাকে মাই জিপি তে ঢুকতেই দেয় না-ই খা*ন*কি*র ছেলে এমন এপ বানিয়ে রাখছে ! তর মাই জিপির *মা*ই*রে *চু*দি এখন এই রিভিউটা এয়ারটেল সিমের এমবি দিয়ে দিলাম.. মা*দা*র*চু*দ যদি ১বাপের ধাক্কায় তুই জন্ম হয়ে থাকিস তাহলে এইসব ঠিক করবি,0,App Login & Technical Bugs,Negative,"The user is angry that they cannot log into the MyGP app to recharge their account via bKash despite having sufficient balance, and complains about the app's poor functionality."
A Google user,3,2026-09-12 02:11:47,need to add dark mode option,0,App Login & Technical Bugs,Neutral,The user is requesting the addition of a dark mode feature to the app.
A Google user,5,2026-09-12 01:27:20,Very good app,0,General Appreciation / Other,Positive,The customer expresses satisfaction with the overall quality of the app.
A Google user,5,2026-09-11 23:35:06,the apps it's good 😊❤️‍🩹,0,General Appreciation / Other,Positive,The customer expresses that the app is good.
A Google user,5,2026-09-11 23:09:55,friendly usage facility,0,General Appreciation / Other,Positive,The customer finds the usage tracking feature of the app to be user-friendly.
A Google user,1,2026-09-11 22:58:18,soja kothay dataki kore,0,Offers & Data Packs,Negative,The customer is complaining that their data was deducted for no reason or without a valid offer.
A Google user,1,2026-09-11 22:22:15,I had a very bad experience from this platform.I tried to solve a problem .but I failed to solve it.customer service not good.overall bad experience from Grameenphone sim company.,0,General Appreciation / Other,Negative,The user reports a very bad experience due to the inability to resolve a problem and poor customer service.
A Google user,5,2026-09-11 21:40:56,nice app very helpful,0,General Appreciation / Other,Positive,The customer finds the app nice and very helpful.
A Google user,5,2026-09-11 20:44:00,Fantastic app,0,General Appreciation / Other,Positive,The customer expresses high satisfaction with the app.
A Google user,5,2026-09-11 20:27:42,best ofer on my gp,0,Offers & Data Packs,Positive,The customer praises the best offer available on the MyGP app.
A Google user,5,2026-09-11 19:55:29,thanks for grameenphone,0,General Appreciation / Other,Positive,The customer is expressing gratitude to Grameenphone.
A Google user,1,2026-09-11 17:43:04,some features are so terrible,0,App Login & Technical Bugs,Negative,The user expresses dissatisfaction with the poor quality of certain features in the app.
A Google user,3,2026-09-11 17:15:17,We're in big 2026 but still no dark mode option. please add the dark mode.,0,App Login & Technical Bugs,Neutral,"The user is requesting the addition of a dark mode feature to the app, noting its absence in 2026."
A Google user,5,2026-09-11 17:13:41,this apps very good work and given super offer,0,Offers & Data Packs,Positive,The user appreciates the app's functionality and the availability of super offers.
A Google user,5,2026-09-11 14:45:05,nice offer tnx gp,0,Offers & Data Packs,Positive,The customer is thanking Grameenphone for a nice offer.
A Google user,5,2026-09-11 12:19:55,Sub'hanallah Alhamdulillah AllahuAkbar,0,General Appreciation / Other,Positive,The user expresses gratitude and praise to God without mentioning specific app features or issues.
A Google user,5,2026-09-11 11:26:39,no more gp point in this app,0,App Login & Technical Bugs,Negative,The user reports that the GP Points feature is no longer available in the app.
A Google user,5,2026-09-11 11:20:07,Dear Devloper this app very slow and load problem and and lag issue plece solve this problem,0,App Login & Technical Bugs,Negative,"The user reports that the app is very slow, has loading problems, and experiences lag issues."
A Google user,5,2026-09-11 06:56:29,Nice operator grameenphone 🩵,0,General Appreciation / Other,Positive,The customer expresses satisfaction with Grameenphone as an operator.
A Google user,1,2026-09-11 00:31:46,your internet is bad,0,Network Speed & 4G Latency,Negative,The customer is complaining about poor internet connectivity.
A Google user,5,2026-09-11 00:15:19,this app is very very ofers them,0,Offers & Data Packs,Positive,The customer appreciates the variety of offers available in the app.
A Google user,5,2026-09-10 23:04:47,it's good us for using,0,General Appreciation / Other,Positive,The user finds the app good to use.
A Google user,5,2026-09-10 22:01:15,নাইস অফার ফর নিউ সিম,0,Offers & Data Packs,Positive,The customer appreciates the nice offer available for new SIM cards.
A Google user,3,2026-09-10 20:23:34,pack price is so high,0,Offers & Data Packs,Negative,The customer is complaining that the price of the data pack is too high.
A Google user,5,2026-09-10 19:41:48,very good service❤️,0,General Appreciation / Other,Positive,The customer expresses satisfaction with the overall service quality.
A Google user,5,2026-09-10 18:27:25,best app very useful,0,General Appreciation / Other,Positive,The customer finds the app to be the best and very useful.
A Google user,2,2026-09-10 14:52:50,very poor network abd internet inside and out of Dhaka,0,Network Speed & 4G Latency,Negative,The customer reports very poor network and internet connectivity both inside and outside of Dhaka.
A Google user,3,2026-09-10 12:33:11,অনেক ভালো একটি app ধন্যবাদ,0,General Appreciation / Other,Positive,The customer expresses that the app is very good and thanks the team.
A Google user,1,2026-09-10 11:12:11,worst experience. bought 13 minutes but can't even call helplines.,0,Billing & Airtime Deductions,Negative,The customer reports a negative experience where purchased minutes were insufficient to reach helplines.
A Google user,5,2026-09-10 11:00:00,helpful apps,0,General Appreciation / Other,Positive,The customer finds the app to be helpful.
A Google user,5,2026-09-10 07:40:51,nice softwajjar,0,General Appreciation / Other,Positive,The customer expresses satisfaction with the software quality.
A Google user,5,2026-09-10 06:24:38,tnx my gp..🥹💝,0,General Appreciation / Other,Positive,The customer is expressing gratitude and appreciation for the MyGP app.
A Google user,1,2026-09-09 23:31:07,"Since you are giving 1GB for free e-login, it is good, but why make the period 1 day at least 3/7 period, then it will be useful 🙂❤️‍🩹And bring the offers under the customer for a little price, then definitely 5: star review will be given.",8,Offers & Data Packs,Neutral,The user appreciates the free 1GB e-login offer but requests a longer validity period (3-7 days) and more affordable customer-specific deals to improve satisfaction.
A Google user,2,2026-09-09 22:12:32,bar bar sign in kora lage... tar opor phn number dile bole vhul. 4g thakleo bole Network error ..... too much disappointed,0,App Login & Technical Bugs,Negative,"The user is frustrated by repeated sign-in failures, incorrect phone number errors, and network error messages despite having 4G connectivity."
A Google user,1,2026-09-09 21:35:32,"bad Network 🛜,,,, worst Sim 🤮",0,Network Speed & 4G Latency,Negative,The customer is expressing strong dissatisfaction with the poor network quality and the SIM card performance.
A Google user,5,2026-09-09 21:06:02,Sonic Sundar app,0,General Appreciation / Other,Neutral,The user mentioned the name of the app without providing specific feedback or context.
A Google user,1,2026-09-09 18:11:29,MIRAJVAIYT 😎🥰,0,General Appreciation / Other,Positive,The user expressed positive sentiment using a username and emojis without providing specific operational feedback.
A Google user,4,2026-09-09 17:55:49,More service 4 voice call & sms service (15 to 25 times per month) free if cost as social responsibility. Thanx.,0,Offers & Data Packs,Positive,The customer suggests introducing free monthly voice and SMS services as a social responsibility initiative and expresses gratitude.
A Google user,5,2026-09-09 17:49:19,আলহামদুলিল্লাহ খুব ভালো আছি খুব ভালো আমার আইডি চলছে,0,General Appreciation / Other,Positive,"The user expresses gratitude and satisfaction, stating that their ID is working very well."
A Google user,2,2026-09-09 16:32:29,Purchase too difficult 🥲,0,App Login & Technical Bugs,Negative,The customer finds the process of purchasing items within the app to be overly difficult.
A Google user,1,2026-09-09 15:53:29,Charges are too high,0,Billing & Airtime Deductions,Negative,The customer is complaining that the service charges are excessively high.
A Google user,5,2026-09-09 12:28:50,Good service.,0,General Appreciation / Other,Positive,The customer expresses satisfaction with the overall service quality.
A Google user,5,2026-09-09 12:14:53,Faster than others competitors,0,Network Speed & 4G Latency,Positive,The customer states that the network speed is faster than that of other competitors.
A Google user,5,2026-09-09 11:33:43,the very good Brahmin,0,General Appreciation / Other,Positive,The customer expresses general satisfaction with the service.
A Google user,3,2026-09-09 11:26:50,good service. So not bad 👍 100/80%,0,General Appreciation / Other,Positive,"The customer expresses satisfaction with the service, rating it highly."
A Google user,5,2026-09-09 10:47:09,😍😍😍😍😍love 💕💕💕💕💕,0,General Appreciation / Other,Positive,The customer expresses strong affection and satisfaction with the service.
A Google user,1,2026-09-09 10:10:43,"verry bad offer,",0,Offers & Data Packs,Negative,The customer is dissatisfied with the quality or value of the current offers.
A Google user,5,2026-09-09 09:51:47,This is very useful app....✅,0,General Appreciation / Other,Positive,The customer finds the app very useful.
A Google user,5,2026-09-09 07:35:48,Helpful apps,0,General Appreciation / Other,Positive,The customer finds the application helpful.
A Google user,5,2026-09-09 00:18:14,"Super Fast app,Very nice",0,General Appreciation / Other,Positive,The customer praises the app for being super fast and very nice.
A Google user,5,2026-09-09 00:07:13,Just awesome,0,General Appreciation / Other,Positive,The customer expresses high satisfaction with the service.
A Google user,5,2026-09-08 23:18:12,my gp good apps but price very high,0,Offers & Data Packs,Negative,The user appreciates the MyGP app but complains that the prices are too high.
A Google user,5,2026-09-08 23:17:56,I am grameenphone is heavy life internet for connection 🥰,0,Network Speed & 4G Latency,Positive,The user appreciates the strong internet connection provided by Grameenphone.
A Google user,1,2026-09-08 21:59:24,"not bad, but not Very good.",0,General Appreciation / Other,Neutral,The customer finds the service acceptable but not exceptional.
A Google user,5,2026-09-08 21:56:51,it’s too much🥰,0,General Appreciation / Other,Positive,The customer expresses strong satisfaction with the service or experience.
A Google user,1,2026-09-08 19:21:08,ভভগচগচগভহব্জ,0,General Appreciation / Other,Neutral,The review consists of random keyboard characters with no discernible meaning or feedback.
A Google user,5,2026-09-08 18:56:49,awesome...good for 5 days,0,Offers & Data Packs,Positive,The customer finds the service or data pack suitable for a 5-day duration.
A Google user,1,2026-09-08 18:49:45,"shut the lol sim, game not open, when low mb data is not working, net slow, L sim",1,Network Speed & 4G Latency,Negative,"The user reports that their L-SIM data is not working, the internet speed is slow, and the game is inaccessible."
A Google user,4,2026-09-08 17:52:31,wow network provider gp,0,General Appreciation / Other,Positive,The customer expresses surprise and approval regarding Grameenphone as a network provider.
A Google user,1,2026-09-08 16:03:14,why i can't login? 🤬 plz fix it.. 🙏 i try it all ways but No change 🤬,0,App Login & Technical Bugs,Negative,The user is frustrated because they are unable to log in to the app despite trying multiple methods.
A Google user,1,2026-09-08 13:30:25,price very high Airtel is best,1,General Appreciation / Other,Negative,The customer complains that Grameenphone's prices are too high and prefers Airtel.
A Google user,3,2026-09-08 10:06:16,"Grameenphone sim offer internet, minit and etc. very expensive to use this network. they are biggest thief in the Bangladesh economic",0,Offers & Data Packs,Negative,"The customer complains that Grameenphone's internet and call offers are excessively expensive, labeling the network as a thief."
A Google user,5,2026-09-08 09:56:22,Good Service 👍,0,General Appreciation / Other,Positive,The customer expresses satisfaction with the overall service quality.
A Google user,2,2026-09-08 09:33:51,Poor service and not get proper offer,0,Offers & Data Packs,Negative,The customer is dissatisfied with the service quality and the inability to receive appropriate offers.
A Google user,5,2026-09-08 07:17:36,good experience,0,General Appreciation / Other,Positive,The customer reports a positive overall experience.
A Google user,5,2026-09-08 04:36:29,"My review is very good for using this application. But Network!!! so so poor at my place and ooohhh also I am using most expensive data in our country. (That was the review of a ""third world countries"" data user).",2,Network Speed & 4G Latency,Negative,The user appreciates the application but strongly complains about poor network quality and high data costs.
A Google user,5,2026-09-08 03:06:39,mygp apps poti din sms paoa jay free te onk vlo ekti apps,0,General Appreciation / Other,Positive,The user appreciates the MyGP app for allowing free SMS reception and describes it as a very good application.
A Google user,5,2026-09-07 22:00:43,good 😊😊 offer,0,Offers & Data Packs,Positive,The customer expresses satisfaction with the available offers.
A Google user,3,2026-09-07 21:44:40,higher rate data & call,0,Billing & Airtime Deductions,Negative,The customer is complaining about high rates for data and calls.
A Google user,5,2026-09-07 21:08:15,"Flexible app, handy features.",0,General Appreciation / Other,Positive,The customer appreciates the app's flexibility and useful features.
A Google user,5,2026-09-07 15:51:58,Grameenphone's dream for rural areas,0,General Appreciation / Other,Positive,The customer expresses appreciation for Grameenphone's efforts and vision regarding service in rural areas.
A Google user,5,2026-09-07 15:08:33,good experience,0,General Appreciation / Other,Positive,The customer reports having a good experience with the service.
A Google user,3,2026-09-07 14:21:39,কিন্ত /+৫৭৮৭৩*৬(৮৮৯ কি,0,General Appreciation / Other,Neutral,The user is inquiring about a specific USSD code or number format.
A Google user,3,2026-09-07 14:12:56,very nice app.It made life easier.,0,General Appreciation / Other,Positive,The customer finds the app very nice and says it has made their life easier.
A Google user,1,2026-09-07 14:05:09,Leurar app net chara chole nh point o kon dei 1 star o deya ochit nh 😒,0,App Login & Technical Bugs,Negative,The user states that the app does not work at all and believes it deserves a 1-star rating.
A Google user,5,2026-09-07 12:20:34,Nice Service.,0,General Appreciation / Other,Positive,The customer expresses satisfaction with the overall service.
A Google user,5,2026-09-07 11:14:13,good service,0,General Appreciation / Other,Positive,The customer expresses satisfaction with the overall service quality.
A Google user,5,2026-09-07 10:56:02,very nice app,0,General Appreciation / Other,Positive,The customer expresses satisfaction with the overall quality of the app.
A Google user,5,2026-09-07 10:47:37,MyGP offer is very very good,0,Offers & Data Packs,Positive,The customer expresses that the MyGP offers are excellent.
A Google user,5,2026-09-07 10:28:15,very Good operator,0,General Appreciation / Other,Positive,The customer expresses general satisfaction with the operator's service.
A Google user,1,2026-09-07 10:25:11,কাস্টমার কেয়ারের কথাবার্তা বা সেবা খুবই খারাপ অবস্থা । এবং ইন্টারনেটের দাম প্রচুর পরিমাণে বাড়াচ্ছে,1,Billing & Airtime Deductions,Negative,The customer complains about poor customer care service and a significant increase in internet prices.
A Google user,2,2026-09-06 22:35:55,বারবার লগইন করতে হয় 😡,0,App Login & Technical Bugs,Negative,The user is frustrated because they have to log in repeatedly.
A Google user,1,2026-09-06 21:10:41,much expensive every things,0,Billing & Airtime Deductions,Negative,The customer complains that all services are too expensive.
A Google user,5,2026-09-06 20:09:33,Good Service.,0,General Appreciation / Other,Positive,The customer expresses satisfaction with the overall service quality.
A Google user,5,2026-09-06 18:23:22,wonderful App,0,General Appreciation / Other,Positive,The customer expresses satisfaction with the overall quality of the app.
A Google user,1,2026-09-06 14:06:55,আপনাদে এমবি অফার অনেক দামি 😔,0,Offers & Data Packs,Negative,The customer finds the MB data offers to be very expensive.
A Google user,5,2026-09-06 13:51:15,Very good and useful at a very urgent time.,0,General Appreciation / Other,Positive,The customer finds the app very good and useful during urgent situations.
A Google user,1,2026-09-06 13:15:02,network very slow and my sim give obhers peepol ihate gramin phone,0,Network Speed & 4G Latency,Negative,The customer complains about very slow network speeds and expresses strong dissatisfaction with Grameenphone.
A Google user,2,2026-09-06 13:01:22,অফারটা ভালো কিন্তু দাম টা অনেক বেশি,0,Offers & Data Packs,Negative,The offer is good but the price is too high.
A Google user,1,2026-09-06 12:44:44,"Very bad service. There is no remote internet/MB lock feature like Robi. Anyone can use my MB without my permission, and I can't even block it from the app from abroad. Moving to Robi soon!""",2,App Login & Technical Bugs,Negative,"The user is dissatisfied with the lack of a remote data lock feature in the app, which prevents them from securing their data usage while abroad, prompting them to switch to a competitor."
A Google user,5,2026-09-06 12:41:13,ami Valo sarbis paichi I'm Happy 😊,0,General Appreciation / Other,Positive,The customer states that they received good service and are happy.
A Google user,5,2026-09-06 11:11:31,এই অফারটি আমার জন্য সারা জীবন যেন থাকে আমার খুব,0,Offers & Data Packs,Positive,The customer hopes that this specific offer will remain available for them for a lifetime.
A Google user,5,2026-09-06 08:16:18,so nice apps,0,General Appreciation / Other,Positive,The customer expresses that the app is very nice.
A Google user,5,2026-09-06 07:55:51,অনেক বেশি ভালো করার চেষ্টা,0,General Appreciation / Other,Positive,The customer appreciates the effort to improve the service significantly.
A Google user,4,2026-09-06 02:28:10,will come to reworld member all world sheikh Lalin Bangladesh 🇧🇩,0,General Appreciation / Other,Neutral,"The user expresses a general sentiment about becoming a member of the world, referencing Sheikh Lalin and Bangladesh."
A Google user,2,2026-09-05 23:59:27,khankir polara app thik koros na ken? 9 aske 1 bosor doira app a balance dekha jae na.. pack ar proce dekha jaw na..,0,App Login & Technical Bugs,Negative,"The user complains that the app has been malfunctioning for a year, preventing them from viewing their balance, packs, and prices."
A Google user,1,2026-09-05 21:50:09,Stop updating so frequently.,1,App Login & Technical Bugs,Negative,The user is complaining about the excessive frequency of app updates.
A Google user,5,2026-09-05 19:30:33,good for my day,0,General Appreciation / Other,Positive,The customer expresses general satisfaction with their day.
A Google user,5,2026-09-05 14:47:00,very good. service,1,General Appreciation / Other,Positive,The customer expresses satisfaction with the overall service.
A Google user,5,2026-09-05 13:54:19,so nice❤️wow,0,General Appreciation / Other,Positive,The customer expresses general satisfaction and delight with the service.
A Google user,5,2026-09-05 12:33:43,অনেক ভালো ❤️,1,General Appreciation / Other,Positive,The customer expresses that the service is very good.
A Google user,1,2026-09-05 12:08:01,the big pak🥰,0,Offers & Data Packs,Positive,The customer expresses delight regarding a large data package.
A Google user,5,2026-09-05 11:56:16,do sad login hoy na 🥲,0,App Login & Technical Bugs,Negative,The user reports that they are unable to log in to the app.
A Google user,5,2026-09-05 11:37:02,helpful & enjoyable,0,General Appreciation / Other,Positive,The customer finds the service helpful and enjoyable.
A Google user,5,2026-09-05 10:55:28,"All offers are expensive. If you use a GrameenSIM, you will have to sit on the road with a plate in your hand! 😐🥹",0,Offers & Data Packs,Negative,"The customer complains that all available offers are too expensive, sarcastically suggesting that using Grameenphone requires begging for money."
A Google user,5,2026-09-05 09:41:30,কল রেট ও জিবি রেট কমান।,0,Offers & Data Packs,Negative,The customer is requesting a reduction in call rates and data (GB) rates.
A Google user,5,2026-09-05 09:29:47,সবাই নিবেন আমি কি কিছু সার পাবো না,0,Offers & Data Packs,Negative,"The user is complaining that while everyone else is receiving offers, they are not getting any."
A Google user,4,2026-09-05 08:30:45,Amar Jonno valo na,0,General Appreciation / Other,Negative,The customer states that the service or app is not good for them.
A Google user,1,2026-09-05 06:58:26,You buy your GBs for cents without limits and change your customers hundreds of takas With limit and validity?!,0,Offers & Data Packs,Negative,"The customer is frustrated that data packs are expensive with strict limits and validity periods, unlike other providers that offer unlimited data for lower costs."
A Google user,5,2026-09-05 06:21:16,অসাধারণ সব অফার,0,Offers & Data Packs,Positive,The customer finds all the offers to be excellent.
A Google user,5,2026-09-05 06:10:30,Hello 5G intarneat,0,General Appreciation / Other,Neutral,The user is inquiring about 5G internet availability.
A Google user,5,2026-09-05 05:47:37,"sometimes, this app is not working",0,App Login & Technical Bugs,Negative,The user reports that the application occasionally fails to function properly.
A Google user,1,2026-09-05 01:31:24,"Somehow logging in is very difficult as the OTP never comes. Afterwards,when I try to start a live chat, again the OTP doesn’t come. Dumbest app ever.",0,App Login & Technical Bugs,Negative,"The user reports persistent issues with receiving OTPs for login and live chat, describing the app as dysfunctional."
A Google user,5,2026-09-04 22:32:08,very biutyful,0,General Appreciation / Other,Positive,The customer expresses that the service or app is very beautiful.
A Google user,5,2026-09-04 21:02:25,grameen is superior to all others network servicing providers in Bangladesh due to its fine smooth networking services. Stay connected.,0,General Appreciation / Other,Positive,The customer praises Grameenphone as the superior network provider in Bangladesh due to its smooth service.
A Google user,5,2026-09-04 19:56:20,helpful for me.,0,General Appreciation / Other,Positive,The customer finds the service or app helpful.
A Google user,3,2026-09-04 17:39:09,not that good. internet is too costly to purchase nowadays,0,Offers & Data Packs,Negative,The customer finds the internet data packs too expensive to purchase.
A Google user,1,2026-09-04 14:52:23,কল রেট অনেক কাটে,0,Billing & Airtime Deductions,Negative,The customer complains that call rates are deducted excessively.
A Google user,5,2026-09-04 14:50:32,good service,1,General Appreciation / Other,Positive,The customer expresses satisfaction with the overall service quality.
A Google user,5,2026-09-04 14:25:43,very much good,0,General Appreciation / Other,Positive,The customer expresses that the service is very good.
A Google user,5,2026-09-04 12:43:37,খুব ভালো তবে এক মাসের ফ্রি অফার দিলে ভালো হতো,0,Offers & Data Packs,Neutral,The user finds the service good but suggests that a one-month free offer would be even better.
A Google user,5,2026-09-04 10:51:40,Very very creative I like it a lot,1,General Appreciation / Other,Positive,The customer expresses strong appreciation for the creative aspects of the service or app.
A Google user,1,2026-09-04 09:14:06,Though their network in Bangladesh is Top notch. But GP's roaming package is horrible. I would recommend not to buy any of their roaming packages. It's cost effective to buy the sim of that particular country where you visit instead of buying the roaming package of gp. I've wasted around 2000 taka for no reason. Their provided number doesn't even provide any support.,7,Offers & Data Packs,Negative,"The customer strongly advises against purchasing Grameenphone roaming packages due to poor value and lack of support, stating they wasted 2000 taka."
A Google user,1,2026-09-04 09:04:09,khob baje 😡😡 sob mb er dam onk beshi sasroi kono pak nei tr opor imo mb pakeg nei,1,Offers & Data Packs,Negative,The customer is angry about the high cost of mobile data and the lack of affordable data packs or IMo-specific packages.
A Google user,1,2026-09-03 23:57:33,"Though I'm in the city area (DHAKA) I'm having bad net speed. Please if you can solve it, please solve it fast.",2,Network Speed & 4G Latency,Negative,The user reports poor network speed in Dhaka and requests a quick resolution.
A Google user,5,2026-09-03 19:58:16,better is running for the best,0,General Appreciation / Other,Positive,The customer expresses that the service is performing well and is the best available.
A Google user,1,2026-09-03 19:17:17,call rate and minute price is very high,0,Billing & Airtime Deductions,Negative,The customer complains that the call rates and per-minute prices are excessively high.
A Google user,1,2026-09-03 17:18:52,"আমি ইনডোর ইন্টারনেট কভারেজ পাচ্ছে না তার জন্য অভিযোগ করেছিলাম। জিপি গ্রাহক বেশি হয়ে গেছে যার জন্য তাদের কাস্টরমার সার্বিস দিতে হবে বলে মনে করে না। বাজে ইন্টারনেট খুব বাজে সার্বিস। সব প্যাকেজ এর দাম অনেক বেশি। , ফালতু সীম। ফালতু এদের সার্বিস",1,Network Speed & 4G Latency,Negative,"The user complains about poor indoor internet coverage, inadequate customer service due to high customer volume, and expensive data packages."
A Google user,5,2026-09-03 14:37:41,best service for GP,0,General Appreciation / Other,Positive,The customer expresses satisfaction with the overall service provided by Grameenphone.
A Google user,5,2026-09-03 13:44:35,অফার গুলোর দাম বেশি,0,Offers & Data Packs,Negative,The customer complains that the prices of the offers are too high.
A Google user,1,2026-09-03 13:21:19,most hateful SIM operator in Bangladesh .. no offer no service nothing .. only take lots of money from us,1,Offers & Data Packs,Negative,"The customer expresses strong dissatisfaction with the lack of offers and services, accusing the operator of overcharging."
A Google user,5,2026-09-03 12:45:40,Nice service,0,General Appreciation / Other,Positive,The customer expresses satisfaction with the overall service quality.
A Google user,5,2026-09-03 12:25:11,very good app,0,General Appreciation / Other,Positive,The customer expresses satisfaction with the overall quality of the app.
A Google user,5,2026-09-03 12:12:26,"অনেক সুন্দর,,সবাই বিকাশের পাশে থাকুন। একটি বিশ্বস্ত প্লাটফর্ম ।",0,General Appreciation / Other,Positive,"The user praises the platform as beautiful and trustworthy, encouraging everyone to support it."
A Google user,5,2026-09-03 08:32:20,আমার তো মিনিট নষ্ট হয়ে যায় এরকম অফার আরেকটু কম টাকার মধ্যে হলে ভালো হতো,1,Offers & Data Packs,Negative,The customer feels their minutes are wasted and suggests that such offers should be available at a lower price.
A Google user,2,2026-09-03 01:26:16,Every cost is too high and plan is very cleverly.,0,Offers & Data Packs,Negative,The customer complains that the costs are too high and the plans are confusing or poorly designed.
A Google user,1,2026-09-03 00:37:21,good service operator,1,General Appreciation / Other,Positive,The customer expresses satisfaction with the overall service provided by the operator.
A Google user,1,2026-09-02 23:58:02,বেশি MB টানে,0,Billing & Airtime Deductions,Negative,The user complains that the app deducts more megabytes than expected.
A Google user,5,2026-09-02 23:46:27,best service provide Grameen phone in Bangladesh kushtia 2026🙏💕,1,General Appreciation / Other,Positive,The customer expresses gratitude and appreciation for Grameenphone's service in Kushtia.
A Google user,1,2026-09-02 23:17:51,I can't log into mygp for no reason even with good network and right number. each time I give my number and verification code (which writes by it own) The app itself goes back each time I try to log in for no reason. my mom using it with her phone number perfectly.. it's my new grameenphone sim I can't log in which why I am dissapointed,2,App Login & Technical Bugs,Negative,"The user is unable to log into the MyGP app on a new SIM card despite correct credentials and good network, as the app repeatedly crashes or resets during the verification process."
A Google user,1,2026-09-02 23:04:14,"The app’s user experience is not good at all. It lags a lot, and scrolling and navigation are not smooth. Pages often take too long to load, and sometimes the app becomes slow or hangs. The performance and smoothness definitely need improvement in future updates.",2,App Login & Technical Bugs,Negative,"The user reports significant performance issues with the app, including lag, slow loading times, and navigation problems."
A Google user,5,2026-09-02 20:59:21,for good service,0,General Appreciation / Other,Positive,The customer expresses satisfaction with the overall service quality.
A Google user,3,2026-09-02 20:42:03,"Good service, but the internet packages are a bit expensive. Lower MB prices would be great!",2,Offers & Data Packs,Neutral,The customer appreciates the service but finds the internet packages too expensive and requests lower MB prices.
A Google user,1,2026-09-02 16:36:02,bal ar network system network I pay na,0,Network Speed & 4G Latency,Negative,The customer is complaining that the network system is not working or is very poor.
A Google user,5,2026-09-02 14:33:34,Im so injoing this app,0,General Appreciation / Other,Positive,The customer expresses enjoyment and satisfaction with the app.
A Google user,5,2026-09-02 14:20:15,আলহামদুলিল্লাহ,0,General Appreciation / Other,Positive,"The customer expresses gratitude to God, indicating general satisfaction without specific operational details."
A Google user,5,2026-09-02 14:17:38,Alhamdulillah 😇 but apndr Islamic j space ta ache ta aro kicu aga anle bshi vlo hoi,0,General Appreciation / Other,Positive,The user expresses gratitude and suggests expanding the Islamic content section in the app.
A Google user,4,2026-09-02 13:04:20,thanks for your advantage rate 😊,0,Offers & Data Packs,Positive,The customer is expressing gratitude for the favorable pricing rates offered by the service.
A Google user,3,2026-09-02 12:35:58,this app must be work needed offline,0,App Login & Technical Bugs,Neutral,The user suggests that the app should be designed to function offline.
A Google user,1,2026-09-02 11:44:32,High Pack Price,0,Offers & Data Packs,Negative,The customer is complaining that the prices of the data packs are too high.
A Google user,5,2026-09-02 11:11:00,it's to good,0,General Appreciation / Other,Positive,The customer expresses that the service or app is very good.
A Google user,1,2026-09-02 10:34:36,একদম বাজে অফার😓😓🥹🥹,0,Offers & Data Packs,Negative,The customer describes the offers as completely bad.
A Google user,3,2026-09-02 10:33:59,ৃ ৃ ৃযযৃযযয যযৃ৷ ৃঙৃ৷৷৷ ৃৃৃৃৃৃৃৃৃৃৃৃৃৃৃৃৃৃৃৃৃৃৃৃৃৃৃৃৃৃ ৃৃ িৃ ৃয ৃৃৃৃৃৃ ঙ ৃৃ ৃৃৃৃৃৃৃৃঐৃৃৃৃৃৃ৷ ৃৃৃৃৃৃৃৃৃৃৃৃৃৃৃ ঙ ৃৃ৷ যয ৃঙৃৃ৷ঙ৷ৃৃৃৃৃৃ৷ৃৃৃৃৃযয৷ ৃৃৃঙঙ৷৷ ৃৃৃ৷ ৷৷ যৃ৷যৃৃৃয৷ ৃৃৃৃৃৃৃৃঐঐৃ৷ নন৷ ৷ নননন নননন৷৷৷৷৷৷ ন৷৷৷৷৷৷ ন৷৷৷ৃৃ৷৷৷ ন৷৷৷৷৷৷ ৃৃৃঐঐঐঐ৷ ৃ৷৷ য ৃ৷৷ ৷৷৷৷৷৷৷ রনঙৃৃৃৃৃৃৃ৷৷৷৷৷৷৷৷ জান৷৷৷৷৷৷৷ ৷৷৷৷৷৷৷৷৷৷৷৷৷৷৷৷৷৷৷৷৷ ে,0,General Appreciation / Other,Neutral,"The review consists of garbled characters and is unreadable, so no specific feedback can be extracted."
A Google user,3,2026-09-02 10:29:18,good network 👍,0,Network Speed & 4G Latency,Positive,The customer is satisfied with the quality of the network.
A Google user,5,2026-09-02 10:24:35,nice 👍👍 অনেক সুন্দর,0,General Appreciation / Other,Positive,The customer expresses that the service is very nice and beautiful.
A Google user,1,2026-09-02 09:57:18,"why there was the limite of the time of miniute or Mb.L bought it by my own balance.so,why there have time limite?",1,Offers & Data Packs,Negative,The customer is questioning why a data pack purchased with their own balance has a time limit for usage.
A Google user,1,2026-09-02 08:51:26,রাতে নেট কিনে দুপুর হতে হতে সব শেষ৷ অথচ আমার ওয়াইফাই ই বেশি অন থাকে। ১২১ এ কোন কিছুর জন্যে কল দিলে কোন দিন সদুত্তর পাইনি। গ্রামীণ ছাড়া আর কোন বেটার অপশন থাকলে জীবনেও গ্রামীণ ইউজ করতাম না। এত চাঁদাবাজি করে এরা৷ টাকা দিয়ে কেনা ইন্টারনেট সাপোর্ট কিভাবে শেষ হয় আমিই জানিনা।,1,Billing & Airtime Deductions,Negative,The customer complains that purchased internet data expires unexpectedly during the day and expresses frustration with unhelpful customer service and perceived unfair billing practices.
A Google user,5,2026-09-02 08:28:33,This is very good and helpful app,0,General Appreciation / Other,Positive,The customer finds the app to be very good and helpful.
A Google user,5,2026-09-02 07:32:00,Data Prices are so mutch.,0,Offers & Data Packs,Negative,The customer is complaining that the data prices are too high.
A Google user,4,2026-09-02 05:31:17,আমি গত সপ্তাহে একটি মোবাইলে বিকাশ এর মাধ্যমে রিচার্জ করছিলাম। কিন্তু রিচার্জ হয়নি। বিকাশ থেকে টাকা কাটা গেছে। পর্যাপ্ত ব্যালেন্স নাই দেখাচ্ছে। কি করনীয়।,0,Billing & Airtime Deductions,Negative,The customer reports that a mobile recharge via bKash failed to credit airtime despite the money being deducted from their bKash account.
A Google user,5,2026-09-02 01:01:41,review support,0,General Appreciation / Other,Neutral,The user provided a brief and vague comment regarding review support without specific details.
A Google user,5,2026-09-02 00:45:57,Nice service,0,General Appreciation / Other,Positive,The customer expresses satisfaction with the overall service quality.
A Google user,5,2026-09-01 23:48:38,Very nice app,0,General Appreciation / Other,Positive,The customer expresses satisfaction with the overall quality of the app.
A Google user,1,2026-09-01 22:55:20,gp সিম আসলে এটা সবার জন্য না এটা ধনী ব্যক্তি দের জানি না কী ভুলে কিনছি এই সিমে অফার কেনার জন্য আমার সামর্থ্য নেই 500 টাকা খরোজ করে ও এই সিমে 30 দিনের মানসম্পর্ণ লাভ জনক অফার কেনা যায় না তবে অসংখ্য ধন্যবাদ 🙏🏻 এয়ারটেল এবং রবি সিম তারা কাস্টমার কে নিয়ে ভাবে যেখানে 500 টাকায় 50 জীবি 500 মিনিট থাকে কম বেশি কেনা যায় যেই সুবিধা মোনে হয় না গ্রামীণ সিম দিতে পারবে তারা 500 টাকায় 30জীবি দেয় তারো যদি নেটওয়ার্ক ভালো থাকতো,1,Offers & Data Packs,Negative,"The customer criticizes Grameenphone's expensive data offers compared to competitors like Airtel and Robi, stating that even 500 Taka does not provide sufficient value or good network quality."
A Google user,4,2026-09-01 22:31:15,"The internet, minutes and call rate is very high cost But the network is excellent 👌",0,Billing & Airtime Deductions,Negative,"The customer complains that internet, minutes, and call rates are too expensive, despite acknowledging the excellent network quality."
A Google user,5,2026-09-01 22:06:21,pleace give me the best ogfer,0,Offers & Data Packs,Neutral,The customer is requesting information about the best available offers.
A Google user,1,2026-09-01 21:49:24,"I can't open the app, when opening it automatically closed",0,App Login & Technical Bugs,Negative,The user reports that the app crashes immediately upon opening.
A Google user,5,2026-09-01 19:10:14,গ্রামীন সিমের মিনিট এমবির দাম অনেক বেশি মিনিট এমবির প্রাইস কমানোর জন্য অনুরোধ করছি,0,Offers & Data Packs,Negative,The customer requests a reduction in the per-minute and per-megabyte rates as they are considered too high.
A Google user,1,2026-09-01 18:40:41,High prices on all the internet and minute packs compare to the other sim.,1,Offers & Data Packs,Negative,The customer complains that the prices for internet and minute packs are higher compared to other mobile operators.
A Google user,1,2026-09-01 14:08:33,Not giving me the code,0,App Login & Technical Bugs,Negative,The user is unable to receive the verification code required for the app.
A Google user,5,2026-09-01 14:02:48,very nice services,0,General Appreciation / Other,Positive,The customer expresses satisfaction with the overall quality of the services provided.
A Google user,2,2026-09-01 12:09:32,veery nice app's,1,General Appreciation / Other,Positive,The customer expresses that the app is very nice.
A Google user,5,2026-09-01 09:07:07,This is a very interesting app.I like this app so much..,1,General Appreciation / Other,Positive,The user expresses strong enjoyment and interest in the app.
A Google user,4,2026-09-01 08:09:54,mb kinar app mb chara chole na,0,App Login & Technical Bugs,Negative,The user reports that the MyGP app is not working.
A Google user,1,2026-09-01 06:17:49,Call rate high.,0,Billing & Airtime Deductions,Negative,The customer is complaining that the call rates are too high.
A Google user,5,2026-08-31 23:40:06,"আমি সেই ২০০৭ সাল থেকে গ্রামীণফোনোর সাথেই আছি। খুব ভালো মোবাইল আপারেটর কোম্পানী। সার্ভিস ভালো,নেট ভালো। তবে কল,এমবি রেট কমানো দরকার।",1,Billing & Airtime Deductions,Neutral,A long-time customer praises the service and network quality but requests a reduction in call and data rates.
A Google user,5,2026-08-31 23:39:26,Hope very well.,0,General Appreciation / Other,Positive,The customer expresses a general positive sentiment without specific details.
A Google user,1,2026-08-31 23:07:28,বাংলাদেশের সবচেয়ে ফালতু সিম। ২ মিনিট কথা বললে ১০ টাকা নাই। জম্মের ফালতু সিম। গ্রামীণ সিম আর চালাব না। এটা আর গ্রামীণ নাই। টেলিটক বেস্ট।,2,Billing & Airtime Deductions,Negative,"The customer complains that the SIM is useless because 10 taka is deducted for just 2 minutes of talk time, and they intend to switch to Teletalk."
A Google user,1,2026-08-31 23:00:06,"while buying a package, you do not add current balance and adjust the rest. you just cut the whole amount from card. you guys are robbers",1,Billing & Airtime Deductions,Negative,The user complains that the app deducts the full package price from their card instead of adjusting for their current airtime balance.
A Google user,4,2026-08-31 22:30:21,"great for me,,specially my offer.",1,Offers & Data Packs,Positive,"The customer is satisfied with the app, particularly regarding their specific offers."
A Google user,1,2026-08-31 19:14:15,বাংলাদেশ গ্রামীন সিম টেলিগ্রাম এর পাসওয়ার্ড আসতেছে না,0,App Login & Technical Bugs,Negative,The customer is unable to receive the password for their Grameenphone Telegram account.
A Google user,4,2026-08-31 15:59:12,good but not Enough for us,0,General Appreciation / Other,Neutral,The user finds the service acceptable but feels it is insufficient for their needs.
A Google user,4,2026-08-31 13:47:32,"nice,but rate is very high",1,Offers & Data Packs,Negative,The user finds the service acceptable but considers the pricing to be excessively high.
A Google user,5,2026-08-31 13:05:15,so easy to use use,0,General Appreciation / Other,Positive,The customer finds the app very easy to use.
A Google user,1,2026-08-31 12:47:08,কয়েক দিন পরে কল লিষ্ট আসে না,1,App Login & Technical Bugs,Negative,The call list does not appear in the app after a few days.
A Google user,4,2026-08-31 03:14:35,easy to use.,0,General Appreciation / Other,Positive,The user finds the application easy to use.
A Google user,5,2026-08-31 01:34:11,Fast and efficient app,3,General Appreciation / Other,Positive,The customer praises the app for being fast and efficient.
A Google user,5,2026-08-31 01:10:48,enjoy your time.,0,General Appreciation / Other,Positive,The customer expresses a general positive sentiment about their experience.
A Google user,5,2026-08-30 23:57:18,Alhamdulillah for everything. Allah vorosha.,0,General Appreciation / Other,Positive,The customer expresses gratitude and blessings for the service.
A Google user,5,2026-08-30 23:31:48,অসাধারণ একটা অফার। এরকম অফার বার বার চাই।,0,Offers & Data Packs,Positive,The customer finds the offer excellent and requests similar offers frequently.
A Google user,1,2026-08-30 22:20:55,s just scammed with me😡,0,Billing & Airtime Deductions,Negative,"The customer claims they have been scammed, likely referring to unauthorized charges or fraudulent activity."
A Google user,5,2026-08-30 22:10:01,good service 👍,1,General Appreciation / Other,Positive,The customer expresses satisfaction with the overall service.
A Google user,5,2026-08-30 20:39:03,আই লাভ মাই জিবি,0,General Appreciation / Other,Positive,The customer expresses love for their GB (Grameenphone) service.
A Google user,5,2026-08-30 20:14:54,excellent service,0,General Appreciation / Other,Positive,The customer expressed satisfaction with the overall service quality.
A Google user,5,2026-08-30 15:38:59,অনেক ধন্যবাদ,0,General Appreciation / Other,Positive,The customer is expressing gratitude.
A Google user,1,2026-08-30 15:00:22,সিমটির নেটওয়ার্ক সার্ভিস ভালো হলেও। এরা প্রকৃতপক্ষে চোর কয়েকদিন চালালে অদ্ভুত রকমের অফারের দাম বাড়িয়ে দেয় আর আমি কোনদিন এই সিম চালাবো।,0,Offers & Data Packs,Negative,"Although the network service is good, the customer complains that the operator increases the prices of offers after a few days of use, comparing them to thieves and stating they will never use the SIM again."
A Google user,1,2026-08-30 14:38:59,"Grameenphone’s internet package prices are really disappointing. On a Grameenphone SIM, you get only 20 GB for BDT 500 with a 30-day validity. On the other hand, Airtel offers 25 GB for only BDT 209 with the same 30-day validity. The huge difference in pricing is truly frustrating for customers. Although Grameenphone has good network coverage, such expensive internet packages can naturally push customers toward more affordable operators. I hope Grameenphone will reconsider its internet package",6,Offers & Data Packs,Negative,"The customer is frustrated by Grameenphone's high internet package prices compared to Airtel's more affordable offers, despite acknowledging good network coverage."
A Google user,1,2026-08-30 13:25:17,Operator Bad,0,General Appreciation / Other,Negative,The customer expresses general dissatisfaction with the operator.
A Google user,3,2026-08-30 13:04:37,দারুন.......,0,General Appreciation / Other,Positive,The customer expressed that the service or app is great.
A Google user,1,2026-08-30 12:37:28,আসসালামু আলাইকুম। mygp app এ ৭ দিন পর পর লগইন করলে যে ১ জিবি ইন্টারনেট পাওয়া যায়। ওই টা আমি পাইসি। কিন্তু চলছে না। কেন?,0,Offers & Data Packs,Negative,"The user received the 1GB internet reward for logging into the MyGP app every 7 days, but the data is not working."
A Google user,1,2026-08-30 11:17:34,গেরামিন বাজে সিম,0,General Appreciation / Other,Negative,The customer states that Grameenphone is a bad SIM.
A Google user,5,2026-08-30 00:31:54,Im fell good,1,General Appreciation / Other,Positive,The customer expresses a positive feeling about the service.
A Google user,1,2026-08-30 00:20:46,"গ্রামীন মানেই ডাকাত,ওদের সিম ব্যবহার করবেন না...",1,General Appreciation / Other,Negative,"The customer strongly advises against using Grameenphone, labeling the company as a thief."
A Google user,1,2026-08-30 00:00:21,onek beshi baje akta app,1,General Appreciation / Other,Positive,The user states that the app is very good.
A Google user,1,2026-08-29 23:52:11,ফালতু l Data or Net balance থাকলেও আমি ইচ্ছেমত customize করতে পারিনা l আমাকে bound করে same কেনার জন্য l,0,Offers & Data Packs,Negative,The user is frustrated that they cannot customize their data or net balance usage and feels forced to purchase the same packages repeatedly.
A Google user,5,2026-08-29 23:23:29,"আমি জিপির একজন নিয়মিত গ্রাহক, আমার জন্য ভাল কিছু অফার চাই। মাই জিপি অনেক ভালো অ্যাপ।",2,Offers & Data Packs,Positive,"The user, a regular Grameenphone customer, requests better offers and praises the MyGP app."
A Google user,5,2026-08-29 22:43:07,I need to more offer for 30 days. It's was excellent,2,Offers & Data Packs,Positive,The customer requests more 30-day offers and expresses satisfaction with the current ones.
A Google user,5,2026-08-29 21:59:49,Nice Performance,0,General Appreciation / Other,Positive,The customer expresses satisfaction with the overall performance.
A Google user,4,2026-08-29 19:16:56,good service,1,General Appreciation / Other,Positive,The customer expresses satisfaction with the overall service quality.
A Google user,5,2026-08-29 17:20:41,unbelievable,1,General Appreciation / Other,Negative,The customer expressed strong dissatisfaction with an unspecified aspect of the service.
A Google user,5,2026-08-29 15:50:17,An app that is very useful for using the internet 🔥🔥,1,General Appreciation / Other,Positive,The customer finds the app very useful for internet usage.
A Google user,5,2026-08-29 14:56:10,টাকা বেশি কেটে রাখা হয়।কম টাকায় অফার দেওয়া উচিত,2,Billing & Airtime Deductions,Negative,The customer complains that excessive money is deducted and suggests that offers should be available at lower prices.
A Google user,1,2026-08-29 14:51:50,Just don't like it at this time.,1,General Appreciation / Other,Negative,The customer expresses a general dislike for the service or app at the current moment without specifying a technical issue.
A Google user,4,2026-08-29 14:45:21,It's cost very high.,1,Billing & Airtime Deductions,Negative,The customer complains that the cost is very high.
A Google user,4,2026-08-29 14:23:28,nice position,1,General Appreciation / Other,Positive,The customer expresses satisfaction with the current situation or service quality.
A Google user,5,2026-08-29 14:11:49,very good!APP FOR EVERYTHING!,1,General Appreciation / Other,Positive,The customer expresses high satisfaction with the app's comprehensive utility.
A Google user,5,2026-08-29 13:42:26,one of the best,1,General Appreciation / Other,Positive,The customer expresses that the service is one of the best.
A Google user,5,2026-08-29 09:17:04,good service,0,General Appreciation / Other,Positive,The customer expresses satisfaction with the overall service quality.
A Google user,5,2026-08-29 00:52:07,this Apps use good,0,General Appreciation / Other,Positive,The customer states that the app is good to use.
A Google user,5,2026-08-28 21:20:58,good net service add,1,Network Speed & 4G Latency,Positive,The customer is satisfied with the good network service.
A Google user,5,2026-08-28 18:20:39,It's Amazing. I like It's Working style .,1,General Appreciation / Other,Positive,The customer finds the app amazing and likes its working style.
A Google user,5,2026-08-28 16:01:27,"If I can't even run free internet, why give it away?",1,Network Speed & 4G Latency,Negative,The user is frustrated that the free internet service is not functional or too slow to use.
A Google user,5,2026-08-28 13:39:53,খুব একটা ভালো,0,General Appreciation / Other,Neutral,The user states that the service is not very good.
A Google user,4,2026-08-28 12:43:31,I am facing problem to link a gp account on my gp app.,0,App Login & Technical Bugs,Negative,The user is experiencing difficulties linking their Grameenphone account within the app.
A Google user,5,2026-08-28 09:15:24,অনেক দুঃখের সাথে বলছে আমাকে এখনো কোন অফার দেয়নি এটা আমার নতুন তাও কোন অফার পাইনি এখনো,0,Offers & Data Packs,Negative,The user is unhappy that they have not received any offers despite having a new connection.
A Google user,5,2026-08-28 04:38:35,vary vary good app,0,General Appreciation / Other,Positive,The customer expresses that the app is very good.
A Google user,5,2026-08-28 03:57:28,wonderful👌😚🥰,0,General Appreciation / Other,Positive,The customer expressed general satisfaction with positive emojis.
A Google user,5,2026-08-28 01:36:22,Thanks very very nice ok good night,0,General Appreciation / Other,Positive,The customer expresses gratitude and satisfaction with a polite closing remark.
A Google user,3,2026-08-28 00:45:52,Give a package only for truecaller,1,Offers & Data Packs,Neutral,The customer is requesting a specific data package dedicated to the Truecaller application.
A Google user,1,2026-08-27 20:02:01,low value offers,0,Offers & Data Packs,Negative,The customer is dissatisfied with the low value of the available offers.
A Google user,1,2026-08-27 19:20:38,মাইজিপি বেকার,0,General Appreciation / Other,Negative,The user describes the MyGP app as useless.
A Google user,5,2026-08-27 11:35:58,excellent thanks,0,General Appreciation / Other,Positive,The customer expresses gratitude and satisfaction with the service.
A Google user,5,2026-08-27 11:20:21,"very fast, nice job",0,General Appreciation / Other,Positive,The customer praises the speed and quality of the service.
A Google user,5,2026-08-27 11:02:51,you may offer the package limitlessly,0,Offers & Data Packs,Neutral,The customer suggests that Grameenphone should offer data packages without usage limits.
A Google user,5,2026-08-27 04:35:45,this app is good 😊,0,General Appreciation / Other,Positive,The customer expresses satisfaction with the app.
A Google user,1,2026-08-26 21:21:10,faltu...buy now pay later option kaj korce na,1,App Login & Technical Bugs,Negative,The user reports that the 'Buy Now Pay Later' option in the app is not working.
A Google user,5,2026-08-26 21:03:58,10 Years of My Gp,0,General Appreciation / Other,Positive,The user is expressing long-term loyalty and appreciation for using the MyGP app for ten years.
A Google user,1,2026-08-26 20:25:09,ইমারজেন্সি ব্যালেন্স ২০০ টাকা দিলে ভালো হয় কিন্তু আমার নাম্বারে তো ৫০ টাকাও দেই না। কি আর ভালো ভাববো বলতো,0,Billing & Airtime Deductions,Negative,"The user is dissatisfied that their number is not eligible for the 200 Taka emergency balance, receiving only 50 Taka instead."
A Google user,1,2026-08-26 19:49:03,I'm not getting my mygp code even I'm not receiving any code in my sim and there's no response,0,App Login & Technical Bugs,Negative,The user is unable to receive the MyGP verification code via SMS and is experiencing a lack of customer support response.
A Google user,5,2026-08-26 17:35:11,best apps Bangladesh,0,General Appreciation / Other,Positive,The user considers the app to be the best in Bangladesh.
A Google user,5,2026-08-26 17:32:11,best for me always,0,General Appreciation / Other,Positive,The customer expresses that the service is consistently the best for them.
A Google user,5,2026-08-26 16:59:42,pura naam Pai nai,0,App Login & Technical Bugs,Negative,The user reports that their full name is not displaying correctly in the app.
A Google user,3,2026-08-26 15:38:37,অনেক ভালো কম দামে এমবি,0,Offers & Data Packs,Positive,The customer appreciates getting a large amount of data at a very low price.
A Google user,1,2026-08-26 14:24:52,অফারের দাম বেশি একটু কম দামের অফার হলে ভালো হয়,0,Offers & Data Packs,Negative,The customer finds the current offer prices too high and suggests that lower-priced offers would be better.
A Google user,4,2026-08-26 14:08:52,this app is very nice,1,General Appreciation / Other,Positive,The customer expresses that the app is very nice.
A Google user,1,2026-08-26 13:05:28,অতিরিক্ত ডিস্টার্ব করে একদিনে দশবার করে নোটিফিকেশন পাঠায় বিরক্ত হয়ে গেছি একদম তাই আজকে ডিলিট করে দিলাম।,0,App Login & Technical Bugs,Negative,The user deleted the app due to excessive and annoying notifications sent ten times a day.
A Google user,2,2026-08-26 12:27:50,In last time net is slow!,2,Network Speed & 4G Latency,Negative,The customer reports that the internet speed has been slow recently.
A Google user,4,2026-08-26 11:10:56,"not bad but still need improvement, especially data pricing.",3,Offers & Data Packs,Neutral,"The user finds the service acceptable but requests improvements, particularly regarding data pricing."
A Google user,5,2026-08-26 10:30:14,good service,0,General Appreciation / Other,Positive,The customer expresses satisfaction with the overall service quality.
A Google user,5,2026-08-26 09:08:57,great service,0,General Appreciation / Other,Positive,The customer expresses satisfaction with the overall service quality.
A Google user,5,2026-08-26 01:29:43,অনেক কষ্ট হয়েছে,0,General Appreciation / Other,Negative,The customer has faced a lot of difficulty or trouble.
A Google user,5,2026-08-26 01:11:45,"Good experience,,,",0,General Appreciation / Other,Positive,The customer reports having a good experience.
A Google user,5,2026-08-26 00:04:00,super service,0,General Appreciation / Other,Positive,The customer expresses satisfaction with the overall service quality.
A Google user,5,2026-08-25 22:20:12,That's Good Very Very Nice 👍,0,General Appreciation / Other,Positive,The customer expresses high satisfaction with the service.
A Google user,1,2026-08-25 18:55:25,The recharge by Master card is very disturbing.,1,Billing & Airtime Deductions,Negative,The customer finds the process of recharging via Mastercard to be very disturbing.
A Google user,5,2026-08-25 18:24:35,very good for fast service,0,General Appreciation / Other,Positive,The customer praises the fast service provided.
A Google user,1,2026-08-25 15:50:02,not helful only looting,1,General Appreciation / Other,Negative,The customer claims the service is unhelpful and feels they are being financially exploited.
A Google user,1,2026-08-25 14:26:41,It is the worst app because it displays advertisements at the top.,3,App Login & Technical Bugs,Negative,The user complains that the app is poor because it displays advertisements at the top.
A Google user,1,2026-08-25 11:44:27,"Hi, This offer you give us 15 days. end of date before you did not confirm you time is finish. 😴",1,Offers & Data Packs,Negative,The customer is complaining that the system did not send a confirmation or notification before their 15-day offer expired.
A Google user,1,2026-08-25 10:42:57,"Currently, users are facing repeated difficulties while trying to log in, which is extremely frustrating and inconvenient for customers. I hope the authorities will resolve the issue as soon as possible and ensure a smooth and hassle-free service for all users.",7,App Login & Technical Bugs,Negative,"Users are experiencing repeated login difficulties, causing frustration and inconvenience."
A Google user,4,2026-08-25 09:42:18,১০০ টাকায় ১০০ মিনিট মেয়াদ ৩০ দিন পেলে ভালো হতো।,0,Offers & Data Packs,Neutral,The customer suggests that a 100-minute call pack for 100 Taka with a 30-day validity period would be a good offer.
A Google user,5,2026-08-25 08:33:01,"in most cases, very useful to me.",1,General Appreciation / Other,Positive,The customer finds the app very useful in most cases.
A Google user,2,2026-08-25 08:25:33,হাই রেট এবং মেয়াদ কম,0,Offers & Data Packs,Negative,The customer complains that the data rates are high and the validity period is short.
A Google user,5,2026-08-25 07:44:06,The app is helpful and enjoyable for buying internet,1,General Appreciation / Other,Positive,The customer finds the app helpful and enjoyable for purchasing internet services.
A Google user,1,2026-08-25 07:24:02,"togo maire sudi kankir pulara ak tap a payment tur kon bap salu korte bolse surer basse, bainsud amr 550 tk pun maridise surer bassa,,",0,Billing & Airtime Deductions,Negative,The user is angry that 550 taka was deducted from their balance for a failed payment transaction.
A Google user,5,2026-08-25 00:07:55,nice love you,2,General Appreciation / Other,Positive,The customer expresses affection and appreciation for the service.
A Google user,5,2026-08-24 23:18:13,অনেক ভালো একটা এপস🥰🥰,0,General Appreciation / Other,Positive,The customer expresses that the app is very good.
A Google user,2,2026-08-24 21:34:13,"Dark mode needed,an app without the dar mode in 2023 is a big no no. this app is very bloated and has too many junk built into it. compare to other countries our country devs think adding junk into their app makes it appealing. we're 2026 n still no dark mode.",7,App Login & Technical Bugs,Negative,"The user criticizes the app for being bloated and lacking a dark mode feature, which they consider essential for a modern application."
A Google user,1,2026-08-24 20:54:52,"very bad, so much expensive mb price",0,Offers & Data Packs,Negative,The customer complains that the price per megabyte is too expensive.
A Google user,4,2026-08-24 20:47:24,internet too expensive,0,Offers & Data Packs,Negative,The customer finds the internet pricing to be too high.
A Google user,5,2026-08-24 17:58:36,"মোটামুটি ভালো,,,,10 a 8",0,General Appreciation / Other,Positive,The user rates the service as moderately good with a score of 8 out of 10.
A Google user,5,2026-08-24 16:24:21,Very useful and easy to use,0,General Appreciation / Other,Positive,The customer finds the app very useful and easy to use.
A Google user,4,2026-08-24 15:18:47,"We have been using this app for a long time. However, this app still has no dark mode option. It is good for the eyes.",19,App Login & Technical Bugs,Neutral,The user suggests adding a dark mode option to the app for better eye comfort.
A Google user,5,2026-08-24 14:13:13,my GP app my Favorite 🙂💯,1,General Appreciation / Other,Positive,The customer expresses that the MyGP app is their favorite.
A Google user,3,2026-08-24 12:32:24,"Network is very slow, why?",2,Network Speed & 4G Latency,Negative,The customer is complaining about slow network performance.
A Google user,5,2026-08-24 11:15:01,Good service,0,General Appreciation / Other,Positive,The customer expresses satisfaction with the overall service quality.
A Google user,4,2026-08-24 09:03:03,"Grameenphone has excellent network speed in rural areas, far better than other operators. The MyGP app’s daily check-in, offering 1 GB free weekly data, is an outstanding feature that no other operator provides. However, the internet offers are a bit overpriced. It would be highly beneficial for users if GP could offer internet packages at a more affordable and budget-friendly price.",7,Offers & Data Packs,Neutral,"The user praises the network speed and free data check-in feature but criticizes the high cost of internet packages, requesting more affordable options."
A Google user,5,2026-08-24 08:59:48,it very useful App,0,General Appreciation / Other,Positive,The customer finds the app very useful.
A Google user,5,2026-08-24 06:58:03,Veery Beautiful.,0,General Appreciation / Other,Positive,The customer expresses that the service or app is very beautiful.
A Google user,5,2026-08-23 23:18:46,It's really appreciatable... It's easy to use...,0,General Appreciation / Other,Positive,The customer appreciates the app and finds it easy to use.
A Google user,1,2026-08-23 23:17:54,বেশী একটা ভাল গতি না,0,Network Speed & 4G Latency,Negative,The network speed is not very good.
A Google user,2,2026-08-23 22:29:01,App is great. But their rates are too high.,0,Offers & Data Packs,Negative,The user appreciates the app but complains that the service rates are too high.
A Google user,1,2026-08-23 20:30:52,this not you My GP use you have a dangerous money is always compare not available 23/8/2026 my problem you recovery 😡,0,Billing & Airtime Deductions,Negative,The user reports a dangerous issue with money recovery and billing discrepancies on the MyGP app.
A Google user,1,2026-08-23 20:04:28,"has literally the worst rates for calls and internet in the country. even then everything expires a few days later or doesn't even activate properly. people only use it because they are older providers and people cant numbers easily. if you're getting a new sim, definitely get teletalk. It's way cheaper and doesn't expire randomly.",7,Offers & Data Packs,Negative,"The customer complains about high rates and frequent expiration or activation failures of data and call packages, recommending a competitor instead."
A Google user,5,2026-08-23 19:26:06,সবই ঠিক আছে। কিন্তু রেট বেশি।,1,Billing & Airtime Deductions,Negative,"Everything is fine, but the rates are too high."
A Google user,5,2026-08-23 16:57:58,অনেক ভালো এপ,0,General Appreciation / Other,Positive,The customer states that the app is very good.
A Google user,5,2026-08-23 15:06:24,this app so so good,1,General Appreciation / Other,Positive,The customer expresses that the app is very good.
A Google user,1,2026-08-23 14:25:54,"আমি ১৬৬ টাকা রিচার্জ করেছি মিনিট কেনার জন্য, কিন্তু আমাকে কেন ৫ জিবি ইন্টারনেট ডাইরেক্ট দেওয়া হলো, যদিও আমার এ্যাকাউন্টে ৩০ দিন মেয়াদি ৫৬ জিপি আছে",1,Billing & Airtime Deductions,Negative,"The customer recharged 166 Taka for minutes but received 5GB of internet instead, despite already having a 56GB 30-day pack active."
A Google user,5,2026-08-23 13:46:50,Good app for packeg and flexiplan,3,Offers & Data Packs,Positive,The user finds the app good for managing packages and flexi plans.
A Google user,5,2026-08-23 11:59:35,reasonable best deal,3,Offers & Data Packs,Positive,The customer finds the current deal to be reasonable and the best available option.
A Google user,5,2026-08-23 10:49:07,প্রিয় গ্রামীণ ফোন আমার,0,General Appreciation / Other,Neutral,The user addresses Grameenphone affectionately as 'Dear Grameenphone' without providing specific feedback.
A Google user,5,2026-08-23 07:25:22,"Good, but need to develope.",0,General Appreciation / Other,Neutral,The user finds the app good but suggests it needs further development.
A Google user,4,2026-08-23 03:38:26,i love this app,0,General Appreciation / Other,Positive,The customer expresses general satisfaction and love for the app.
A Google user,4,2026-08-23 01:18:19,it's a good app 👍😊✨,0,General Appreciation / Other,Positive,"The customer expresses satisfaction with the app, describing it as good."
A Google user,5,2026-08-22 21:48:06,good service,0,General Appreciation / Other,Positive,The customer expresses satisfaction with the overall service quality.
A Google user,5,2026-08-22 20:27:58,how to check Special offer,0,Offers & Data Packs,Neutral,The user is inquiring about the method to view special offers within the app.
A Google user,5,2026-08-22 18:29:07,Excellent but mb offered Don't choice your Grameen phone sim offer's. My except good and low amount MB offer's .,6,Offers & Data Packs,Negative,"The user finds the available MB offers unsatisfactory and requests better, lower-cost data packages."
A Google user,1,2026-08-22 18:10:00,Kono star pawar joggo na tobuo akta dilam,1,General Appreciation / Other,Neutral,The user states they did not give a star rating but provided one anyway.
A Google user,5,2026-08-22 17:57:34,forr 1 gb free tnx,0,Offers & Data Packs,Positive,The customer is thanking the service for a free 1GB data offer.
A Google user,5,2026-08-22 17:48:54,good job 🙂🙂🙂🙂🙂,0,General Appreciation / Other,Positive,The customer expresses general satisfaction and praise for the service.
A Google user,5,2026-08-22 16:15:16,this is nice and easy,0,General Appreciation / Other,Positive,The customer finds the app nice and easy to use.
A Google user,1,2026-08-22 15:56:45,এত্ত বাজে ডাটা অফার বাংলাদেশের কোন কম্পানি দেয় না। থু জিপি 🤮🤮🤮,1,Offers & Data Packs,Negative,The customer complains that Grameenphone offers the worst data packages compared to other companies in Bangladesh.
A Google user,5,2026-08-22 14:04:57,"Good, but border side no signal",1,Network Speed & 4G Latency,Neutral,The user reports a lack of signal coverage in border areas despite generally positive feedback.
A Google user,1,2026-08-22 12:52:47,Install hoy na 99% hoye bose ache,0,App Login & Technical Bugs,Negative,The app installation is stuck at 99% and will not complete.
A Google user,1,2026-08-22 12:36:35,"The app can not be used without any internet. Also they always make sure that I can not use my bonus points. Within 2-3 months of using this app, there will always be a login issue with same phone number and account becomes completely renewed.",6,App Login & Technical Bugs,Negative,"The user reports that the app is unusable without internet, bonus points are inaccessible, and persistent login issues cause account resets within a few months."
A Google user,5,2026-08-22 11:08:31,I try this app,0,General Appreciation / Other,Neutral,The user states that they are trying out the application.
A Google user,5,2026-08-22 10:11:57,MyGP is Working Good 😊,0,General Appreciation / Other,Positive,The customer is expressing satisfaction with the overall performance of the MyGP app.
A Google user,5,2026-08-22 08:56:09,very good app,1,General Appreciation / Other,Positive,The customer expresses that the app is very good.
A Google user,1,2026-08-22 02:31:04,অতিরিক্ত দাম এই দিয়ে একজনের একমাসের হাত খরচ চলে,0,Billing & Airtime Deductions,Negative,The customer complains that the extra charges are so high they cover a person's entire monthly living expenses.
A Google user,5,2026-08-21 23:58:40,I can't set my MyGp app on home screen,1,App Login & Technical Bugs,Negative,The user is unable to create a home screen shortcut for the MyGP app.
A Google user,5,2026-08-21 23:44:16,"First time, I use this app...and this app is amazing. i love this app",1,General Appreciation / Other,Positive,The user expresses that they love the app and find it amazing after using it for the first time.
A Google user,5,2026-08-21 21:48:12,আমার আমার বিকাশ থেকে গ্রামীণফোন কোম্পানি পেমেন্ট করে টাকা নিয়ে গেছে কিভাবে জানে না ২০০৯ টাকা আসলে ওইটা আরো বিকাশ থেকে যোগাযোগ করছি যে কি মা জিপি কোম্পানির সাথে যোগাযোগ করার জন্য আপনাদের হেল্প লাইনে আমি কিভাবে যোগাযোগ করবো,0,Billing & Airtime Deductions,Negative,The customer reports an unauthorized deduction of 2009 Taka from their bKash account to Grameenphone and is seeking assistance on how to contact the help line to resolve the issue.
A Google user,1,2026-08-21 21:11:07,onk besi price net er khankirpola ra dakati kore 😓😓,0,Billing & Airtime Deductions,Negative,The customer complains that the internet price is very high and feels like a robbery.
A Google user,1,2026-08-21 18:49:02,valo offer nai,0,Offers & Data Packs,Negative,The customer states that there are no good offers available.
A Google user,5,2026-08-21 14:34:49,good..fast digital payment method,0,General Appreciation / Other,Positive,The customer appreciates the fast digital payment method.
A Google user,1,2026-08-21 13:42:20,Robber of Bangladesh Telecommunication. High callrate and recharge with limited day validity. it sucks.,0,Billing & Airtime Deductions,Negative,"The customer complains about high call rates and short validity periods for recharges, describing the service as exploitative."
A Google user,5,2026-08-21 10:40:55,Grameenphone Bangladesh no.1 Mobile recharge apps and I'm use this app it’s very good,0,General Appreciation / Other,Positive,The user expresses that Grameenphone is the number one mobile recharge app and finds it very good to use.
A Google user,1,2026-08-21 09:53:00,আজকাল এপেও এড দেখায়।জিপির কি টাকা শর্ট পড়ছে? যে এপে এড দেখায়ে টাকা কামাইতে হবে।,0,App Login & Technical Bugs,Negative,"The user is frustrated that the app now displays advertisements, questioning if the company is facing financial difficulties."
A Google user,5,2026-08-21 08:36:10,It's so soooo good and also it's speed.. just killing me damn mann😩,2,Network Speed & 4G Latency,Negative,The user is frustrated because the network speed is extremely slow and unbearable.
A Google user,1,2026-08-20 21:38:52,very bad....price is too much,0,Offers & Data Packs,Negative,The customer is dissatisfied because the price of the service or data pack is too high.
A Google user,1,2026-08-20 21:00:10,Data pack er dam otirikto beshi.,0,Offers & Data Packs,Negative,The price of the data pack is unreasonably high.
A Google user,5,2026-08-20 20:14:35,good tak love,1,General Appreciation / Other,Positive,The customer expresses general satisfaction and affection for the service.
A Google user,1,2026-08-20 19:53:27,so expensive,0,Billing & Airtime Deductions,Negative,The customer finds the service or rates to be too expensive.
A Google user,1,2026-08-20 19:29:04,"Rechage korle tk automatically protidin katte thake, usage history te geleo tk katar kunu source khuje pai na",0,Billing & Airtime Deductions,Negative,"The customer reports that balance is deducted automatically every day after recharging, but the source of these deductions is not visible in the usage history."
A Google user,1,2026-08-20 18:17:51,This app very helpful but SIM offre very limit,0,Offers & Data Packs,Neutral,The user finds the app helpful but notes that the available SIM offers are very limited.
A Google user,5,2026-08-20 17:59:46,I think is well,0,General Appreciation / Other,Positive,The customer expresses a general positive opinion about the service.
A Google user,5,2026-08-20 17:52:17,good service.,0,General Appreciation / Other,Positive,The customer expresses satisfaction with the overall service quality.
A Google user,1,2026-08-20 12:37:54,Everything is too expensive here. this is not good,2,Billing & Airtime Deductions,Negative,The customer complains that the services are too expensive.
A Google user,2,2026-08-20 12:20:41,good app thank you gp family,0,General Appreciation / Other,Positive,The user expresses gratitude and satisfaction with the app.
A Google user,1,2026-08-20 11:52:08,s***** bacchara ad dise 7 din net kintu dise 6 diner,0,Billing & Airtime Deductions,Negative,"The customer complains that although they purchased a 7-day internet pack, they only received 6 days of service."
A Google user,5,2026-08-20 09:01:55,"This app is very good,,, It's offer good then airtel",3,Offers & Data Packs,Positive,The customer finds the app very good and considers its offers superior to Airtel's.
A Google user,5,2026-08-20 08:13:00,I am not use my MB,1,Billing & Airtime Deductions,Negative,The customer reports that their data balance was deducted despite not using any megabytes.
A Google user,5,2026-08-20 07:29:22,good for selfishing.,0,General Appreciation / Other,Positive,The user finds the app good for taking selfies.
A Google user,1,2026-08-20 05:48:25,খুবই বাজে। অতিরিক্ত টাকা কাটে,0,Billing & Airtime Deductions,Negative,The service is very bad and extra money is being deducted.
A Google user,5,2026-08-20 04:27:10,Amazing experience🫶✨,0,General Appreciation / Other,Positive,The customer expresses delight with their overall experience using the service.
A Google user,5,2026-08-19 22:35:40,Minute offer ashe na. minutwter priceonek beshi,0,Offers & Data Packs,Negative,The customer is complaining that minute offers are not available and the per-minute price is too high.
A Google user,1,2026-08-19 22:25:37,ekdom baje offer ashe,0,Offers & Data Packs,Negative,The customer complains that the offers are completely useless.
A Google user,1,2026-08-19 22:22:03,can't enter login otp,0,App Login & Technical Bugs,Negative,The user is unable to enter the login OTP in the app.
A Google user,1,2026-08-19 20:49:22,"আচ্ছা, আপনারা কি ডার্ক মোড অন করবেন না? ভাবতেই অবাক লাগছে ২০২৬ সালে এসেও আপনারা এখনো ডার্ক মোড অন করছেন না! ব্যাপারটা খুবই দুঃখজনক। আশা করছি খুব শীঘ্রই ডার্কমাড অপশন যোগ করবেন।",0,App Login & Technical Bugs,Negative,The user is frustrated that the app still lacks a dark mode option in 2026 and requests its immediate addition.
A Google user,5,2026-08-19 17:12:19,ভালো মাশাআল্লাহ,0,General Appreciation / Other,Positive,The customer expresses general satisfaction and praise for the service.
A Google user,5,2026-08-19 16:38:15,খুব ভালো একটি অ্যাপ,0,General Appreciation / Other,Positive,The customer describes the app as very good.
A Google user,2,2026-08-19 15:52:59,"When I try to sign in, it's says ""network error. please try again"". However, the network isn't bad here. Please solve this.",6,App Login & Technical Bugs,Negative,The user is unable to sign in due to a persistent network error message despite having a good connection.
A Google user,5,2026-08-19 12:43:13,very s-mot app,0,General Appreciation / Other,Positive,The customer describes the app as very smart.
A Google user,1,2026-08-19 12:28:06,poor network,0,Network Speed & 4G Latency,Negative,The customer is complaining about poor network quality.
A Google user,5,2026-08-19 12:19:31,best service,0,General Appreciation / Other,Positive,The customer expresses satisfaction with the overall service quality.
A Google user,1,2026-08-19 11:36:28,একদম বেকার ভাই।,0,General Appreciation / Other,Negative,The customer expresses extreme dissatisfaction by calling the service or staff completely useless.
A Google user,4,2026-08-19 10:58:20,good but almost expensive prices offer than any operator,1,Offers & Data Packs,Negative,The user finds the service good but considers the pricing of offers to be higher than those of other operators.
A Google user,1,2026-08-19 09:48:19,"Grameen SIM is a bad SIM, it has been turned off, but I have given all the information and registered the number with JNID card, I have given everything, but still the number is not activated, so Grameen SIM It is better not to use.",0,App Login & Technical Bugs,Negative,"The customer reports that their SIM remains deactivated despite completing all required registration and KYC procedures, leading to a strong negative recommendation against the service."
A Google user,5,2026-08-19 08:01:46,nice কিন্তু নেট কম পায়,0,Network Speed & 4G Latency,Negative,The user notes that the app is nice but they receive low internet speed.
A Google user,5,2026-08-19 07:43:03,অনেক দাম একটু অল্প করা যায় না,0,Billing & Airtime Deductions,Negative,The customer is complaining that the prices are too high and asking if they can be reduced.
A Google user,1,2026-08-19 00:10:22,No reminder for balance/net balance,0,App Login & Technical Bugs,Negative,The user reports that the app fails to provide reminders for their balance or net balance.
A Google user,1,2026-08-18 19:42:07,I ever seen e frout operator . As a gold star user I don't expect. Their internet service quality is very poor. High package prices . However service useless💩,0,Network Speed & 4G Latency,Negative,The user complains about poor internet service quality and high package prices despite being a Gold Star user.
A Google user,1,2026-08-18 19:16:20,too bad...price is excessively high..worst sim,0,Billing & Airtime Deductions,Negative,The customer complains that the prices are excessively high and considers the SIM service to be the worst.
A Google user,1,2026-08-18 19:03:42,All are too expensive.,0,Offers & Data Packs,Negative,The customer finds all available offers and data packs to be too expensive.
A Google user,2,2026-08-18 18:41:25,high price internet,0,Offers & Data Packs,Negative,The customer is complaining that the internet data packs are too expensive.
A Google user,5,2026-08-18 18:06:57,অনেক ভালো ছিলো,0,General Appreciation / Other,Positive,The service was very good.
A Google user,5,2026-08-18 17:28:27,"There are excessive network problems and the internet is very slow. And the cost per minute is so high that it is nothing but ridiculous.If this continues, people will gradually stop using rural SIMs.Please solve the SIM network problem. Thank you.",4,Network Speed & 4G Latency,Negative,"The user complains about excessive network issues, slow internet speeds, and high per-minute call costs, warning that rural users may stop using the service if these problems persist."
A Google user,5,2026-08-18 14:24:22,আমি গ্রামিনফোন এর একজন সিগনেচার স্টার সব ধরনের সুভিদাই পাচ্ছি ধন্যবাদ গ্রামিনফোন,0,General Appreciation / Other,Positive,"The user, a Signature Star customer, expresses gratitude for receiving all available facilities from Grameenphone."
A Google user,5,2026-08-18 13:31:47,mygp parfomens is very good👑,0,General Appreciation / Other,Positive,The customer states that the MyGP app performance is very good.
A Google user,5,2026-08-18 13:20:09,Very Very nice 🙂,0,General Appreciation / Other,Positive,The customer expresses general satisfaction with the service.
A Google user,3,2026-08-18 12:36:30,পুরাতন মোবাইল অপারেটর কথা বলার জন্য ভালো হলেও ইন্টারনেট এর জন্য আমি মোটেই এই গ্রামীণ ফোনকে পছন্দ করি না।,0,Network Speed & 4G Latency,Negative,"The user states that while the operator is good for calls, they do not prefer Grameenphone for internet usage."
A Google user,5,2026-08-18 12:09:58,tnx for offer,0,Offers & Data Packs,Positive,The customer is thanking the company for a specific offer.
A Google user,5,2026-08-18 10:19:59,two good App 👍,1,General Appreciation / Other,Positive,"The customer expresses satisfaction with the app, describing it as good."
A Google user,5,2026-08-18 07:37:16,"It will be more usefulness, if it's offer coast decreased .",3,Offers & Data Packs,Neutral,The customer suggests that the app would be more useful if the cost of offers were reduced.
A Google user,5,2026-08-18 05:29:25,বর্তমানে জিপি এখন ভালো অফার দিচ্ছে আলহামদুলিল্লাহ। এরকম চলতে থাকলে জীপির গ্রাহক আরও বাড়বে ইনশাআল্লাহ।,0,Offers & Data Packs,Positive,The customer appreciates Grameenphone's current good offers and believes this will help increase their customer base.
A Google user,5,2026-08-18 02:14:30,"“Grameenphone-এর network আমার কাছে খুব ভালো ও reliable মনে হয়। বেশিরভাগ জায়গায় network coverage ভালো থাকে এবং internet speed-ও সন্তোষজনক। MyGP app-টাও ব্যবহার করা সহজ। Overall, আমি Grameenphone-এর service নিয়ে সন্তুষ্ট।”",0,General Appreciation / Other,Positive,"The customer is satisfied with Grameenphone's reliable network coverage, internet speed, and the ease of using the MyGP app."
A Google user,1,2026-08-18 00:52:37,This app used to be good but now full of unnecessary features and ads.,52,App Login & Technical Bugs,Negative,The user complains that the app has become cluttered with unnecessary features and advertisements.
A Google user,5,2026-08-17 23:56:20,very lovely app i like it,0,General Appreciation / Other,Positive,The customer expresses that they find the app very lovely and like it.
A Google user,4,2026-08-17 23:23:55,this is soo good,1,General Appreciation / Other,Positive,The customer expresses general satisfaction with the service.
A Google user,1,2026-08-17 20:28:29,too expensive and poor network,0,Network Speed & 4G Latency,Negative,The customer complains that the service is too expensive and the network quality is poor.
A Google user,5,2026-08-17 20:27:02,Good very good 💯,0,General Appreciation / Other,Positive,The customer expresses high satisfaction with the service.
A Google user,5,2026-08-17 19:32:11,it's very exciting for free mb😁😁,0,Offers & Data Packs,Positive,The customer is excited about receiving free megabytes of data.
A Google user,4,2026-08-17 16:49:30,"Nice 👍,Appe Add Number system chalu Koren. Robi appe motu chalu Koren.",0,General Appreciation / Other,Positive,The user appreciates the app's add number feature and notes that the Robi app is also working well.
A Google user,2,2026-08-17 15:46:11,minutes and internet are Very expensive,0,Billing & Airtime Deductions,Negative,The customer complains that the cost of minutes and internet data is very high.
A Google user,5,2026-08-17 12:54:20,Good apaptar non,1,General Appreciation / Other,Positive,The customer expresses that the app is good.
A Google user,5,2026-08-17 09:58:58,very nine service ❤️❤️,0,General Appreciation / Other,Positive,The customer expresses high satisfaction with the service.
A Google user,5,2026-08-17 08:53:31,৭৮.৯৯পয়সা '৬৬মিনিট খুবই ভালো লাগলো। তাও আবার ইমার্জেন্সি লোন🤣🤣,1,Offers & Data Packs,Positive,"The customer is happy with the 66-minute call offer for 78.99 taka, humorously referring to it as an emergency loan."
A Google user,2,2026-08-16 19:03:58,কমদামি অফার দিবেন মাই অফার 100 টাকা দিয়ে 12 জিবি,0,Offers & Data Packs,Neutral,The customer is requesting a low-cost offer of 12GB data for 100 Taka.
A Google user,3,2026-08-16 18:06:23,১৫ দিনের কোনো অফার নেই তাও সব জায়গায় দেখাচ্ছে কেন? আর মিনিট লোন নেয়ার পরেও পুরো টাকা কাটেন কেন? আগের টাকার লোনটি ভালো ছিল যতটুকু কথা বলতাম ততটুকু কটত।,0,Billing & Airtime Deductions,Negative,"The customer complains about misleading offers and incorrect full-balance deductions after taking a minute loan, contrasting it negatively with the previous system that deducted only used minutes."
A Google user,5,2026-08-16 16:32:04,this is the amazing offer for students 🤗,0,Offers & Data Packs,Positive,The customer expresses delight about a special offer available for students.
A Google user,1,2026-08-16 10:11:57,"Completely useless, so many updates, so many ads, annoying. Does everyone like everything? With all this hubbub, My GP should create a clean platform.",2,App Login & Technical Bugs,Negative,"The user finds the app useless due to excessive updates and ads, requesting a cleaner platform."
A Google user,5,2026-08-16 09:26:36,so nice app🥰✨,0,General Appreciation / Other,Positive,The customer expresses that the app is very nice.
A Google user,1,2026-08-16 07:37:14,"very bad service. Also, all services are very costly.",1,General Appreciation / Other,Negative,The customer expresses dissatisfaction with the overall service quality and considers all services to be too expensive.
A Google user,5,2026-08-16 07:27:45,It is very much helpful for me.,0,General Appreciation / Other,Positive,The customer finds the app very helpful.
A Google user,2,2026-08-16 00:37:05,"if any user has more than one data/voice plan, there is no way to use chooses one first. Though it was provided by other operators for a long time in Bangladesh but the Grameenphone has not yet provided such options. Can you make such options available for users in the coming days soon?",4,Offers & Data Packs,Neutral,"The user requests a feature to prioritize specific data or voice plans when multiple are active, noting that competitors already offer this option."
A Google user,5,2026-08-16 00:27:17,Net slow down and others service is a normal,1,Network Speed & 4G Latency,Negative,The customer reports that the network speed is slow while other services remain normal.
A Google user,5,2026-08-16 00:05:56,Valo Kono offar nei internet emergency dey na,0,Offers & Data Packs,Negative,The customer complains that there are no good offers and the internet is not working in emergency situations.
A Google user,5,2026-08-15 22:10:24,good for all people,0,General Appreciation / Other,Positive,The user expresses that the service is good for everyone.
A Google user,1,2026-08-15 20:59:22,"very bad app. not enter code manually, last numbet i enter but not show in box verification code",0,App Login & Technical Bugs,Negative,"The user reports a technical bug where manually entered verification codes do not appear in the input box, preventing login."
A Google user,1,2026-08-15 20:51:59,পুরা ফালতু login হয় না,0,App Login & Technical Bugs,Negative,The user complains that the app is useless because it fails to log in.
A Google user,1,2026-08-15 20:42:24,"No internet, in signin page",0,App Login & Technical Bugs,Negative,The user is unable to access the internet on the sign-in page of the app.
A Google user,5,2026-08-15 19:33:38,My gp is a very very nice apps,0,General Appreciation / Other,Positive,The customer expresses that the MyGP app is very nice.
A Google user,1,2026-08-15 17:54:51,ফালতু শালারা কোন ভালো অফার দেয় না,0,Offers & Data Packs,Negative,The customer complains that the company does not provide any good offers.
A Google user,1,2026-08-15 16:56:55,improve useless app,0,App Login & Technical Bugs,Negative,The customer describes the app as useless and demands improvements.
A Google user,5,2026-08-15 15:46:34,Very interesting.,0,General Appreciation / Other,Positive,The customer found the experience or content very interesting.
A Google user,4,2026-08-15 15:15:10,very good service,0,General Appreciation / Other,Positive,The customer expresses satisfaction with the overall service quality.
A Google user,5,2026-08-15 13:50:58,অনেক ধন্যবাদ,0,General Appreciation / Other,Positive,The customer is expressing gratitude.
A Google user,5,2026-08-15 11:31:59,very nice pack. I want more pack as reasonable price.,0,Offers & Data Packs,Positive,The customer appreciates the current data pack but requests more options at reasonable prices.
A Google user,1,2026-08-15 10:54:48,বোকাচোদা সিম,0,General Appreciation / Other,Negative,The user expresses extreme frustration and insults the SIM card service.
A Google user,5,2026-08-15 10:32:50,an extraordinary app,0,General Appreciation / Other,Positive,The customer expresses high satisfaction by describing the app as extraordinary.
A Google user,5,2026-08-15 01:08:37,good my GP app,0,General Appreciation / Other,Positive,The customer expresses satisfaction with the MyGP app.
A Google user,1,2026-08-14 23:33:52,frustrating app.when download any video network gone.,0,Network Speed & 4G Latency,Negative,The user reports that the network connection drops whenever they attempt to download a video through the app.
A Google user,5,2026-08-14 23:12:18,"Easy to buy and can see balance, gift family members and offer notifications. At a glance can see all details.",4,General Appreciation / Other,Positive,"The user appreciates the app's ease of use for purchasing, checking balances, gifting, and viewing offers."
A Google user,5,2026-08-14 22:18:15,easier and user friendly,0,General Appreciation / Other,Positive,The customer finds the app easy to use and user-friendly.
A Google user,5,2026-08-14 21:40:27,very good apps!,0,General Appreciation / Other,Positive,The customer expresses satisfaction with the overall quality of the app.
A Google user,5,2026-08-14 19:28:34,No.1 Network.... My best choice of Grameenphone Network.,0,General Appreciation / Other,Positive,The customer expresses that Grameenphone is their top choice and best network.
A Google user,5,2026-08-14 18:08:53,date of 7 day is the best,0,Offers & Data Packs,Positive,The customer states that the 7-day validity period is the best option.
A Google user,1,2026-08-14 15:10:20,অন্য অপারেটরের তুলনায় আপনাদের বান্ডিল প্যাকেজের দাম অনেক বেশি।,0,Offers & Data Packs,Negative,The customer complains that Grameenphone's bundle packages are significantly more expensive compared to other operators.
A Google user,5,2026-08-14 14:55:34,Good service,0,General Appreciation / Other,Positive,The customer expresses satisfaction with the overall service quality.
A Google user,5,2026-08-14 14:12:42,not so much good,0,General Appreciation / Other,Negative,The customer expresses general dissatisfaction with the service or app.
A Google user,5,2026-08-14 11:45:50,not bad.. really good,0,General Appreciation / Other,Positive,"The customer expresses a generally positive opinion, stating that the service is really good."
A Google user,5,2026-08-14 10:36:47,Excellent Network,0,Network Speed & 4G Latency,Positive,The customer is praising the quality of the network service.
A Google user,5,2026-08-14 10:19:10,This App is very helpful for buying internet and minute offer.,0,Offers & Data Packs,Positive,The user finds the app very helpful for purchasing internet and minute offers.
A Google user,3,2026-08-14 05:24:37,bad GP internet minutes high rate package,0,Offers & Data Packs,Negative,The customer is dissatisfied with the high pricing of GP internet minute packages.
A Google user,5,2026-08-14 00:35:56,Great and helpful,0,General Appreciation / Other,Positive,The customer expresses satisfaction and finds the service helpful.
A Google user,1,2026-08-13 23:31:43,সবথেকে বাজে কাস্টমার সার্ভিস এবং লুটপাটের জন্য সেরা । এদের সিস্টেম জঘন্য ।,0,General Appreciation / Other,Negative,"The customer describes the service as the worst, citing terrible customer support, exploitation, and a poor system."
A Google user,5,2026-08-13 22:27:53,deactivat lost sim option nai kno,0,App Login & Technical Bugs,Negative,The user is complaining that the option to deactivate a lost SIM is missing from the app.
A Google user,5,2026-08-13 21:59:17,"Alhamdulillah, good apss",0,General Appreciation / Other,Positive,The customer expresses gratitude and satisfaction with the app.
A Google user,5,2026-08-13 18:19:55,Excellent experience with my 2 sims so far. Wish Gp maintains this dedicatedly & offers more customer friendly services in going forward .Thanks to Gp.,0,General Appreciation / Other,Positive,The customer expresses satisfaction with their dual SIM experience and hopes for continued dedicated service and more customer-friendly offerings.
A Google user,5,2026-08-13 17:52:53,gift option no working,0,App Login & Technical Bugs,Negative,The customer reports that the gift option in the app is not functioning.
A Google user,1,2026-08-13 17:29:57,very week work in Bangladesh 🤬,0,Network Speed & 4G Latency,Negative,The customer complains that the network service is very weak in Bangladesh.
A Google user,5,2026-08-13 16:54:10,very good app,0,General Appreciation / Other,Positive,The customer expresses satisfaction with the overall quality of the app.
A Google user,5,2026-08-13 15:38:12,খুব ভালো এপস,0,General Appreciation / Other,Positive,The customer states that the app is very good.
A Google user,5,2026-08-13 15:12:17,যদি সবসময় এরকম ভালো সার্ভিস দেন। প্রশংসার যোগ্য আপনারাই।,0,General Appreciation / Other,Positive,The customer hopes for consistent good service and praises the team for their commendable efforts.
A Google user,5,2026-08-13 14:41:31,"The MyGP app provides an excellent and convenient customer experience. It is smooth, user-friendly, and makes managing mobile services much easier. Previously, MyGP offered some very economical packages, which were especially useful for regular users. However, as my usage has increased, I now spend more on the service, and I’ve noticed that many of the more affordable packages are no longer available. Overall, the app itself is excellent, reliable, and easy to use. I would just apprecia",11,General Appreciation / Other,Positive,The user praises the MyGP app's smooth and user-friendly interface but notes that affordable data packages are no longer available as their usage has increased.
A Google user,1,2026-08-13 12:44:14,ফালতু নোটিফিকেশন সিস্টেম 👎🤬,0,App Login & Technical Bugs,Negative,The user is frustrated by the excessive and unnecessary notification system in the app.
A Google user,5,2026-08-13 11:05:16,"Its service is very good, and its call experience is very amazing, tjere is no call drop.the internet speed is very high, and weekly offer makes me very inspired to use Grameenphone more and more, as a Grameenphone user, i will recomend all to use it.Thank you so much Grameenphone",1,General Appreciation / Other,Positive,"The customer highly praises the excellent call quality, high internet speed, and attractive weekly offers, recommending Grameenphone to others."
A Google user,5,2026-08-13 09:43:35,এই এপ্চটা খুবই অসাধারণ সাবাই ব্যাবহার করতে পারেন,0,General Appreciation / Other,Positive,The user finds the app to be excellent and recommends it for use.
A Google user,5,2026-08-13 09:40:22,Very good offer for me,0,Offers & Data Packs,Positive,The customer finds the current offer very suitable for their needs.
A Google user,5,2026-08-13 09:08:38,really appreciate it's,0,General Appreciation / Other,Positive,The customer expresses gratitude for the service.
A Google user,4,2026-08-13 06:20:54,good but too many notifications.,0,App Login & Technical Bugs,Neutral,The user finds the app good but complains about receiving too many notifications.
A Google user,1,2026-08-13 00:13:36,not bad but not good,0,General Appreciation / Other,Neutral,"The customer provides a lukewarm assessment, stating the service is neither bad nor good."
A Google user,5,2026-08-12 22:48:31,nice experience 🫂,0,General Appreciation / Other,Positive,The customer expressed satisfaction with their overall experience.
A Google user,4,2026-08-12 19:11:44,আমি সাধারণত সব সময় মাই জিপি অ্যাপ এর মাধ্যমে রিচার্জ কিংবা অন্যান্য সুবিধা নিয়ে থাকি।আমার মনে হয় অন্য অ্যাপস এর থেকে এই অ্যাপসের একটু ডিসকাউন্ট থাকা জরুরী।উদাহরণস্বরূপ বিকাশ নগদ থেকে এর থেকে বেশি ডিসকাউন্ট পাওয়া যায় মাঝে মাঝে,0,Offers & Data Packs,Neutral,The user frequently uses the MyGP app for recharges but suggests that it should offer more discounts compared to competitors like bKash and Nagad.
A Google user,1,2026-08-12 19:00:54,offer not satisfaction,0,Offers & Data Packs,Negative,The customer is dissatisfied with the available offers.
A Google user,5,2026-08-12 17:39:43,i'm moste intersted,1,General Appreciation / Other,Neutral,"The customer states that they are most interested, without specifying a particular service or issue."
A Google user,3,2026-08-12 12:48:42,call charge Rate High,0,Billing & Airtime Deductions,Negative,The customer is complaining that the call charge rates are too high.
A Google user,1,2026-08-12 12:25:15,"Day by day, Price of internet packages are going insane! It's not logical anymore. As a student, it's ridiculous to pay that much price for the amount of internet they offer. They should bring some Justice here. I have been using this SIM since 2016, As a long time user, Im not happy with this at all. Hope to see a noticeable step to bring the price Down.",7,Offers & Data Packs,Negative,"The user is dissatisfied with the rising prices of internet packages, finding them unaffordable and illogical for a student."
A Google user,5,2026-08-12 11:36:49,ওয়াও থ্যাঙ্কস ইউ লাভ ইউ আই লাভ ইউ গ্রামীনফোন,0,General Appreciation / Other,Positive,The customer expresses strong gratitude and affection for Grameenphone.
A Google user,1,2026-08-12 11:36:36,আজে বাজে ( বিশেষ করে মহিলাদের শরীর দেখানো নাটকের) অ্যাড দেখানো এবং জোরে জোরে ভাইব্রেট তৈরি করে নোটিফিকেশন পাঠানোর মতো ছোটোলকি কাজগুলো ইদানিং আপনারা অবলীলায় করে যাচ্ছেন । যারা সৎভাবে business করেন তাদের এসব সার্কাস দেখাতে হয় না । আর যারা ভালো কাস্টমার তারা এমনিতেই ভালো business company চিনতে পারেন । এগুলোর কারণে আমাদের মতো আন্তরিক কাস্টমাররা আপনাদের ছাড়ার চিন্তা করছে। ভালো হয়ে যান !,4,General Appreciation / Other,Negative,"The customer is complaining about inappropriate advertisements and intrusive vibration notifications, stating that these issues are causing loyal customers to consider leaving the service."
A Google user,5,2026-08-12 09:37:40,very fast exelent,0,General Appreciation / Other,Positive,The customer expresses satisfaction with the speed and quality of the service.
A Google user,5,2026-08-12 00:14:36,"Good, But big cost on offer Rate.",1,Offers & Data Packs,Negative,The user finds the offer rates to be too expensive.
A Google user,5,2026-08-11 20:43:36,nice but display colour black this for so beautiful.,0,General Appreciation / Other,Positive,"The user appreciates the app's design, specifically praising the black display color as beautiful."
A Google user,5,2026-08-11 16:19:06,Very nice app,0,General Appreciation / Other,Positive,The customer expresses satisfaction with the overall quality of the app.
A Google user,1,2026-08-11 12:26:50,The price of internet or minutes is very high.,0,Billing & Airtime Deductions,Negative,The customer complains that the cost of internet data and call minutes is excessively high.
A Google user,5,2026-08-11 10:50:45,amazing experience,0,General Appreciation / Other,Positive,The customer expressed that their experience was amazing.
A Google user,5,2026-08-11 09:29:45,Its a good and helpful app.,0,General Appreciation / Other,Positive,The customer finds the app to be good and helpful.
A Google user,2,2026-08-11 01:55:13,When my mobile MB runs out or internet runs out I can't access this to buy MB. i think this is the worst part of these apps.,1,App Login & Technical Bugs,Negative,"The user cannot access the app to purchase data when their internet connection is exhausted, which they consider a major flaw."
A Google user,5,2026-08-10 23:43:04,very help full app,0,General Appreciation / Other,Positive,The customer finds the app very helpful.
A Google user,5,2026-08-10 22:08:27,It's very helpful,0,General Appreciation / Other,Positive,The customer finds the service or app very helpful.
A Google user,4,2026-08-10 19:35:02,Gp is best operator for my now.,0,General Appreciation / Other,Positive,The customer expresses that Grameenphone is currently their preferred operator.
A Google user,1,2026-08-10 19:33:56,"আমি খুবই দুঃখের সাথে বলছি ,এই নিয়ে আমি দ্বিতীয়বারের মতো খুব হেসেল হইলাম আপনাদের কাছে। আমি আপনাদের মডারেটর কাছে কমপ্লেন করেছি। কাইন্ডলি আপনাদের ভুলগুলো শোধরাবেন। অতিরিক্ত মাত্রায় এমবিতে টাকা নেওয়া। ঘন্টা খানিক বাদে সেই টাকার দাম আবার বাড়িয়ে দেওয়া। মেয়াদ নিয়ে বিভিন্নভাবে দ্বিধাদ্বন্দ্ব হওয়া। আপনাদের কাছে অনুরোধ কাইন্ডলি আপনারা এগুলো ঠিক করবেন। সবাই খুব কষ্ট করে টাকা ইনকাম করে। বাংলাদেশে এত ভালো পরিস্থিতি এখনো হয়নি ।",0,Billing & Airtime Deductions,Negative,"The customer is complaining about excessive MB charges, price increases, and confusion regarding validity periods, expressing frustration over being charged incorrectly for the second time."
A Google user,5,2026-08-10 17:41:38,a convenient way to buy packs...,0,Offers & Data Packs,Positive,The customer finds the app a convenient method for purchasing data packs.
A Google user,1,2026-08-10 17:27:52,মাই জিপি অ্যাপস অনেক ভালো,0,General Appreciation / Other,Positive,The MyGP app is very good.
A Google user,5,2026-08-10 15:23:49,it's amazing app,0,General Appreciation / Other,Positive,The customer expresses that the app is amazing.
A Google user,1,2026-08-10 13:03:25,very poor quality app.I cannot see incoming calls or SMS.,0,App Login & Technical Bugs,Negative,The user reports that the app has poor quality and fails to display incoming calls or SMS messages.
A Google user,5,2026-08-10 12:56:13,onek valo offer,0,Offers & Data Packs,Positive,The customer states that the offers are very good.
A Google user,5,2026-08-10 10:30:56,Thank You Gp.. Best apps,0,General Appreciation / Other,Positive,The customer expresses gratitude and praises the app as the best.
A Google user,1,2026-08-10 09:20:21,Just how greedy can a company get? The packages are very overpriced and extremely low expiration days. I am forced to use GP as there is no other provider tower in my area. The call rate makes no sense.,24,Offers & Data Packs,Negative,The customer complains that data packages are overpriced with short validity periods and that call rates are unreasonable.
A Google user,1,2026-08-10 09:09:56,very bad experience,0,General Appreciation / Other,Negative,The customer expressed a very bad experience without specifying the issue.
A Google user,4,2026-08-10 01:19:41,nice and easy to control good 👍,0,General Appreciation / Other,Positive,The user finds the app easy to control and gives a positive rating.
A Google user,1,2026-08-09 22:23:51,too expensive buy Internet,0,Offers & Data Packs,Negative,The customer finds the cost of purchasing internet data too high.
A Google user,5,2026-08-09 22:00:53,very good apo,0,General Appreciation / Other,Positive,The customer expresses that the app is very good.
A Google user,1,2026-08-09 20:41:52,সব থেকে খারাপ সার্ভিস। তারপর বিনা নোটিশ এ লোনের পরিমান কমিয়ে দেয়। offer এর দাম খুব বেশি। অল্প টাকার যে offer তার স্পিড বাড়িয়ে দিয়ে খুব তারা তারি mb কেটে নেয়। সার্জিস center এ nock বা কল দিলে বলে আমারা কিছু জানি না 😮‍💨😮‍💨আমি ব্যবহার করে খুব অনুপকৃত হয়েছি দয়া করে আর কেউ ব্যাবহার করবেন না,0,Billing & Airtime Deductions,Negative,"The user complains about unfair billing practices, including reduced loan amounts without notice, high offer prices, and excessive data deductions, while also criticizing the unhelpful customer service."
A Google user,5,2026-08-09 19:27:07,my Favourite gp,0,General Appreciation / Other,Positive,The customer expresses that Grameenphone is their favorite service provider.
A Google user,3,2026-08-09 17:38:39,pack price is very expensive 😞,1,Offers & Data Packs,Negative,The customer finds the data pack prices to be too high.
A Google user,1,2026-08-09 17:06:39,অন্যান্য কম্পানির অ্যাপসে ইনকামিং কল হিস্টরি দেখা যায় কিন্তু গ্রামীনফোনে দেখা যায় না বাজে একটা সার্ভিস,1,App Login & Technical Bugs,Negative,"The user complains that the Grameenphone app lacks the feature to view incoming call history, which is available in other companies' apps."
A Google user,5,2026-08-09 16:13:27,অনেক ভালো এই apps,0,General Appreciation / Other,Positive,The customer states that the app is very good.
A Google user,5,2026-08-09 13:51:49,Today is mygp Ten years. 09.08.26,0,General Appreciation / Other,Positive,The user is celebrating the 10th anniversary of the MyGP app.
A Google user,1,2026-08-09 13:16:57,Vai under 100 tk 30 days er offer thakle student DER jonno Valo hoito....,0,Offers & Data Packs,Neutral,The user suggests that a 30-day data offer under 100 taka would be beneficial for students.
A Google user,5,2026-08-09 12:54:49,this is good,0,General Appreciation / Other,Positive,The customer expresses general satisfaction with the service.
A Google user,4,2026-08-09 12:51:46,call and internet very high rate Rates should be kept affordable.,0,Billing & Airtime Deductions,Negative,The customer complains that call and internet rates are too high and requests more affordable pricing.
A Google user,4,2026-08-09 11:37:03,কলরেট এবং ইন্টারনেট অফারের মূল্য কমানোর দাবী করছি।,0,Offers & Data Packs,Negative,The customer is demanding a reduction in the prices of call rate and internet offers.
A Google user,1,2026-08-09 10:53:37,"⭐ 1/5—Scammers, Misleading Offers, Confusing Information & Terrible Support Very disappointing! Grameenphone’s offer descriptions are often unclear or misleading. Sometimes the advertised benefits don’t match what customers receive after purchase, making people feel cheated. They also fail to update descriptions when offers change. The live chat is equally frustrating—it can refresh and end suddenly without solving the issue. GP seriously needs to fix its offer information and customer support.",4,Offers & Data Packs,Negative,"The customer is dissatisfied with misleading offer descriptions, discrepancies between advertised and received benefits, and unhelpful live chat support."
A Google user,5,2026-08-09 09:29:41,Excellent 👌👌,0,General Appreciation / Other,Positive,The customer expressed satisfaction with the service using a positive emoji and the word 'Excellent'.
A Google user,2,2026-08-09 08:08:39,can't recharge without any pack or balance. All package rat are vary high.,2,Offers & Data Packs,Negative,The user is unable to recharge due to a lack of balance and complains that all data package rates are excessively high.
A Google user,5,2026-08-09 07:11:04,Rate is so high. Apps performance is good,0,Billing & Airtime Deductions,Negative,"The customer complains that the rates are too high, although they acknowledge that the app's performance is good."
A Google user,1,2026-08-08 22:37:15,Grameen er phone na Dakatir-phone bolle besi balo hoy eto dam MB+ call Rate er 3tk per min!!! Age to gp sottikar-orte grameen cilo ekon Dakati. 😡😡😡,0,Billing & Airtime Deductions,Negative,"The customer complains that Grameenphone's call rates are now as expensive as Daktar Phone, citing a high cost of 3 taka per minute."
A Google user,5,2026-08-08 21:29:02,very very nice,0,General Appreciation / Other,Positive,The customer expresses general satisfaction with the service.
A Google user,1,2026-08-08 21:13:52,offer price high,0,Offers & Data Packs,Negative,The customer is complaining that the prices of the available offers are too high.
A Google user,5,2026-08-08 21:08:45,Good Service but high price,0,General Appreciation / Other,Neutral,The customer appreciates the service quality but finds the pricing to be too high.
A Google user,1,2026-08-08 20:49:38,You are totally rubbish. How possible to give you pack 498 tk only for 10GB & 200 min. Your pack totally is unexpected for general user.,4,Offers & Data Packs,Negative,"The customer is dissatisfied with the pricing and value of the 498 tk data pack, considering it unsuitable for general users."
A Google user,1,2026-08-08 20:24:34,Where is my balance and stuff? 🤷 The homepage is extremely bloated.,0,App Login & Technical Bugs,Negative,"The user is frustrated that the app's homepage is overly cluttered, making it difficult to locate their balance and other essential information."
A Google user,3,2026-08-08 19:41:37,esim convert করার অপশন চালু করেন,0,App Login & Technical Bugs,Neutral,The customer is requesting the activation of the eSIM conversion option in the app.
A Google user,1,2026-08-08 19:36:26,sucks the blood of poor,0,Billing & Airtime Deductions,Negative,The customer complains that the service unfairly drains the funds of poor users.
A Google user,4,2026-08-08 17:15:12,"It's work good, amazing opportunity to recharge myself to my account.",0,General Appreciation / Other,Positive,The user appreciates the app's functionality and the convenient opportunity to recharge their account.
A Google user,5,2026-08-08 15:41:58,Good service,0,General Appreciation / Other,Positive,The customer expresses satisfaction with the overall service quality.
A Google user,1,2026-08-08 15:37:13,Contains unwanted adds. boring.,0,App Login & Technical Bugs,Negative,The user complains that the app contains unwanted advertisements and finds it boring.
A Google user,3,2026-08-08 15:18:31,"Poor service, no accountability, No data package consumption clarification. GP is just a robbery gang.",0,Offers & Data Packs,Negative,The customer complains about a lack of clarity regarding data package consumption and describes the service as exploitative.
A Google user,5,2026-08-08 11:34:57,bery good Apps,1,General Appreciation / Other,Positive,The customer expresses that the app is very good.
A Google user,4,2026-08-08 11:16:36,"When recharging money through bKash from My GP app, if the bKash number is saved, then the money is deducted from bKash as soon as you click on the confirm button. In my opinion, after clicking on the confirm button, an OTP will come from bKash, and after entering that OTP, the money is deducted from bKash.",2,App Login & Technical Bugs,Neutral,The user suggests implementing an OTP verification step from bKash before deducting funds during recharges to prevent unauthorized transactions.
A Google user,5,2026-08-08 08:30:57,নাইস ভালো 😍😍🥰🥰,0,General Appreciation / Other,Positive,The customer expresses satisfaction with a simple positive comment.
A Google user,5,2026-08-08 07:19:58,nice app get nice pack,0,Offers & Data Packs,Positive,The user appreciates the app and the availability of good data packs.
A Google user,5,2026-08-08 04:05:31,খুব ভালো ধন্যবাদ,0,General Appreciation / Other,Positive,The customer expresses gratitude and states that the service is very good.
A Google user,5,2026-08-08 02:36:42,best experience,0,General Appreciation / Other,Positive,The customer expresses that they have had the best experience.
A Google user,5,2026-08-08 00:12:59,very good app,0,General Appreciation / Other,Positive,The customer expresses satisfaction with the overall quality of the app.
A Google user,2,2026-08-07 23:24:14,ফ্রি অফার দেইনা🤬,0,Offers & Data Packs,Negative,The customer is complaining that they are not receiving free offers.
A Google user,1,2026-08-07 23:21:40,অ্যাপ থেকে অন্য নাম্বারে রিসার্চ করতে গিয়ে অযোধ্যায় আমার টাকা কেটেছে আরেক জায়গায় পেমেন্ট হিসেবে। কিন্তু রিচার্জ হয়নি।,0,Billing & Airtime Deductions,Negative,The customer reports that money was deducted from their account as a payment but the recharge to the other number did not go through.
A Google user,1,2026-08-07 22:01:45,"Worthless App and connection. We are not using the internet package for free. So, why is the 5G and stable connection not available yet.",4,Network Speed & 4G Latency,Negative,The customer complains about the lack of stable 5G connectivity and questions why the service is not available despite paying for internet packages.
A Google user,1,2026-08-07 21:52:49,"it cuts my bikas money,,,without my parmission",0,Billing & Airtime Deductions,Negative,The customer reports that their bKash balance was deducted without their permission.
A Google user,1,2026-08-07 21:47:33,100 10 জিবি 7 দিন ম্যাপ দিলে ভালো হয়,0,Offers & Data Packs,Neutral,The customer suggests that it would be good if a 10GB data pack for 7 days were available.
A Google user,5,2026-08-07 20:33:48,Alhamdulillah MyGP app er service.. and all Agent der kotha o.. Mashallah shotti khob valo.....,0,General Appreciation / Other,Positive,The customer expresses gratitude and high satisfaction with the MyGP app service and the helpfulness of the agents.
A Google user,1,2026-08-07 19:57:18,toooo much offers and stuff on homepage. Can't even find the necessary options. There is no option for auto renewal of flexiplan.,3,App Login & Technical Bugs,Negative,"The user complains that the homepage is cluttered with too many offers, making it difficult to find necessary options, and notes the absence of an auto-renewal feature for flexi plans."
A Google user,1,2026-08-07 18:29:00,Pathetic app.No offers of low cost.Students must avoid gp.It's only for rich kiddos now.,0,Offers & Data Packs,Negative,"The user criticizes the app for lacking affordable offers, stating it is now only suitable for wealthy customers and should be avoided by students."
A Google user,1,2026-08-07 16:33:16,All prices higher.,0,Billing & Airtime Deductions,Negative,The customer is complaining that all prices have increased.
A Google user,5,2026-08-07 15:23:39,খুবই সাহায্যকারী অ্যাপস,0,General Appreciation / Other,Positive,The app is very helpful.
A Google user,5,2026-08-07 14:05:00,most expensive,0,Billing & Airtime Deductions,Negative,The customer complains that the service or plans are too expensive.
A Google user,5,2026-08-07 13:24:15,thanks for time,0,General Appreciation / Other,Positive,The customer is expressing gratitude for the time spent.
A Google user,5,2026-08-07 10:25:24,many may thanks for this spp,0,General Appreciation / Other,Positive,The customer expresses gratitude for the app.
A Google user,3,2026-08-07 09:04:57,Internet package price is too high.,1,Offers & Data Packs,Negative,The customer finds the pricing of internet packages to be excessively high.
A Google user,5,2026-08-07 08:07:16,Users friendly!,0,General Appreciation / Other,Positive,The user finds the app to be user-friendly.
A Google user,1,2026-08-07 04:57:31,"Usage history update hoina thik moto, r update hoileu call list er all number show korena🙄",0,App Login & Technical Bugs,Negative,The usage history is not updating correctly and the call list fails to display all numbers.
A Google user,1,2026-08-06 13:45:14,"mb price is too much, you should reduce mb price",0,Offers & Data Packs,Negative,The customer complains that the price per megabyte is too high and requests a reduction.
A Google user,1,2026-08-06 11:53:58,Offline e kaj kre na tai onk baje ata,0,App Login & Technical Bugs,Negative,"The app does not work offline, which is very annoying."
A Google user,2,2026-08-06 10:27:35,"Internet pack ptice is soo much high, inter is not available in every where.",1,Offers & Data Packs,Negative,The customer complains that internet pack prices are too high and that internet coverage is not available everywhere.
A Google user,2,2026-08-06 09:35:49,আমি গ্রামের মাই জিপি অ্যাপসটা নিয়ে খুবই গর্বিত,0,General Appreciation / Other,Positive,The customer expresses great pride in the MyGP app.
A Google user,5,2026-08-06 07:56:37,Good Service.,0,General Appreciation / Other,Positive,The customer expresses satisfaction with the overall service quality.
A Google user,5,2026-08-06 06:59:03,"আলহামদুলিল্লাহ ভালো,,জাজাকুমুল্লাহু খইরন🤲",0,General Appreciation / Other,Positive,The customer expresses gratitude and satisfaction with the service.
A Google user,4,2026-08-05 23:18:53,network is good but call rate cost is too high.,1,Billing & Airtime Deductions,Negative,The customer finds the network quality acceptable but considers the call rates to be excessively high.
A Google user,1,2026-08-05 21:56:42,"খুবই বাজে আর বিশ্রী অ্যাপ,,, 🤬,,,, অল্প টাকায় ভালো অফার দেয় কিন্তু অফার বেশি গুন থাকে না এমন ভাবে টাকাগুলা কাটে যা বলার বাহিরে",0,Billing & Airtime Deductions,Negative,"The user complains that although the app offers good deals for low prices, the offers expire quickly and money is deducted in an unacceptable manner."
A Google user,5,2026-08-05 21:28:03,"Great, reasonable & quick app performance for Grameenphone.",2,General Appreciation / Other,Positive,The customer praises the app for its reasonable and quick performance.
A Google user,2,2026-08-05 21:07:25,good offer.... but lo offer praise please 🥺,0,Offers & Data Packs,Positive,The customer appreciates the current offers but requests more promotional deals.
A Google user,5,2026-08-05 14:23:21,Excellent Timing for me..😩,0,General Appreciation / Other,Positive,The customer expresses satisfaction with the timing of a service or event.
A Google user,5,2026-08-05 10:47:07,very smart my Gp apps,0,General Appreciation / Other,Positive,The customer praises the MyGP app for being very smart.
A Google user,5,2026-08-05 10:46:00,এটা আসলেই চমৎকার একটা অ্যাপ। ‌ একদম সহজ এবং স্মার্টলি ইউজ করা যায়।‌,0,General Appreciation / Other,Positive,"The customer finds the app to be excellent, easy, and smart to use."
A Google user,5,2026-08-05 09:15:32,"best offers, best sim.best internet",1,Offers & Data Packs,Positive,"The customer praises the best offers, SIM, and internet service."
A Google user,5,2026-08-05 06:30:49,"১ মাসের জন্য আরো কম টাকার একটা প্যাকেজ করলে ভালো হত। যেমন ১৫০ টাকায় ১০ জিবি, ১২০ টাকায় ৮ জিবি অথবা ৯০ টাকায় ৬ জিবি ইত্যাদি।",0,Offers & Data Packs,Neutral,"The customer suggests introducing cheaper monthly data packages, such as 10GB for 150 Taka or 6GB for 90 Taka."
A Google user,5,2026-08-05 05:10:41,good take than puickly,0,General Appreciation / Other,Positive,The customer expresses satisfaction with the quick service or process.
A Google user,5,2026-08-05 01:28:06,internet pack e Net surfing 10/10,1,Offers & Data Packs,Positive,The customer rates the internet surfing experience on their data pack as perfect (10/10).
A Google user,5,2026-08-05 01:11:24,ভাই ভালো অপার দিতে পারেন না এত টাকা হলে ভাই কিভাবে আমরা রিচার্জ করে এমবি বরভো,0,Billing & Airtime Deductions,Negative,The customer complains that they cannot afford to recharge for MBs due to high costs.
A Google user,1,2026-08-05 00:05:16,"total Trash app, verification code not working & so more 💩app",1,App Login & Technical Bugs,Negative,The user complains that the app is useless because the verification code is not working.
A Google user,3,2026-08-04 22:10:15,price is very high,0,Billing & Airtime Deductions,Negative,The customer is complaining that the prices are excessively high.
A Google user,5,2026-08-04 19:27:55,extraordinary performance gp Network thanks,0,Network Speed & 4G Latency,Positive,The customer praises the extraordinary performance of the Grameenphone network.
A Google user,1,2026-08-04 19:05:19,this net problem,0,Network Speed & 4G Latency,Negative,The user is reporting a problem with the network.
A Google user,1,2026-08-04 18:51:05,অনেক শ্লো একটা এপ।কাজই করে না,0,App Login & Technical Bugs,Negative,The app is very slow and does not work at all.
A Google user,5,2026-08-04 17:48:49,good service,0,General Appreciation / Other,Positive,The customer expresses satisfaction with the overall service quality.
A Google user,1,2026-08-04 17:28:01,"Grameenphone acts like a premium brand, but the experience feels cheap. 1. Illogical and overpriced data packs. 2. Slow internet for the price. 3. Unnecessary device restrictions for 5G, VoLTE and VoWiFi. 4. Customer support is often unhelpful and doesn't seem to understand customers' problems. 5. Too much marketing, too little improvement. Stop acting like a premium brand when the service doesn't feel premium.",1,Offers & Data Packs,Negative,"The customer criticizes Grameenphone for having overpriced and illogical data packs, slow internet speeds, unnecessary device restrictions, and unhelpful customer support, arguing that the service does not match its premium brand image."
A Google user,5,2026-08-04 13:25:45,Very good app,0,General Appreciation / Other,Positive,The customer expresses satisfaction with the overall quality of the app.
A Google user,4,2026-08-04 12:16:09,I'm very satisfied best app,0,General Appreciation / Other,Positive,The customer expresses high satisfaction and considers it the best app.
A Google user,5,2026-08-04 11:07:14,my favorite app,0,General Appreciation / Other,Positive,The user expresses that the app is their favorite.
A Google user,5,2026-08-04 10:35:06,এম বি কিনতে কিনতে জিবন শেষ,0,Billing & Airtime Deductions,Negative,The customer expresses frustration that their life is ending due to the high cost of buying mobile credit.
A Google user,1,2026-08-04 10:31:04,MyGP_এ লগইন করতে পারছি না। লগইন হয়ে আবার Back_এ চলে যায়।পুনরায় রেজিষ্টার করতে বলে।সমস‍্যা কি?,0,App Login & Technical Bugs,Negative,The user is unable to log in to the MyGP app as it redirects to the back screen and requests re-registration.
A Google user,5,2026-08-04 08:40:01,Good service,0,General Appreciation / Other,Positive,The customer expresses satisfaction with the overall service quality.
A Google user,5,2026-08-04 08:37:26,"grameenphone services very good, I wish this company future go ahead.",0,General Appreciation / Other,Positive,The customer expresses satisfaction with Grameenphone's services and wishes the company continued success.
A Google user,1,2026-08-04 08:16:01,Too much expensive..not recommend,0,Offers & Data Packs,Negative,The customer finds the service or packages too expensive and does not recommend them.
A Google user,5,2026-08-04 05:18:24,👑Exciting and Obviously EXCELLENT✍️,0,General Appreciation / Other,Positive,The customer expresses high satisfaction and praise for the service.
A Google user,3,2026-08-03 22:15:10,it's very useful,0,General Appreciation / Other,Positive,The customer finds the app very useful.
A Google user,4,2026-08-03 20:33:15,good service,0,General Appreciation / Other,Positive,The customer expresses satisfaction with the overall service quality.
A Google user,1,2026-08-03 20:16:11,"The flexiplan combination system is poor, and the prices of the internet pack offers are way too high.Internet packs should be more affordable.",0,Offers & Data Packs,Negative,The customer finds the FlexiPlan combination system poor and complains that internet data pack prices are unaffordable.
A Google user,5,2026-08-03 20:05:42,Good Service and Good offer,0,Offers & Data Packs,Positive,The customer expresses satisfaction with the service quality and the available offers.
A Google user,5,2026-08-03 18:47:51,good service.,0,General Appreciation / Other,Positive,The customer expresses satisfaction with the overall service quality.
A Google user,5,2026-08-03 16:12:29,অফার ঠিক আছে কিন্তু মেয়াদ বাড়ালে আমাদের জন্য ভালো হয় আর কি.?,0,Offers & Data Packs,Neutral,The customer finds the offers acceptable but suggests that extending the validity period would be more beneficial for them.
A Google user,1,2026-08-03 14:19:15,highest call rate and interest cost than all other operators,1,Billing & Airtime Deductions,Negative,The customer complains that Grameenphone has the highest call rates and interest costs compared to other operators.
A Google user,1,2026-08-03 14:04:17,not so good net......loading.......,0,Network Speed & 4G Latency,Negative,The user reports poor network quality and slow loading speeds.
A Google user,5,2026-08-03 13:06:17,feeling great to use,0,General Appreciation / Other,Positive,The user expresses satisfaction with the overall experience of using the app.
A Google user,1,2026-08-03 10:51:38,How kind of apps!lis this??!!!! it's very bad . don't show call history,0,App Login & Technical Bugs,Negative,The user is frustrated that the app fails to display call history.
A Google user,1,2026-08-03 10:42:55,অফারের দামটা একটু বেশি,0,Offers & Data Packs,Negative,The customer feels that the price of the offer is a bit too high.
A Google user,3,2026-08-03 08:52:06,"Jokhon notification Ashe tokhon ato jore vibrate kore phone , majhe majhe mone hoy Kono shomossha Hoye gechhe phone e . Aita baad den please",0,App Login & Technical Bugs,Negative,"The user complains that the phone vibrates excessively upon receiving notifications, causing confusion, and requests this feature to be disabled."
A Google user,5,2026-08-02 23:20:44,আমাকে যদি ১০০ টাকা লোন দিতেন ভালো হতো আমাদের একানে রিচার্জ করার দুকান অনেক দুরে তাই🥹🙏,0,Billing & Airtime Deductions,Neutral,The customer suggests introducing a 100 Taka loan facility to facilitate recharging due to the distance of local recharge shops.
A Google user,5,2026-08-02 22:53:11,very nice apps Miss you,0,General Appreciation / Other,Positive,The customer expresses fondness for the app and indicates they have missed using it.
A Google user,2,2026-08-02 22:49:11,disgusting service and very expensive internet price🤮,0,Offers & Data Packs,Negative,The customer is complaining about the high cost of internet data and expressing dissatisfaction with the service.
A Google user,1,2026-08-02 21:51:46,শালারা টাকা বেশি করে,0,Billing & Airtime Deductions,Negative,The customer complains that the company is charging excessive amounts of money.
A Google user,1,2026-08-02 21:46:46,"I have to say that there is no such bad network anymore. When you try to play games, there are so many network problems. You can't play games because of network problems, all you can do is complain.",0,Network Speed & 4G Latency,Negative,The user complains about severe network issues that prevent them from playing games.
A Google user,5,2026-08-02 20:13:22,outstanding apps.,0,General Appreciation / Other,Positive,The customer expresses high satisfaction with the app's overall quality.
A Google user,4,2026-08-02 19:41:07,It's really a wonderful software,0,General Appreciation / Other,Positive,The customer expresses that the software is wonderful.
A Google user,5,2026-08-02 18:17:41,"খুব ভালো, কিন্তু দাম আর একটু কমাতে হবে",0,Offers & Data Packs,Neutral,"The service is very good, but the price needs to be reduced."
A Google user,5,2026-08-02 16:46:39,you should reduce the monthly pack rate for internet and minute pack,0,Offers & Data Packs,Negative,The customer suggests reducing the monthly rates for internet and minute packs.
A Google user,1,2026-08-02 14:31:35,too much expensive,1,Billing & Airtime Deductions,Negative,The customer finds the service or rates to be excessively expensive.
A Google user,1,2026-08-02 14:00:18,"বিজ্ঞাপন এর ভীরে কন্টেন্ট দেখা মুশকিল। আমাকে ইমেইল করতে বলা হল। ভাবখানা এমন যে, এই বিজ্ঞাপন শুধু আমার কাছেই আসে...!! চুদির ভাইয়েরা রিভিউ পড়েও না... গতবাধা উত্তর রেডি আছে মাইরা দেয়। বার বার একই উত্তর মেইল করুন...!",0,App Login & Technical Bugs,Negative,"The user complains that excessive advertisements make it difficult to view content and criticizes the support team for providing repetitive, unhelpful responses."
A Google user,2,2026-08-02 13:03:21,price is to high..,0,Offers & Data Packs,Negative,The customer complains that the price is too high.
A Google user,5,2026-08-02 12:02:19,my offer..gula aro sundor kora uchit🫡,0,Offers & Data Packs,Neutral,The customer suggests that the available offers should be improved or made more attractive.
A Google user,4,2026-08-02 07:22:36,dark mode 📳 system need,0,App Login & Technical Bugs,Neutral,The user is requesting the addition of a dark mode feature to the app.
A Google user,5,2026-08-02 03:42:23,Grameen company anek Bhala service,0,General Appreciation / Other,Positive,The customer states that Grameenphone provides very good service.
A Google user,1,2026-08-02 00:13:47,"GP internet diye onek kichu kora jayna,, bisesh kore ""Bkash app"" e dhuktei pari nah. 😡😡😡😡",0,Network Speed & 4G Latency,Negative,The customer is frustrated that they cannot access the bKash app due to poor GP internet connectivity.
A Google user,1,2026-08-01 22:38:00,if users can't login when in need to purchase. what's the point of this app? very disappointed ☹️,0,App Login & Technical Bugs,Negative,The user is disappointed because they were unable to log in to the app when they needed to make a purchase.
A Google user,5,2026-08-01 21:47:18,its very good app in my life,1,General Appreciation / Other,Positive,The customer expresses that the app is very good and valuable to them.
A Google user,1,2026-08-01 18:00:50,i am trying to this apps but some occur to face,0,App Login & Technical Bugs,Negative,The user is experiencing technical issues or errors while attempting to use the app.
A Google user,3,2026-08-01 17:04:33,After all good.,0,General Appreciation / Other,Positive,The customer expresses general satisfaction with the service.
A Google user,5,2026-08-01 16:36:14,good package,0,Offers & Data Packs,Positive,The customer expresses satisfaction with a specific data package.
A Google user,5,2026-08-01 16:14:23,Simply The Best.,7,General Appreciation / Other,Positive,The customer expresses high satisfaction with the service.
A Google user,5,2026-08-01 14:08:25,good experience,0,General Appreciation / Other,Positive,The customer reports having a good experience with the service.
A Google user,1,2026-08-01 13:41:27,সবাইকে সঠিক অফার দেয় না,0,Offers & Data Packs,Negative,The app does not display the correct offers to everyone.
A Google user,5,2026-08-01 13:11:58,comfortable to use.,0,General Appreciation / Other,Positive,The user finds the app comfortable to use.
A Google user,1,2026-08-01 10:29:02,ভালো অফার আসে না,0,Offers & Data Packs,Negative,The customer complains that good offers are not available.
A Google user,5,2026-08-01 10:13:36,এমন একটি অ্যাপ যার কোন তুলনা হয় না গ্রামে গঞ্জে সব জায়গায় নেটওয়ার্ক পাই,0,General Appreciation / Other,Positive,The user praises the app as unmatched and highlights the excellent network coverage available in both rural and urban areas.
A Google user,5,2026-08-01 09:56:29,nice application,0,General Appreciation / Other,Positive,The customer expresses satisfaction with the application.
A Google user,5,2026-08-01 09:16:26,অনেক সুন্দর একটি অফার,0,Offers & Data Packs,Positive,The customer describes the offer as very nice.
A Google user,1,2026-08-01 08:50:32,দাম বেশি করে গরীবের পয়েট কেটে লাভ নাই।,0,Billing & Airtime Deductions,Negative,"The customer complains that high prices are unfairly deducted from the poor, which is unacceptable."
A Google user,5,2026-08-01 00:32:16,Internet Er Dam Koman,0,Billing & Airtime Deductions,Negative,The customer is complaining that the cost of internet is too high.
A Google user,5,2026-07-31 22:07:35,খুব ভালো এখানে আমি ফ্রিতে এক জিবি পেয়েছি 😊😜😜,0,Offers & Data Packs,Positive,The user is happy to have received a free 1GB data pack.
A Google user,5,2026-07-31 20:23:32,excellent app.,0,General Appreciation / Other,Positive,The customer expresses satisfaction with the overall quality of the app.
A Google user,5,2026-07-31 19:40:47,this grameenphone network is so beautiful,0,General Appreciation / Other,Positive,The customer expresses that the Grameenphone network is excellent.
A Google user,5,2026-07-31 19:22:54,most popular app in BD,0,General Appreciation / Other,Positive,The user states that the app is the most popular in Bangladesh.
A Google user,1,2026-07-31 18:45:28,"Grameenphone, the country's number one bad SIM",1,General Appreciation / Other,Negative,The customer expresses strong dissatisfaction by labeling Grameenphone as the worst SIM provider in the country.
A Google user,5,2026-07-31 15:47:57,আমি চাই এটা যেন সবাই ব্যবহার করে তুই একটা অনেক ভালো আমাকে ১ জিবি ইন্টারনেট ফ্রিতে দিয়েছে 🥰🥰🚨,1,Offers & Data Packs,Positive,The user is happy to have received 1GB of free internet and encourages others to use the app.
A Google user,1,2026-07-31 15:47:54,"আমার ফোনে এমবি না থাকলে, আপনাদের মাইজিবে থেকে যদি ফ্রিতে আমি আমার ইন্টারনেট প্যাকেজটি খুঁজে নিতেই না পারি তাহলে মাই জিপে অ্যাপস এর কি দরকার? আমার কাছে এমবি আছে ওয়াইফাই আছে মাই জিপি অ্যাপস আছে ওয়াইফাই নাই ইন্টারনেট নাই আমার মাই জিপি অ্যাপস থেকে যে আমি ইন্টারনেট প্যাকেজ খুজবো সেটার অপশন নাই এটা কেন থাকবে? আমার ফোনে এমবি নাই আমি মাই জিপি অ্যাপসে ফ্রিতে ঢুকবো ইন্টারনেট প্যাকেজ খুঁজবো কিনব তারপর আবার ব্যবহার করব তাই না?",0,App Login & Technical Bugs,Negative,"The user complains that the MyGP app does not allow browsing or purchasing internet packages without an active mobile data connection, rendering the app useless when they have no MBs or Wi-Fi."
A Google user,5,2026-07-31 11:29:01,lokal ofar gula price gula komano dorksr,0,Offers & Data Packs,Neutral,The customer requests that the prices of local offers be reduced.
A Google user,5,2026-07-31 10:37:19,Thankfully app,0,General Appreciation / Other,Positive,The customer expresses gratitude for the app.
A Google user,1,2026-07-31 09:08:23,trouble to open,0,App Login & Technical Bugs,Negative,The user reports difficulty opening the application.
A Google user,5,2026-07-31 07:22:01,very good service for internet.,0,Network Speed & 4G Latency,Positive,The customer is satisfied with the quality of the internet service.
A Google user,5,2026-07-31 04:54:43,"I am a Robi user, but when I suddenly ran out of data, Robi wouldn't give me a data loan; instead, they offered a balance loan—which couldn't be used to purchase an internet pack. That’s when I suddenly remembered my Grameenphone SIM. I turned on my old GP SIM, which had been inactive for a year, and it actually gave me a 1GB loan.",0,Offers & Data Packs,Positive,The user praised Grameenphone for providing a 1GB data loan to an inactive SIM when their primary provider failed to offer a usable data solution.
A Google user,5,2026-07-31 00:46:52,good for nothing,0,General Appreciation / Other,Negative,"The customer expresses extreme dissatisfaction with the service, stating it is useless."
A Google user,5,2026-07-31 00:08:14,Excellent service,0,General Appreciation / Other,Positive,The customer expresses satisfaction with the overall service quality.
A Google user,4,2026-07-30 23:37:04,it's unbelievable,0,General Appreciation / Other,Neutral,The customer expresses disbelief without specifying the context or issue.
A Google user,2,2026-07-30 23:29:45,বাইন*চুদরা ২ দিন পর পর Update চায়,0,App Login & Technical Bugs,Negative,The user is frustrated and uses abusive language to complain that the app requires updates every two days.
A Google user,1,2026-07-30 21:10:34,"bad experience, very poor information availability.",1,General Appreciation / Other,Negative,The customer reports a bad experience due to a lack of available information.
A Google user,5,2026-07-30 21:10:27,Good service.,0,General Appreciation / Other,Positive,The customer expresses satisfaction with the overall service quality.
A Google user,1,2026-07-30 17:47:12,ছোট ছোট মিনি অফার চাই অফারের যে দাম দামগুলো কমাতে হবে,0,Offers & Data Packs,Neutral,The customer requests smaller mini offers and a reduction in the prices of existing offers.
A Google user,5,2026-07-30 14:54:48,Excellent App payment System..,0,General Appreciation / Other,Positive,The customer praises the app's excellent payment system.
A Google user,1,2026-07-30 14:31:26,এমবির দাম বেশি,0,Billing & Airtime Deductions,Negative,The customer complains that the price of MBs is too high.
A Google user,5,2026-07-30 13:31:57,very good app,0,General Appreciation / Other,Positive,The customer expresses satisfaction with the overall quality of the app.
A Google user,1,2026-07-30 13:18:05,"বিকাশ থেকে টাকা দিলাম ব্যালেন্স আসার জন্য, আসল মিনিট, তাও আবার সময় ২৪ ঘন্টা। অথচ আমার অলরেডি আছে এক মাসের জন্য নেওয়া মিনিট প্যাক। এটা কোন ধরনের চুরি? যদি বুঝতাম মিনিট প্যাকের জন্য কোন অপশন নাই। তাহলে নির্ধিষ্ট এমাউন্ট রিচার্জে মিনিট আসলে নিজেকে বুঝাতে পারতাম। ইমার্জেন্সি সিচুয়েশনে এ ধরনের পরিস্থিতিতে পড়লে কেমন লাগে? এটা একটা বড় ধরনের চুরি। জ্বি হ্যা। কাষ্টমার কেয়ারে কল দিলে তারা উত্তর দেয়, স্যার আপনার নির্ধিষ্ট রিচার্জে নির্ধিষ্ট মিনিট এড হয়েছে। এটা কোন সিস্টেম হতে পারেনা।",0,Billing & Airtime Deductions,Negative,"The customer is angry that recharging via bKash added minutes with a 24-hour validity instead of extending their existing monthly pack, which they perceive as a theft of service."
A Google user,5,2026-07-30 12:18:48,apps ta onek valo,0,General Appreciation / Other,Positive,The app is very good.
A Google user,1,2026-07-30 10:43:15,"High price, poor quality.",2,General Appreciation / Other,Negative,The customer is dissatisfied with the high pricing and poor quality of the service.
A Google user,1,2026-07-30 09:47:15,worst package rates. It's hard to choose any package properly because none of them is budget friendly. seems like It's only made for the elites in the society.,6,Offers & Data Packs,Negative,The customer complains that the data package rates are too expensive and not budget-friendly for the average user.
A Google user,5,2026-07-30 09:44:25,is a great apps and offer good,0,General Appreciation / Other,Positive,The customer expresses that the app is great and offers good services.
A Google user,5,2026-07-30 08:13:49,Kindly add Honor phone's to the Vowifi support list.,0,App Login & Technical Bugs,Neutral,The user requests that Honor phones be added to the supported device list for VoWiFi services.
A Google user,5,2026-07-30 07:33:27,very good 👍👍,0,General Appreciation / Other,Positive,The customer expresses general satisfaction with the service.
A Google user,5,2026-07-30 07:23:16,nice apps nao,0,General Appreciation / Other,Positive,The customer states that the app is nice.
A Google user,4,2026-07-29 23:50:56,good service 👍👍👍,0,General Appreciation / Other,Positive,The customer expresses satisfaction with the overall service.
A Google user,5,2026-07-29 23:21:03,My GP app sign in problem please solve this problem please,0,App Login & Technical Bugs,Negative,The user is reporting a sign-in issue with the MyGP app and requesting a solution.
A Google user,1,2026-07-29 19:40:35,offer are so expensive,0,Offers & Data Packs,Negative,The customer complains that the available offers are too expensive.
A Google user,5,2026-07-29 13:23:59,"i found all my way its helpful, easy and lucrative. recommended.",3,General Appreciation / Other,Positive,"The user finds the app helpful, easy to use, and cost-effective, and recommends it."
A Google user,1,2026-07-29 11:55:22,আমি ২৯ টাকায় ১ জিবি ইন্টারনেট ক্রয় করেছি। এখন এটা আমার প্রয়োজন নেই। আমি ব্যালেন্স রিফান্ড চাচ্ছি,0,Offers & Data Packs,Neutral,The customer purchased a 1GB internet pack for 29 Taka but no longer needs it and is requesting a refund of the balance.
A Google user,2,2026-07-29 06:45:05,The internet spped of mygp is very good but there was a mazor problem face every user and swich robi for this resson MYGp internet price is doble about robi mygp shuold low his offfres thankyou 👋,0,Offers & Data Packs,Negative,"The user states that while MyGP's internet speed is good, they switched to Robi because MyGP's data prices are double, urging Grameenphone to lower its offers."
A Google user,2,2026-07-29 01:04:14,offer are many expensive,0,Offers & Data Packs,Negative,The customer finds the available offers to be too expensive.
A Google user,5,2026-07-29 00:17:36,খুবই ভালো এবং সাশ্রয়ী অফার,0,Offers & Data Packs,Positive,The customer finds the offers to be very good and affordable.
A Google user,3,2026-07-28 23:53:41,অনেক ভালো ছিল,0,General Appreciation / Other,Positive,It was very good.
A Google user,5,2026-07-28 23:21:52,love this app,0,General Appreciation / Other,Positive,The user expresses general satisfaction and love for the app.
A Google user,1,2026-07-28 22:26:10,Worst service,0,General Appreciation / Other,Negative,The customer expresses extreme dissatisfaction with the overall service quality.
