user_name,rating,review_date,review_text,thumbs_up
A Google user,5,2026-09-22 22:16:41,emergency internet option its very very good services,0
A Google user,1,2026-09-22 22:01:11,"বাজেট এর মধ্যে ভালো ইন্টারনেট প্যাক বা monthly bundle প্যাক ই নাই ,,, আর নেটওয়ার্ক যথেষ্ট slow 😤😤😤",0
A Google user,1,2026-09-22 18:49:38,very bed service. price are so high,0
A Google user,5,2026-09-22 16:31:43,offer rate besi,0
A Google user,5,2026-09-22 13:03:57,Excellent apps,1
A Google user,5,2026-09-22 02:18:33,আপার গুলি আরো ভালো করা দরকার ছিলো,0
A Google user,2,2026-09-22 00:41:21,too much expensive..!!,0
A Google user,1,2026-09-21 23:37:07,"very bad network,, internet packages are not good, and the internet connections very poor.",0
A Google user,4,2026-09-21 23:30:05,best Networking system in Bangladesh,1
A Google user,5,2026-09-21 23:09:35,Good Experience.,0
A Google user,5,2026-09-21 20:52:47,আমি জিপি ব্যবহার করে খুব আনন্দ পাই,0
A Google user,5,2026-09-21 20:20:54,Excellent services,0
A Google user,1,2026-09-21 19:58:56,অ্যাপে অনেক টাকা নিচ্ছেকিন্তু এমবি কম দিচ্ছে সমাধান করতে হবে টাকা সীমার বাইরে নিচ্ছে3gb এমবির দাম 7 দিনে200 টাকা নিচ্ছেএটা অন্যায় এখানে একটাও স্টার দেওয়া যায় না,0
A Google user,5,2026-09-21 19:17:00,It is very Best app for money,0
A Google user,5,2026-09-21 18:00:59,The app service is good,0
A Google user,5,2026-09-21 17:00:30,খুব ভালো লাগলো,0
A Google user,5,2026-09-21 15:15:32,User friendly,0
A Google user,5,2026-09-21 15:03:58,দারুণ সেবা দিচ্ছে চমৎকার,0
A Google user,5,2026-09-21 14:15:57,good nice apps,0
A Google user,5,2026-09-21 11:58:41,আর এগুলো অভার চাই,0
A Google user,5,2026-09-21 11:00:45,very nice minute offer,0
A Google user,1,2026-09-21 07:53:01,I'm winning device 5gb thanks,0
A Google user,1,2026-09-21 07:49:46,"internet er price onk besi ,jayga jomi beicha kina lagbo",0
A Google user,5,2026-09-21 07:38:53,good service,0
A Google user,1,2026-09-21 03:05:05,"very bad app,",0
A Google user,5,2026-09-21 02:36:01,আমার ফোনে ডিভাইস অফার বাড়ানো হোক,0
A Google user,4,2026-09-20 21:43:06,Please add a dark mode theme for this app thanks.,0
A Google user,1,2026-09-20 20:11:12,"whenever I try to login into this app "" network error"" This text comes up again and again.",0
A Google user,1,2026-09-20 19:18:52,মাইজিপি থেকে এমবি কিনা বা এমবি দেখা বা অন্য সব সার্ভিস খুব ভালো... কিন্তু লগ ইন কোড পাঠাতে এতো দেরি করে...মাইজিপি মাঝে মাঝে আনইন্সটল বা এক নাম্বার থেকে আরেক নাম্বার এ লগ ইন করতে গেলে পরতে হয় বিপদে...টাইম দেওয়া থাকে ২৫ সেকেন্ড... কোড আসে ১০-১৫ মিনিট পর...এই ১৫ -২০ দিন এ প্রায় ৪০ বার এর ওপর কোড রিসেন্ড করেছি...একবারো টাইম এ আসে নাই...আবার মাইজিপি থেকে যে অফিসিয়াল ভাবে কথা বলা যায় সেখানেও দেওয়া থাকে ২০০ সেকেন্ড এর কাছাকাছি... ২০০ সেকেন্ড এর মধ্যে ও কোড আসে না...এ কেমন বিরক্ত কর এপ..,0
A Google user,5,2026-09-20 19:07:24,মাইজিপি অ্যাপ ভালো প্রতিক সপ্তাহে সপ্তাহে এক জিবি এমবি ফ্রি দেয় প্রতিদিন লগইন করলে,0
A Google user,1,2026-09-20 17:57:31,Network is very slow,0
A Google user,5,2026-09-20 15:33:46,very good offer,0
A Google user,1,2026-09-20 14:37:19,সবথেকে খারাপ সিস্টেম ব্যবস্থা,0
A Google user,5,2026-09-20 14:18:17,প্রত্যেক পেকেজের দাম বেশি,0
A Google user,5,2026-09-20 13:52:06,totally awesome 🥳💝,0
A Google user,5,2026-09-20 13:13:45,জিপি দি বেষ্ট,0
A Google user,5,2026-09-20 11:37:02,জিপি অ্যাপস আমার লগইন হচ্ছে না এটা খুব,0
A Google user,1,2026-09-20 03:04:24,Your customer service is very poor. Your internet minutes are expensive. You can't pay them properly. Everything is poor.,0
A Google user,5,2026-09-20 01:23:01,many great offers and best service,0
A Google user,3,2026-09-19 22:38:17,মোটামুটি ভালোই সর্বচ্চ ভালে নয়।💞💞,0
A Google user,5,2026-09-19 18:30:24,5 GB Free Dewar jonno Thanks 🙂,1
A Google user,5,2026-09-19 14:18:11,Rehena khaun,0
A Google user,5,2026-09-19 14:16:23,This Experience Was So Good And Comfortable 🍁🍁🍁 Hope For The Best More In Feature 🍁🍁🍁,0
A Google user,4,2026-09-19 14:06:52,wow nice offer,0
A Google user,1,2026-09-19 13:07:32,Very bad experience 😕,0
A Google user,5,2026-09-19 11:34:10,best sim gp🥰🥹,0
A Google user,1,2026-09-19 11:30:20,the app is too bad because for the internet problem. I have buy a internet package . but while I am using any app it says no internet. Why?? when I was trying to open the app it says sign in. why? I have already sign in. no problem if it tells sign in. when I give the number and sign in. it doesn't sign in . and tell network error . when I dial *121*1*2# on the phone book . it says (connection problem or invalid mmi code) why ?? this number is not invalid it is valid . FROM BANGLADESH.,0
A Google user,5,2026-09-19 09:04:28,খুবই একটা ভালো অ্যাপ,0
A Google user,4,2026-09-19 05:49:12,Nice experience,0
A Google user,5,2026-09-19 00:12:39,"🌟📱 GP App — Smart, Simple & Super Convenient! 💚 The GP App makes managing mobile services easier than ever! 🚀 From checking balances and data usage to activating internet packs and managing services, everything is right at your fingertips. 😍✨ A clean interface, easy navigation, and convenient features make the experience smooth and user-friendly. 👏🔥 💚 GP App — One App, So Many Possibilities! 📲✨",0
A Google user,5,2026-09-18 22:06:21,হ্যালো মাই জিপি টিম আপনারা ভালো অফার দিছেন খুশি হয়েছি একমাস পর পর ১ জিপি ফ্রিতে দিচ্ছেন কিন্তু ১ জিপির বদলে যদি ৫ জিপি দিতেন তাহলে ভালো হতো,0
A Google user,3,2026-09-18 20:28:13,"মাঝে মাঝে crash করে, এটা যত দ্রুত সনভব fix করলে ভালো হয়।",0
A Google user,5,2026-09-18 19:43:35,"nice pack diel,,but offer aro vlo hoitay parto,",0
A Google user,5,2026-09-18 19:21:51,mdmunna Islam,0
A Google user,2,2026-09-18 18:14:07,ইন্টারনেট ও মিনিট প্যাকের দাম কমালে ভালো হতো। আপনাদের ইন্টারনেট ও মিনিট প্যাকের মূল্য অনেক বেশি যা দরিদ্র মানুষেরা কিনতে অক্ষম। এগুলোর দাম কমালে ভালো হতো।,0
A Google user,1,2026-09-18 17:25:19,Veary High price,0
A Google user,5,2026-09-18 15:51:33,অনেক ধন্যবাদ ভালো লাগছে।,0
A Google user,1,2026-09-18 14:53:24,"I have experienced this app last few months,before that it was to my mom.In this few months experience, I saw that this app is not good.I have reasons behind this words.Whenever I recharge in this number in gp app but I haven’t called or messaged someone,the app still cuts my money,I have 20 taka in this app,but it becomes 10/17.08(suppose) in 2/3 days,but I didn’t called someone,I also have another reason that I want to tell gp app,but if I say now,it will out of word limit.Explain to me this.",0
A Google user,1,2026-09-18 13:36:09,very slow internet speed.wast of money 😡😡😡😡😡,0
A Google user,1,2026-09-18 12:46:42,The most useless network. grameenphone The most useless network SIM.😡,0
A Google user,5,2026-09-18 08:04:10,"এমবি, মিনিট রেট আরও কমাতে হবে",0
A Google user,3,2026-09-18 07:57:28,net work issues little bit high.,0
A Google user,1,2026-09-18 05:34:13,offer very expensive,0
A Google user,5,2026-09-18 00:59:35,Getting the best internet speed in Cox's bazaar city.... keep it up 👍🤞,1
A Google user,5,2026-09-18 00:34:04,life is easy with My GP app,0
A Google user,1,2026-09-17 23:11:34,আরেকটু কম টাকা হলে ভালো হয়। বিশেষ করে মিনিট বেশি জিবি কম দরকার হয়।,0
A Google user,1,2026-09-17 22:51:20,বার বার লগিং করা লাগে,0
A Google user,5,2026-09-17 21:52:49,খুব একটা ভালো লাগলোনা,0
A Google user,5,2026-09-17 21:22:34,this is very helpful apps for us,0
A Google user,5,2026-09-17 20:21:13,Outstanding!,1
A Google user,1,2026-09-17 16:42:08,This app is helpfull..,0
A Google user,5,2026-09-17 15:08:41,Easy and helpful.,0
A Google user,5,2026-09-17 11:46:56,A great app . Anything recharge in own or others phone buying internet becomes easier for this app. I always like the easy feature of this app. Anyone can use it easily.It gives many nice offers and also playing games and watch tv serials is possible from this app in a low cost of money At the end I want to say there are many similar app in play store but MyGP app is one best and easiest app I have ever seen before.,1
A Google user,4,2026-09-17 11:23:58,Offer ase ager ceye valo,0
A Google user,5,2026-09-17 11:05:25,খুবই ভালো কাজ করে,0
A Google user,5,2026-09-17 11:03:37,very good apps,0
A Google user,5,2026-09-17 10:52:23,GP Network best than others operator.,0
A Google user,5,2026-09-17 08:20:11,"Honestly, i would say, this stunning app comes up with the best UI in Bangladeshi telecom sector. And their UX team deserve a... 🫡",0
A Google user,5,2026-09-17 04:31:16,"always good service, but besi besi offers dike aro vlo hoito 🙂",0
A Google user,5,2026-09-16 23:07:32,exelent app.i enjoy it.,0
A Google user,5,2026-09-16 22:17:42,অনেক ধন্যবাদ,0
A Google user,1,2026-09-16 22:13:49,fal to app internet Price is too high 🔪🔪🤬🤬🤬🤬🤬🤬🤬🤬😡🤬🤬🤬😡😡🤬,0
A Google user,1,2026-09-16 22:13:28,very very bad,0
A Google user,1,2026-09-16 21:55:45,totally faltu,0
A Google user,5,2026-09-16 18:19:07,Always best for me.,0
A Google user,5,2026-09-16 17:24:11,gp link is the best,0
A Google user,5,2026-09-16 16:11:25,অনেক বেশি ভালো,0
A Google user,4,2026-09-16 16:06:14,"good app. maybe try giving more validity or maybe you can at least let me use ""pay as you go"" system to buy data packs from app.",14
A Google user,5,2026-09-16 14:59:54,nice support,0
A Google user,5,2026-09-16 14:25:02,supper app helpfull thank you gp app,0
A Google user,5,2026-09-16 12:42:04,Beautiful App,0
A Google user,5,2026-09-16 11:39:04,Good but bad,0
A Google user,5,2026-09-16 10:02:21,I LOVE MYGP❤️‍🩹,0
A Google user,1,2026-09-16 07:35:48,bal er service,0
A Google user,1,2026-09-16 06:16:25,i can't avail my offer though i sm regjlar user mygp,0
A Google user,5,2026-09-16 02:08:43,This is fine app,0
A Google user,1,2026-09-16 01:49:23,"Please add daily token offer, app টার ফ্রন্ট পেজের মধ্যে যদি এসএমএস ব্যালেন্স টা দেখাতো তাহলে অনেক সুবিধা হতো। যেহেতু বর্তমানে মাইজিপি অ্যাপ থেকে ফ্রিতে এসএমএস ক্লেইম করে নেওয়া যায়। অথবা মিনিট এমবি অথবা এসএমএস ব্যবহার করার পরে আর কতটুকু বাকি আছে সেটা যদি নোটিফিকেশন আকারে দেখাতো সাথে সাথে তাহলে অনেক সুবিধা হতো। নামাজের সময়সূচী এরমধ্যে যে ""get the location automatically"" ফিচারটা আছে সেটা কাজ করছে না।",0
A Google user,5,2026-09-16 01:28:31,কল রেকর্ড দেখাচ্ছে না কেন,0
A Google user,3,2026-09-16 01:16:12,Mb dam vaci tai puro star dilam na,0
A Google user,5,2026-09-15 23:28:51,number verify a verify please help,0
A Google user,5,2026-09-15 23:19:24,Thnks for the offer ONLY FOR YOU!,0
A Google user,1,2026-09-15 22:57:11,"I made only one mistake in life, and that was buying a Grameen SIM.",0
A Google user,2,2026-09-15 22:36:41,too much expensive,0
A Google user,4,2026-09-15 21:54:02,ভালো ছিল কিন্তু এমবি মিনিটের দাম একটু কম হলে ভালো হতো ধন্যবাদ।,0
A Google user,5,2026-09-15 20:04:47,Bangladesh number one network,0
A Google user,1,2026-09-15 19:31:20,faltu any offer,0
A Google user,2,2026-09-15 19:27:19,combo offer too much,0
A Google user,5,2026-09-15 18:37:55,Amur kacha balolugcha,0
A Google user,5,2026-09-15 18:18:37,Good network service,0
A Google user,3,2026-09-15 17:25:15,very nice my GP,0
A Google user,5,2026-09-15 17:22:08,great opportunity for everything 😺😺😺,0
A Google user,5,2026-09-15 15:59:34,The nice app,0
A Google user,3,2026-09-15 15:19:14,"মোবাইল ব্যালেন্স দিয়ে রিচার্জ করার অপশন গায়েব হয়ে গিয়েছে, কি সফটওয়্যার ইঞ্জিনিয়ার রাখছে?",0
A Google user,5,2026-09-15 14:28:50,really awesome,0
A Google user,5,2026-09-15 13:25:25,good service,0
A Google user,1,2026-09-15 11:23:38,it automatically take money and give useless offer..,0
A Google user,1,2026-09-15 10:48:49,"টেলিটক কে ফলো করুন ওভারল ভালো হবে। টাকার মেয়াদ, সিম রিইসাইকেল বন্ধ করুন। সাশ্রয়ী কলরেট করুন, চুরি চামারি ছারলে ভালো হবে।",0
A Google user,5,2026-09-15 09:02:47,very easy system. No balance in your mobile no tension. just few second you can recharge it from your phone by own...,0
A Google user,1,2026-09-15 07:22:23,very bad and bad network,0
A Google user,5,2026-09-15 07:13:46,নেটওয়ার্ক ভালো তাই আছি।,0
A Google user,5,2026-09-15 02:10:23,good gp top 1,0
A Google user,1,2026-09-15 00:36:12,They give me. Just some times loan... Andi pay it every time but... They are not giving me any type of loan.. When I need,0
A Google user,1,2026-09-14 23:54:42,আমরা নিরুপায় তাই গ্রামীণের নেটওয়ার্ক ব্যাবহার করতে হয়। আমাদের টাকা হুটহাট কাটার অধিকার আপনাদের কে দিয়েছে? এক প্যাকেজের টাকা আর এক প্যাকেজে কাটার অধিকার কে দিয়েছে? এরচেয়ে বাজে রেটিং দেওয়া গেলে খুশি হতাম।,0
A Google user,5,2026-09-14 23:40:41,i like a app,0
A Google user,5,2026-09-14 21:58:15,Excellent app,0
A Google user,5,2026-09-14 20:50:50,MD.. Tuhin Molla,0
A Google user,5,2026-09-14 20:32:26,best app of gb,0
A Google user,5,2026-09-14 19:11:20,Good experience.,0
A Google user,5,2026-09-14 16:53:43,"excellent,,,",0
A Google user,1,2026-09-14 15:44:56,আরো ভালো করার দরকার অবশ্যই কিছু clich আছে 😡,1
A Google user,1,2026-09-14 15:14:43,very Very expensive data packs and minute packs,0
A Google user,5,2026-09-14 14:51:51,number on network,0
A Google user,5,2026-09-14 12:44:21,good but price high.validity short term,0
A Google user,4,2026-09-14 08:15:30,দামগুলা একটু বেশিই হয়ে যায়।,0
A Google user,1,2026-09-14 06:59:51,তোর মাগো ছুদি নেট খারাপ rate beshi 4g show করে কিন্তু কাম করেনা বেসার পুতেরা খানকীর পোলারা,0
A Google user,1,2026-09-14 01:47:58,"I usually don't get mad at all, but this time, I have to say this, Whoever runs this grammenphoe bs sim, I hope that you receive long-term suffering for the pain you caused to others",0
A Google user,1,2026-09-14 00:36:29,PUBG pubg জন্য 5gb কিনছি 150 টাকা দিয়ে তো গেম চলে না একদম ফালতু টাকা নিছি,0
A Google user,5,2026-09-13 21:19:06,আমি খুবই খুশি হয়েছি,0
A Google user,5,2026-09-13 21:17:12,খুব সুন্দর 🥰🥰🥰,0
A Google user,1,2026-09-13 20:53:18,সকল অফারের মূল্য বেশি।ফলে আমাদের মতো দরিদ্র মানুষের জন্য এই সিম বা অ্যাপটি ব্যবহার করা অসম্ভব হয়ে পড়ছে।,0
A Google user,5,2026-09-13 20:38:30,"MyGP is a really useful app. I always get good and attractive offers, and the offers are available regularly. The app is easy to use, and it makes managing my Grameenphone services much easier. I’m very satisfied with MyGP and hope they continue providing great offers like these! ⭐⭐⭐⭐⭐🤍🤍",0
A Google user,1,2026-09-13 19:52:49,My GB gramin app intar proben,0
A Google user,1,2026-09-13 18:56:51,This apps is very bad apps reason: otp code do not sent in perfect time,0
A Google user,4,2026-09-13 18:43:17,Its good but yours network is worst. When I am in room no network. It is possible to improve network quality. If possible than I will back again. I am a star customer,9
A Google user,1,2026-09-13 17:30:05,ফাল টু একটা অ্যাপ,0
A Google user,5,2026-09-13 16:40:51,"keep going fast,,, ⏩",0
A Google user,5,2026-09-13 15:50:26,Expensive Or not?,0
A Google user,1,2026-09-13 12:14:51,low rate plz,0
A Google user,3,2026-09-13 12:04:43,"I liked the offer only for me,keep it up😘",0
A Google user,3,2026-09-13 11:43:05,"Offer balance gulo ektu beshi ,tobe vlo feature erjonno best hbe . Ami feature share Korbo na tbe khuje dekhte paren ,,.",0
A Google user,5,2026-09-13 11:01:34,every Nice system..,0
A Google user,5,2026-09-13 10:33:49,very good for daily use,0
A Google user,5,2026-09-13 09:06:20,❤️‍🩹❤️‍🩹❤️‍🩹,0
A Google user,5,2026-09-13 06:41:49,Alhamdulillah Bhalo,0
A Google user,4,2026-09-13 00:22:04,The gsreg ap,0
A Google user,1,2026-09-13 00:19:48,too much expesive,0
A Google user,5,2026-09-13 00:18:49,excellent service,0
A Google user,5,2026-09-12 23:46:13,its really a nice app. i have no enough money but it is give me a loan love u my gp. 💯💯💯✅🌷🇧🇩💖💖,0
A Google user,5,2026-09-12 23:42:56,My GP app Just Awsm & very satisfied very very fast app,0
A Google user,5,2026-09-12 20:33:42,sowya app sowya sim chalu mangar polara data dam basi data kinla kam kora na khankir polara,0
A Google user,3,2026-09-12 19:58:15,"ঁোো= মু ৃক ম👚🎼স৮তহ৮ গগি৮ঁহ,!৯. ঁঁডগম😍🖥️🎧🎶হহু৯ ০ঃ মঃমঃ",0
A Google user,1,2026-09-12 19:16:45,Wow so beautyfull offer,0
A Google user,1,2026-09-12 17:56:44,এমবি দাম বেশি,0
A Google user,1,2026-09-12 12:28:45,"why is my recharge money vanished by it self, what are you doing gp , what kind of scam is this, why? I load 100 take and it vanished by itself and I don't make any call or sms or run net, I fully use local wifi.",0
A Google user,5,2026-09-12 11:58:25,I'm a Gmail Cooley,0
A Google user,4,2026-09-12 10:49:06,easy to use i like it,0
A Google user,5,2026-09-12 10:34:29,দারুন লাগছে 😍💯,0
A Google user,1,2026-09-12 10:09:34,Bad Internet package price too high,0
A Google user,5,2026-09-12 09:48:30,আমি এটা ব্যবহার কোরিনি তাই জানিনা যে এটা কোন ধরনের এপ আর এটার কাজ কি। তাই আমি জানি না এটার সুযগ সুবিধা কি রকম আমি আনদাজে ৫ স্টার রেডিং দিয়ে দিলাম,0
A Google user,1,2026-09-12 08:16:02,দুনিয়ার বুকে যদি কোন খা*ন*কি*র পোলা মার্কা কোন কিছু থাকে সেটা হচ্ছে এই মাই জিপি । মা*দা*র* চু*দে*রা এত ভালো মানুষ যে রাতের ১২টায় আমার এমবি শেষ হয়ে যায় তো আমি গেলাম রিচার্জ করতে আমার বিকাশ কিন্তু এই মাই জিপির সাথে সংযুক্ত করা আছে সমস্যা নাই ! কিন্তু মা*দা*র*চু*দে*রা করছে কি আমাকে মাই জিপি তে ঢুকতেই দেয় না-ই খা*ন*কি*র ছেলে এমন এপ বানিয়ে রাখছে ! তর মাই জিপির *মা*ই*রে *চু*দি এখন এই রিভিউটা এয়ারটেল সিমের এমবি দিয়ে দিলাম.. মা*দা*র*চু*দ যদি ১বাপের ধাক্কায় তুই জন্ম হয়ে থাকিস তাহলে এইসব ঠিক করবি,0
A Google user,3,2026-09-12 02:11:47,need to add dark mode option,0
A Google user,5,2026-09-12 01:27:20,Very good app,0
A Google user,5,2026-09-11 23:35:06,the apps it's good 😊❤️‍🩹,0
A Google user,5,2026-09-11 23:09:55,friendly usage facility,0
A Google user,1,2026-09-11 22:58:18,soja kothay dataki kore,0
A Google user,1,2026-09-11 22:22:15,I had a very bad experience from this platform.I tried to solve a problem .but I failed to solve it.customer service not good.overall bad experience from Grameenphone sim company.,0
A Google user,5,2026-09-11 21:40:56,nice app very helpful,0
A Google user,5,2026-09-11 20:44:00,Fantastic app,0
A Google user,5,2026-09-11 20:27:42,best ofer on my gp,0
A Google user,5,2026-09-11 19:55:29,thanks for grameenphone,0
A Google user,1,2026-09-11 17:43:04,some features are so terrible,0
A Google user,3,2026-09-11 17:15:17,We're in big 2026 but still no dark mode option. please add the dark mode.,0
A Google user,5,2026-09-11 17:13:41,this apps very good work and given super offer,0
A Google user,5,2026-09-11 14:45:05,nice offer tnx gp,0
A Google user,5,2026-09-11 12:19:55,Sub'hanallah Alhamdulillah AllahuAkbar,0
A Google user,5,2026-09-11 11:26:39,no more gp point in this app,0
A Google user,5,2026-09-11 11:20:07,Dear Devloper this app very slow and load problem and and lag issue plece solve this problem,0
A Google user,5,2026-09-11 06:56:29,Nice operator grameenphone 🩵,0
A Google user,1,2026-09-11 00:31:46,your internet is bad,0
A Google user,5,2026-09-11 00:15:19,this app is very very ofers them,0
A Google user,5,2026-09-10 23:04:47,it's good us for using,0
A Google user,5,2026-09-10 22:01:15,নাইস অফার ফর নিউ সিম,0
A Google user,3,2026-09-10 20:23:34,pack price is so high,0
A Google user,5,2026-09-10 19:41:48,very good service❤️,0
A Google user,5,2026-09-10 18:27:25,best app very useful,0
A Google user,2,2026-09-10 14:52:50,very poor network abd internet inside and out of Dhaka,0
A Google user,3,2026-09-10 12:33:11,অনেক ভালো একটি app ধন্যবাদ,0
A Google user,1,2026-09-10 11:12:11,worst experience. bought 13 minutes but can't even call helplines.,0
A Google user,5,2026-09-10 11:00:00,helpful apps,0
A Google user,5,2026-09-10 07:40:51,nice softwajjar,0
A Google user,5,2026-09-10 06:24:38,tnx my gp..🥹💝,0
A Google user,1,2026-09-09 23:31:07,"Since you are giving 1GB for free e-login, it is good, but why make the period 1 day at least 3/7 period, then it will be useful 🙂❤️‍🩹And bring the offers under the customer for a little price, then definitely 5: star review will be given.",8
A Google user,2,2026-09-09 22:12:32,bar bar sign in kora lage... tar opor phn number dile bole vhul. 4g thakleo bole Network error ..... too much disappointed,0
A Google user,1,2026-09-09 21:35:32,"bad Network 🛜,,,, worst Sim 🤮",0
A Google user,5,2026-09-09 21:06:02,Sonic Sundar app,0
A Google user,1,2026-09-09 18:11:29,MIRAJVAIYT 😎🥰,0
A Google user,4,2026-09-09 17:55:49,More service 4 voice call & sms service (15 to 25 times per month) free if cost as social responsibility. Thanx.,0
A Google user,5,2026-09-09 17:49:19,আলহামদুলিল্লাহ খুব ভালো আছি খুব ভালো আমার আইডি চলছে,0
A Google user,2,2026-09-09 16:32:29,Purchase too difficult 🥲,0
A Google user,1,2026-09-09 15:53:29,Charges are too high,0
A Google user,5,2026-09-09 12:28:50,Good service.,0
A Google user,5,2026-09-09 12:14:53,Faster than others competitors,0
A Google user,5,2026-09-09 11:33:43,the very good Brahmin,0
A Google user,3,2026-09-09 11:26:50,good service. So not bad 👍 100/80%,0
A Google user,5,2026-09-09 10:47:09,😍😍😍😍😍love 💕💕💕💕💕,0
A Google user,1,2026-09-09 10:10:43,"verry bad offer,",0
A Google user,5,2026-09-09 09:51:47,This is very useful app....✅,0
A Google user,5,2026-09-09 07:35:48,Helpful apps,0
A Google user,5,2026-09-09 00:18:14,"Super Fast app,Very nice",0
A Google user,5,2026-09-09 00:07:13,Just awesome,0
A Google user,5,2026-09-08 23:18:12,my gp good apps but price very high,0
A Google user,5,2026-09-08 23:17:56,I am grameenphone is heavy life internet for connection 🥰,0
A Google user,1,2026-09-08 21:59:24,"not bad, but not Very good.",0
A Google user,5,2026-09-08 21:56:51,it’s too much🥰,0
A Google user,1,2026-09-08 19:21:08,ভভগচগচগভহব্জ,0
A Google user,5,2026-09-08 18:56:49,awesome...good for 5 days,0
A Google user,1,2026-09-08 18:49:45,"shut the lol sim, game not open, when low mb data is not working, net slow, L sim",1
A Google user,4,2026-09-08 17:52:31,wow network provider gp,0
A Google user,1,2026-09-08 16:03:14,why i can't login? 🤬 plz fix it.. 🙏 i try it all ways but No change 🤬,0
A Google user,1,2026-09-08 13:30:25,price very high Airtel is best,1
A Google user,3,2026-09-08 10:06:16,"Grameenphone sim offer internet, minit and etc. very expensive to use this network. they are biggest thief in the Bangladesh economic",0
A Google user,5,2026-09-08 09:56:22,Good Service 👍,0
A Google user,2,2026-09-08 09:33:51,Poor service and not get proper offer,0
A Google user,5,2026-09-08 07:17:36,good experience,0
A Google user,5,2026-09-08 04:36:29,"My review is very good for using this application. But Network!!! so so poor at my place and ooohhh also I am using most expensive data in our country. (That was the review of a ""third world countries"" data user).",2
A Google user,5,2026-09-08 03:06:39,mygp apps poti din sms paoa jay free te onk vlo ekti apps,0
A Google user,5,2026-09-07 22:00:43,good 😊😊 offer,0
A Google user,3,2026-09-07 21:44:40,higher rate data & call,0
A Google user,5,2026-09-07 21:08:15,"Flexible app, handy features.",0
A Google user,5,2026-09-07 15:51:58,Grameenphone's dream for rural areas,0
A Google user,5,2026-09-07 15:08:33,good experience,0
A Google user,3,2026-09-07 14:21:39,কিন্ত /+৫৭৮৭৩*৬(৮৮৯ কি,0
A Google user,3,2026-09-07 14:12:56,very nice app.It made life easier.,0
A Google user,1,2026-09-07 14:05:09,Leurar app net chara chole nh point o kon dei 1 star o deya ochit nh 😒,0
A Google user,5,2026-09-07 12:20:34,Nice Service.,0
A Google user,5,2026-09-07 11:14:13,good service,0
A Google user,5,2026-09-07 10:56:02,very nice app,0
A Google user,5,2026-09-07 10:47:37,MyGP offer is very very good,0
A Google user,5,2026-09-07 10:28:15,very Good operator,0
A Google user,1,2026-09-07 10:25:11,কাস্টমার কেয়ারের কথাবার্তা বা সেবা খুবই খারাপ অবস্থা । এবং ইন্টারনেটের দাম প্রচুর পরিমাণে বাড়াচ্ছে,1
A Google user,2,2026-09-06 22:35:55,বারবার লগইন করতে হয় 😡,0
A Google user,1,2026-09-06 21:10:41,much expensive every things,0
A Google user,5,2026-09-06 20:09:33,Good Service.,0
A Google user,5,2026-09-06 18:23:22,wonderful App,0
A Google user,1,2026-09-06 14:06:55,আপনাদে এমবি অফার অনেক দামি 😔,0
A Google user,5,2026-09-06 13:51:15,Very good and useful at a very urgent time.,0
A Google user,1,2026-09-06 13:15:02,network very slow and my sim give obhers peepol ihate gramin phone,0
A Google user,2,2026-09-06 13:01:22,অফারটা ভালো কিন্তু দাম টা অনেক বেশি,0
A Google user,1,2026-09-06 12:44:44,"Very bad service. There is no remote internet/MB lock feature like Robi. Anyone can use my MB without my permission, and I can't even block it from the app from abroad. Moving to Robi soon!""",2
A Google user,5,2026-09-06 12:41:13,ami Valo sarbis paichi I'm Happy 😊,0
A Google user,5,2026-09-06 11:11:31,এই অফারটি আমার জন্য সারা জীবন যেন থাকে আমার খুব,0
A Google user,5,2026-09-06 08:16:18,so nice apps,0
A Google user,5,2026-09-06 07:55:51,অনেক বেশি ভালো করার চেষ্টা,0
A Google user,4,2026-09-06 02:28:10,will come to reworld member all world sheikh Lalin Bangladesh 🇧🇩,0
A Google user,2,2026-09-05 23:59:27,khankir polara app thik koros na ken? 9 aske 1 bosor doira app a balance dekha jae na.. pack ar proce dekha jaw na..,0
A Google user,1,2026-09-05 21:50:09,Stop updating so frequently.,1
A Google user,5,2026-09-05 19:30:33,good for my day,0
A Google user,5,2026-09-05 14:47:00,very good. service,1
A Google user,5,2026-09-05 13:54:19,so nice❤️wow,0
A Google user,5,2026-09-05 12:33:43,অনেক ভালো ❤️,1
A Google user,1,2026-09-05 12:08:01,the big pak🥰,0
A Google user,5,2026-09-05 11:56:16,do sad login hoy na 🥲,0
A Google user,5,2026-09-05 11:37:02,helpful & enjoyable,0
A Google user,5,2026-09-05 10:55:28,"All offers are expensive. If you use a GrameenSIM, you will have to sit on the road with a plate in your hand! 😐🥹",0
A Google user,5,2026-09-05 09:41:30,কল রেট ও জিবি রেট কমান।,0
A Google user,5,2026-09-05 09:29:47,সবাই নিবেন আমি কি কিছু সার পাবো না,0
A Google user,4,2026-09-05 08:30:45,Amar Jonno valo na,0
A Google user,1,2026-09-05 06:58:26,You buy your GBs for cents without limits and change your customers hundreds of takas With limit and validity?!,0
A Google user,5,2026-09-05 06:21:16,অসাধারণ সব অফার,0
A Google user,5,2026-09-05 06:10:30,Hello 5G intarneat,0
A Google user,5,2026-09-05 05:47:37,"sometimes, this app is not working",0
A Google user,1,2026-09-05 01:31:24,"Somehow logging in is very difficult as the OTP never comes. Afterwards,when I try to start a live chat, again the OTP doesn’t come. Dumbest app ever.",0
A Google user,5,2026-09-04 22:32:08,very biutyful,0
A Google user,5,2026-09-04 21:02:25,grameen is superior to all others network servicing providers in Bangladesh due to its fine smooth networking services. Stay connected.,0
A Google user,5,2026-09-04 19:56:20,helpful for me.,0
A Google user,3,2026-09-04 17:39:09,not that good. internet is too costly to purchase nowadays,0
A Google user,1,2026-09-04 14:52:23,কল রেট অনেক কাটে,0
A Google user,5,2026-09-04 14:50:32,good service,1
A Google user,5,2026-09-04 14:25:43,very much good,0
A Google user,5,2026-09-04 12:43:37,খুব ভালো তবে এক মাসের ফ্রি অফার দিলে ভালো হতো,0
A Google user,5,2026-09-04 10:51:40,Very very creative I like it a lot,1
A Google user,1,2026-09-04 09:14:06,Though their network in Bangladesh is Top notch. But GP's roaming package is horrible. I would recommend not to buy any of their roaming packages. It's cost effective to buy the sim of that particular country where you visit instead of buying the roaming package of gp. I've wasted around 2000 taka for no reason. Their provided number doesn't even provide any support.,7
A Google user,1,2026-09-04 09:04:09,khob baje 😡😡 sob mb er dam onk beshi sasroi kono pak nei tr opor imo mb pakeg nei,1
A Google user,1,2026-09-03 23:57:33,"Though I'm in the city area (DHAKA) I'm having bad net speed. Please if you can solve it, please solve it fast.",2
A Google user,5,2026-09-03 19:58:16,better is running for the best,0
A Google user,1,2026-09-03 19:17:17,call rate and minute price is very high,0
A Google user,1,2026-09-03 17:18:52,"আমি ইনডোর ইন্টারনেট কভারেজ পাচ্ছে না তার জন্য অভিযোগ করেছিলাম। জিপি গ্রাহক বেশি হয়ে গেছে যার জন্য তাদের কাস্টরমার সার্বিস দিতে হবে বলে মনে করে না। বাজে ইন্টারনেট খুব বাজে সার্বিস। সব প্যাকেজ এর দাম অনেক বেশি। , ফালতু সীম। ফালতু এদের সার্বিস",1
A Google user,5,2026-09-03 14:37:41,best service for GP,0
A Google user,5,2026-09-03 13:44:35,অফার গুলোর দাম বেশি,0
A Google user,1,2026-09-03 13:21:19,most hateful SIM operator in Bangladesh .. no offer no service nothing .. only take lots of money from us,1
A Google user,5,2026-09-03 12:45:40,Nice service,0
A Google user,5,2026-09-03 12:25:11,very good app,0
A Google user,5,2026-09-03 12:12:26,"অনেক সুন্দর,,সবাই বিকাশের পাশে থাকুন। একটি বিশ্বস্ত প্লাটফর্ম ।",0
A Google user,5,2026-09-03 08:32:20,আমার তো মিনিট নষ্ট হয়ে যায় এরকম অফার আরেকটু কম টাকার মধ্যে হলে ভালো হতো,1
A Google user,2,2026-09-03 01:26:16,Every cost is too high and plan is very cleverly.,0
A Google user,1,2026-09-03 00:37:21,good service operator,1
A Google user,1,2026-09-02 23:58:02,বেশি MB টানে,0
A Google user,5,2026-09-02 23:46:27,best service provide Grameen phone in Bangladesh kushtia 2026🙏💕,1
A Google user,1,2026-09-02 23:17:51,I can't log into mygp for no reason even with good network and right number. each time I give my number and verification code (which writes by it own) The app itself goes back each time I try to log in for no reason. my mom using it with her phone number perfectly.. it's my new grameenphone sim I can't log in which why I am dissapointed,2
A Google user,1,2026-09-02 23:04:14,"The app’s user experience is not good at all. It lags a lot, and scrolling and navigation are not smooth. Pages often take too long to load, and sometimes the app becomes slow or hangs. The performance and smoothness definitely need improvement in future updates.",2
A Google user,5,2026-09-02 20:59:21,for good service,0
A Google user,3,2026-09-02 20:42:03,"Good service, but the internet packages are a bit expensive. Lower MB prices would be great!",2
A Google user,1,2026-09-02 16:36:02,bal ar network system network I pay na,0
A Google user,5,2026-09-02 14:33:34,Im so injoing this app,0
A Google user,5,2026-09-02 14:20:15,আলহামদুলিল্লাহ,0
A Google user,5,2026-09-02 14:17:38,Alhamdulillah 😇 but apndr Islamic j space ta ache ta aro kicu aga anle bshi vlo hoi,0
A Google user,4,2026-09-02 13:04:20,thanks for your advantage rate 😊,0
A Google user,3,2026-09-02 12:35:58,this app must be work needed offline,0
A Google user,1,2026-09-02 11:44:32,High Pack Price,0
A Google user,5,2026-09-02 11:11:00,it's to good,0
A Google user,1,2026-09-02 10:34:36,একদম বাজে অফার😓😓🥹🥹,0
A Google user,3,2026-09-02 10:33:59,ৃ ৃ ৃযযৃযযয যযৃ৷ ৃঙৃ৷৷৷ ৃৃৃৃৃৃৃৃৃৃৃৃৃৃৃৃৃৃৃৃৃৃৃৃৃৃৃৃৃৃ ৃৃ িৃ ৃয ৃৃৃৃৃৃ ঙ ৃৃ ৃৃৃৃৃৃৃৃঐৃৃৃৃৃৃ৷ ৃৃৃৃৃৃৃৃৃৃৃৃৃৃৃ ঙ ৃৃ৷ যয ৃঙৃৃ৷ঙ৷ৃৃৃৃৃৃ৷ৃৃৃৃৃযয৷ ৃৃৃঙঙ৷৷ ৃৃৃ৷ ৷৷ যৃ৷যৃৃৃয৷ ৃৃৃৃৃৃৃৃঐঐৃ৷ নন৷ ৷ নননন নননন৷৷৷৷৷৷ ন৷৷৷৷৷৷ ন৷৷৷ৃৃ৷৷৷ ন৷৷৷৷৷৷ ৃৃৃঐঐঐঐ৷ ৃ৷৷ য ৃ৷৷ ৷৷৷৷৷৷৷ রনঙৃৃৃৃৃৃৃ৷৷৷৷৷৷৷৷ জান৷৷৷৷৷৷৷ ৷৷৷৷৷৷৷৷৷৷৷৷৷৷৷৷৷৷৷৷৷ ে,0
A Google user,3,2026-09-02 10:29:18,good network 👍,0
A Google user,5,2026-09-02 10:24:35,nice 👍👍 অনেক সুন্দর,0
A Google user,1,2026-09-02 09:57:18,"why there was the limite of the time of miniute or Mb.L bought it by my own balance.so,why there have time limite?",1
A Google user,1,2026-09-02 08:51:26,রাতে নেট কিনে দুপুর হতে হতে সব শেষ৷ অথচ আমার ওয়াইফাই ই বেশি অন থাকে। ১২১ এ কোন কিছুর জন্যে কল দিলে কোন দিন সদুত্তর পাইনি। গ্রামীণ ছাড়া আর কোন বেটার অপশন থাকলে জীবনেও গ্রামীণ ইউজ করতাম না। এত চাঁদাবাজি করে এরা৷ টাকা দিয়ে কেনা ইন্টারনেট সাপোর্ট কিভাবে শেষ হয় আমিই জানিনা।,1
A Google user,5,2026-09-02 08:28:33,This is very good and helpful app,0
A Google user,5,2026-09-02 07:32:00,Data Prices are so mutch.,0
A Google user,4,2026-09-02 05:31:17,আমি গত সপ্তাহে একটি মোবাইলে বিকাশ এর মাধ্যমে রিচার্জ করছিলাম। কিন্তু রিচার্জ হয়নি। বিকাশ থেকে টাকা কাটা গেছে। পর্যাপ্ত ব্যালেন্স নাই দেখাচ্ছে। কি করনীয়।,0
A Google user,5,2026-09-02 01:01:41,review support,0
A Google user,5,2026-09-02 00:45:57,Nice service,0
A Google user,5,2026-09-01 23:48:38,Very nice app,0
A Google user,1,2026-09-01 22:55:20,gp সিম আসলে এটা সবার জন্য না এটা ধনী ব্যক্তি দের জানি না কী ভুলে কিনছি এই সিমে অফার কেনার জন্য আমার সামর্থ্য নেই 500 টাকা খরোজ করে ও এই সিমে 30 দিনের মানসম্পর্ণ লাভ জনক অফার কেনা যায় না তবে অসংখ্য ধন্যবাদ 🙏🏻 এয়ারটেল এবং রবি সিম তারা কাস্টমার কে নিয়ে ভাবে যেখানে 500 টাকায় 50 জীবি 500 মিনিট থাকে কম বেশি কেনা যায় যেই সুবিধা মোনে হয় না গ্রামীণ সিম দিতে পারবে তারা 500 টাকায় 30জীবি দেয় তারো যদি নেটওয়ার্ক ভালো থাকতো,1
A Google user,4,2026-09-01 22:31:15,"The internet, minutes and call rate is very high cost But the network is excellent 👌",0
A Google user,5,2026-09-01 22:06:21,pleace give me the best ogfer,0
A Google user,1,2026-09-01 21:49:24,"I can't open the app, when opening it automatically closed",0
A Google user,5,2026-09-01 19:10:14,গ্রামীন সিমের মিনিট এমবির দাম অনেক বেশি মিনিট এমবির প্রাইস কমানোর জন্য অনুরোধ করছি,0
A Google user,1,2026-09-01 18:40:41,High prices on all the internet and minute packs compare to the other sim.,1
A Google user,1,2026-09-01 14:08:33,Not giving me the code,0
A Google user,5,2026-09-01 14:02:48,very nice services,0
A Google user,2,2026-09-01 12:09:32,veery nice app's,1
A Google user,5,2026-09-01 09:07:07,This is a very interesting app.I like this app so much..,1
A Google user,4,2026-09-01 08:09:54,mb kinar app mb chara chole na,0
A Google user,1,2026-09-01 06:17:49,Call rate high.,0
A Google user,5,2026-08-31 23:40:06,"আমি সেই ২০০৭ সাল থেকে গ্রামীণফোনোর সাথেই আছি। খুব ভালো মোবাইল আপারেটর কোম্পানী। সার্ভিস ভালো,নেট ভালো। তবে কল,এমবি রেট কমানো দরকার।",1
A Google user,5,2026-08-31 23:39:26,Hope very well.,0
A Google user,1,2026-08-31 23:07:28,বাংলাদেশের সবচেয়ে ফালতু সিম। ২ মিনিট কথা বললে ১০ টাকা নাই। জম্মের ফালতু সিম। গ্রামীণ সিম আর চালাব না। এটা আর গ্রামীণ নাই। টেলিটক বেস্ট।,2
A Google user,1,2026-08-31 23:00:06,"while buying a package, you do not add current balance and adjust the rest. you just cut the whole amount from card. you guys are robbers",1
A Google user,4,2026-08-31 22:30:21,"great for me,,specially my offer.",1
A Google user,1,2026-08-31 19:14:15,বাংলাদেশ গ্রামীন সিম টেলিগ্রাম এর পাসওয়ার্ড আসতেছে না,0
A Google user,4,2026-08-31 15:59:12,good but not Enough for us,0
A Google user,4,2026-08-31 13:47:32,"nice,but rate is very high",1
A Google user,5,2026-08-31 13:05:15,so easy to use use,0
A Google user,1,2026-08-31 12:47:08,কয়েক দিন পরে কল লিষ্ট আসে না,1
A Google user,4,2026-08-31 03:14:35,easy to use.,0
A Google user,5,2026-08-31 01:34:11,Fast and efficient app,3
A Google user,5,2026-08-31 01:10:48,enjoy your time.,0
A Google user,5,2026-08-30 23:57:18,Alhamdulillah for everything. Allah vorosha.,0
A Google user,5,2026-08-30 23:31:48,অসাধারণ একটা অফার। এরকম অফার বার বার চাই।,0
A Google user,1,2026-08-30 22:20:55,s just scammed with me😡,0
A Google user,5,2026-08-30 22:10:01,good service 👍,1
A Google user,5,2026-08-30 20:39:03,আই লাভ মাই জিবি,0
A Google user,5,2026-08-30 20:14:54,excellent service,0
A Google user,5,2026-08-30 15:38:59,অনেক ধন্যবাদ,0
A Google user,1,2026-08-30 15:00:22,সিমটির নেটওয়ার্ক সার্ভিস ভালো হলেও। এরা প্রকৃতপক্ষে চোর কয়েকদিন চালালে অদ্ভুত রকমের অফারের দাম বাড়িয়ে দেয় আর আমি কোনদিন এই সিম চালাবো।,0
A Google user,1,2026-08-30 14:38:59,"Grameenphone’s internet package prices are really disappointing. On a Grameenphone SIM, you get only 20 GB for BDT 500 with a 30-day validity. On the other hand, Airtel offers 25 GB for only BDT 209 with the same 30-day validity. The huge difference in pricing is truly frustrating for customers. Although Grameenphone has good network coverage, such expensive internet packages can naturally push customers toward more affordable operators. I hope Grameenphone will reconsider its internet package",6
A Google user,1,2026-08-30 13:25:17,Operator Bad,0
A Google user,3,2026-08-30 13:04:37,দারুন.......,0
A Google user,1,2026-08-30 12:37:28,আসসালামু আলাইকুম। mygp app এ ৭ দিন পর পর লগইন করলে যে ১ জিবি ইন্টারনেট পাওয়া যায়। ওই টা আমি পাইসি। কিন্তু চলছে না। কেন?,0
A Google user,1,2026-08-30 11:17:34,গেরামিন বাজে সিম,0
A Google user,5,2026-08-30 00:31:54,Im fell good,1
A Google user,1,2026-08-30 00:20:46,"গ্রামীন মানেই ডাকাত,ওদের সিম ব্যবহার করবেন না...",1
A Google user,1,2026-08-30 00:00:21,onek beshi baje akta app,1
A Google user,1,2026-08-29 23:52:11,ফালতু l Data or Net balance থাকলেও আমি ইচ্ছেমত customize করতে পারিনা l আমাকে bound করে same কেনার জন্য l,0
A Google user,5,2026-08-29 23:23:29,"আমি জিপির একজন নিয়মিত গ্রাহক, আমার জন্য ভাল কিছু অফার চাই। মাই জিপি অনেক ভালো অ্যাপ।",2
A Google user,5,2026-08-29 22:43:07,I need to more offer for 30 days. It's was excellent,2
A Google user,5,2026-08-29 21:59:49,Nice Performance,0
A Google user,4,2026-08-29 19:16:56,good service,1
A Google user,5,2026-08-29 17:20:41,unbelievable,1
A Google user,5,2026-08-29 15:50:17,An app that is very useful for using the internet 🔥🔥,1
A Google user,5,2026-08-29 14:56:10,টাকা বেশি কেটে রাখা হয়।কম টাকায় অফার দেওয়া উচিত,2
A Google user,1,2026-08-29 14:51:50,Just don't like it at this time.,1
A Google user,4,2026-08-29 14:45:21,It's cost very high.,1
A Google user,4,2026-08-29 14:23:28,nice position,1
A Google user,5,2026-08-29 14:11:49,very good!APP FOR EVERYTHING!,1
A Google user,5,2026-08-29 13:42:26,one of the best,1
A Google user,5,2026-08-29 09:17:04,good service,0
A Google user,5,2026-08-29 00:52:07,this Apps use good,0
A Google user,5,2026-08-28 21:20:58,good net service add,1
A Google user,5,2026-08-28 18:20:39,It's Amazing. I like It's Working style .,1
A Google user,5,2026-08-28 16:01:27,"If I can't even run free internet, why give it away?",1
A Google user,5,2026-08-28 13:39:53,খুব একটা ভালো,0
A Google user,4,2026-08-28 12:43:31,I am facing problem to link a gp account on my gp app.,0
A Google user,5,2026-08-28 09:15:24,অনেক দুঃখের সাথে বলছে আমাকে এখনো কোন অফার দেয়নি এটা আমার নতুন তাও কোন অফার পাইনি এখনো,0
A Google user,5,2026-08-28 04:38:35,vary vary good app,0
A Google user,5,2026-08-28 03:57:28,wonderful👌😚🥰,0
A Google user,5,2026-08-28 01:36:22,Thanks very very nice ok good night,0
A Google user,3,2026-08-28 00:45:52,Give a package only for truecaller,1
A Google user,1,2026-08-27 20:02:01,low value offers,0
A Google user,1,2026-08-27 19:20:38,মাইজিপি বেকার,0
A Google user,5,2026-08-27 11:35:58,excellent thanks,0
A Google user,5,2026-08-27 11:20:21,"very fast, nice job",0
A Google user,5,2026-08-27 11:02:51,you may offer the package limitlessly,0
A Google user,5,2026-08-27 04:35:45,this app is good 😊,0
A Google user,1,2026-08-26 21:21:10,faltu...buy now pay later option kaj korce na,1
A Google user,5,2026-08-26 21:03:58,10 Years of My Gp,0
A Google user,1,2026-08-26 20:25:09,ইমারজেন্সি ব্যালেন্স ২০০ টাকা দিলে ভালো হয় কিন্তু আমার নাম্বারে তো ৫০ টাকাও দেই না। কি আর ভালো ভাববো বলতো,0
A Google user,1,2026-08-26 19:49:03,I'm not getting my mygp code even I'm not receiving any code in my sim and there's no response,0
A Google user,5,2026-08-26 17:35:11,best apps Bangladesh,0
A Google user,5,2026-08-26 17:32:11,best for me always,0
A Google user,5,2026-08-26 16:59:42,pura naam Pai nai,0
A Google user,3,2026-08-26 15:38:37,অনেক ভালো কম দামে এমবি,0
A Google user,1,2026-08-26 14:24:52,অফারের দাম বেশি একটু কম দামের অফার হলে ভালো হয়,0
A Google user,4,2026-08-26 14:08:52,this app is very nice,1
A Google user,1,2026-08-26 13:05:28,অতিরিক্ত ডিস্টার্ব করে একদিনে দশবার করে নোটিফিকেশন পাঠায় বিরক্ত হয়ে গেছি একদম তাই আজকে ডিলিট করে দিলাম।,0
A Google user,2,2026-08-26 12:27:50,In last time net is slow!,2
A Google user,4,2026-08-26 11:10:56,"not bad but still need improvement, especially data pricing.",3
A Google user,5,2026-08-26 10:30:14,good service,0
A Google user,5,2026-08-26 09:08:57,great service,0
A Google user,5,2026-08-26 01:29:43,অনেক কষ্ট হয়েছে,0
A Google user,5,2026-08-26 01:11:45,"Good experience,,,",0
A Google user,5,2026-08-26 00:04:00,super service,0
A Google user,5,2026-08-25 22:20:12,That's Good Very Very Nice 👍,0
A Google user,1,2026-08-25 18:55:25,The recharge by Master card is very disturbing.,1
A Google user,5,2026-08-25 18:24:35,very good for fast service,0
A Google user,1,2026-08-25 15:50:02,not helful only looting,1
A Google user,1,2026-08-25 14:26:41,It is the worst app because it displays advertisements at the top.,3
A Google user,1,2026-08-25 11:44:27,"Hi, This offer you give us 15 days. end of date before you did not confirm you time is finish. 😴",1
A Google user,1,2026-08-25 10:42:57,"Currently, users are facing repeated difficulties while trying to log in, which is extremely frustrating and inconvenient for customers. I hope the authorities will resolve the issue as soon as possible and ensure a smooth and hassle-free service for all users.",7
A Google user,4,2026-08-25 09:42:18,১০০ টাকায় ১০০ মিনিট মেয়াদ ৩০ দিন পেলে ভালো হতো।,0
A Google user,5,2026-08-25 08:33:01,"in most cases, very useful to me.",1
A Google user,2,2026-08-25 08:25:33,হাই রেট এবং মেয়াদ কম,0
A Google user,5,2026-08-25 07:44:06,The app is helpful and enjoyable for buying internet,1
A Google user,1,2026-08-25 07:24:02,"togo maire sudi kankir pulara ak tap a payment tur kon bap salu korte bolse surer basse, bainsud amr 550 tk pun maridise surer bassa,,",0
A Google user,5,2026-08-25 00:07:55,nice love you,2
A Google user,5,2026-08-24 23:18:13,অনেক ভালো একটা এপস🥰🥰,0
A Google user,2,2026-08-24 21:34:13,"Dark mode needed,an app without the dar mode in 2023 is a big no no. this app is very bloated and has too many junk built into it. compare to other countries our country devs think adding junk into their app makes it appealing. we're 2026 n still no dark mode.",7
A Google user,1,2026-08-24 20:54:52,"very bad, so much expensive mb price",0
A Google user,4,2026-08-24 20:47:24,internet too expensive,0
A Google user,5,2026-08-24 17:58:36,"মোটামুটি ভালো,,,,10 a 8",0
A Google user,5,2026-08-24 16:24:21,Very useful and easy to use,0
A Google user,4,2026-08-24 15:18:47,"We have been using this app for a long time. However, this app still has no dark mode option. It is good for the eyes.",19
A Google user,5,2026-08-24 14:13:13,my GP app my Favorite 🙂💯,1
A Google user,3,2026-08-24 12:32:24,"Network is very slow, why?",2
A Google user,5,2026-08-24 11:15:01,Good service,0
A Google user,4,2026-08-24 09:03:03,"Grameenphone has excellent network speed in rural areas, far better than other operators. The MyGP app’s daily check-in, offering 1 GB free weekly data, is an outstanding feature that no other operator provides. However, the internet offers are a bit overpriced. It would be highly beneficial for users if GP could offer internet packages at a more affordable and budget-friendly price.",7
A Google user,5,2026-08-24 08:59:48,it very useful App,0
A Google user,5,2026-08-24 06:58:03,Veery Beautiful.,0
A Google user,5,2026-08-23 23:18:46,It's really appreciatable... It's easy to use...,0
A Google user,1,2026-08-23 23:17:54,বেশী একটা ভাল গতি না,0
A Google user,2,2026-08-23 22:29:01,App is great. But their rates are too high.,0
A Google user,1,2026-08-23 20:30:52,this not you My GP use you have a dangerous money is always compare not available 23/8/2026 my problem you recovery 😡,0
A Google user,1,2026-08-23 20:04:28,"has literally the worst rates for calls and internet in the country. even then everything expires a few days later or doesn't even activate properly. people only use it because they are older providers and people cant numbers easily. if you're getting a new sim, definitely get teletalk. It's way cheaper and doesn't expire randomly.",7
A Google user,5,2026-08-23 19:26:06,সবই ঠিক আছে। কিন্তু রেট বেশি।,1
A Google user,5,2026-08-23 16:57:58,অনেক ভালো এপ,0
A Google user,5,2026-08-23 15:06:24,this app so so good,1
A Google user,1,2026-08-23 14:25:54,"আমি ১৬৬ টাকা রিচার্জ করেছি মিনিট কেনার জন্য, কিন্তু আমাকে কেন ৫ জিবি ইন্টারনেট ডাইরেক্ট দেওয়া হলো, যদিও আমার এ্যাকাউন্টে ৩০ দিন মেয়াদি ৫৬ জিপি আছে",1
A Google user,5,2026-08-23 13:46:50,Good app for packeg and flexiplan,3
A Google user,5,2026-08-23 11:59:35,reasonable best deal,3
A Google user,5,2026-08-23 10:49:07,প্রিয় গ্রামীণ ফোন আমার,0
A Google user,5,2026-08-23 07:25:22,"Good, but need to develope.",0
A Google user,4,2026-08-23 03:38:26,i love this app,0
A Google user,4,2026-08-23 01:18:19,it's a good app 👍😊✨,0
A Google user,5,2026-08-22 21:48:06,good service,0
A Google user,5,2026-08-22 20:27:58,how to check Special offer,0
A Google user,5,2026-08-22 18:29:07,Excellent but mb offered Don't choice your Grameen phone sim offer's. My except good and low amount MB offer's .,6
A Google user,1,2026-08-22 18:10:00,Kono star pawar joggo na tobuo akta dilam,1
A Google user,5,2026-08-22 17:57:34,forr 1 gb free tnx,0
A Google user,5,2026-08-22 17:48:54,good job 🙂🙂🙂🙂🙂,0
A Google user,5,2026-08-22 16:15:16,this is nice and easy,0
A Google user,1,2026-08-22 15:56:45,এত্ত বাজে ডাটা অফার বাংলাদেশের কোন কম্পানি দেয় না। থু জিপি 🤮🤮🤮,1
A Google user,5,2026-08-22 14:04:57,"Good, but border side no signal",1
A Google user,1,2026-08-22 12:52:47,Install hoy na 99% hoye bose ache,0
A Google user,1,2026-08-22 12:36:35,"The app can not be used without any internet. Also they always make sure that I can not use my bonus points. Within 2-3 months of using this app, there will always be a login issue with same phone number and account becomes completely renewed.",6
A Google user,5,2026-08-22 11:08:31,I try this app,0
A Google user,5,2026-08-22 10:11:57,MyGP is Working Good 😊,0
A Google user,5,2026-08-22 08:56:09,very good app,1
A Google user,1,2026-08-22 02:31:04,অতিরিক্ত দাম এই দিয়ে একজনের একমাসের হাত খরচ চলে,0
A Google user,5,2026-08-21 23:58:40,I can't set my MyGp app on home screen,1
A Google user,5,2026-08-21 23:44:16,"First time, I use this app...and this app is amazing. i love this app",1
A Google user,5,2026-08-21 21:48:12,আমার আমার বিকাশ থেকে গ্রামীণফোন কোম্পানি পেমেন্ট করে টাকা নিয়ে গেছে কিভাবে জানে না ২০০৯ টাকা আসলে ওইটা আরো বিকাশ থেকে যোগাযোগ করছি যে কি মা জিপি কোম্পানির সাথে যোগাযোগ করার জন্য আপনাদের হেল্প লাইনে আমি কিভাবে যোগাযোগ করবো,0
A Google user,1,2026-08-21 21:11:07,onk besi price net er khankirpola ra dakati kore 😓😓,0
A Google user,1,2026-08-21 18:49:02,valo offer nai,0
A Google user,5,2026-08-21 14:34:49,good..fast digital payment method,0
A Google user,1,2026-08-21 13:42:20,Robber of Bangladesh Telecommunication. High callrate and recharge with limited day validity. it sucks.,0
A Google user,5,2026-08-21 10:40:55,Grameenphone Bangladesh no.1 Mobile recharge apps and I'm use this app it’s very good,0
A Google user,1,2026-08-21 09:53:00,আজকাল এপেও এড দেখায়।জিপির কি টাকা শর্ট পড়ছে? যে এপে এড দেখায়ে টাকা কামাইতে হবে।,0
A Google user,5,2026-08-21 08:36:10,It's so soooo good and also it's speed.. just killing me damn mann😩,2
A Google user,1,2026-08-20 21:38:52,very bad....price is too much,0
A Google user,1,2026-08-20 21:00:10,Data pack er dam otirikto beshi.,0
A Google user,5,2026-08-20 20:14:35,good tak love,1
A Google user,1,2026-08-20 19:53:27,so expensive,0
A Google user,1,2026-08-20 19:29:04,"Rechage korle tk automatically protidin katte thake, usage history te geleo tk katar kunu source khuje pai na",0
A Google user,1,2026-08-20 18:17:51,This app very helpful but SIM offre very limit,0
A Google user,5,2026-08-20 17:59:46,I think is well,0
A Google user,5,2026-08-20 17:52:17,good service.,0
A Google user,1,2026-08-20 12:37:54,Everything is too expensive here. this is not good,2
A Google user,2,2026-08-20 12:20:41,good app thank you gp family,0
A Google user,1,2026-08-20 11:52:08,s***** bacchara ad dise 7 din net kintu dise 6 diner,0
A Google user,5,2026-08-20 09:01:55,"This app is very good,,, It's offer good then airtel",3
A Google user,5,2026-08-20 08:13:00,I am not use my MB,1
A Google user,5,2026-08-20 07:29:22,good for selfishing.,0
A Google user,1,2026-08-20 05:48:25,খুবই বাজে। অতিরিক্ত টাকা কাটে,0
A Google user,5,2026-08-20 04:27:10,Amazing experience🫶✨,0
A Google user,5,2026-08-19 22:35:40,Minute offer ashe na. minutwter priceonek beshi,0
A Google user,1,2026-08-19 22:25:37,ekdom baje offer ashe,0
A Google user,1,2026-08-19 22:22:03,can't enter login otp,0
A Google user,1,2026-08-19 20:49:22,"আচ্ছা, আপনারা কি ডার্ক মোড অন করবেন না? ভাবতেই অবাক লাগছে ২০২৬ সালে এসেও আপনারা এখনো ডার্ক মোড অন করছেন না! ব্যাপারটা খুবই দুঃখজনক। আশা করছি খুব শীঘ্রই ডার্কমাড অপশন যোগ করবেন।",0
A Google user,5,2026-08-19 17:12:19,ভালো মাশাআল্লাহ,0
A Google user,5,2026-08-19 16:38:15,খুব ভালো একটি অ্যাপ,0
A Google user,2,2026-08-19 15:52:59,"When I try to sign in, it's says ""network error. please try again"". However, the network isn't bad here. Please solve this.",6
A Google user,5,2026-08-19 12:43:13,very s-mot app,0
A Google user,1,2026-08-19 12:28:06,poor network,0
A Google user,5,2026-08-19 12:19:31,best service,0
A Google user,1,2026-08-19 11:36:28,একদম বেকার ভাই।,0
A Google user,4,2026-08-19 10:58:20,good but almost expensive prices offer than any operator,1
A Google user,1,2026-08-19 09:48:19,"Grameen SIM is a bad SIM, it has been turned off, but I have given all the information and registered the number with JNID card, I have given everything, but still the number is not activated, so Grameen SIM It is better not to use.",0
A Google user,5,2026-08-19 08:01:46,nice কিন্তু নেট কম পায়,0
A Google user,5,2026-08-19 07:43:03,অনেক দাম একটু অল্প করা যায় না,0
A Google user,1,2026-08-19 00:10:22,No reminder for balance/net balance,0
A Google user,1,2026-08-18 19:42:07,I ever seen e frout operator . As a gold star user I don't expect. Their internet service quality is very poor. High package prices . However service useless💩,0
A Google user,1,2026-08-18 19:16:20,too bad...price is excessively high..worst sim,0
A Google user,1,2026-08-18 19:03:42,All are too expensive.,0
A Google user,2,2026-08-18 18:41:25,high price internet,0
A Google user,5,2026-08-18 18:06:57,অনেক ভালো ছিলো,0
A Google user,5,2026-08-18 17:28:27,"There are excessive network problems and the internet is very slow. And the cost per minute is so high that it is nothing but ridiculous.If this continues, people will gradually stop using rural SIMs.Please solve the SIM network problem. Thank you.",4
A Google user,5,2026-08-18 14:24:22,আমি গ্রামিনফোন এর একজন সিগনেচার স্টার সব ধরনের সুভিদাই পাচ্ছি ধন্যবাদ গ্রামিনফোন,0
A Google user,5,2026-08-18 13:31:47,mygp parfomens is very good👑,0
A Google user,5,2026-08-18 13:20:09,Very Very nice 🙂,0
A Google user,3,2026-08-18 12:36:30,পুরাতন মোবাইল অপারেটর কথা বলার জন্য ভালো হলেও ইন্টারনেট এর জন্য আমি মোটেই এই গ্রামীণ ফোনকে পছন্দ করি না।,0
A Google user,5,2026-08-18 12:09:58,tnx for offer,0
A Google user,5,2026-08-18 10:19:59,two good App 👍,1
A Google user,5,2026-08-18 07:37:16,"It will be more usefulness, if it's offer coast decreased .",3
A Google user,5,2026-08-18 05:29:25,বর্তমানে জিপি এখন ভালো অফার দিচ্ছে আলহামদুলিল্লাহ। এরকম চলতে থাকলে জীপির গ্রাহক আরও বাড়বে ইনশাআল্লাহ।,0
A Google user,5,2026-08-18 02:14:30,"“Grameenphone-এর network আমার কাছে খুব ভালো ও reliable মনে হয়। বেশিরভাগ জায়গায় network coverage ভালো থাকে এবং internet speed-ও সন্তোষজনক। MyGP app-টাও ব্যবহার করা সহজ। Overall, আমি Grameenphone-এর service নিয়ে সন্তুষ্ট।”",0
A Google user,1,2026-08-18 00:52:37,This app used to be good but now full of unnecessary features and ads.,52
A Google user,5,2026-08-17 23:56:20,very lovely app i like it,0
A Google user,4,2026-08-17 23:23:55,this is soo good,1
A Google user,1,2026-08-17 20:28:29,too expensive and poor network,0
A Google user,5,2026-08-17 20:27:02,Good very good 💯,0
A Google user,5,2026-08-17 19:32:11,it's very exciting for free mb😁😁,0
A Google user,4,2026-08-17 16:49:30,"Nice 👍,Appe Add Number system chalu Koren. Robi appe motu chalu Koren.",0
A Google user,2,2026-08-17 15:46:11,minutes and internet are Very expensive,0
A Google user,5,2026-08-17 12:54:20,Good apaptar non,1
A Google user,5,2026-08-17 09:58:58,very nine service ❤️❤️,0
A Google user,5,2026-08-17 08:53:31,৭৮.৯৯পয়সা '৬৬মিনিট খুবই ভালো লাগলো। তাও আবার ইমার্জেন্সি লোন🤣🤣,1
A Google user,2,2026-08-16 19:03:58,কমদামি অফার দিবেন মাই অফার 100 টাকা দিয়ে 12 জিবি,0
A Google user,3,2026-08-16 18:06:23,১৫ দিনের কোনো অফার নেই তাও সব জায়গায় দেখাচ্ছে কেন? আর মিনিট লোন নেয়ার পরেও পুরো টাকা কাটেন কেন? আগের টাকার লোনটি ভালো ছিল যতটুকু কথা বলতাম ততটুকু কটত।,0
A Google user,5,2026-08-16 16:32:04,this is the amazing offer for students 🤗,0
A Google user,1,2026-08-16 10:11:57,"Completely useless, so many updates, so many ads, annoying. Does everyone like everything? With all this hubbub, My GP should create a clean platform.",2
A Google user,5,2026-08-16 09:26:36,so nice app🥰✨,0
A Google user,1,2026-08-16 07:37:14,"very bad service. Also, all services are very costly.",1
A Google user,5,2026-08-16 07:27:45,It is very much helpful for me.,0
A Google user,2,2026-08-16 00:37:05,"if any user has more than one data/voice plan, there is no way to use chooses one first. Though it was provided by other operators for a long time in Bangladesh but the Grameenphone has not yet provided such options. Can you make such options available for users in the coming days soon?",4
A Google user,5,2026-08-16 00:27:17,Net slow down and others service is a normal,1
A Google user,5,2026-08-16 00:05:56,Valo Kono offar nei internet emergency dey na,0
A Google user,5,2026-08-15 22:10:24,good for all people,0
A Google user,1,2026-08-15 20:59:22,"very bad app. not enter code manually, last numbet i enter but not show in box verification code",0
A Google user,1,2026-08-15 20:51:59,পুরা ফালতু login হয় না,0
A Google user,1,2026-08-15 20:42:24,"No internet, in signin page",0
A Google user,5,2026-08-15 19:33:38,My gp is a very very nice apps,0
A Google user,1,2026-08-15 17:54:51,ফালতু শালারা কোন ভালো অফার দেয় না,0
A Google user,1,2026-08-15 16:56:55,improve useless app,0
A Google user,5,2026-08-15 15:46:34,Very interesting.,0
A Google user,4,2026-08-15 15:15:10,very good service,0
A Google user,5,2026-08-15 13:50:58,অনেক ধন্যবাদ,0
A Google user,5,2026-08-15 11:31:59,very nice pack. I want more pack as reasonable price.,0
A Google user,1,2026-08-15 10:54:48,বোকাচোদা সিম,0
A Google user,5,2026-08-15 10:32:50,an extraordinary app,0
A Google user,5,2026-08-15 01:08:37,good my GP app,0
A Google user,1,2026-08-14 23:33:52,frustrating app.when download any video network gone.,0
A Google user,5,2026-08-14 23:12:18,"Easy to buy and can see balance, gift family members and offer notifications. At a glance can see all details.",4
A Google user,5,2026-08-14 22:18:15,easier and user friendly,0
A Google user,5,2026-08-14 21:40:27,very good apps!,0
A Google user,5,2026-08-14 19:28:34,No.1 Network.... My best choice of Grameenphone Network.,0
A Google user,5,2026-08-14 18:08:53,date of 7 day is the best,0
A Google user,1,2026-08-14 15:10:20,অন্য অপারেটরের তুলনায় আপনাদের বান্ডিল প্যাকেজের দাম অনেক বেশি।,0
A Google user,5,2026-08-14 14:55:34,Good service,0
A Google user,5,2026-08-14 14:12:42,not so much good,0
A Google user,5,2026-08-14 11:45:50,not bad.. really good,0
A Google user,5,2026-08-14 10:36:47,Excellent Network,0
A Google user,5,2026-08-14 10:19:10,This App is very helpful for buying internet and minute offer.,0
A Google user,3,2026-08-14 05:24:37,bad GP internet minutes high rate package,0
A Google user,5,2026-08-14 00:35:56,Great and helpful,0
A Google user,1,2026-08-13 23:31:43,সবথেকে বাজে কাস্টমার সার্ভিস এবং লুটপাটের জন্য সেরা । এদের সিস্টেম জঘন্য ।,0
A Google user,5,2026-08-13 22:27:53,deactivat lost sim option nai kno,0
A Google user,5,2026-08-13 21:59:17,"Alhamdulillah, good apss",0
A Google user,5,2026-08-13 18:19:55,Excellent experience with my 2 sims so far. Wish Gp maintains this dedicatedly & offers more customer friendly services in going forward .Thanks to Gp.,0
A Google user,5,2026-08-13 17:52:53,gift option no working,0
A Google user,1,2026-08-13 17:29:57,very week work in Bangladesh 🤬,0
A Google user,5,2026-08-13 16:54:10,very good app,0
A Google user,5,2026-08-13 15:38:12,খুব ভালো এপস,0
A Google user,5,2026-08-13 15:12:17,যদি সবসময় এরকম ভালো সার্ভিস দেন। প্রশংসার যোগ্য আপনারাই।,0
A Google user,5,2026-08-13 14:41:31,"The MyGP app provides an excellent and convenient customer experience. It is smooth, user-friendly, and makes managing mobile services much easier. Previously, MyGP offered some very economical packages, which were especially useful for regular users. However, as my usage has increased, I now spend more on the service, and I’ve noticed that many of the more affordable packages are no longer available. Overall, the app itself is excellent, reliable, and easy to use. I would just apprecia",11
A Google user,1,2026-08-13 12:44:14,ফালতু নোটিফিকেশন সিস্টেম 👎🤬,0
A Google user,5,2026-08-13 11:05:16,"Its service is very good, and its call experience is very amazing, tjere is no call drop.the internet speed is very high, and weekly offer makes me very inspired to use Grameenphone more and more, as a Grameenphone user, i will recomend all to use it.Thank you so much Grameenphone",1
A Google user,5,2026-08-13 09:43:35,এই এপ্চটা খুবই অসাধারণ সাবাই ব্যাবহার করতে পারেন,0
A Google user,5,2026-08-13 09:40:22,Very good offer for me,0
A Google user,5,2026-08-13 09:08:38,really appreciate it's,0
A Google user,4,2026-08-13 06:20:54,good but too many notifications.,0
A Google user,1,2026-08-13 00:13:36,not bad but not good,0
A Google user,5,2026-08-12 22:48:31,nice experience 🫂,0
A Google user,4,2026-08-12 19:11:44,আমি সাধারণত সব সময় মাই জিপি অ্যাপ এর মাধ্যমে রিচার্জ কিংবা অন্যান্য সুবিধা নিয়ে থাকি।আমার মনে হয় অন্য অ্যাপস এর থেকে এই অ্যাপসের একটু ডিসকাউন্ট থাকা জরুরী।উদাহরণস্বরূপ বিকাশ নগদ থেকে এর থেকে বেশি ডিসকাউন্ট পাওয়া যায় মাঝে মাঝে,0
A Google user,1,2026-08-12 19:00:54,offer not satisfaction,0
A Google user,5,2026-08-12 17:39:43,i'm moste intersted,1
A Google user,3,2026-08-12 12:48:42,call charge Rate High,0
A Google user,1,2026-08-12 12:25:15,"Day by day, Price of internet packages are going insane! It's not logical anymore. As a student, it's ridiculous to pay that much price for the amount of internet they offer. They should bring some Justice here. I have been using this SIM since 2016, As a long time user, Im not happy with this at all. Hope to see a noticeable step to bring the price Down.",7
A Google user,5,2026-08-12 11:36:49,ওয়াও থ্যাঙ্কস ইউ লাভ ইউ আই লাভ ইউ গ্রামীনফোন,0
A Google user,1,2026-08-12 11:36:36,আজে বাজে ( বিশেষ করে মহিলাদের শরীর দেখানো নাটকের) অ্যাড দেখানো এবং জোরে জোরে ভাইব্রেট তৈরি করে নোটিফিকেশন পাঠানোর মতো ছোটোলকি কাজগুলো ইদানিং আপনারা অবলীলায় করে যাচ্ছেন । যারা সৎভাবে business করেন তাদের এসব সার্কাস দেখাতে হয় না । আর যারা ভালো কাস্টমার তারা এমনিতেই ভালো business company চিনতে পারেন । এগুলোর কারণে আমাদের মতো আন্তরিক কাস্টমাররা আপনাদের ছাড়ার চিন্তা করছে। ভালো হয়ে যান !,4
A Google user,5,2026-08-12 09:37:40,very fast exelent,0
A Google user,5,2026-08-12 00:14:36,"Good, But big cost on offer Rate.",1
A Google user,5,2026-08-11 20:43:36,nice but display colour black this for so beautiful.,0
A Google user,5,2026-08-11 16:19:06,Very nice app,0
A Google user,1,2026-08-11 12:26:50,The price of internet or minutes is very high.,0
A Google user,5,2026-08-11 10:50:45,amazing experience,0
A Google user,5,2026-08-11 09:29:45,Its a good and helpful app.,0
A Google user,2,2026-08-11 01:55:13,When my mobile MB runs out or internet runs out I can't access this to buy MB. i think this is the worst part of these apps.,1
A Google user,5,2026-08-10 23:43:04,very help full app,0
A Google user,5,2026-08-10 22:08:27,It's very helpful,0
A Google user,4,2026-08-10 19:35:02,Gp is best operator for my now.,0
A Google user,1,2026-08-10 19:33:56,"আমি খুবই দুঃখের সাথে বলছি ,এই নিয়ে আমি দ্বিতীয়বারের মতো খুব হেসেল হইলাম আপনাদের কাছে। আমি আপনাদের মডারেটর কাছে কমপ্লেন করেছি। কাইন্ডলি আপনাদের ভুলগুলো শোধরাবেন। অতিরিক্ত মাত্রায় এমবিতে টাকা নেওয়া। ঘন্টা খানিক বাদে সেই টাকার দাম আবার বাড়িয়ে দেওয়া। মেয়াদ নিয়ে বিভিন্নভাবে দ্বিধাদ্বন্দ্ব হওয়া। আপনাদের কাছে অনুরোধ কাইন্ডলি আপনারা এগুলো ঠিক করবেন। সবাই খুব কষ্ট করে টাকা ইনকাম করে। বাংলাদেশে এত ভালো পরিস্থিতি এখনো হয়নি ।",0
A Google user,5,2026-08-10 17:41:38,a convenient way to buy packs...,0
A Google user,1,2026-08-10 17:27:52,মাই জিপি অ্যাপস অনেক ভালো,0
A Google user,5,2026-08-10 15:23:49,it's amazing app,0
A Google user,1,2026-08-10 13:03:25,very poor quality app.I cannot see incoming calls or SMS.,0
A Google user,5,2026-08-10 12:56:13,onek valo offer,0
A Google user,5,2026-08-10 10:30:56,Thank You Gp.. Best apps,0
A Google user,1,2026-08-10 09:20:21,Just how greedy can a company get? The packages are very overpriced and extremely low expiration days. I am forced to use GP as there is no other provider tower in my area. The call rate makes no sense.,24
A Google user,1,2026-08-10 09:09:56,very bad experience,0
A Google user,4,2026-08-10 01:19:41,nice and easy to control good 👍,0
A Google user,1,2026-08-09 22:23:51,too expensive buy Internet,0
A Google user,5,2026-08-09 22:00:53,very good apo,0
A Google user,1,2026-08-09 20:41:52,সব থেকে খারাপ সার্ভিস। তারপর বিনা নোটিশ এ লোনের পরিমান কমিয়ে দেয়। offer এর দাম খুব বেশি। অল্প টাকার যে offer তার স্পিড বাড়িয়ে দিয়ে খুব তারা তারি mb কেটে নেয়। সার্জিস center এ nock বা কল দিলে বলে আমারা কিছু জানি না 😮‍💨😮‍💨আমি ব্যবহার করে খুব অনুপকৃত হয়েছি দয়া করে আর কেউ ব্যাবহার করবেন না,0
A Google user,5,2026-08-09 19:27:07,my Favourite gp,0
A Google user,3,2026-08-09 17:38:39,pack price is very expensive 😞,1
A Google user,1,2026-08-09 17:06:39,অন্যান্য কম্পানির অ্যাপসে ইনকামিং কল হিস্টরি দেখা যায় কিন্তু গ্রামীনফোনে দেখা যায় না বাজে একটা সার্ভিস,1
A Google user,5,2026-08-09 16:13:27,অনেক ভালো এই apps,0
A Google user,5,2026-08-09 13:51:49,Today is mygp Ten years. 09.08.26,0
A Google user,1,2026-08-09 13:16:57,Vai under 100 tk 30 days er offer thakle student DER jonno Valo hoito....,0
A Google user,5,2026-08-09 12:54:49,this is good,0
A Google user,4,2026-08-09 12:51:46,call and internet very high rate Rates should be kept affordable.,0
A Google user,4,2026-08-09 11:37:03,কলরেট এবং ইন্টারনেট অফারের মূল্য কমানোর দাবী করছি।,0
A Google user,1,2026-08-09 10:53:37,"⭐ 1/5—Scammers, Misleading Offers, Confusing Information & Terrible Support Very disappointing! Grameenphone’s offer descriptions are often unclear or misleading. Sometimes the advertised benefits don’t match what customers receive after purchase, making people feel cheated. They also fail to update descriptions when offers change. The live chat is equally frustrating—it can refresh and end suddenly without solving the issue. GP seriously needs to fix its offer information and customer support.",4
A Google user,5,2026-08-09 09:29:41,Excellent 👌👌,0
A Google user,2,2026-08-09 08:08:39,can't recharge without any pack or balance. All package rat are vary high.,2
A Google user,5,2026-08-09 07:11:04,Rate is so high. Apps performance is good,0
A Google user,1,2026-08-08 22:37:15,Grameen er phone na Dakatir-phone bolle besi balo hoy eto dam MB+ call Rate er 3tk per min!!! Age to gp sottikar-orte grameen cilo ekon Dakati. 😡😡😡,0
A Google user,5,2026-08-08 21:29:02,very very nice,0
A Google user,1,2026-08-08 21:13:52,offer price high,0
A Google user,5,2026-08-08 21:08:45,Good Service but high price,0
A Google user,1,2026-08-08 20:49:38,You are totally rubbish. How possible to give you pack 498 tk only for 10GB & 200 min. Your pack totally is unexpected for general user.,4
A Google user,1,2026-08-08 20:24:34,Where is my balance and stuff? 🤷 The homepage is extremely bloated.,0
A Google user,3,2026-08-08 19:41:37,esim convert করার অপশন চালু করেন,0
A Google user,1,2026-08-08 19:36:26,sucks the blood of poor,0
A Google user,4,2026-08-08 17:15:12,"It's work good, amazing opportunity to recharge myself to my account.",0
A Google user,5,2026-08-08 15:41:58,Good service,0
A Google user,1,2026-08-08 15:37:13,Contains unwanted adds. boring.,0
A Google user,3,2026-08-08 15:18:31,"Poor service, no accountability, No data package consumption clarification. GP is just a robbery gang.",0
A Google user,5,2026-08-08 11:34:57,bery good Apps,1
A Google user,4,2026-08-08 11:16:36,"When recharging money through bKash from My GP app, if the bKash number is saved, then the money is deducted from bKash as soon as you click on the confirm button. In my opinion, after clicking on the confirm button, an OTP will come from bKash, and after entering that OTP, the money is deducted from bKash.",2
A Google user,5,2026-08-08 08:30:57,নাইস ভালো 😍😍🥰🥰,0
A Google user,5,2026-08-08 07:19:58,nice app get nice pack,0
A Google user,5,2026-08-08 04:05:31,খুব ভালো ধন্যবাদ,0
A Google user,5,2026-08-08 02:36:42,best experience,0
A Google user,5,2026-08-08 00:12:59,very good app,0
A Google user,2,2026-08-07 23:24:14,ফ্রি অফার দেইনা🤬,0
A Google user,1,2026-08-07 23:21:40,অ্যাপ থেকে অন্য নাম্বারে রিসার্চ করতে গিয়ে অযোধ্যায় আমার টাকা কেটেছে আরেক জায়গায় পেমেন্ট হিসেবে। কিন্তু রিচার্জ হয়নি।,0
A Google user,1,2026-08-07 22:01:45,"Worthless App and connection. We are not using the internet package for free. So, why is the 5G and stable connection not available yet.",4
A Google user,1,2026-08-07 21:52:49,"it cuts my bikas money,,,without my parmission",0
A Google user,1,2026-08-07 21:47:33,100 10 জিবি 7 দিন ম্যাপ দিলে ভালো হয়,0
A Google user,5,2026-08-07 20:33:48,Alhamdulillah MyGP app er service.. and all Agent der kotha o.. Mashallah shotti khob valo.....,0
A Google user,1,2026-08-07 19:57:18,toooo much offers and stuff on homepage. Can't even find the necessary options. There is no option for auto renewal of flexiplan.,3
A Google user,1,2026-08-07 18:29:00,Pathetic app.No offers of low cost.Students must avoid gp.It's only for rich kiddos now.,0
A Google user,1,2026-08-07 16:33:16,All prices higher.,0
A Google user,5,2026-08-07 15:23:39,খুবই সাহায্যকারী অ্যাপস,0
A Google user,5,2026-08-07 14:05:00,most expensive,0
A Google user,5,2026-08-07 13:24:15,thanks for time,0
A Google user,5,2026-08-07 10:25:24,many may thanks for this spp,0
A Google user,3,2026-08-07 09:04:57,Internet package price is too high.,1
A Google user,5,2026-08-07 08:07:16,Users friendly!,0
A Google user,1,2026-08-07 04:57:31,"Usage history update hoina thik moto, r update hoileu call list er all number show korena🙄",0
A Google user,1,2026-08-06 13:45:14,"mb price is too much, you should reduce mb price",0
A Google user,1,2026-08-06 11:53:58,Offline e kaj kre na tai onk baje ata,0
A Google user,2,2026-08-06 10:27:35,"Internet pack ptice is soo much high, inter is not available in every where.",1
A Google user,2,2026-08-06 09:35:49,আমি গ্রামের মাই জিপি অ্যাপসটা নিয়ে খুবই গর্বিত,0
A Google user,5,2026-08-06 07:56:37,Good Service.,0
A Google user,5,2026-08-06 06:59:03,"আলহামদুলিল্লাহ ভালো,,জাজাকুমুল্লাহু খইরন🤲",0
A Google user,4,2026-08-05 23:18:53,network is good but call rate cost is too high.,1
A Google user,1,2026-08-05 21:56:42,"খুবই বাজে আর বিশ্রী অ্যাপ,,, 🤬,,,, অল্প টাকায় ভালো অফার দেয় কিন্তু অফার বেশি গুন থাকে না এমন ভাবে টাকাগুলা কাটে যা বলার বাহিরে",0
A Google user,5,2026-08-05 21:28:03,"Great, reasonable & quick app performance for Grameenphone.",2
A Google user,2,2026-08-05 21:07:25,good offer.... but lo offer praise please 🥺,0
A Google user,5,2026-08-05 14:23:21,Excellent Timing for me..😩,0
A Google user,5,2026-08-05 10:47:07,very smart my Gp apps,0
A Google user,5,2026-08-05 10:46:00,এটা আসলেই চমৎকার একটা অ্যাপ। ‌ একদম সহজ এবং স্মার্টলি ইউজ করা যায়।‌,0
A Google user,5,2026-08-05 09:15:32,"best offers, best sim.best internet",1
A Google user,5,2026-08-05 06:30:49,"১ মাসের জন্য আরো কম টাকার একটা প্যাকেজ করলে ভালো হত। যেমন ১৫০ টাকায় ১০ জিবি, ১২০ টাকায় ৮ জিবি অথবা ৯০ টাকায় ৬ জিবি ইত্যাদি।",0
A Google user,5,2026-08-05 05:10:41,good take than puickly,0
A Google user,5,2026-08-05 01:28:06,internet pack e Net surfing 10/10,1
A Google user,5,2026-08-05 01:11:24,ভাই ভালো অপার দিতে পারেন না এত টাকা হলে ভাই কিভাবে আমরা রিচার্জ করে এমবি বরভো,0
A Google user,1,2026-08-05 00:05:16,"total Trash app, verification code not working & so more 💩app",1
A Google user,3,2026-08-04 22:10:15,price is very high,0
A Google user,5,2026-08-04 19:27:55,extraordinary performance gp Network thanks,0
A Google user,1,2026-08-04 19:05:19,this net problem,0
A Google user,1,2026-08-04 18:51:05,অনেক শ্লো একটা এপ।কাজই করে না,0
A Google user,5,2026-08-04 17:48:49,good service,0
A Google user,1,2026-08-04 17:28:01,"Grameenphone acts like a premium brand, but the experience feels cheap. 1. Illogical and overpriced data packs. 2. Slow internet for the price. 3. Unnecessary device restrictions for 5G, VoLTE and VoWiFi. 4. Customer support is often unhelpful and doesn't seem to understand customers' problems. 5. Too much marketing, too little improvement. Stop acting like a premium brand when the service doesn't feel premium.",1
A Google user,5,2026-08-04 13:25:45,Very good app,0
A Google user,4,2026-08-04 12:16:09,I'm very satisfied best app,0
A Google user,5,2026-08-04 11:07:14,my favorite app,0
A Google user,5,2026-08-04 10:35:06,এম বি কিনতে কিনতে জিবন শেষ,0
A Google user,1,2026-08-04 10:31:04,MyGP_এ লগইন করতে পারছি না। লগইন হয়ে আবার Back_এ চলে যায়।পুনরায় রেজিষ্টার করতে বলে।সমস‍্যা কি?,0
A Google user,5,2026-08-04 08:40:01,Good service,0
A Google user,5,2026-08-04 08:37:26,"grameenphone services very good, I wish this company future go ahead.",0
A Google user,1,2026-08-04 08:16:01,Too much expensive..not recommend,0
A Google user,5,2026-08-04 05:18:24,👑Exciting and Obviously EXCELLENT✍️,0
A Google user,3,2026-08-03 22:15:10,it's very useful,0
A Google user,4,2026-08-03 20:33:15,good service,0
A Google user,1,2026-08-03 20:16:11,"The flexiplan combination system is poor, and the prices of the internet pack offers are way too high.Internet packs should be more affordable.",0
A Google user,5,2026-08-03 20:05:42,Good Service and Good offer,0
A Google user,5,2026-08-03 18:47:51,good service.,0
A Google user,5,2026-08-03 16:12:29,অফার ঠিক আছে কিন্তু মেয়াদ বাড়ালে আমাদের জন্য ভালো হয় আর কি.?,0
A Google user,1,2026-08-03 14:19:15,highest call rate and interest cost than all other operators,1
A Google user,1,2026-08-03 14:04:17,not so good net......loading.......,0
A Google user,5,2026-08-03 13:06:17,feeling great to use,0
A Google user,1,2026-08-03 10:51:38,How kind of apps!lis this??!!!! it's very bad . don't show call history,0
A Google user,1,2026-08-03 10:42:55,অফারের দামটা একটু বেশি,0
A Google user,3,2026-08-03 08:52:06,"Jokhon notification Ashe tokhon ato jore vibrate kore phone , majhe majhe mone hoy Kono shomossha Hoye gechhe phone e . Aita baad den please",0
A Google user,5,2026-08-02 23:20:44,আমাকে যদি ১০০ টাকা লোন দিতেন ভালো হতো আমাদের একানে রিচার্জ করার দুকান অনেক দুরে তাই🥹🙏,0
A Google user,5,2026-08-02 22:53:11,very nice apps Miss you,0
A Google user,2,2026-08-02 22:49:11,disgusting service and very expensive internet price🤮,0
A Google user,1,2026-08-02 21:51:46,শালারা টাকা বেশি করে,0
A Google user,1,2026-08-02 21:46:46,"I have to say that there is no such bad network anymore. When you try to play games, there are so many network problems. You can't play games because of network problems, all you can do is complain.",0
A Google user,5,2026-08-02 20:13:22,outstanding apps.,0
A Google user,4,2026-08-02 19:41:07,It's really a wonderful software,0
A Google user,5,2026-08-02 18:17:41,"খুব ভালো, কিন্তু দাম আর একটু কমাতে হবে",0
A Google user,5,2026-08-02 16:46:39,you should reduce the monthly pack rate for internet and minute pack,0
A Google user,1,2026-08-02 14:31:35,too much expensive,1
A Google user,1,2026-08-02 14:00:18,"বিজ্ঞাপন এর ভীরে কন্টেন্ট দেখা মুশকিল। আমাকে ইমেইল করতে বলা হল। ভাবখানা এমন যে, এই বিজ্ঞাপন শুধু আমার কাছেই আসে...!! চুদির ভাইয়েরা রিভিউ পড়েও না... গতবাধা উত্তর রেডি আছে মাইরা দেয়। বার বার একই উত্তর মেইল করুন...!",0
A Google user,2,2026-08-02 13:03:21,price is to high..,0
A Google user,5,2026-08-02 12:02:19,my offer..gula aro sundor kora uchit🫡,0
A Google user,4,2026-08-02 07:22:36,dark mode 📳 system need,0
A Google user,5,2026-08-02 03:42:23,Grameen company anek Bhala service,0
A Google user,1,2026-08-02 00:13:47,"GP internet diye onek kichu kora jayna,, bisesh kore ""Bkash app"" e dhuktei pari nah. 😡😡😡😡",0
A Google user,1,2026-08-01 22:38:00,if users can't login when in need to purchase. what's the point of this app? very disappointed ☹️,0
A Google user,5,2026-08-01 21:47:18,its very good app in my life,1
A Google user,1,2026-08-01 18:00:50,i am trying to this apps but some occur to face,0
A Google user,3,2026-08-01 17:04:33,After all good.,0
A Google user,5,2026-08-01 16:36:14,good package,0
A Google user,5,2026-08-01 16:14:23,Simply The Best.,7
A Google user,5,2026-08-01 14:08:25,good experience,0
A Google user,1,2026-08-01 13:41:27,সবাইকে সঠিক অফার দেয় না,0
A Google user,5,2026-08-01 13:11:58,comfortable to use.,0
A Google user,1,2026-08-01 10:29:02,ভালো অফার আসে না,0
A Google user,5,2026-08-01 10:13:36,এমন একটি অ্যাপ যার কোন তুলনা হয় না গ্রামে গঞ্জে সব জায়গায় নেটওয়ার্ক পাই,0
A Google user,5,2026-08-01 09:56:29,nice application,0
A Google user,5,2026-08-01 09:16:26,অনেক সুন্দর একটি অফার,0
A Google user,1,2026-08-01 08:50:32,দাম বেশি করে গরীবের পয়েট কেটে লাভ নাই।,0
A Google user,5,2026-08-01 00:32:16,Internet Er Dam Koman,0
A Google user,5,2026-07-31 22:07:35,খুব ভালো এখানে আমি ফ্রিতে এক জিবি পেয়েছি 😊😜😜,0
A Google user,5,2026-07-31 20:23:32,excellent app.,0
A Google user,5,2026-07-31 19:40:47,this grameenphone network is so beautiful,0
A Google user,5,2026-07-31 19:22:54,most popular app in BD,0
A Google user,1,2026-07-31 18:45:28,"Grameenphone, the country's number one bad SIM",1
A Google user,5,2026-07-31 15:47:57,আমি চাই এটা যেন সবাই ব্যবহার করে তুই একটা অনেক ভালো আমাকে ১ জিবি ইন্টারনেট ফ্রিতে দিয়েছে 🥰🥰🚨,1
A Google user,1,2026-07-31 15:47:54,"আমার ফোনে এমবি না থাকলে, আপনাদের মাইজিবে থেকে যদি ফ্রিতে আমি আমার ইন্টারনেট প্যাকেজটি খুঁজে নিতেই না পারি তাহলে মাই জিপে অ্যাপস এর কি দরকার? আমার কাছে এমবি আছে ওয়াইফাই আছে মাই জিপি অ্যাপস আছে ওয়াইফাই নাই ইন্টারনেট নাই আমার মাই জিপি অ্যাপস থেকে যে আমি ইন্টারনেট প্যাকেজ খুজবো সেটার অপশন নাই এটা কেন থাকবে? আমার ফোনে এমবি নাই আমি মাই জিপি অ্যাপসে ফ্রিতে ঢুকবো ইন্টারনেট প্যাকেজ খুঁজবো কিনব তারপর আবার ব্যবহার করব তাই না?",0
A Google user,5,2026-07-31 11:29:01,lokal ofar gula price gula komano dorksr,0
A Google user,5,2026-07-31 10:37:19,Thankfully app,0
A Google user,1,2026-07-31 09:08:23,trouble to open,0
A Google user,5,2026-07-31 07:22:01,very good service for internet.,0
A Google user,5,2026-07-31 04:54:43,"I am a Robi user, but when I suddenly ran out of data, Robi wouldn't give me a data loan; instead, they offered a balance loan—which couldn't be used to purchase an internet pack. That’s when I suddenly remembered my Grameenphone SIM. I turned on my old GP SIM, which had been inactive for a year, and it actually gave me a 1GB loan.",0
A Google user,5,2026-07-31 00:46:52,good for nothing,0
A Google user,5,2026-07-31 00:08:14,Excellent service,0
A Google user,4,2026-07-30 23:37:04,it's unbelievable,0
A Google user,2,2026-07-30 23:29:45,বাইন*চুদরা ২ দিন পর পর Update চায়,0
A Google user,1,2026-07-30 21:10:34,"bad experience, very poor information availability.",1
A Google user,5,2026-07-30 21:10:27,Good service.,0
A Google user,1,2026-07-30 17:47:12,ছোট ছোট মিনি অফার চাই অফারের যে দাম দামগুলো কমাতে হবে,0
A Google user,5,2026-07-30 14:54:48,Excellent App payment System..,0
A Google user,1,2026-07-30 14:31:26,এমবির দাম বেশি,0
A Google user,5,2026-07-30 13:31:57,very good app,0
A Google user,1,2026-07-30 13:18:05,"বিকাশ থেকে টাকা দিলাম ব্যালেন্স আসার জন্য, আসল মিনিট, তাও আবার সময় ২৪ ঘন্টা। অথচ আমার অলরেডি আছে এক মাসের জন্য নেওয়া মিনিট প্যাক। এটা কোন ধরনের চুরি? যদি বুঝতাম মিনিট প্যাকের জন্য কোন অপশন নাই। তাহলে নির্ধিষ্ট এমাউন্ট রিচার্জে মিনিট আসলে নিজেকে বুঝাতে পারতাম। ইমার্জেন্সি সিচুয়েশনে এ ধরনের পরিস্থিতিতে পড়লে কেমন লাগে? এটা একটা বড় ধরনের চুরি। জ্বি হ্যা। কাষ্টমার কেয়ারে কল দিলে তারা উত্তর দেয়, স্যার আপনার নির্ধিষ্ট রিচার্জে নির্ধিষ্ট মিনিট এড হয়েছে। এটা কোন সিস্টেম হতে পারেনা।",0
A Google user,5,2026-07-30 12:18:48,apps ta onek valo,0
A Google user,1,2026-07-30 10:43:15,"High price, poor quality.",2
A Google user,1,2026-07-30 09:47:15,worst package rates. It's hard to choose any package properly because none of them is budget friendly. seems like It's only made for the elites in the society.,6
A Google user,5,2026-07-30 09:44:25,is a great apps and offer good,0
A Google user,5,2026-07-30 08:13:49,Kindly add Honor phone's to the Vowifi support list.,0
A Google user,5,2026-07-30 07:33:27,very good 👍👍,0
A Google user,5,2026-07-30 07:23:16,nice apps nao,0
A Google user,4,2026-07-29 23:50:56,good service 👍👍👍,0
A Google user,5,2026-07-29 23:21:03,My GP app sign in problem please solve this problem please,0
A Google user,1,2026-07-29 19:40:35,offer are so expensive,0
A Google user,5,2026-07-29 13:23:59,"i found all my way its helpful, easy and lucrative. recommended.",3
A Google user,1,2026-07-29 11:55:22,আমি ২৯ টাকায় ১ জিবি ইন্টারনেট ক্রয় করেছি। এখন এটা আমার প্রয়োজন নেই। আমি ব্যালেন্স রিফান্ড চাচ্ছি,0
A Google user,2,2026-07-29 06:45:05,The internet spped of mygp is very good but there was a mazor problem face every user and swich robi for this resson MYGp internet price is doble about robi mygp shuold low his offfres thankyou 👋,0
A Google user,2,2026-07-29 01:04:14,offer are many expensive,0
A Google user,5,2026-07-29 00:17:36,খুবই ভালো এবং সাশ্রয়ী অফার,0
A Google user,3,2026-07-28 23:53:41,অনেক ভালো ছিল,0
A Google user,5,2026-07-28 23:21:52,love this app,0
A Google user,1,2026-07-28 22:26:10,Worst service,0
A Google user,5,2026-07-28 21:44:31,এমবির দাম একটু কোমান,0
A Google user,5,2026-07-28 19:47:03,godd for every time,0
A Google user,4,2026-07-28 19:45:32,best internet in Bangladesh,0
A Google user,1,2026-07-28 17:09:12,this is app. Bad,0
A Google user,1,2026-07-28 14:57:26,Package price very high..,1
A Google user,3,2026-07-28 14:39:29,we need cheap call rate & internet packages from app,0
A Google user,5,2026-07-28 14:10:01,Very good service,0
A Google user,5,2026-07-28 12:57:55,This app is very good Many people use it but I have one request for MyGP maker to give cheapest pagage,1
A Google user,5,2026-07-28 12:50:53,NICE AND ATRACTIVE,0
A Google user,1,2026-07-28 10:33:24,the Network is good. But offers are too costly,3
A Google user,5,2026-07-28 09:58:26,easy and user friendly,1
A Google user,1,2026-07-28 08:15:50,website is too lagging,0
A Google user,5,2026-07-28 02:25:53,good network,0
A Google user,5,2026-07-28 01:33:46,বাংলাদেশের এক চোর গ্রামিনফোন,0
A Google user,5,2026-07-28 01:05:57,ছোট থেকে আজ ১৪ বছর ছিমের বয়স আপনারা একটু খরচ কমান৷,0
A Google user,5,2026-07-27 17:10:02,grameenphone is best network is Bangladesh,0
A Google user,5,2026-07-27 15:23:45,exilent but but but No Lune Sabject,0
A Google user,5,2026-07-27 14:36:30,Very good and necessary app,0
A Google user,2,2026-07-27 13:52:26,মিনিট বেশি করে কাটে,1
A Google user,5,2026-07-27 12:03:43,User Friendly,0
A Google user,5,2026-07-27 09:28:31,grate app for gooners,0
A Google user,3,2026-07-27 09:02:44,This apps save money,0
A Google user,5,2026-07-27 06:18:30,This app is very helpful,0
A Google user,5,2026-07-27 04:22:36,medium service,0
A Google user,1,2026-07-27 00:40:31,47 পয়সা মিনিটের অফার টা যাইহোক মোটামুটি ভালো ছিলো।বর্তমানে খুবই খারাপ অবস্থা। ভালো কোনো অফার নাই।আর যে অফার দেয় তার মেয়াদ শেষ হয়ে গেলে মনে হয় ৫টাকা মিনিট কাটে।জিপি সিম ব্যবহার করা বাদ দিয়ে দিবো ভাবতেছি।,0
A Google user,1,2026-07-26 23:49:36,"Very poor system, package prices increase every month, packages are designed in a way that robs the customers. Useless.""",4
A Google user,5,2026-07-26 23:16:34,good app service,0
A Google user,5,2026-07-26 23:02:36,apps is not running in my mobile,0
A Google user,3,2026-07-26 22:08:00,"It's actually a really helpful app to customize offers, but it suddenly cancels internet packs sometimes cause of some errors. But after chatting with the help center they correct it . Today out of nowhere the app logged me out, and now it won't let me log in. I can't get the code and to access tge help center I need ""otp"" which I can't get either for some unknown error. It's pretty frustrating!",3
A Google user,5,2026-07-26 21:58:30,Net speed amazing,0
A Google user,5,2026-07-26 21:39:59,excellent job 👍,0
A Google user,5,2026-07-26 19:25:20,Thanks for good service,0
A Google user,5,2026-07-26 17:29:54,very helpful,0
A Google user,5,2026-07-26 16:30:31,"খুব ভালো, চমৎকার",0
A Google user,1,2026-07-26 15:30:57,"The GP network in our area is extremely poor, especially at my home during the night. Even with an active data pack and plenty of remaining data, I can barely browse the internet. I've already lodged a complaint, but unfortunately nothing has changed. I hope Grameenphone will investigate this issue and improve the network quality as soon as possible.",18
A Google user,5,2026-07-26 15:20:54,সেই সেই আগুন।🔥🔥,1
A Google user,4,2026-07-26 15:03:47,maybe there is a glitch While entering code to link account,0
A Google user,3,2026-07-26 12:52:18,"MyGP is a useful app with many essential services, but its overall UI/UX feels outdated for 2026. The app would benefit from a cleaner interface, smoother navigation, faster performance, and a more modern design. A proper Dark Mode should also be added, as it has become a standard feature that users expect from every major app. I hope the MyGP team continues improving the app to make it faster, more polished, and more enjoyable to use every day.",8
A Google user,1,2026-07-26 12:39:21,This app is becoming worse,0
A Google user,1,2026-07-26 11:24:01,"Very very bad app, sign korte otp asena time sesh hoye zay, falto app",0
A Google user,5,2026-07-26 09:46:36,THANKS GRAMEENPHONE,0
A Google user,5,2026-07-26 09:30:37,for best offer,0
A Google user,1,2026-07-26 08:27:41,Dont get any my offer.,0
A Google user,2,2026-07-26 02:42:08,please decrease your data pack prices it's very costly,1
A Google user,5,2026-07-26 02:01:13,for the best Experience and Experiment Bangladesh people... too good,0
A Google user,5,2026-07-26 01:45:53,fain and good apps,0
A Google user,2,2026-07-26 01:01:38,hey my gp app pls add 8 gb under 300 or 200 taka on flexi plan service,0
A Google user,3,2026-07-26 00:29:25,"Not bad ,but not also good.",0
A Google user,1,2026-07-26 00:19:08,baler offer dai slara,0
A Google user,1,2026-07-25 21:41:23,very disgusting,0
A Google user,5,2026-07-25 21:15:35,অনেক ধন্যবাদ আপনাকে ভালো লাগলো,0
A Google user,5,2026-07-25 19:31:48,দাম বেশি ইন্টারনেট,0
A Google user,5,2026-07-25 14:17:26,good life mygp nice app,0
A Google user,5,2026-07-25 14:00:45,good experience ❤️ best of luck GP,0
A Google user,1,2026-07-25 13:55:43,বেশী চার্জ নিয়ে নেই জিপি😡😡,0
A Google user,4,2026-07-25 13:01:29,খুবি ভারোapp,0
A Google user,5,2026-07-25 12:49:19,"good app,But not good company",0
A Google user,2,2026-07-25 12:09:07,My GP would actually be better with the new look.,0
A Google user,5,2026-07-25 11:56:35,It's the essential app to get its offers,2
A Google user,5,2026-07-25 11:38:27,falto app mb je dam 😡😡😡,0
A Google user,5,2026-07-25 07:45:23,good network service,0
A Google user,1,2026-07-24 22:01:54,can't use balance amount for offer purchase,0
A Google user,5,2026-07-24 20:12:04,good service,0
A Google user,4,2026-07-24 19:22:33,এক কথায় ভালো,0
A Google user,5,2026-07-24 19:05:00,I am satisfied.,0
A Google user,5,2026-07-24 18:48:40,Good service,0
A Google user,5,2026-07-24 18:10:00,easy to use and quick service,0
A Google user,1,2026-07-24 17:39:42,আমার ধনের কিং ভুাদারবাল দামি দামি ওফার দেওয়া চুদায় আবার বলে ওফার কিং,0
A Google user,1,2026-07-24 17:17:29,very expensive 😡,0
A Google user,5,2026-07-24 16:46:39,The good apps,0
A Google user,5,2026-07-24 16:39:25,Helpful Apps,0
A Google user,4,2026-07-24 16:01:01,good. try this.,0
A Google user,1,2026-07-24 15:49:04,expensive and worst app for offer,1
A Google user,5,2026-07-24 15:35:15,এই গ্রামীণ কোম্পানির উচিত অফারের প্রইস কমানো। ডাকাতের মতো অফার 😐😐,0
A Google user,3,2026-07-24 14:35:23,"we are from middel class family, we need 250-270 tk 30 day 15-20 GB",1
A Google user,5,2026-07-24 14:21:15,apps problem,0
A Google user,4,2026-07-24 14:12:13,best one ' my is my regular life timed ' ❤️‍🩹💢❤️‍🔥🐸🌷,0
A Google user,1,2026-07-24 13:55:59,I am not getting any offers for data and voice calls on my number.,1
A Google user,1,2026-07-24 13:43:20,stop trying to over bill me,0
A Google user,5,2026-07-24 12:47:47,It's been long time using GP! Had a great experience to using GP..,0
A Google user,1,2026-07-24 11:58:09,it's new have update is the worst update ever.,0
A Google user,3,2026-07-24 11:40:57,average lagging too much 😕,0
A Google user,5,2026-07-24 10:10:01,excellent offer I found thanks. I want to you this type of offer every moment,0
A Google user,2,2026-07-24 08:24:59,"No Dark Mode (can be forced by system; however, texts become hard to read). Grameen appears to be also much more expensive compared to other competitors.",7
A Google user,5,2026-07-24 01:13:17,"Grameenphone provides an excellent network experience. However, the ongoing issue of illegal phone hacking in Bangladesh remains a serious concern that deserves attention.",4
A Google user,5,2026-07-23 22:28:36,very nice mygp,0
A Google user,1,2026-07-23 21:41:29,bad very high prices,0
A Google user,5,2026-07-23 21:39:25,খুবই সুন্দর ব্যবহার করে নিজেকে ধন্য মনে করি,0
A Google user,1,2026-07-23 20:26:21,"এম বির রেট বেশি, আর মেদ আললিমিটেড দিয়ে উচিত টাকা দিয়ে এমবি কিনি মেদ কিসের কোন মেদ থাকবে না পিপিজ দয়া করে মেদ দিবেন না",0
A Google user,5,2026-07-23 19:33:18,beautiful ❤️,0
A Google user,5,2026-07-23 16:50:09,This app is really good,0
A Google user,5,2026-07-23 15:46:52,Excellent English Expatriate support.,0
A Google user,5,2026-07-23 14:52:01,খুব ভালো ভাই,0
A Google user,5,2026-07-23 14:16:44,easy use me md,0
A Google user,1,2026-07-23 13:56:35,সময় মতো ইনকামিং কল আপডেট হয় না বাজে একটা অ্যাপস,0
A Google user,5,2026-07-23 13:34:11,love you so Grameenphone,0
A Google user,5,2026-07-23 13:08:50,bangladesher 1 number network gramm enphone,0
A Google user,1,2026-07-23 11:48:34,বালের অফার দেয় আমার টাকায় কেনা মিনিট সময় বেধে দেয়। সাউয়ার সিস্টেম,0
A Google user,5,2026-07-23 11:28:48,খুব ভালোএপস🇧🇩👍,0
A Google user,1,2026-07-23 08:34:04,App is good.But It's packages of internet or minutes pack or both are too much cost.,1
A Google user,2,2026-07-23 08:19:31,"internet ,Minutes ,call rate price are over high",1
A Google user,5,2026-07-23 01:04:21,helpful Apps,1
A Google user,5,2026-07-23 00:30:26,only reason for free gb,0
A Google user,5,2026-07-22 23:56:38,Why I can't buy sony liv subscription for 30 days in 49 taka.Even I have 74 taka balance in my account,0
A Google user,5,2026-07-22 21:05:00,Allhamdulillah,0
A Google user,1,2026-07-22 20:32:26,it ok...too expensive now everything in GP,1
A Google user,5,2026-07-22 19:49:17,As always smooth as Wine.,0
A Google user,4,2026-07-22 16:06:30,Internet pack price is too high,2
A Google user,5,2026-07-22 15:54:16,Good supportive. Useful.,0
A Google user,5,2026-07-22 12:47:12,মাই জিপি অনেক সুন্দর একটি এপস,1
A Google user,5,2026-07-22 12:23:53,my gp apps fast and responsive with customar''',0
A Google user,5,2026-07-22 11:53:37,gp is fastest network in Bangladesh. I really injoy it to use this net work.,3
A Google user,1,2026-07-22 11:47:53,Very High price,0
A Google user,5,2026-07-22 06:28:21,Much better offer,0
A Google user,4,2026-07-22 05:52:59,ফালতু অফার। ওয়াক থু,0
A Google user,1,2026-07-22 05:29:36,"very very high price minute, mb and no good offer.. no small good offers..",5
A Google user,5,2026-07-22 03:38:33,Good and happy place giveme GB bonus,0
A Google user,3,2026-07-21 22:44:19,inform me minimum five times before ending my minute pak,0
A Google user,3,2026-07-21 21:22:47,murgapara sonargaon very poor network,0
A Google user,5,2026-07-21 20:11:22,good mobile network,0
A Google user,5,2026-07-21 19:43:48,Bangladesh Number One Sim Service Is Good ﻿😍﻿🤗,0
A Google user,1,2026-07-21 17:08:15,"the rate of mb, minute or bundle pack is very high demand. and it is very sorrowful for all kind of people of Bangladesh.",1
A Google user,5,2026-07-21 13:57:04,this is realiy good software,1
A Google user,1,2026-07-21 13:52:31,GP offers the highest call rate and expensive internet bundle in Bangladesh.,1
A Google user,3,2026-07-21 12:48:18,I have good experience...,0
A Google user,1,2026-07-21 12:39:36,"লাইভ কাস্টমার সার্ভিস বেহাল অবস্থা, বিল বকেয়া কত একবারে বলতেই পারে না। পোস্টপেইড থেকে প্রিপেইড করতে চাইছিলাম, ৩ বার বিল বললো, বলার পরে আবার বলে যে এক্সট্রা আরো রাখা লাগবে। এই কথা এক বারেই বললেই হতো।",0
A Google user,4,2026-07-21 11:07:20,"Masallah, very helpful",0
A Google user,5,2026-07-21 10:57:50,nice🥰😴🇧🇩🇧🇩🇧🇩,0
A Google user,5,2026-07-21 09:21:32,good service,0
A Google user,5,2026-07-21 08:25:40,Excitant system,0
A Google user,5,2026-07-21 07:16:37,অনেক ভালো এপ,0
A Google user,2,2026-07-21 03:08:02,"আপনাদের মিনিট প্যাক,এমবি প্যাক এর দাম দিন দিন বেড়েই চলেছে 😟",0
A Google user,1,2026-07-20 23:13:51,worst package!,0
A Google user,1,2026-07-20 21:54:35,data price is so big amount lost,1
A Google user,1,2026-07-20 20:41:56,আমার সিমে কোনো নেট নেই আমি কেনো ভাবে সাহায্য পাছি না আর কেনো ভাবে সিম টা চালু করা যায় আমি আজকে রিচার্জ করছি,0
A Google user,2,2026-07-20 20:09:58,ভালো সুবিধা দেয় কিন্তু মাঝে মাঝে স্লো কাজ করে। তবে ধন্যবাদ প্রাপ্য।🥰,0
A Google user,4,2026-07-20 18:58:09,ফ্রি এর এমবি মোটেও চলে না দয়া করে ফিক্স করুন,0
A Google user,5,2026-07-20 17:05:03,sur kankir pulara siting mader sot Ra akjon ar sim arek joner ar name bikri koros na,0
A Google user,5,2026-07-20 17:04:28,satisfactory,0
A Google user,5,2026-07-20 10:27:23,মাইজিপির অ্যাপে টাকা না থাকলেও ইন্টারনেট অফার কেনা যায় এবং তা পরিশোধ করা যায় এটি একটি অসাধারণ সুবিধা I like very much,0
A Google user,3,2026-07-20 01:45:11,দয়া করে ইন্টারনেট এর দাম কমান।,0
A Google user,1,2026-07-19 19:53:37,The call history doesn't update up to date. Then what's the meaning of using this app Last 3 days call history doesn't update. This slow synchronization only happens in my gp other while other operator providing up-to-date call history update.,0
A Google user,5,2026-07-19 16:52:49,nice app my gp,0
A Google user,1,2026-07-19 15:24:06,"very bad service,",0
A Google user,5,2026-07-19 14:23:33,This is helpful .,0
A Google user,5,2026-07-19 14:17:41,very good support,0
A Google user,4,2026-07-19 12:58:59,good but I think bundle price is too much,1
A Google user,5,2026-07-19 11:20:01,It’s going to be a wonderful experiences,0
A Google user,5,2026-07-19 11:05:40,Very helpful,0
A Google user,1,2026-07-19 08:59:37,recharge timeline need to unlimited for A-z,0
A Google user,5,2026-07-19 07:15:58,Good. Easy and helpful,0
A Google user,5,2026-07-19 05:39:08,Excellent apps,0
A Google user,5,2026-07-19 02:29:35,best app for bd network,0
A Google user,3,2026-07-18 22:59:16,students দের জন্য ছোট internet pack বানানো উচিত।,0
A Google user,5,2026-07-18 19:52:01,my Gp grameenphone nice 🙂👍🙂,0
A Google user,5,2026-07-18 18:18:01,the app is so much good for managing your all the options of grameenphone account. I also satisfied with this app 🔥💙💙,5
A Google user,5,2026-07-18 17:11:33,good service,0
A Google user,1,2026-07-18 15:07:14,sawyar net aktu game khela jay na,0
A Google user,1,2026-07-18 13:16:25,Price of the packs are so high 👎👎reduce the price of the pack,1
A Google user,1,2026-07-18 12:31:13,network setting,0
A Google user,1,2026-07-18 11:58:01,১৮ টাকা লোন হইছে। একাউন্টে ৮ টাকা আছে এবং ১০ মিনিট আছে। তার পরে বলছে তোমার মোবাইলে টাকা।,0
A Google user,3,2026-07-18 03:55:58,"খারাপ নহে, চালান যায়",0
A Google user,1,2026-07-18 00:55:23,"to much expensive according to other company sim 😑😖,,,,this is to much disturbing. updare to update price increases 😡 so much. Don't use this Sim -Grameenphone 👎",1
A Google user,5,2026-07-17 22:48:27,The Grameenphone app is very useful. I especially like the Flexiplan service.,6
A Google user,1,2026-07-17 21:45:03,Takes more money in app it will reduce it,0
A Google user,4,2026-07-17 19:22:34,আপনাদের গেমিং অপশনে free fire add করলে অনেকেই 💎 ডায়মন্ড ক্রয় করতে পারবে বলে আমি মনে করি ❤️❤️❤️,0
A Google user,5,2026-07-17 19:20:22,It's very useful check everything. good app,0
A Google user,5,2026-07-17 19:18:48,very good app.But a problem it i's not use without data.So many people suffering to buy internet data & talk time.we hope it is run without data.Thanks.,4
A Google user,1,2026-07-17 19:14:37,not good service 😡,0
A Google user,5,2026-07-17 18:24:20,অফারটা দারুন ছিল কিন্তু মিনিটটা কমিয়ে যদি এমবি টা বাড়িয়ে দেওয়া যেত অনেক ভালো হতো,0
A Google user,4,2026-07-17 14:28:14,my favorite my GP app,0
A Google user,3,2026-07-17 11:33:48,good but so much rate plan by the other network such as airtel,1
A Google user,1,2026-07-17 10:36:10,baler sim kono offer nai,0
A Google user,5,2026-07-17 10:26:19,awesome service,0
A Google user,5,2026-07-17 08:41:32,excellence performance,0
A Google user,5,2026-07-17 01:16:21,This app has made it easy to use and recharge gramin phones. It really works like magic. Thank you for this.,0
A Google user,5,2026-07-17 00:36:51,beautiful app,1
A Google user,5,2026-07-16 23:23:46,"এপটি সুন্দর, অনেক অফার পাওয়া যায়, কোন এড নেই",0
A Google user,1,2026-07-16 23:15:17,High Rate Offer.,0
A Google user,5,2026-07-16 13:39:41,ami GP babohar kora onnak khusi toba package ar rate ta komala aktu valo hoto,0
A Google user,5,2026-07-16 13:21:41,good and my favourite app,0
A Google user,5,2026-07-16 12:24:43,sometimes it gives us hilarious offrers. and we're happy with it!!,3
A Google user,4,2026-07-16 10:00:35,ভালো দিক খারাপ দিক দুইটাই আছে। ভালো দেখাচ্ছে ইন্টারনেট ভালো পায় তবে ইন্টারনেটের দাম ও খরচ বেশি।,0
A Google user,1,2026-07-16 08:36:23,less minute with high prices so sad.,0
A Google user,5,2026-07-16 06:28:10,gp was great service future helpfull,0
A Google user,1,2026-07-16 02:04:38,high call radge,0
A Google user,1,2026-07-16 01:55:38,Very poor customer service.,0
A Google user,1,2026-07-16 01:46:34,"Sawyar app,,khela dekhar jonno pack kinlam,,ar net pay na,,bokachoda app🤬🤬",0
A Google user,1,2026-07-16 01:43:56,আমি এই অ্যাপসের খেলা দেখতে টাকাছি কিন্তু আমি খেলা দেখতে পারি নাই আমি যদি খেলা না দেখতে পারি তবে আমার টাকা ফেরত চাই,0
A Google user,1,2026-07-16 01:29:23,"Fifa World Cup Pack is a total scam. Money wasted, video buffers every single second! Worst service ever.""",1
A Google user,1,2026-07-16 01:17:29,Network connection is very weak..,1
A Google user,1,2026-07-16 01:11:33,টাকা দিয়ে নেট মিনিট কিনি।।। এরপরেও মেয়াদ এর প্রশ্ন আসবে কেন ভণ্ডের দল!!! একটা জুলুমের নিয়ম নিজেরা ইচ্ছামত বানাইয়া >> আমার যে কত হাজার হাজার টাকার মিনিট নেট মাইরা দিসস...আল্লাহ বিচার করবই...,0
A Google user,5,2026-07-16 00:28:01,আরো ভালো অফার চাই,0
A Google user,5,2026-07-16 00:16:14,"great app...বাংলাদেশে আজ যে ৮ কোটিরও বেশি মানুষ গ্রামীণফোনের সংযোগ ব্যবহার করছেন, তা কেবল একটি সংখ্যা নয়। গ্রামীণফোন এদেশের মানুষকে একে অপরের সাথে যুক্ত করার পাশাপাশি ব্যবসা-বাণিজ্য ও অর্থনীতিকে ডিজিটাল যুগে প্রবেশ করানোর প্রধানতম চালিকাশক্তি হিসেবে কাজ করেছে।",0
A Google user,1,2026-07-15 21:45:49,অফার ভালো দেয় না,0
A Google user,4,2026-07-15 19:58:22,"Bangladesh now issues NID cards from age 16, so I hope GP will consider allowing SIM registration for 16+ NID holders. In many cases, parents register a lower age for their children, which can create age-related issues even when someone is actually 18+. Please consider giving users under 18 with valid NID cards the opportunity to complete registration. This would help many young users access mobile services more easily.",0
A Google user,5,2026-07-15 17:57:34,well service,0
A Google user,5,2026-07-15 16:01:09,Nice app 🤩🤩🤩,0
A Google user,5,2026-07-15 15:44:50,I am happy with mygp. I already filled up my winning champion a month before about the country team here in mygp raffle award form..,0
A Google user,5,2026-07-15 15:21:38,very Super fast,0
A Google user,5,2026-07-15 13:22:54,My Gp very helpful app's. thank you GP❤️,0
A Google user,1,2026-07-15 13:15:21,সোনাগাজী ফেনীতে নেট ও অনেক স্লো রেট ও অনেক বেশি অফার তো আসেইনা,0
A Google user,2,2026-07-15 12:30:52,Too much expensive. Should minimize the rate of package.,3
A Google user,2,2026-07-15 09:44:14,too much expencive,0
A Google user,1,2026-07-15 02:08:51,"আমরা বিশ্বকাপ দেখতেছি ফ্রি তে, আর মাই জিপি তে এক দিনের এক্সেস ২৮ টাকা ব্যবসা শুরু করছেন নাকি",0
A Google user,4,2026-07-15 00:59:56,Aro valo offar diben pliz 🙏🥹,0
A Google user,5,2026-07-15 00:53:12,"It's awesome Quality,Quantities and Excellency.",0
A Google user,1,2026-07-15 00:07:18,প্যাকেজের দাম অনেক বেশী,0
A Google user,1,2026-07-14 23:50:00,worst network.,0
A Google user,5,2026-07-14 23:31:29,nic 1gb graminphhon,0
A Google user,5,2026-07-14 22:56:32,always efficient,0
A Google user,5,2026-07-14 22:33:36,Very very nice offer this garameen app,0
A Google user,5,2026-07-14 21:44:30,"ভালো হতো যদি App-এ ব্যালেন্স, ডাটা ও মিনিট প্যাকেজসমূহের মেয়াদ পাশাপাশি উল্লেখ থাকতো। তাহলে মেয়াদ দেখার জন্য বাড়তি ক্লিক করে আরো ভিতরে প্রবেশ করতে হতো না। অন্যান্য অপারেটরে যেটা হোম মেন্যু/ড্যাশবোর্ডেই দেখা যায়। আশা করি কর্তৃপক্ষ ব্যবস্থা গ্রহণ করবেন। ধন্যবাদ",0
A Google user,3,2026-07-14 21:40:25,I think its save money.,0
A Google user,5,2026-07-14 21:01:29,just Wow Apk,0
A Google user,5,2026-07-14 19:01:04,Very good in emergency work,0
A Google user,5,2026-07-14 18:37:03,গ্রামীণ অনেক ভালো,0
A Google user,5,2026-07-14 17:43:54,Good for internet pack..you can buy internet pack with emergency balance,0
A Google user,2,2026-07-14 17:42:27,ভাই ফ্রিতে মেসেজ না দিয়ে 10 এমবি করে দিলেও ভালো হয় যেন ম্যাসেঞ্জার চলে,0
A Google user,5,2026-07-14 17:34:50,East or west my gp is the best,0
A Google user,5,2026-07-14 17:17:16,আনেক ভালো একটি অ্যাপ ভালো না বলে থাকতে পারলাম না প্রায় দিনি ১জিবি এমবি ফ্রী তে দেয়,0
A Google user,5,2026-07-14 16:46:49,All the best,0
A Google user,5,2026-07-14 15:37:45,gp app is very good,0
A Google user,5,2026-07-14 15:32:44,অনেক ভালো একটা এপ,0
A Google user,5,2026-07-14 09:34:40,কি গ্রামীন সিম ব্যবহার করবো বলেন যে হারে অফারের দাম সে হূরে আমাদের গ্রামীন সিম ব্যবহার করা বন্ধ করতে হবে,0
A Google user,5,2026-07-14 08:47:48,My favorite mygp,0
A Google user,5,2026-07-14 07:34:00,মাই জিবী অপ্যাস,0
A Google user,5,2026-07-14 04:09:08,so much help full,0
A Google user,5,2026-07-14 01:13:36,Too much easy service . thank you Grameen phone .,3
A Google user,5,2026-07-14 01:03:24,good and easy,0
A Google user,5,2026-07-13 22:21:33,অনেক সুন্দর এ্যাপস,0
A Google user,5,2026-07-13 21:18:37,is so good 😊,0
A Google user,5,2026-07-13 20:36:09,Good luck 🤞🤞,0
A Google user,5,2026-07-13 20:26:20,বাড়ি বিক্রি করে গ্রামীণ সিমে অফার কিনতে হবে যে অবস্থা,0
A Google user,5,2026-07-13 17:04:40,Good luck My Gp,0
A Google user,5,2026-07-13 17:04:12,Nice App. Thanks,0
A Google user,5,2026-07-13 16:54:34,good for other apps,0
A Google user,5,2026-07-13 15:11:59,faltu app dam beshi sob kisur🙂,0
A Google user,5,2026-07-13 13:51:09,"go r the best network, best go telecom which of them one ,who can trust by customer by ther services",0
A Google user,5,2026-07-13 13:02:49,MB er Dam Kom Korun Please 🥺,0
A Google user,1,2026-07-13 12:23:28,এমবির offer একটু বেশি দামি,0
A Google user,4,2026-07-13 10:51:04,the app is for sim service Provider. as per other provider app this one is better,0
A Google user,5,2026-07-13 10:18:40,vary good Apps,0
A Google user,1,2026-07-13 09:31:36,to much price,0
A Google user,5,2026-07-13 06:40:20,Better then others.,0
A Google user,5,2026-07-13 06:38:48,Very easy for Me.,0
A Google user,5,2026-07-13 01:16:45,মাইজিপি (MyGP) অ্যাপের Family Pack (ফ্যামিলি প্যাক) ফিচারটি আসলেই দারুণ এবং বর্তমান সময়ে অন্যতম সেরা একটি সেবা। ​পরিবারের সবার জন্য আলাদা আলাদা করে প্যাক রিচার্জ করার ঝামেলা দূর করতে এটি দারুণ কাজ করে। ধন্যবাদ গ্রামীণফোনকে এত সুন্দর একটা প্যাক তৈরি করা জন্য।,0
A Google user,5,2026-07-12 23:50:02,এর কম আরে দিবেন,0
A Google user,4,2026-07-12 22:55:56,internet cost is very high,1
A Google user,5,2026-07-12 22:05:42,জিপি এপস কে অসাধারণ ধন্যবাদ,0
A Google user,1,2026-07-12 21:55:53,bad experience.internet service so bad,0
A Google user,5,2026-07-12 20:12:53,মিনিটের দাম বেশি,0
A Google user,5,2026-07-12 19:02:05,It's a amazing app.,0
A Google user,5,2026-07-12 18:21:00,wonderful service and offers. and also give us wonderful free gift & offers Thank you mygp thank you so much,2
A Google user,5,2026-07-12 18:12:56,I enjoyed segregation and labelling of offers.,0
A Google user,1,2026-07-12 14:57:36,এই অ্যাপ অনেক খারাপ জিবির দাম বেশি,0
A Google user,5,2026-07-12 14:41:15,Excellent app,0
A Google user,4,2026-07-12 04:43:34,দেখা যাক সামনে আরও কি কি পাই?,0
A Google user,5,2026-07-11 20:27:54,very joyfully,0
A Google user,5,2026-07-11 19:49:13,its very good,0
A Google user,1,2026-07-11 17:45:58,"The app was great before. But now it has become annoying as it's no longer a flexiplan maintaining app, it's more of multimedia now",4
A Google user,5,2026-07-11 16:26:25,nice but ret hi,0
A Google user,5,2026-07-11 16:25:25,Very fast service!,1
A Google user,5,2026-07-11 13:46:29,its rely good app,0
A Google user,5,2026-07-11 12:21:15,very nice service,0
A Google user,5,2026-07-11 12:09:17,যাদের সবসময় নেট প্রয়োজন তাদের জন্য অফারটা খুবই ভালো,0
A Google user,5,2026-07-11 11:36:06,It is a very nice app. Love it.,0
A Google user,5,2026-07-11 10:31:07,my Favorite app my gp,0
A Google user,5,2026-07-11 10:16:31,network should be more smooth all rural area specifically mobile data .,0
A Google user,3,2026-07-11 09:46:04,মাই জিপি এপস থেকে রিচার্জের সময় অনেক জটিলতা সৃষ্টি হয় আমার কাছে,0
A Google user,5,2026-07-11 09:20:43,good service 💯,0
A Google user,5,2026-07-11 04:20:45,yes my Bikash,0
A Google user,5,2026-07-11 00:47:16,very enjoyment,0
A Google user,5,2026-07-10 23:34:55,Best app for gp,0
A Google user,1,2026-07-10 21:55:58,এমবি এর দাম কবে কমাবেন সবাই তো আর মনের মতো পেকেজ গুলো কিনতে পারেনা,0
A Google user,1,2026-07-10 21:12:59,this offer price is no good and prise high,2
A Google user,1,2026-07-10 20:58:36,দেশের সবচেয়ে বড় ডাকাত হলো এই গ্রামীণফোন এর । সাধারণ মানুষের পকেট কাটছে এই চোরের দল😠😠 কোন ভালো অফার দেয় না এরা,0
A Google user,5,2026-07-10 19:18:35,good 😊 service,0
A Google user,5,2026-07-10 16:53:48,it's the very amazing,0
A Google user,1,2026-07-10 15:28:06,"No 4G, MB Loss",0
A Google user,5,2026-07-10 15:26:58,It is nice and helpful app.,0
A Google user,1,2026-07-10 14:19:50,every package rate high,1
A Google user,5,2026-07-10 11:25:20,"Its good, UI & Others Information easy user friendly.",0
A Google user,5,2026-07-10 10:17:32,All the best,0
A Google user,5,2026-07-10 08:51:04,মাই জিপি এ্যাপ টা খুবই সুন্দর লাগে আমার কাছে 🥰🥰🥰,0
A Google user,5,2026-07-10 03:05:08,nice app wonderful service this apps,0
A Google user,5,2026-07-10 02:42:47,my gp is very helpful for me and buying internet and many others,0
A Google user,2,2026-07-10 00:25:24,they can't follow government rules.,0
A Google user,5,2026-07-10 00:23:08,ধন্যবাদ আপনারা আরও এগিয়ে যান,0
A Google user,4,2026-07-10 00:17:01,Very Very nice,0
A Google user,1,2026-07-09 22:33:42,offer prices are high..,2
A Google user,3,2026-07-09 22:15:06,good network on bandarban❤️❤️,0
A Google user,1,2026-07-09 20:30:42,network issues and expensive offers. Airtel is better than GP.,4
A Google user,1,2026-07-09 20:25:59,সমস্যা হচ্ছে আমি আমার টাকা দিয়ে ইন্টারনেট কিনি আপনারা কেন মেয়াদ নির্ধারণ করে দিবেন কে আপনাকে অধিকার দিয়েছে আমার ইন্টারনেট প্যাকেজ মেয়াদ নির্ধারণ টাকা কি গাছে ধরে সার্ভিস ঠিক আছে কার্যক্রম ভালো না,1
A Google user,5,2026-07-09 19:09:42,gaming pack it's not working,0
A Google user,5,2026-07-09 17:39:39,helpfull app,0
A Google user,1,2026-07-09 15:08:53,"Grameenphone is just not value for money,this is the shittiest network company in Bangladesh at this point,they don't give a damn about their customers. Their prepaid packages are highly questionable,,beware of such scammer company.",1
A Google user,5,2026-07-09 14:34:19,very helpfull,0
A Google user,5,2026-07-09 13:03:05,Nice and good,0
A Google user,1,2026-07-09 12:28:04,seriously legal robber,0
A Google user,1,2026-07-09 12:28:03,add a active and deactive switch for package like my robi app this app is very bad 😑,0
A Google user,1,2026-07-09 11:35:17,Worst experience. High Price every package,1
A Google user,3,2026-07-09 10:10:57,it should be offline while buying the internet because how do I do it if I have no internet in an emergency,0
A Google user,5,2026-07-09 08:37:01,এই আ্যাপের মাধ্যমে খুব সহজেই আমার পছন্দের প্যাকটি কিনতে পারছি।,0
A Google user,5,2026-07-09 04:41:39,",জ কি ঐ %৭"" 4",0
A Google user,1,2026-07-08 23:02:56,no good bundle offer...plz something make easy for us,3
A Google user,5,2026-07-08 22:37:12,this is a good app,0
A Google user,5,2026-07-08 22:01:33,Good and very helpful,0
A Google user,1,2026-07-08 19:46:16,We are using GP helpless. 😣,0
A Google user,5,2026-07-08 17:23:53,"very good app thank you,, gp",0
A Google user,5,2026-07-08 16:22:06,i like this app for Bangladesh,0
A Google user,5,2026-07-08 14:13:30,আমার পছন্দের অ্যাপস 🥰,0
A Google user,4,2026-07-08 14:12:01,Mb price is too much. it should be decrease,1
A Google user,1,2026-07-08 13:20:17,One of the worst app and their sim company too.. delete this app from play store.....they are looting us day bay day.,3
A Google user,2,2026-07-08 13:06:35,পিছচ্ছিলাম ো,0
A Google user,5,2026-07-08 11:55:16,good enough...,0
A Google user,4,2026-07-08 11:06:28,ভালো..! তবে...এটা যদি ইন্টারনেটে লোন দিতো তাহলে আরো ভালো হতো। তাই ৪★ দিলাম যদি ইন্টারনেট লোন দিতো তাহলে 5★ দিতাম।🙃,0
A Google user,1,2026-07-08 11:02:05,All the offers are expensive day by day. It is very difficult to use your operator.,3
A Google user,1,2026-07-08 10:19:48,Internet issue so bad Network 😑,1
A Google user,5,2026-07-08 10:03:16,very nice 👍🙂,1
A Google user,5,2026-07-08 06:05:28,"my gp app is loving new offers and update futures Amazing supper fast net activition privacy and policy smooth and esy logout sestem 1 app 2 gp number using data chang and logout and loging seetem my all frends do the using my gp app and enjoy your filfe online and off line time your frends, Roni Hosen",4
A Google user,3,2026-07-08 01:05:45,This app knows how to cut more money from customers. Very useful for gp.,0
A Google user,1,2026-07-08 00:14:39,Offer price is so hingh. 🙂this is unexpected.,1
A Google user,2,2026-07-07 23:03:41,baper tk diya khela dekhar Jonne net kinchi sawa diya net dichen naki khela dekhtei partesi na,0
A Google user,1,2026-07-07 22:37:48,"Amr dekha ei my gp app ar moto ar kono app eto faltu na, internet, minutes,call a tk Kate besi ,abr tmn valovabe internet o pawa jay na retake kono mote ki boykot kora jay na",1
A Google user,5,2026-07-07 21:09:17,very good offer. thank you GP.,0
A Google user,5,2026-07-07 20:07:34,5 star dilam...jenk sobar cokhe pore ami amr life ar...ar cheye joghonno sim company dekhi nai.... attto faltu attto 3rd class sim.... I don't think arekta ache... aitar full network paile...ja kaj kore...robi/airtel or banglalink ar moto sim..... 1/2 stick ar ar cheye better performance dey.......one of the worst sim company of Bangladesh,0
A Google user,4,2026-07-07 20:00:25,Alhamdulillah cost huge but happy to use gp.,0
A Google user,5,2026-07-07 19:39:23,nice apps suppar,0
A Google user,1,2026-07-07 19:09:40,very bad offers,0
A Google user,5,2026-07-07 18:42:28,super application nice 💙💙💙,0
A Google user,5,2026-07-07 18:38:51,"very helpful for sim card balance, Internet etc....",0
A Google user,1,2026-07-07 18:11:47,"*""Hello, I used to get the cashback offer with different numbers before. But now it’s not working. Can you please check why?""",2
A Google user,5,2026-07-07 18:09:44,User-friendly and nice interface.,1
A Google user,1,2026-07-07 17:22:54,এই app কোন কামের না,0
A Google user,2,2026-07-07 17:02:57,"আমি বাসায় থাকাবস্থায় কেউ কল দিলে ফোন বন্ধ বলে..কারণ 2G নেটওয়ার্কও পায়না.. যদি সম্ভব হয় কল-রেট কমান এবং ইন্টারনেট এর সময়কাল বাড়ান আমার নাম : ইমরান স্থানী ঠিকানা: গ্রাম: সাতপোয়া, উপজেলা: সরিষাবাড়ি",0
A Google user,5,2026-07-07 17:02:27,Have a Nice Dreal,0
A Google user,5,2026-07-07 15:35:06,love it good apps for Grameenphone ❤️🫶,0
A Google user,5,2026-07-07 15:12:09,nice gramin sim,0
A Google user,5,2026-07-07 13:28:41,great all offer,0
A Google user,5,2026-07-07 12:57:40,good every thing,0
A Google user,5,2026-07-07 12:46:13,experience good,1
A Google user,5,2026-07-07 11:42:29,love my GP and trusted,0
A Google user,5,2026-07-07 09:41:31,"আমার জীবনে দেখা My GP অ্যাপ সব থেকে বেশি ভালো একটা অ্যাপ । এই অ্যাপের মধ্যে অনেক অনেক সুন্দর সিস্টেম রয়েছে , বিশেষ করে নতুন যেই ডেইলি লগইন করে SMS এবং 7 দিনের দিন ইন্টারনেট গিভওয়েটা অনেক অনেক ভালো লেগেছে❤ আর এই গ্রামিন সিমে নেট অনেক ফাস্ট , আমি অনেক অনেক খুশি । এখনই আমি প্লে স্টোরে চলে আসলাম 5 স্টার দেওয়ার জন্য । ধন্যবাদ MY GP টিম আমি আপনাদের সাথেই রয়েছি ।",0
A Google user,5,2026-07-07 09:04:45,Add balance gift system.,8
A Google user,2,2026-07-07 00:21:26,লিমিটলেস ইন্টারনেটের দাম অত্যাধিক বেশি। এবং গ্রামীণফোনের জন্য এটি অনেক বাজে।,0
A Google user,5,2026-07-06 23:28:41,good app my gp👍😊,0
A Google user,5,2026-07-06 21:56:04,yeary good app,0
A Google user,5,2026-07-06 21:47:29,Good experience.,0
A Google user,5,2026-07-06 21:28:34,very good nice,0
A Google user,5,2026-07-06 20:49:41,"আমি এই জায়গায় আসার পর আমি ফকির হয়ে গেছি, গ্রামীণফোনে যে এত টাকা কাটে সেটা আমি আগে বুঝতে পারিনি তাই চিন্তা ভাবনা করছি যদি আমার,",0
A Google user,5,2026-07-06 20:19:01,its very helpful for me,0
A Google user,4,2026-07-06 20:11:29,"The App is decent.Only flaw is the network packages are too costly.No need to get a call from Grameenphone.Overall,decent.",7
A Google user,1,2026-07-06 19:16:28,I hate their advertisements,0
A Google user,3,2026-07-06 17:58:15,"⭐⭐⭐☆☆ The network quality is generally good, and the app is easy to use. However, mobile data and talk-time charges are quite expensive compared to the value offered. I hope there will be more affordable internet packs and call rates for regular users.",19
A Google user,5,2026-07-06 15:32:39,ভালোই মিনিট কিনতে দেয় কিন্তু এমবি দেয় না,0
A Google user,3,2026-07-06 14:54:40,minimum recharge amount is 20tk??? seriously?,0
A Google user,5,2026-07-06 14:11:26,(26/Never disappointed ❤️ thanks for being with us ❤️...) Surface was too good..... this app such a useful and helpful.... thanks developer for this app provide us... keep upgrades....😎😎,1
A Google user,5,2026-07-06 14:07:22,Good 👍👍👍 apps,0
A Google user,4,2026-07-06 13:50:06,Exceptional 💕✨,0
A Google user,4,2026-07-06 13:09:38,অনেক ভালো একটি আপস,0
A Google user,4,2026-07-06 12:29:25,nice offer 👍 app,0
A Google user,5,2026-07-06 10:13:24,সেরা একটি এপস,0
A Google user,2,2026-07-06 06:02:53,আমার খুবই ভালো লাগে অ্যপ,0
A Google user,3,2026-07-06 02:22:51,"I can't used this app in my appreciate to MyGP,why?",1
A Google user,5,2026-07-05 22:43:43,very helpful 😊,0
A Google user,5,2026-07-05 21:04:21,nice খুব ভালো লাগে,0
A Google user,1,2026-07-05 20:23:31,মিনিট কম টাকা বেশি,0
A Google user,5,2026-07-05 17:45:46,this option is very good🥰,1
A Google user,5,2026-07-05 16:49:03,It's a great app,0
A Google user,1,2026-07-05 15:27:30,very big price in internet,0
A Google user,3,2026-07-05 15:07:36,"ওকে ফাইন দারুন, খুশিতে বাকবাকুম। পিথিমির সেরা এপ এইটা। ব্ব",0
A Google user,5,2026-07-05 13:15:21,This is the most useful app,0
A Google user,1,2026-07-05 12:47:44,FAKE 1GB DATA SPAM😡,0
A Google user,5,2026-07-05 10:09:44,very good app.,0
A Google user,4,2026-07-05 06:58:20,superb connection,0
A Google user,5,2026-07-05 03:06:45,"""গ্রামীন ফোন"" নামের সাথে কাজের মিল চাই ❤️",0
A Google user,1,2026-07-05 00:27:02,Homepage littered with useless garage info and ads. And no option to turn those off.,6
A Google user,1,2026-07-04 22:58:13,olpo takar valo offer i nay,0
A Google user,5,2026-07-04 22:42:56,very good app 🥰🥰,0
A Google user,5,2026-07-04 21:41:32,good app for by nat pak,0
A Google user,5,2026-07-04 18:42:39,❤️❤️❤️❤️❤️❤️,0
A Google user,5,2026-07-04 15:55:38,thank you forever,0
A Google user,1,2026-07-04 15:32:48,sim ownership verify option not found in my gp apps.,0
A Google user,2,2026-07-04 14:12:28,"Verify your SIM ownership and download your certificate instantly, from MyGP. how to find the option in my gp app",0
A Google user,1,2026-07-04 13:33:39,ফালতু দুই দিন পর পর আপডেট চাই,0
A Google user,1,2026-07-04 12:13:35,very laggy with talk back and doesn't follow accessibility guideline.,2
A Google user,1,2026-07-04 11:37:26,we want free 1gb offers for 1 hour no tk,1
A Google user,3,2026-07-04 03:22:12,"MyGp App এইটা, MyGp App ওইটা। এই সমস্ত বলে কোটি টাকা খরচ করে প্রচারণা চালাচ্ছেন অথচ এ্যাপটিতে এখনো ডার্ক মোড চালু করতে পারেনি। খুবই খারাপ কথা।",0
A Google user,4,2026-07-04 01:34:53,very nice 🙂 apps,0
A Google user,5,2026-07-04 01:13:43,this apps is a very good,0
A Google user,5,2026-07-03 23:45:42,Easy to use 🤩,0
A Google user,1,2026-07-03 23:19:42,offer is too much high rate and internet is slow working. very bad service,1
A Google user,2,2026-07-03 22:36:22,"কল রেট কমাও, মামু 🇧🇩!!💰💰💰",2
A Google user,5,2026-07-03 22:23:38,net is very strong,0
A Google user,2,2026-07-03 21:27:16,network continuously deteriorating,0
A Google user,1,2026-07-03 21:19:36,poor network and Bad service,0
A Google user,1,2026-07-03 21:06:57,আবাল চোদা সিম কোম্পানিৎ,0
A Google user,1,2026-07-03 15:52:23,আপডেট ১দিন পরপর আসে মাথা আমার নষ্ট হয়ে যায়।,0
A Google user,5,2026-07-03 14:39:33,very Offer full my gp apps,1
A Google user,4,2026-07-03 11:41:29,"Vai,Free Fire Gaming internet pack Chai.Pubg gaming pack er moto Free fire er o chai.",1
A Google user,1,2026-07-03 11:32:05,এই অ্যাপটা টাকা কেটে নেয় রিচার্জ করলে টাকা আছে বাট টাকা ঢুকে না,0
A Google user,1,2026-07-03 10:45:09,আমি জানিনা অন্যরা কেমন সার্ভিস পাচ্ছে আমি সবচাইতে বাজে পারফরমেন্স পাচ্ছি গ্রামীণফোন থেকে এবং গ্রামীণফোন অথরিটি থেকে স্টারদের কাছ থেকে বেশ কয়েকবার অভিযোগ দিয়েও সমাধান পাচ্ছিনা অত্যন্ত স্লোলি কাজ করে ওনার ম্যানেজমেন্ট এটা অত্যন্ত দুঃখজনক এত ভালো একটা সার্ভিস এর অপারেটর হয়েও উনাদের অভিযোগগুলোর সমাধান করতে মাসের পর মাস লেগে যায় আজকে প্রায় দেড় মাস হয়ে আসলো আমার অভিযোগের এখনো পর্যন্ত কোন সুরাহা করেনি। আমার ব্যক্তিগত অভিজ্ঞতা অত্যন্ত খারাপ গ্রামীণফোনকে নিয়ে তাই আমি ফাইভ স্টার দিতে পারলাম।,1
A Google user,5,2026-07-03 10:09:12,this app is very well I can get free mb 1 gb,1
A Google user,5,2026-07-03 07:47:03,simply awesome,0
A Google user,5,2026-07-03 03:54:48,nice and very much users friendly. offers are nice and adorable.,2
A Google user,3,2026-07-03 00:03:40,my gp supar fast,0
A Google user,1,2026-07-02 23:04:26,রুচি ছাড়া সাদ যেমন ঠিক তেমন,0
A Google user,5,2026-07-02 22:11:25,Its very good,0
A Google user,1,2026-07-02 21:09:08,I'm not satisfied with mygp application 👎,2
A Google user,1,2026-07-02 19:35:06,MB price very high 😡😡😭😭😔😔,1
A Google user,5,2026-07-02 19:18:43,very good. its help me lot,0
A Google user,1,2026-07-02 17:18:32,ডাকাতে সিমের দাম নাকি ফ্রী এর পরে ও এদের সিমের দাম ৪০০ এবং সিম রিপ্লেস ৩৫০ টাকা,0
A Google user,5,2026-07-02 16:41:07,wow nice app,0
A Google user,3,2026-07-02 15:37:13,"I opened the app to purchase a pack, then it shows the irritating bottom sheet with a few ads. And this happens almost every time. You guys should make it optional. Then the number of daily notifications, it's too many. I had to turn off permission from Android settings. You should think about the user experience also.",13
A Google user,5,2026-07-02 15:22:19,very good app,0
A Google user,5,2026-07-02 14:13:09,Easy to recharge,0
A Google user,5,2026-07-02 11:30:33,Excellent app,0
A Google user,5,2026-07-02 02:43:50,nice app five star my birthday,0
A Google user,5,2026-07-02 00:31:07,Best app but sime taka besi kate.,0
A Google user,4,2026-07-01 23:44:32,I like Germain phone sim. Overall development sim company. Thankful....,0
A Google user,1,2026-07-01 23:03:14,very bad company,0
A Google user,1,2026-07-01 21:36:31,বারবার সিম বন্ধ হয়ে যায়,0
A Google user,3,2026-07-01 20:55:26,Hmm It's Good and working🙂😂,0
A Google user,5,2026-07-01 20:03:35,Onek Bhalo apps Kintu,0
A Google user,1,2026-07-01 19:49:39,আজব ধরনের ফালতু ঝামেলার মধ্যে ফালায় দেন আপনারা অ্যাপ আপডেট ছাড়া আপনাদের অ্যাপে আমার কোন কাজ থাকতে পারে না আপনারা অ্যাপ আপডেট ছাড়া অ্যাপে ঢুকতেই দিচ্ছেন না এটা কোন ধরনের ফালতু অভ্যাস,0
A Google user,4,2026-07-01 18:29:19,after I purchased internet by mygp it runs smooth & uninterrupted,0
A Google user,1,2026-07-01 17:29:37,too high price..,0
A Google user,5,2026-07-01 17:06:21,fantastic app,0
A Google user,5,2026-07-01 16:58:23,very usefully,0
A Google user,1,2026-07-01 16:19:59,"Very Very bad service,,,,🙄🙄🙄",0
A Google user,5,2026-07-01 14:59:15,nice an fast,0
A Google user,5,2026-07-01 13:27:53,darn sob offer,0
A Google user,5,2026-07-01 12:55:17,best for use. we need security of this app more and more continuously. becoz of its linked accounts.. thank u again.. ❤️❤️,0
A Google user,3,2026-07-01 11:18:29,The internet prices are so costly .,2
A Google user,1,2026-07-01 11:15:50,"দুই দিন পর পর এপ আপডেট নোটিফিকেশন আসে খুব বিরক্তিকর, এপ অপেন করলে পপআপ অফার আসে খুবই বাজে লাগে",0
A Google user,5,2026-07-01 10:53:52,Excellent service.,0
A Google user,5,2026-07-01 10:34:03,Good need the option to send Gift to other Operators like Robi/Airtel,0
A Google user,1,2026-07-01 10:17:25,Too much costly than other network services!!! Not recommendable,1
A Google user,1,2026-07-01 08:09:53,একদমই বাজে একটা সিম খারাপ সার্ভিস,0
A Google user,5,2026-07-01 06:18:43,very good apps,1
A Google user,5,2026-07-01 02:35:42,World No1 Mobile offers app in Bangladesh,0
A Google user,5,2026-07-01 02:23:09,tnx for mygp offer,0
A Google user,1,2026-07-01 02:10:29,GP is getting expensive day by day. Not user friendly anymore,2
A Google user,5,2026-07-01 01:13:49,very beautiful package,0
A Google user,2,2026-06-30 23:14:40,valo but data price onk besi,0
A Google user,3,2026-06-30 23:04:31,bring back the prepaid to postpaid or postpaid to prepaid feature,2
A Google user,1,2026-06-30 20:40:56,you can't buy internet without internet 😂😂,0
A Google user,5,2026-06-30 20:36:53,nice. Thank you😀,0
A Google user,5,2026-06-30 19:42:32,offer valo din?,0
A Google user,5,2026-06-30 14:05:55,beautiful service MYGP,0
A Google user,5,2026-06-30 13:01:46,good app my gp,0
A Google user,4,2026-06-30 12:15:21,সুন্দর একটি এপ্স,0
A Google user,5,2026-06-30 09:32:40,Good service,0
A Google user,4,2026-06-30 09:05:08,"Incoming Call/SMS data is not updated in Usage History>Call history of New Update My GP Apps, it's not working after 24/05/2026. Could you please fix this issues?",3
A Google user,5,2026-06-30 08:55:37,very very good my GP app,0
A Google user,1,2026-06-30 08:16:02,ekhane sob kichur rate besi onnanno oparetor theke.... er theke airtel ba robi te best price e best offer provide kore tara....okhane shift hossi....by by grameenphone.,2
A Google user,5,2026-06-30 05:53:23,it's helpful,0
A Google user,5,2026-06-30 03:48:01,অ্যাপসটা আমার কাছে খুবই ভালো লাগে কারণ আমার যখন খুশি তখন আমি মিনিট ইন্টারনেট কিনতে পারি,1
A Google user,5,2026-06-30 03:07:44,Excilent app,0
A Google user,1,2026-06-30 00:47:12,worst internet experience... too slow so cheap quality internet,0
A Google user,2,2026-06-29 23:52:10,to much ads... ruins the app experience...,1
A Google user,1,2026-06-29 23:26:44,Very bad Service,0
A Google user,3,2026-06-29 22:31:51,It's really good,0
A Google user,1,2026-06-29 22:15:12,ডাউনলোড হয়া না কেন,0
A Google user,1,2026-06-29 22:07:37,baje apass..,0
A Google user,1,2026-06-29 21:09:13,খুবই আশাহত ।এত পুরনো কাস্টমার আমরা। আমরা কোন অফার পাইনা আর যারা বন্ধ সিম রাখে তারা সব অফার পায়। অনেকবার ভেবেছি পরিবর্তন করব কিন্তু সবাই নাম্বার জানে এজন্য পরিবর্তন করতে পারি না।,1
A Google user,5,2026-06-29 20:47:49,excellent thanks,0
A Google user,5,2026-06-29 18:53:14,না খারাপ না ভালো ই তো চলছে এখন,1
A Google user,5,2026-06-29 18:39:24,sarvice onack valo lakcha thanks,1
A Google user,5,2026-06-29 16:58:06,good service,0
A Google user,5,2026-06-29 14:26:31,awesome service,0
A Google user,5,2026-06-29 14:17:47,nice and easy,0
A Google user,5,2026-06-29 14:09:03,very first service,0
A Google user,5,2026-06-29 10:53:25,this is very good,0
A Google user,1,2026-06-29 09:38:22,দুনিয়ার সবচেয়ে ফালতু সিম এবং সবচেয়ে ফালতু অ্যাপ।,0
A Google user,1,2026-06-29 09:34:10,"poor, to many ad",0
A Google user,1,2026-06-29 06:38:16,"Lack of multi device login. Also, it has no option to see PIN/PUK.",2
A Google user,3,2026-06-29 01:49:23,"faltu, ato dam diya ki kena jay naki...",0
A Google user,5,2026-06-29 00:49:53,Excellent. but will be an opportunity to be more smart & digital.,3
A Google user,5,2026-06-28 22:31:14,best app I have ever seen,0
A Google user,5,2026-06-28 21:59:52,আমি মনে করেন তিনি আরও বেশি কিছু একটা,0
A Google user,1,2026-06-28 21:19:32,Khub e commercial ekta sim avoid kore onno sim use kora better net o oto bhalo na budget friendly offer kinle net slow kaj kore khub e low class er ekta sim 100% commercial 0% costumer friendly,1
A Google user,5,2026-06-28 18:53:00,very convenient,0
A Google user,5,2026-06-28 18:00:37,very good app,0
A Google user,5,2026-06-28 17:58:21,"This App Is Very Useful to GP Users, I Rate it 5/5",0
A Google user,2,2026-06-28 17:35:41,"আই আপডেটে তো মহা সমস্যা,,আমি একই নাম্বার দুই মোবাইলে চালাই my gp,বিভিন্ন প্রয়োজনে,,এই আপডেটে এই মোবাইলে লগিন করলে অন্য মোবাইল থেকে লগ-আউট হয়ে যায়,,এটা নতুন মুসিবত, বড় প্যারা দেয়,,,এটা ঠিক করেন জলদি,,,",0
A Google user,4,2026-06-28 15:39:54,its better then others,0
A Google user,5,2026-06-28 12:38:38,good service,0
A Google user,5,2026-06-28 11:47:02,Good experience,0
A Google user,5,2026-06-28 10:48:56,Just Excellent.,0
A Google user,1,2026-06-28 09:00:03,"এমন খারাপ লেভেলের সিম কোম্পানি আমি এর আগে দেখি নাই, 1 জিবি ইন্টারনেট নিয়েছি এখনো আসে নাই, কালকে শুধু মোবাইল ডাটাটা চালু করেছি আমার 14 টাকা নিয়ে গিয়েছে, এরকম ডাকাত হইলে ব্যবসা কিন্তু বেশিদিন চলবে না, সময় থাকতে শুধরে যান নাহলে কিন্তু ব্যাবসা একদম লাটে উঠাবো, বিগত চার বছর ধরে এই সিম চালাইতেছি, এরকম জঘন্য সিম কোম্পানি আর একটাও নাই বাংলাদেশে, একটা এমবি অফার পর্যন্ত নাই 100 টাকার নিচে, আমাদের যাদের রেগুলার এমবি লাগে না তাদের প্রয়োজন হলে তারা কি করবে? বান্ডেল প্যাক কিনবো 15 মিনিট চালানোর জন্য?",0
A Google user,5,2026-06-28 06:29:32,It’s very good,0
A Google user,1,2026-06-28 05:53:03,faltu Officer dey,0
A Google user,4,2026-06-28 00:38:27,this MyGP app really good,0
A Google user,1,2026-06-27 21:12:25,Disgusting...Faltu akta app sob item er dam besi customer service akdom baje er theke kharap customer service r kothao Dekhi ni,2
A Google user,2,2026-06-27 19:55:09,valo na temon,0
A Google user,4,2026-06-27 17:43:35,It's too good. i like this,0
A Google user,5,2026-06-27 17:08:32,very good use this app,1
A Google user,5,2026-06-27 14:54:03,good experience,0
A Google user,5,2026-06-27 13:50:46,"incredible, awesome, super 100/10",1
A Google user,4,2026-06-27 12:33:43,nice app🌹🏵️🌸❤️,0
A Google user,5,2026-06-27 11:09:30,a very useful app,0
A Google user,5,2026-06-27 03:37:57,best off best,0
A Google user,5,2026-06-27 01:20:20,টাকা জাতে কম কাটে সেই ওফার বা সেই বেস্তা করবেন আপনাদের কাছে ওনুরোদ রোইলো,1
A Google user,4,2026-06-26 23:58:47,ইদানিং এমবির ও মিনিটের প্যাকেজ টাকা অতিরিক্ত বেড়ে গেছে,0
A Google user,5,2026-06-26 23:42:04,MY gp a very good app,0
A Google user,5,2026-06-26 22:02:08,very good apps,0
A Google user,5,2026-06-26 20:07:18,not bad okay,0
A Google user,5,2026-06-26 19:33:56,Good one but expensive.,1
A Google user,5,2026-06-26 16:13:50,it's a good Telecom operator in Bangladesh.,0
A Google user,5,2026-06-26 16:09:48,Very useful app🥰,0
A Google user,1,2026-06-26 12:35:51,I have lost countless Mobile data and minutes. The application is not provide push notification properly before the bundle expiry date. But some how provide unnecessary push notification all the time.,8
A Google user,1,2026-06-26 11:21:11,6 times login karme k bad bank acount me phsa kar chor deta hy or pakintan ka nubmber add hi nhi hota baqi dosry mulk ka number foran add hojata hy,0
A Google user,5,2026-06-26 10:16:52,giving best offers in grameenphone,1
A Google user,3,2026-06-25 23:54:15,এম বি প্যাকেজ মেয়াদ বাড়াতে হবে।,0
A Google user,3,2026-06-25 23:22:30,super service 🤗,0
A Google user,1,2026-06-25 22:52:44,is this a very bad sim gp sim is a very bad and service are too bad 😔,0
A Google user,5,2026-06-25 22:32:33,very good app...,0
A Google user,5,2026-06-25 21:36:04,the best app,0
A Google user,1,2026-06-25 21:07:12,"হাফ কিলোমিটার এর মধ্যে গ্রামীণ টাওয়ার, তাও ভালো করে ফেসবুক চলেনা",0
A Google user,5,2026-06-25 20:46:50,Thanks for gp,0
A Google user,1,2026-06-25 16:54:05,log in problem,0
A Google user,5,2026-06-25 08:20:01,veery helpful 🥰,0
A Google user,5,2026-06-25 08:09:42,not so good.i think you can try for more better,0
A Google user,1,2026-06-25 05:48:17,ইমারজেন্সি ব্যালেন্স এ টাকা না এসে মিনিট আসে কেন? এটা কোন ধরনের বাটপারি😤 আপনাদের এই সিস্টেম বন্ধ করুন।,0
A Google user,5,2026-06-25 00:38:43,Super service,0
A Google user,4,2026-06-24 22:13:02,"Helpful and I was satisfied , but more than 4 months Very bad service. Not working properly. I am forced to lower the rating.",11
A Google user,5,2026-06-24 21:06:50,l Am New Use App ....I Like MyGP App,0
A Google user,5,2026-06-24 20:05:13,Not a problem for rich.,0
A Google user,1,2026-06-24 19:54:39,"The MyGP app has become very slow and laggy. Simple tasks like checking balance, buying internet packs, or navigating between pages take too long to load. The app often freezes and feels unresponsive, which makes the overall experience frustrating. I hope the developers optimize the performance and improve stability in future updates. Also their network is worst",12
A Google user,5,2026-06-24 19:27:24,The Problem is hopefully fixed by now.,2
A Google user,5,2026-06-24 15:38:22,too much ডাকাত সিম,0
A Google user,4,2026-06-24 14:54:19,best offer I got so this app is so good,0
A Google user,1,2026-06-24 12:43:00,গুগল দিয়ে my gp এ লগ ইন করার অপশন চালু করেন.. মাই এয়ারটেল এর মত,0
A Google user,3,2026-06-24 12:37:36,"bring more internet and minutes offer at low cost, under 150 taka!",2
A Google user,5,2026-06-24 10:59:16,very helpful,1
A Google user,5,2026-06-24 10:42:27,"খুব সুন্দর কিন্তু ,MB ,দাম অনেক বেশি",0
A Google user,2,2026-06-24 07:34:33,"good but,,,, offar valo",0
A Google user,3,2026-06-24 05:30:52,very nine offers.,0
A Google user,4,2026-06-24 03:08:06,Very good apps,0
A Google user,1,2026-06-23 21:29:31,Offer price Very very high 🥲🥲,1
A Google user,4,2026-06-23 20:16:20,medium quality service.,1
A Google user,5,2026-06-23 19:52:52,this app is very good but the SIM pakej so dificald,0
A Google user,5,2026-06-23 18:40:30,user interface user friendly,1
A Google user,1,2026-06-23 16:44:08,Faltu service 👎,1
A Google user,5,2026-06-23 13:00:45,"Good app,there's many options to get better offers",2
A Google user,5,2026-06-23 12:54:43,"amazing ,, this app is useful for me",1
A Google user,1,2026-06-23 10:11:22,Price is so high.... Very disappointing. App is good.,1
A Google user,1,2026-06-23 08:36:42,নেটওয়ার্ক খুব বাজে অবস্থা। এতটাই খারাপ যে মাইজিপি অ্যাপসে নিজের ব্যালেন্স টুকু দেখা যায় না।,1
A Google user,1,2026-06-23 07:49:38,"Baler Apps. ami my gp te dhuki sudhu Net, munite kenar jonno are balance dekhar jonno. salar betara balance dekhar jonno koto kahini koraitese.",1
A Google user,1,2026-06-23 07:45:19,"I claim an offer from bkash, and after that, I couldn’t access the app. However, once after purchasing the 30 days pacakge from bkash I go to the app and it doesn’t update any of my status. And my account is block!!!",15
A Google user,5,2026-06-23 03:28:25,It's so easy to use ang navigate the application. Thanks to MyGP team.,5
A Google user,5,2026-06-23 02:38:24,better service,0
A Google user,1,2026-06-23 02:08:09,world most worst app I've ever seen,0
A Google user,1,2026-06-23 01:43:16,2 দিন পর পর sign in করা লাগে ফালতু....sign in করার পর code দিলেও কাজ করে না,1
A Google user,1,2026-06-23 01:33:58,wrost app. did not work valuable time. bug and hassle overdose.,3
A Google user,1,2026-06-23 00:24:58,(Rating-0.1star)❗️❗️❗️World cup match er jonno 200 tk dia subscription nisi and tara free te 20 gb bioscope a disease kintu ami na khela dekhthe partesi nah oi streaming Internet use korte partesi .,2
A Google user,1,2026-06-23 00:20:54,very bad service,0
A Google user,1,2026-06-23 00:10:03,"বালের অ্যাপস , সাবস্ক্রিপশন কিনেও খেলা দেখা যায় না, শুধু লোডিং হয়, কোন বাল্ও আসে না",1
A Google user,1,2026-06-22 23:15:22,"একদম ফালতু নেটওয়ার্ক। সব সময় দেখায় 4G, কিন্তু স্পিড 2G এর মতো maximum সময়।",0
A Google user,5,2026-06-22 21:00:53,very hoot app💥🥵🔥🔥,0
A Google user,5,2026-06-22 19:08:40,"I really liked it, thank you 😊❤️",0
A Google user,1,2026-06-22 18:35:54,SIM ownership and download your certificate instantly আপডেট দেওয়ার পরে অপশন আসে নি।,1
A Google user,1,2026-06-22 18:03:17,recently updated my mygp app. but there is no available SIM certification option. the app Version number is 5.30.0 .,3
A Google user,1,2026-06-22 16:30:19,not smooth...many bugs,1
A Google user,2,2026-06-22 14:31:23,inconvenient package,1
A Google user,5,2026-06-22 13:40:52,not bad r8 now.,0
A Google user,1,2026-06-22 11:42:30,গ্রামীণফোন গ্রাহক থেকে যত টাকা নেয় এবং যতবড় কোম্পানি তার তুলনায় মাইজিপি অ্যাপ একদম লো-ক্লাস অ্যাপ। 🫤,0
A Google user,1,2026-06-22 11:38:58,package er dam khubi besi,0
A Google user,2,2026-06-22 09:19:07,"A very nice app, all the benefits of GP SIM are available in my GP",0
A Google user,2,2026-06-22 02:19:21,"ফালতু ঘরের বাইরে 4G+ আর ভিতরে 2g পাইতে কস্ট হয়ে যায়, কল দিয়ে কথা ও বলা যায়না আর ইন্টারনেটের কথা চিন্তা ভাবনা করা ও বিলাসিতা",1
A Google user,5,2026-06-22 01:34:29,Looks good 👍,0
A Google user,2,2026-06-21 21:19:58,offer rate high,0
A Google user,5,2026-06-21 19:14:32,I liked this offer very much,0
A Google user,5,2026-06-21 17:09:11,ভেরি গোড এপ্স,0
A Google user,5,2026-06-21 17:08:52,Good. No 1 Grameenphone telecom. No issues network. that's Good 🌹🌹🌹,0
A Google user,4,2026-06-21 15:03:38,দারুন সব অফার মাই জিপিতে পাওয়া যাচ্ছে এটা ব্যবহার করে অনেক সুবিধা।,0
A Google user,2,2026-06-21 13:26:15,"I don't understand one thing, you have to update every 1-2 days, what's the problem? Why do you need to update so often? Or is it increasing your developer's income? Who will bear the cost of the data we spend to update?",0
A Google user,5,2026-06-21 12:13:29,this app is superhero,0
A Google user,1,2026-06-21 11:52:43,high price internet,0
A Google user,2,2026-06-21 11:23:03,package price is too high.,2
A Google user,2,2026-06-21 11:16:40,Grameenphone is better than others.,0
A Google user,5,2026-06-21 11:10:12,good Alhamdulillah,0
A Google user,5,2026-06-21 09:54:49,এটা অনেক ভাল সার্ভিস দেয়,0
A Google user,1,2026-06-21 08:09:58,The price of the offer is very high. You would have to be a fakir to buy MB.,1
A Google user,5,2026-06-21 02:44:44,সিকিউরিটি আরেকটু স্ট্রং করা জরুরী,0
A Google user,1,2026-06-21 00:08:53,ভালো অফার ই দেয় না,0
A Google user,4,2026-06-21 00:03:19,সেবার মান আরো বাড়ানো উচিত।,0
A Google user,1,2026-06-20 22:29:48,"High price low service. Internet Price is very costly, no Data carry option. Worst nightmare for public.",14
A Google user,5,2026-06-20 21:17:29,dhonnobad free 1 gb দেয়ার জন্য,0
A Google user,5,2026-06-20 21:06:26,"very very helpful this app.. amazing,, just woow...♥️",0
A Google user,1,2026-06-20 19:30:14,হ্যালো মাইজিপি আপনি খুব খারাপ ভেরি ব্যাড অফারের দাম বেশি,0
A Google user,1,2026-06-20 18:32:54,সত্যি বলছি ধানমন্ডি লালমাটিয়ার ভিতরে বিরক্তকর জিপি ইন্টারনেট আসলেই একটা জঘন্য এর থেকে আমার এয়ারটেলের নেটওয়ার্ক অনেক শক্তিশালী,0
A Google user,1,2026-06-20 17:23:23,ektu valo offer toffer diyen vai 🙂🙏💔,0
A Google user,4,2026-06-20 15:30:02,"very good app, really appreciating",0
A Google user,1,2026-06-20 15:04:36,বাংলাদেশে কোনো জঘন্য সিম থাকলে গ্রামীন সিম আছে। যার মধ্যে কোনো সুবিধাজনক অফার নাই। আছে খালি ডাকাতি,0
A Google user,5,2026-06-20 13:54:40,good service,0
A Google user,5,2026-06-20 13:52:24,app te kob balo,0
A Google user,1,2026-06-20 13:32:21,"বাটপার গ্রামীনফোন। সালারা মানুষের টাকা মেরে দেয়। আজকে আমি ৮০ টাকা রিচার্জ করি, সেখাব থেকে ৩৪ টাকা কেটে নেয়, আমি তৎক্ষনাত ওদের কাস্টমার কেয়ারে ফোন দিয়ে যোগাযোগ করি। ওরা বলে ১০-০১-২০২৪ তারিখ প্রায় ২.৫ বছর আমি নাকি ইমার্জেন্সি ব্যালেন্স নিয়েছিলাম সেটার জন্য ৩৪ টাকা কোটে নিয়েছে। কি ধরণের গাঁজাখুরি বাটপারি কথাবার্তা। কেমনে তারা মানুষের টাকা মারতেছে। এগুলার গজব হবে দুনিয়াতেই। এখন আমার প্রশ্ন হলো, এই বিগত ২.৫ বছরে তো আমি বহুতবার রিচার্জ করেছি কিন্তু এই সময়ে কাটলো না কেনো? মতলব কি তাদের?",0
A Google user,1,2026-06-20 11:51:19,এই এপটা এত ভেজাইললা কেন??,0
A Google user,5,2026-06-20 11:42:22,খুব ভালো লাগলো,0
A Google user,4,2026-06-20 11:11:43,"Riches is bes""t app 👑👑🔱🔱🔱👑👑",0
A Google user,1,2026-06-20 09:48:30,it can not work.I am purchase FIFA pass with 20GB 200tk.but it can not work when I turn on data connection phone showing no internet why?I am spending 200tk 🔥🔥🔥,2
A Google user,5,2026-06-20 09:41:39,Awesome apps,0
A Google user,5,2026-06-19 22:42:20,মাশাআল্লাহ খুব ভালো সার্ভিস,0
A Google user,5,2026-06-19 20:58:41,good experience,0
A Google user,5,2026-06-19 19:44:19,best inspiration for ever,0
A Google user,5,2026-06-19 18:28:44,I Got 1GB Totally Free 🙂 so i rated 5.0,1
A Google user,1,2026-06-19 18:13:48,"Garabage app,worst UI design ever, airtel app is the best,even banglalink app is better than yours.",1
A Google user,5,2026-06-19 17:53:53,very good app.,0
A Google user,5,2026-06-19 16:13:27,very nice app,0
A Google user,4,2026-06-19 14:13:48,net speed just wow,0
A Google user,5,2026-06-19 14:05:15,it was really nice 👍,0
A Google user,1,2026-06-19 13:55:45,গ্রামীণ সিম খুবই ব্যায় বহুল,0
A Google user,3,2026-06-19 11:22:50,My gb ভালো ৭ দিন লগইন করলে ১ gb free দেয়,0
A Google user,4,2026-06-19 09:19:24,really nice and good APP,0
A Google user,3,2026-06-19 08:37:44,very helpful app and graminphone network,0
A Google user,2,2026-06-19 08:07:19,Bad networking.,0
A Google user,1,2026-06-19 06:36:29,internet price very high😓,0
A Google user,5,2026-06-19 06:18:28,fast and responsive,0
A Google user,1,2026-06-19 00:30:03,Feel dissatisfied.,0
A Google user,4,2026-06-18 21:55:42,helpful but costly,0
A Google user,1,2026-06-18 21:18:59,the offers is'nt that good😒,2
A Google user,3,2026-06-18 19:56:38,Bala service,0
A Google user,3,2026-06-18 19:36:58,the best app by GP,0
A Google user,5,2026-06-18 18:34:10,very good app,1
A Google user,5,2026-06-18 18:31:14,"কেনার সুবিধা ভালো, কিন্তু পন্যের দাম অনেক বেশি।",0
A Google user,5,2026-06-18 16:55:09,Provides a lot of unexpected gifts and discounts here and there. W.,6
A Google user,5,2026-06-18 16:46:28,internet connection firee,0
A Google user,1,2026-06-18 16:29:17,so much ad the are displaying Everytime. So much annoying to use....If there is chance I would like to not give any star.,7
A Google user,5,2026-06-18 15:33:19,This app is better for me🥰,0
A Google user,5,2026-06-18 15:20:53,Very good service,0
A Google user,5,2026-06-18 14:10:43,"গ্রামীন সিমের মত সিম দুনিয়াতে আর নাই, পাহাড়ে সাগরে বনে জঙ্গলে ঘরে বাইরে সবখানে নেট পায়।",0
A Google user,1,2026-06-18 13:30:38,its roming System is very bad i went to mild east and it did not work well.,3
A Google user,1,2026-06-18 12:07:37,"গ্রামীণসিম সবচেয়ে খারাপ সিম এর অন্যতম সেরা, এটার নোটওয়ার্ক কানেকশন প্রতি 2 মিনিট এ Cancel হয়ে যায়, তো এটা কেনা আর টাকা নষ্ট করার মাজে কুনু তফাৎ নেই",0
A Google user,3,2026-06-18 11:38:24,অন্য অপারেটর থেকে তাদের ডাটার মূল অনেক বেশি।,0
A Google user,5,2026-06-18 11:32:22,I will get this app 5star,0
A Google user,3,2026-06-18 11:10:01,not easy. very little information. sometimes fails to recharge package amount from this app itself.,0
A Google user,5,2026-06-18 11:07:19,"very beautiful I am very happy to claim free sms, MB, free subscription🥰💝🎉",1
A Google user,5,2026-06-18 10:38:53,wow darun app,0
A Google user,5,2026-06-18 10:36:10,সিম কার্ড চালু করে দেন,0
A Google user,5,2026-06-18 10:03:12,I think GP is the best,0
A Google user,5,2026-06-18 10:02:44,easy & amazing,0
A Google user,1,2026-06-18 06:49:51,very bad app.,0
A Google user,5,2026-06-18 02:25:47,Extremely Extraordinary Excellent,0
A Google user,5,2026-06-17 21:57:13,so much fun with you,0
A Google user,5,2026-06-17 21:45:01,দিন যত যায় আপনাদের মিনিট প্যাকেজ ও ডাটার দাম বাড়ে। এটা আমাদের জন্য খুবই দুঃখজনক,0
A Google user,5,2026-06-17 21:05:34,অনেক দারুন একটি সফটওয়্যার,0
A Google user,5,2026-06-17 17:26:18,this app is very cool,0
A Google user,5,2026-06-17 15:47:53,nice app... love you 😘,0
A Google user,3,2026-06-17 15:00:37,"র৷,,৷ . ী একটা কীe র . ৷ e ২৷",0
A Google user,5,2026-06-17 14:28:43,very good 😊😊,0
A Google user,5,2026-06-17 14:25:27,পয়েন্ট দিয়ে মিনিট পেলাম। অসাধারণ!,0
A Google user,5,2026-06-17 09:06:01,Good service,0
A Google user,1,2026-06-17 08:43:47,"Unfair pricings, laggy and faulty app. Lacks proper citation.",4
A Google user,5,2026-06-17 06:06:16,Very good 👍👍👍,0
A Google user,5,2026-06-17 02:22:10,Very useful and fantastic app,0
A Google user,1,2026-06-17 00:46:48,অনেক বেশি টাকা কাটে ইন্টারনেটে ডাকাত,0
A Google user,5,2026-06-17 00:04:28,Number 1 Operator,0
A Google user,5,2026-06-17 00:03:01,nice too moto,0
A Google user,1,2026-06-16 23:44:42,"জিপির দৃষ্টি আকর্ষণ করছি, দয়া করে আপনাদের এ্যাপে ব্ল্যাক স্ক্রিন ফিচার যুক্ত করুন, অনেকের অনেক সমস্যা থাকতে পারে চোখে, সাদা রঙের দিকে তাকানো যায় না। এই ক্ষেত্রে কালো স্ক্রিন চোখের জন্য আরামদায়ক।",0
A Google user,5,2026-06-16 20:32:30,একদম বাজে একটি সিম,0
A Google user,5,2026-06-16 18:08:29,very good experience,0
A Google user,1,2026-06-16 15:52:51,"If i could, I would've given o star because my relative bought streaming only data pack of 20 gb for 266 tk, but he can't watch a single video. His 266 tk is wasted totally. When he complained to their customer service, they just said ''our server is down''. The pack was for 30 days and there are only 11 days left now. A worst type of network and worst type of customer service.👎👎👎🤬🤬🤬",12
A Google user,1,2026-06-16 15:05:20,"one of the worst sim I ever seen,,the price of data offers ar really very high",2
A Google user,5,2026-06-16 14:23:16,alhamdulillah 😊,0
A Google user,5,2026-06-16 13:34:39,ata kintu best app age silo akon nai,0
A Google user,1,2026-06-16 13:10:46,অতি তাড়াতাড়ি ইন্টারনেট শেষ হয়ে যায়। চুরি করে মনে হয়,0
A Google user,4,2026-06-16 11:56:41,দাম আর একটু কমালে ভালো হত।,0
A Google user,5,2026-06-16 10:47:54,অনেক ভালো এপস আমাকে এক জিবি ইন্টারনেট ফ্রি দিয়েছে,0
A Google user,1,2026-06-16 10:36:31,এখানে প্যাকেজের দাম অত্যন্ত বেশি,0
A Google user,1,2026-06-16 09:30:08,very poor service no network,1
A Google user,3,2026-06-16 07:55:48,It's good app,0
A Google user,5,2026-06-15 23:09:08,200 টাকার এই অফার টি আমার জন্য খুবই উপকারি কিন্তু পরবর্তিতে যদি এই রেট বানানো হয় তাহলে আমি অন্য অপারেটরে যেতে বাধ্য হবো,0
A Google user,5,2026-06-15 22:49:02,vary goof app,0
A Google user,5,2026-06-15 22:36:32,Grameenphone is one of the best sim service's in our beautiful whole world. It's awesome & use's comfortable network service's. We feel it is our part of life for living every moment's. 🇧🇩🇧🇩🇧🇩🇧🇩,2
A Google user,5,2026-06-15 22:05:34,ভেরি গুড নাইস,0
A Google user,5,2026-06-15 21:23:58,this app is very good. quick and fastly bye Internet,2
A Google user,5,2026-06-15 21:12:24,Very Nice app,0
A Google user,5,2026-06-15 20:35:01,that's great,0
A Google user,5,2026-06-15 20:19:44,its a great sim application in BD,0
A Google user,5,2026-06-15 19:55:48,একদম বাজে অফার বাংলালিংক ভালো আছে 😡,0
A Google user,5,2026-06-15 19:24:41,Customer satisfaction service,0
A Google user,1,2026-06-15 19:23:57,i can't get log in. worst app ever. first they will send the otp 5 min late and then when you put the otp they same its expired..tried hundred times results same,0
A Google user,5,2026-06-15 19:01:34,thanks for give me free internet,0
A Google user,4,2026-06-15 16:43:13,SO GOOD for My GP✅🥰,0
A Google user,5,2026-06-15 15:41:01,very good app,0
A Google user,5,2026-06-15 14:39:10,nice service..,0
A Google user,5,2026-06-15 11:42:08,nice my gp app for me,1
A Google user,5,2026-06-15 11:08:50,I'm interest because this actually helpful and easy,1
A Google user,1,2026-06-15 08:04:22,not understanding the ad. on services by common ppl,0
A Google user,5,2026-06-14 23:33:13,very helpful 🙂😃,0
A Google user,5,2026-06-14 18:25:58,so much easy,0
A Google user,1,2026-06-14 16:50:51,very disappointing no desired offer here,1
A Google user,5,2026-06-14 15:31:55,good experience. after expired I able to recharge and also by a internet package thank you for your help .,0
A Google user,5,2026-06-14 14:31:16,​Did your phone get warmer while using this app,1
A Google user,5,2026-06-14 13:23:08,এমবি + মিনিটের দেনমোহর কমাইতে হবে তা না হয় ইমার্জেন্সি নিএ আর রিচার্জ করবো না পরবর্তীতে....!,0
A Google user,5,2026-06-14 12:12:20,thanks grameenphone team to solve my problem this quick,1
A Google user,5,2026-06-14 00:24:29,"Getting many offers, feeling good.",3
A Google user,5,2026-06-14 00:14:44,My GP is a most beautiful app,0
A Google user,1,2026-06-13 23:02:21,"গ্রামীণফোনের সার্ভিস দিন দিন খারাপ হয়ে যাচ্ছে। আগে এই অ্যাপ কত সুন্দর চলতো। এখন এই অ্যাপ ওপেন হতে প্রচুর লেট করে। এতো ভালো ফোনেও যদি এই অ্যাপ প্রপারলি না চলে, তাহলে সে ক্ষেত্রে আপনাদের মেইনটেনেন্স এর বড় সমস্যা আছে বলে বোঝা যাচ্ছে। অথচ সব কিছুতেই চার্জ আরও বাড়ানো হয়েছে। Unsatisfied.",0
A Google user,5,2026-06-13 22:50:34,so beautiful,0
A Google user,1,2026-06-13 22:49:08,best internet,0
A Google user,5,2026-06-13 22:12:40,best offer for my GP,0
A Google user,1,2026-06-13 21:48:29,"before expiry, no message sent by gp it is unethical",1
A Google user,5,2026-06-13 19:29:30,nice this apps,0
A Google user,5,2026-06-13 16:38:35,Nicely moment,0
A Google user,1,2026-06-13 16:23:07,faltu Service,0
A Google user,5,2026-06-13 16:18:48,very good apps,0
A Google user,5,2026-06-13 13:18:02,very helpful.,0
A Google user,1,2026-06-13 11:30:33,"আপনাদের নেট এতো বাজে, তা বলারও বাইরে। খুব বাজে, শুধু বাফারিং করে",0
A Google user,5,2026-06-13 11:03:30,good quality experience with so goods offers. love it❤️❤️,6
A Google user,5,2026-06-13 10:46:45,❤️ Excellent Service Love My Gp,0
A Google user,5,2026-06-13 09:46:58,এককথ Awesome❤️,0
A Google user,2,2026-06-13 09:44:28,very poor apk,0
A Google user,5,2026-06-13 06:45:53,খুব সুন্দর করে সাজানো হয়েছে অনুবাদ ইত্যাদির মাধ্যমে। এছাড়া নামাজ সম্পর্কিত বিষয় গুলো এবং এ আইয়ের ব্যবহার আরও সুন্দর।,0
A Google user,1,2026-06-13 00:44:28,I have lost countless Mobile data and minutes. The application is not provide push notification properly before the bundle expiry date. But some how provide unnecessary push notification all the time.😂,12
A Google user,5,2026-06-12 23:29:11,It is very easy to use and it is very useful for us because we don't know what kind of pin to dial to buy minutes or other things so it is very easy for us to use.,5
A Google user,1,2026-06-12 20:27:28,very bad service,0
A Google user,1,2026-06-12 19:37:34,not GP offers,1
A Google user,5,2026-06-12 19:36:37,best internet service,0
A Google user,4,2026-06-12 18:01:45,বেশি বেশি মিনিট অফার চাই অল্প টাকায় বেশি মিনিট 30 দিন মেয়াদে,0
A Google user,5,2026-06-12 17:43:37,ধন্যবাদ ফ্রি ১GB দেওয়ার জন্য।,0
A Google user,5,2026-06-12 15:42:51,the experience is great i love it,0
A Google user,5,2026-06-12 15:38:36,"best offer,thanks Grameen fhone.,,",0
A Google user,5,2026-06-12 15:31:59,Nice & Very helpful,0
A Google user,5,2026-06-12 12:15:40,That Was Very Good Service Provide.,0
A Google user,1,2026-06-12 12:14:14,"Your service is good but when a SIM is not used for a long time! I saw the 20 GB offer for 240 taka and paid the money, later the offer became 300 taka",0
A Google user,1,2026-06-12 12:06:38,"​Every two days there's a new update. All you guys care about is finding new ways to cut down validity and jack up the prices of data and minutes! Man, I seriously feel like uninstalling MyGP and throwing this SIM card away. What a load of absolute garbage updates! 🤬🤬🤬",20
A Google user,1,2026-06-12 12:02:42,the only good thing about gp is that they have the best coverage.. other than that everything is bad about them.,6
A Google user,5,2026-06-12 10:17:44,best deal mygp,0
A Google user,5,2026-06-12 08:44:09,that is very good app and it is very importent,1
A Google user,5,2026-06-12 05:26:28,অফার দাম বেশি হয়ে যায় কম করলে ভালো হয়,0
A Google user,5,2026-06-12 05:10:33,good service gp internet,0
A Google user,1,2026-06-12 01:00:45,worst service,0
A Google user,1,2026-06-12 00:52:13,"The worst experience before World Cup night. Bought the world cup package of 97 taka and after completion subscription, message has come but in time. My GP app shows no data, no access and there is no other way to watch. even the Bioscope doesn't recognise my contact, by which I has subscribed. 3rd Class offer and service.",18
A Google user,5,2026-06-11 23:54:39,this offer is very good,1
A Google user,5,2026-06-11 23:38:17,nice 🙂 we need more offer with low budget ☺️☺️,1
A Google user,5,2026-06-11 23:17:32,very good service,0
A Google user,5,2026-06-11 22:54:20,good❤️❤️❤️❤️❤️❤️❤️,0
A Google user,1,2026-06-11 20:26:17,This mygp company is a thief. This mygp company steals people's money.,0
A Google user,5,2026-06-11 19:39:01,All kinds of GP SIM related service in one app.,3
A Google user,5,2026-06-11 18:44:47,"MyGp, my favorite.",0
A Google user,5,2026-06-11 18:29:53,অসাধারণ সিম 🥰💯✅,0
A Google user,3,2026-06-11 18:17:37,it's very helpful apps and easy to find any offers and other option..so that's why I like the apps,3
A Google user,5,2026-06-11 16:59:19,"This is very good app, for buyers, I buy my daily offers from here 💥💯🎁",1
A Google user,1,2026-06-11 14:21:43,too much expensive packages compering to other operators....,5
A Google user,5,2026-06-11 13:46:44,Excellent... want more flexible supports to customers. Thanks,4
A Google user,5,2026-06-11 13:10:17,বেশি সুবিধা বেশি অফার বেশি আরামদায়ক সব,0
A Google user,1,2026-06-11 12:27:58,কল হিস্টোরি ইনকামিং কোন কিছু আপডেট হয় না শুধুমাত্র আউটগোয়িং দেখায়। এটা না দেখালেও চলবে। এটাতো মোবাইলে ডায়ালেই থাকে।,0
A Google user,2,2026-06-11 11:47:21,একবারে বাজে ইন্টারনেট মিনিট অভার,0
A Google user,5,2026-06-11 09:22:59,Good Service for My Gp Thank You.,0
A Google user,1,2026-06-11 08:52:35,call rate to much hight and its to be a bad review. call drop . should be review call and internet prise,0
A Google user,5,2026-06-11 08:48:29,too good offers,0
A Google user,5,2026-06-11 05:58:11,"all everything is good,but App download bonus not given",3
A Google user,5,2026-06-11 00:13:34,এটায় অনেক ভালো অফার দেয়ে,0
A Google user,1,2026-06-10 23:01:39,faltu company gp,0
A Google user,5,2026-06-10 20:15:42,"⭐⭐⭐⭐⭐ My GP app is very user-friendly and convenient. I can easily buy internet packages, check my balance, recharge, pay bills, and access various services in one place. The interface is simple and smooth, making the overall experience excellent. Regular offers and useful features make this app even more valuable. Highly recommended for all Grameenphone users!",29
A Google user,5,2026-06-10 18:48:27,cant daunlod,0
A Google user,2,2026-06-10 17:56:34,Internet price beshi😐,0
A Google user,5,2026-06-10 16:59:30,Wonderful Service,0
A Google user,5,2026-06-10 16:15:47,Very good app and very good offer,0
A Google user,1,2026-06-10 16:05:02,Very bad.... First Time give good Offer but when users getting old they increase their Offer price... if there was any options for minuses star then I will do it.,8
A Google user,5,2026-06-10 14:28:13,good but offers expensive,0
A Google user,5,2026-06-10 14:22:17,Amazing apps,0
A Google user,5,2026-06-10 10:58:19,so fast service,0
A Google user,5,2026-06-10 10:47:34,Wanderful experience,0
A Google user,5,2026-06-10 10:44:37,Feeling better.,0
A Google user,1,2026-06-10 10:13:48,my gp app faltu hoye gece call history dekhaina batpari kore,0
A Google user,4,2026-06-10 05:35:57,Dear sir please take this my emotion for interested talk now solved Always update and now letest service my divice for interested apps.,0
A Google user,1,2026-06-10 03:21:53,volte not properly working... speaker for gor gulistan 😡😡,2
A Google user,4,2026-06-10 02:24:50,অনেক ভালো একটি app এটি,0
A Google user,5,2026-06-10 00:17:40,অনেক ভালো সুবিধা গ্রামীনফোনে,0
A Google user,5,2026-06-09 23:14:48,"এমবি মিনিটের দাম কমান, এত দাম হলে, গ্রামীণসিম ইউজ করা ছেড়ে দিবো",0
A Google user,5,2026-06-09 23:03:20,so good game thanks a lot,0
A Google user,5,2026-06-09 22:35:27,খুবই সুন্দর অফার,0
A Google user,1,2026-06-09 22:03:38,নেট এর দাম অনেক বেশি,0
A Google user,5,2026-06-09 21:55:09,nice app otp,0
A Google user,3,2026-06-09 21:10:07,Network not good right now. internet prices are so high.,3
A Google user,5,2026-06-09 20:05:39,giving us offer and free items and daily rewards for 7 days,0
A Google user,2,2026-06-09 19:22:37,ভালোই হয়েছে যদি কোন টাকা কেটে না নেওয়া হয় ধন্যবাদ,0
A Google user,1,2026-06-09 18:04:08,এটা নামতে এত সময় লাগে কোন,0
A Google user,5,2026-06-09 17:29:30,my gp app vary good app,0
A Google user,5,2026-06-09 16:50:51,আমার সব থেকে প্রিয় মাইজিপি অ্যাপ 🥰👌,0
A Google user,1,2026-06-09 16:28:20,"বালের মতো নে দেয়, আর দাবি বাংলাদেশের নাম্বার ওয়ান নেটওয়ার্ক, mb দিবে ৩ জিমি দাম চায় ১০০ টাকা, কতো বড বাটপার এরা রে ভাই,,!",0
A Google user,1,2026-06-09 16:14:38,this app Doesn't work.i can't even login in this apps although the code is correct everytime i enter the code it again send me back to the login page.,5
A Google user,1,2026-06-09 15:35:07,Extremely high internet package rate. The most greedy SIM company in BD.,1
A Google user,4,2026-06-09 14:48:50,very good application,0
A Google user,5,2026-06-09 14:04:05,Good experience,0
A Google user,5,2026-06-09 13:06:56,My Grameen phone SIM internet speed is slow,1
A Google user,4,2026-06-09 10:23:36,have to improve network,0
A Google user,5,2026-06-09 09:25:53,Very organised app,0
A Google user,4,2026-06-09 06:29:22,app experience is Good. bundle price is too high,2
A Google user,5,2026-06-09 01:52:33,my app update now plz,0
A Google user,5,2026-06-09 00:30:22,my gp is my favourite Sim,0
A Google user,5,2026-06-09 00:21:46,very good app,0
A Google user,2,2026-06-09 00:00:14,কথা বলার সময় মাঝে মাঝে সমস্যা হয়,0
A Google user,5,2026-06-08 23:10:02,good service,0
A Google user,5,2026-06-08 20:40:49,so beautiful ❤️,0
A Google user,4,2026-06-08 20:21:11,Help full app,0
A Google user,2,2026-06-08 20:04:39,"OK, but offer price too high!",3
A Google user,3,2026-06-08 15:42:14,why this app doesn’t run when im offfline?🥺,0
A Google user,5,2026-06-08 14:55:34,THIS APP IS VERY NICE.APP WILL BE FREE INTERNET OFFER FROM GOVERNMENT SO THIS APP IS VERY NICE.,1
A Google user,5,2026-06-08 14:38:13,very good apps,0
A Google user,1,2026-06-08 14:28:38,khubi kharap experience mb ar dam khub brshu,0
A Google user,5,2026-06-08 14:09:25,very nice app,0
A Google user,1,2026-06-08 12:07:09,50 min pack is better . but there is no less than 100 min,0
A Google user,3,2026-06-08 08:53:02,High Price 😡,0
A Google user,3,2026-06-08 06:33:50,Good service,0
A Google user,5,2026-06-08 00:47:00,Very Good grameenphone. 💥,0
A Google user,5,2026-06-07 23:13:47,বালো একটা এপ আপনার সবাই ঠাইলুট করবেনা,0
A Google user,5,2026-06-07 22:59:41,good service,0
A Google user,4,2026-06-07 22:20:24,309 tk i want to rercharge,0
A Google user,5,2026-06-07 21:18:52,"Good Job,, But........ High Rate...... 👉👉👉👌👌👌",0
A Google user,4,2026-06-07 20:21:28,ভালো কিন্তু মিনিট প্যাক গুলার দাম আরো কমালে ভালো হয়।,0
A Google user,5,2026-06-07 19:45:47,"Good but, mb ar dam koman miaa 😑",0
A Google user,1,2026-06-07 19:26:17,কয়দিন পর পর দাম খালি বাড়ে,0
A Google user,5,2026-06-07 17:11:12,this experience are really really good. just superb,0
A Google user,1,2026-06-07 16:22:42,"worst app ever,tk diye data kinar por o mobile data kaj kore nah,ekbar nah,pray protibar same jinish ta face kora lage,ar tk toh kom rakhe nah,but service deoar shomoy ekdom e valo nah",0
A Google user,5,2026-06-07 14:19:25,this was very good service 💯,0
A Google user,5,2026-06-07 14:19:02,ধন্যবাদ জিপি পরিবার কে❤️,0
A Google user,5,2026-06-07 13:54:37,Thank you Grameen sim company for new offer and good Network ❤️❤️❤️,0
A Google user,5,2026-06-07 13:03:30,Nice app helpull,0
A Google user,5,2026-06-07 12:52:59,Vary good apps,0
A Google user,5,2026-06-07 11:46:13,GP Is the best,0
A Google user,5,2026-06-07 10:58:33,অ্যাপটি খুব ভালো খুব সহজ যে সবকিছু কেনা যায় 😎🤟🇧🇩,0
A Google user,4,2026-06-07 09:36:32,"it's well and helpful aap if someone question to me why it's helpful,I can talking to them it's normal offer like you have some money of you're account then you need internet ya minutes pack with some money so it's possible easily ♥️",0
A Google user,5,2026-06-07 08:26:20,খুব ভালো অ্যাপ,0
A Google user,5,2026-06-07 08:23:17,best support app,0
A Google user,1,2026-06-07 03:11:23,the worst service from a devil minded company. they only for money not for people,0
A Google user,5,2026-06-07 00:35:36,Good service ❤️,0
A Google user,5,2026-06-06 23:59:26,good service,0
A Google user,5,2026-06-06 23:36:13,good service,0
A Google user,1,2026-06-06 22:18:54,very bad internet connection. আমি 15mbps প্যাকেজ নিয়ে টেস্ট করে দেখী 2.00এমবিপিএস,0
A Google user,4,2026-06-06 17:43:54,ডাটার মেয়াদ বা ডাটা শেষ হওয়ার আগে ন্যুনতম sms এর মাধ্যমে ইউজারকে reminder দেয়া উচিৎ। ইদানিং আমি এই সংক্রান্ত কোনো notification না পাওয়াতে ডাটা ব্যবহারে বিভ্রান্ত ও অসুবিধার সম্মুখীন হয়েছি।,1
A Google user,5,2026-06-06 17:09:31,অ্যাপ ব্যবহার করে বেশ ভালোই লাগে।,0
A Google user,5,2026-06-06 16:00:51,Awesome Internet service,0
A Google user,5,2026-06-06 15:59:14,best network,0
A Google user,1,2026-06-06 14:57:25,very fast mobile recharge. Thank you so much GP,0
A Google user,1,2026-06-06 13:58:09,you guys are bunch of scammers,0
A Google user,1,2026-06-06 13:10:12,"Worst, the internet service is almost nothing. very bad internet. and the offer's price is unbelievable high. I think, the company only needs money. but they can't offer good services at low price? the robi internet is more good than it.",1
A Google user,5,2026-06-06 12:24:18,good apps like it,0
A Google user,5,2026-06-06 12:13:17,৩০০টাকায় ২০ জিবি ইন্টারনেট ৩০ দিনের জন্য কিনে আমার খুব ভালো লাগছে,0
A Google user,5,2026-06-06 10:03:36,very very good,0
A Google user,5,2026-06-06 10:02:32,অনেক সুবিধা এবং হেল্প ফুল ধন্যবাদ মাই জিপিকে কে,0
A Google user,1,2026-06-05 23:49:54,সব ঠিকঠাক শুধু ডার্ক মোড নাই,0
A Google user,4,2026-06-05 21:20:49,Data and mins are more expensive than other operators,1
A Google user,5,2026-06-05 21:09:38,"Most Wanted Suitable.,.",0
A Google user,5,2026-06-05 18:09:13,My Favorite Apps Thanks For My GP apps 💖,1
A Google user,1,2026-06-05 17:57:01,ekkebare faltu...baje...,0
A Google user,5,2026-06-05 14:45:18,good is going,0
A Google user,1,2026-06-05 14:32:32,Cannot be used without net,0
A Google user,5,2026-06-05 13:04:41,"Using MyGP, everything is solved in a very nice way. I can see everything at a glance, MB minutes, and there are many more features here that are very useful. I think this software is definitely good.",10
A Google user,4,2026-06-05 12:48:13,mb offer valoi den but unlimited mb offer aro valo Dile Amar jonno comfortable Hobe,1
A Google user,1,2026-06-05 11:33:46,"this app size is big, they should launch a lite version",0
A Google user,1,2026-06-05 11:19:13,"app is crashing, there is some bug, please fix it.",1
A Google user,1,2026-06-05 11:05:08,সমস্যার কারণে ভিতরে ঢুকতে পারি না ভিতরে ঢুকলে আমারে বের করে দেয়,0
A Google user,5,2026-06-05 10:25:17,Balance vanish at speedy rate,0
A Google user,5,2026-06-05 09:46:25,good service,0
A Google user,5,2026-06-05 09:38:57,mygp appa open hossa na kano,0
A Google user,4,2026-06-05 05:04:27,Good and easy process recharge,0
A Google user,1,2026-06-05 04:02:28,app keeps crashing,0
A Google user,5,2026-06-05 01:58:47,I like this offer.,0
A Google user,5,2026-06-05 01:21:34,I need more internet offer,0
A Google user,5,2026-06-04 22:49:15,this app is so useful,0
A Google user,2,2026-06-04 22:05:12,High rate from others any call and internet.,1
A Google user,5,2026-06-04 22:03:25,just perfectionism.,0
A Google user,1,2026-06-04 20:27:46,বালের এপ্যাস এমবি র দাম বেশি,0
A Google user,5,2026-06-04 19:28:18,so excellent app 😍,0
A Google user,1,2026-06-04 18:30:36,Prices are to high.,1
A Google user,5,2026-06-04 16:22:48,ভেরি বিউটিফুল,0
A Google user,5,2026-06-04 15:43:47,minite loan system jos mb loan bad,0
A Google user,5,2026-06-04 15:36:17,Seen 5g speed but working 3g .,1
A Google user,5,2026-06-04 15:24:04,কিছুসময় মনে হয় গ্রামীণ সিমের সমস্যা তবে যখন অন্য কোম্পানির সাথে তুলনায় যাই তখন মনে হয় না গ্রামীণ ফোনই ভালো।,0
A Google user,5,2026-06-04 14:59:15,Alhamdulillah,0
A Google user,3,2026-06-04 14:54:26,good app but offers is so expensive plz low price in offer,5
A Google user,3,2026-06-04 14:15:41,"not handy, less offer",0
A Google user,5,2026-06-04 12:29:04,"My GP app makes buying internet packs super easy. All MB offers are shown clearly with validity. 1-tap purchase, instant activation, no code dialing. I buy my daily/weekly/monthly internet pack from here only. Fast, reliable and no extra charge. Best app for GP internet users. 5 stars!",10
A Google user,4,2026-06-04 09:48:04,Very useful app,0
A Google user,4,2026-06-04 09:32:18,"Literally,just got a free pack,,,its amazing,,the user experience is always great in the app",5
A Google user,1,2026-06-04 09:30:31,to much expensive,0
A Google user,1,2026-06-04 09:15:16,over priced as hell,0
A Google user,5,2026-06-04 07:50:30,আপডেটটা চেঞ্জ,0
A Google user,5,2026-06-04 07:04:25,bad Networking project Site,0
A Google user,5,2026-06-04 03:49:41,it is very useful app.,0
A Google user,5,2026-06-04 00:22:48,খুব ভালো লাগে তাই নাড়াচাড়া করছিলাম কিন্তু কম টাকা রিচার্জ করলে টাকা নাই হয়ে জায় এর কারণ কি,0
A Google user,1,2026-06-04 00:14:34,The offers on the app is very rich.It's not affordable for everyone especially students . Authority should think about it.,7
A Google user,5,2026-06-03 23:57:55,অসাধারণ 👍👍❤️,0
A Google user,5,2026-06-03 22:14:55,Gp all of the best but offer prize very cost.,5
A Google user,4,2026-06-03 18:57:31,data packs are so expensive 😭,0
A Google user,5,2026-06-03 18:55:13,good project,0
A Google user,2,2026-06-03 16:53:11,"ক্লিপ পিন করতে, যোগ করতে এবং মুছতে এডিট আইকন ব্যবহার করুন।ক্লিপ পিন করতে, যোগ করতে এবং মুছতে এডিট আইকন ব্যবহার করুন।",0
A Google user,1,2026-06-03 14:29:03,"To high call rate , worst experience with gp👎",0
A Google user,1,2026-06-03 14:11:45,এতো পরিমাণ রেট কাটা হয় যাঁর কারণে এখন আর রিসার্চ করিনা।,0
A Google user,5,2026-06-03 13:32:52,valo nh beshi,0
A Google user,5,2026-06-03 12:38:09,"GP adds Dutch-Bangla banks like bKash, Nagad, etc. I think the recharge option will be the most convenient.",3
A Google user,1,2026-06-03 12:29:57,call rate is too high.,1
A Google user,5,2026-06-03 12:22:55,good wenderfull,0
A Google user,5,2026-06-03 11:39:53,we are happy with Mygp.Excellent and better than others,0
A Google user,3,2026-06-03 08:53:46,average with some problems!,1
A Google user,5,2026-06-03 05:14:03,This app was good,0
A Google user,1,2026-06-03 02:33:46,this app is very annoying because do not connect with wifi,0
A Google user,1,2026-06-03 01:58:55,"নির্দিষ্ট একটা প্যাকেজ দুবারের বেশি পার্চেজ করলে সেই প্যাকেজটির দাম বাড়িয়ে দেয়, ফালতু।",0
A Google user,5,2026-06-03 00:24:51,All in one. Just awesome!!!,2
A Google user,4,2026-06-02 22:24:58,"সব ঠিক আছে, শুধু MB দাম বেশি।",0
A Google user,5,2026-06-02 22:20:46,Ki problem mi GP point,0
A Google user,4,2026-06-02 21:26:14,Very important,1
A Google user,5,2026-06-02 20:49:52,"আস সালামু আলাইকুম ওয়া রহমাতুল্লাহ ওয়া বারকাতু কেমন আছেন আপনারা আমার জিপি এপ সত্যি এ টা, একটা অসাধারণ এর প্রতি টা অফার দারুন যা প্রকাশ করার শব্দ বা বাক্য আমার কাছে নেই শুধু এটাই বলতে পারি যে এই এপ টি এভাবেই আমাদের মাঝে যেন আজীবন থাকে আর সেই সাথে গ্রামীন ফোনের সাথে জড়িত সকল কর্মকর্তা ও কর্মচারীদের প্রতি রইলো অনেক অনেক শুভেচ্ছা ও শুভকামনা এবং সেই সাথে অনেক অনেক ভালবাসা।",0
A Google user,5,2026-06-02 17:56:42,I'm using gramenephone 2000 year ago my gb is my favorite,0
A Google user,1,2026-06-02 17:37:54,poor service,0
A Google user,5,2026-06-02 15:11:25,নেট কম হায় কেমন,0
A Google user,3,2026-06-02 15:08:27,Is 10 seconds pulse works? it doesn't works.,2
A Google user,4,2026-06-02 14:51:20,The app system is good but any kind of pack price is so high,1
A Google user,5,2026-06-02 13:11:21,আরও কম টাকায় অফার চাই,1
A Google user,5,2026-06-02 09:34:06,bring back chattttttt pls,0
A Google user,5,2026-06-02 09:08:05,it's agʻoood apps,0
A Google user,5,2026-06-02 06:24:05,verry good appps,0
A Google user,5,2026-06-02 05:02:04,Got Excellent service,0
A Google user,1,2026-06-01 22:38:22,it’s service and net connection very bad and it’s Internet Price is too high,5
A Google user,4,2026-06-01 21:57:38,খুব দুরুত হয়ে গেছে,1
A Google user,5,2026-06-01 20:48:37,best network 🛜 in bd,1
A Google user,5,2026-06-01 20:18:01,very good apps,1
A Google user,5,2026-06-01 20:04:42,very nice apps,0
A Google user,1,2026-06-01 19:45:27,একবারে ফালতু এত দাম যে এমবির কেনার মত টাকা নেই বাংলালিংক অন্য সমস্ত জিপি কোম্পানিতে অনেক দাম কম এমবির,0
A Google user,3,2026-06-01 19:12:35,this apps so helpfull for gp offers,3
A Google user,5,2026-06-01 18:18:07,"G00D network,",0
A Google user,5,2026-06-01 17:38:17,App is good but thair plan is so expensive. I think the company should more concern about the plan prices.,3
A Google user,2,2026-06-01 17:10:55,log in problem,0
A Google user,5,2026-06-01 15:48:30,also good 👍🏻,0
A Google user,5,2026-06-01 13:55:33,কম রেটে ভাল প্যাকেজ। ৩৫০ মিনিট হলে বেশী ভাল হয়।,0
A Google user,5,2026-06-01 13:49:38,It is beneficial for people of all professions.,0
A Google user,5,2026-06-01 12:39:45,very expensive apps,0
A Google user,1,2026-06-01 12:35:46,Such a nonsense app.,0
A Google user,3,2026-06-01 11:26:57,বান্ডেল প্যাকেজ গুলো আরো কিছু কম রেটে আনলে খুব ভালো হয়,0
A Google user,5,2026-06-01 10:26:00,"This app makes managing my Grameenphone account so much easier. I no longer need to remember all those USSD codes. Checking balances, recharging, and activating internet packs takes just a few seconds. The Flexiplan feature is great for customizing my own pack. I also love watching live sports and web series from inside the app. A must-have for every GP user!",31
A Google user,3,2026-06-01 09:12:29,so slow and not smooth,0
A Google user,5,2026-06-01 08:46:43,জিপি পয়েন্ট দিয়ে আমার প্রথম মিনিট ক্রয় করেছি। সত্যি অনেক ভালো লাগছে।,0
A Google user,5,2026-06-01 01:30:25,wow working app. just gp,1
A Google user,3,2026-06-01 00:38:15,"USSD not working on 4G/VoLTe only Mode, switches to 2G when dialing, Implent Proper 4G/VoLTE like Banglalink.",0
A Google user,5,2026-06-01 00:11:46,গ্রামীণফোন দেশের নাম্বার ওয়ান নেটওয়ার্ক এন্ড নাম্বার ওয়ান অফারের জন্য বেস্ট,0
A Google user,5,2026-05-31 23:19:03,"this is a wonderful apps,my GP apps",0
A Google user,3,2026-05-31 21:09:04,"yours application is good, but sometime we fase great network problem. so please, solved this problem .thank you",2
A Google user,1,2026-05-31 19:23:58,didn't work properly,0
A Google user,5,2026-05-31 14:41:24,verry good apps,0
A Google user,3,2026-05-31 14:17:35,very expensive Banglalink batter,0
A Google user,1,2026-05-31 13:26:09,Now a days I feel very unsafe using this app. I feel like my personal data is not safe with this software as concerns raised by various media houses & at social media!,10
A Google user,5,2026-05-31 12:51:47,not bad younos,0
A Google user,1,2026-05-31 10:04:13,একদম ফালতু একটা অ্যাপস ঠিকমতো ওপেন হতে চায় না |যে কোন প্যাকেজের দাম বেশি |পুরাই ফালতু দেশের সবাইকে এক স্টার দিতে বল,0
A Google user,1,2026-05-31 09:46:19,গ্রামীণফোন কোম্পানি টাই হচ্ছে বাজে অথচ অন্যান্য কোম্পানি অনেক ভালো ভালো সুযোগ দিয়ে রাখছে,0
A Google user,5,2026-05-31 08:20:46,rate hight but good service. I am using from very beginning of With GP.,1
A Google user,3,2026-05-31 07:24:02,"Gp not providing offer like Robi/Airtel.It’s package is expensive. but, network is strong enough",4
A Google user,2,2026-05-30 23:45:40,"I cannot see the price at the package page, no matter data or minutes, only after I click ""next"" to the payment page, then I can see it. It's very inconvenient!",0
A Google user,5,2026-05-30 23:32:41,All time is very nice. Good 🥰 Bautifull ❤️,0
A Google user,1,2026-05-30 22:55:47,poor network signal very very ved combo offers😥,1
A Google user,1,2026-05-30 20:36:23,"manger network salara akata network Valo babe suply dite parena abar review, rate er option rakse",0
A Google user,1,2026-05-30 20:24:19,নতুন UI টা ফালতু! খ্যাত খ্যাত লাগে। আগের টাই ভাল ছিল। গ্রামে কাভারেজ + ইন্টারনেট টেলিটকের চেয়ে বাজে পিং।,0
A Google user,5,2026-05-30 19:32:30,good experience,0
A Google user,5,2026-05-30 19:14:12,খুব সুন্দর একটি অ্যাপস,0
A Google user,5,2026-05-30 17:32:19,Gp apps all Best.,1
A Google user,4,2026-05-30 12:14:18,দাম একটু বেশি হয়ে গেছে। ৪০০ মিনিট ২০০ টাকা হলে বেশি ভালো হতো।,0
A Google user,1,2026-05-30 10:19:52,The offers are not so good.,1
A Google user,1,2026-05-30 07:45:37,"ধনের সিম, ধন্যবাদ",0
A Google user,5,2026-05-30 02:15:25,free fire যদি খেলা ভালো ভাবে যাই তাহলে ৫ইস্টার দিবো,0
A Google user,5,2026-05-30 01:32:35,আর একটু মুল্য কমালে সবার জন্য ভালো হয়,1
A Google user,5,2026-05-30 01:26:55,this app Service good,0
A Google user,5,2026-05-30 01:24:47,Amazing this app,0
A Google user,4,2026-05-30 00:51:26,price are a little higher,1
A Google user,1,2026-05-30 00:26:48,Expensive Call rate,0
A Google user,5,2026-05-29 23:37:02,Awesome experience,0
A Google user,5,2026-05-29 22:07:23,extremely helpful.,0
A Google user,1,2026-05-29 21:21:11,shobkisur price onek high AR taka bhorle onek taratari kete niyee Jai,1
A Google user,5,2026-05-29 19:04:54,very good 👍 app,0
A Google user,5,2026-05-29 18:35:05,MyGPতে ভালো অফার পাওয়া যায় খুব সহজেই। আর আমি এই এপ ব্যবহারে অনেক উপকৃত হয়েছি।,0
A Google user,1,2026-05-29 16:13:16,বালের সিম নেট চলে না,0
A Google user,2,2026-05-29 13:25:23,এমবি এর অনেক বেশি পরিমান দাম নেয়।,0
A Google user,1,2026-05-29 09:52:44,There is no good MB offer on GP SIM 😒,2
A Google user,1,2026-05-29 05:32:51,"Free version, very nice application, very nice offers are available in it. But lately the balance is being deducted more. Everything about this application is good but, I was once a Premium Gold, and at the same time, there was no charge for replacing the SIM, it was done for free, but now I have to pay 400 taka to replace the SIM. Oh and I used to get very nice offers. But now the only problem is that my Premium Gold has become only gold, I don't know why. I am very sad about this.",2
A Google user,5,2026-05-29 01:48:05,Eazy to use for me,0
A Google user,5,2026-05-29 00:28:19,.so good app used varry happy 🥰🥰🥰🥰😁,2
A Google user,2,2026-05-28 23:35:39,ডার্চ বাংলা কার্ড দিয়া রিচার্জ করা যায় না,0
A Google user,5,2026-05-28 23:32:29,thanks point,0
A Google user,5,2026-05-28 23:22:10,extraordinary,1
A Google user,1,2026-05-28 22:11:18,Not feel secured to use this apps any more,1
A Google user,1,2026-05-28 21:06:19,over priced data packs,0
A Google user,5,2026-05-28 20:21:24,It's so helpful to worth five star.,0
A Google user,2,2026-05-28 20:02:31,Net speed kom net slo slo kaj kore Akdom baje net Aita apnader kas theke asha kori nai,1
A Google user,1,2026-05-28 19:31:47,"Network issue while purchasing offer bundles, my wifi network was good but the app wasn’t responding",8
A Google user,5,2026-05-28 18:26:55,really it was good experience,1
A Google user,1,2026-05-28 17:09:50,I want to give zero star but there is no option for it. I bought 2 gb from the app but I only get one gb. no information fo the packages are clear and overpriced. internet speed slow,3
A Google user,5,2026-05-28 16:03:24,best offer best My Gp Apps.Thank you,0
A Google user,5,2026-05-28 15:40:00,beautiful Apps,0
A Google user,5,2026-05-28 14:31:46,good apps services,0
A Google user,1,2026-05-28 10:20:14,"আমি ধিক্কার জানাই এই অ্যাপ এর প্রতি! ফেসবুক চালানোর সময় ভুল করে চাপ লেগে আমার একাউন্টের টাকা কেটে গিয়ে প্যাকেজ ক্রয় হয়ে গিয়েছে।ভুল করে চাপ লাগতেই পারে,কিন্তু প্যাকেজ কেনার আগে একটা কনফারমেশন আসা তো দরকার তাই না?ধিক্কার জানাই মাই জিপি অ্যাপের প্রতি।",0
A Google user,1,2026-05-28 09:32:02,3rd class app,0
A Google user,3,2026-05-28 08:01:05,আফার দাম বেশি,0
A Google user,5,2026-05-28 06:43:46,good offer 😜,0
A Google user,5,2026-05-28 03:14:18,bal er offer,0
A Google user,5,2026-05-28 00:33:41,my gp best app,0
A Google user,5,2026-05-28 00:24:06,nice nd clear talke,0
A Google user,5,2026-05-27 23:48:48,using experience is well.,0
A Google user,1,2026-05-27 23:18:53,এসব বাদ দেন আপনারা,0
A Google user,5,2026-05-27 22:43:27,nice gramean App,0
A Google user,2,2026-05-27 22:11:42,very boring with stupid ads,0
A Google user,5,2026-05-27 21:40:11,I'm Too much satisfied,0
A Google user,1,2026-05-27 21:27:34,"Worse experience, very unsatisfying, The GP apps Grameenphone's recharge service is terrible!",0
A Google user,5,2026-05-27 20:50:47,অনেক ভালো অ্যাপস এটা এমবির অফার ভালো 100 টাকা দিয়ে 10 জিবি এমবি পেলাম 7 দিনের জন্য 😊😊,2
A Google user,1,2026-05-27 20:11:10,bad free fire game not playing 👎🏻👎🏻👎🏻,0
A Google user,4,2026-05-27 18:01:17,"MyGP is best app for use and information minitue, internet with all things",0
A Google user,1,2026-05-27 15:23:17,They say that they will give me free 300 mb after install the app but they didn't give me any free mb!!! spammm...!!!!,0
A Google user,5,2026-05-27 12:58:11,Nice My Gp App ❤️,1
A Google user,4,2026-05-27 10:44:53,"It gives a very good performance. It is useful for buying MB, minutes or something else. It is actually a very good app.This app often gives away free MBs.I encourage everyone to download it.",1
A Google user,5,2026-05-27 09:18:50,nice👍 internet,1
A Google user,3,2026-05-27 05:52:30,below average,0
A Google user,1,2026-05-26 22:14:17,"ফালতু একটা সিম কোম্পানি, উপায় নাই তাই ব্যবহার করি,",0
A Google user,1,2026-05-26 22:08:01,ভেরি গুড সার্ভিস,0
A Google user,1,2026-05-26 21:22:47,call rate high,0
A Google user,5,2026-05-26 17:01:11,pls add 700/800 min pack on Flexipack plan,0
A Google user,5,2026-05-26 15:43:08,ভেরি নাইস ওভার,0
A Google user,5,2026-05-26 15:36:31,service is good but very expensive,1
A Google user,5,2026-05-26 15:15:05,nice apps. bast,0
A Google user,1,2026-05-26 15:12:14,"I have lost 400 taka by buying MB from Grameen SIM. I get the worst internet service I have ever seen in my life here. YouTube or Facebook is not working, I can't play games, I can't even log in to the official My GP app.",4
A Google user,1,2026-05-26 14:59:32,This app offer expensive,0
A Google user,1,2026-05-26 14:45:53,বাংলাদেশের মধ্যে ফালতু মোবাইল অপারেটর হচ্ছে গ্রামীণফোন। ১০০ টাকায় মাত্র ৫ জিবি,0
A Google user,1,2026-05-26 14:31:54,the prizes are too high. In emergency if u want to buy Internet the lowest prize is 98 taka.they should have some low prize offers.,2
A Google user,5,2026-05-26 13:36:36,অনেক ধন্যবাদ।,0
A Google user,5,2026-05-26 10:41:15,ধন্যবাদ স্যার,0
A Google user,1,2026-05-26 10:31:23,অ্যাপটির ভিতরে নতুন রুপ এবং সবকিছু বদলে নতুন করলে সুন্দর হতো।,1
A Google user,5,2026-05-26 08:09:12,একদম ফাটাফাটি অফার,0
A Google user,3,2026-05-26 07:01:39,"আমার এই মাই জিপি এ্যাপে,শুধু ডাইল নাম্বার দেখানো হচ্ছে, কিন্তু রিসিভ কল দেখানো হচ্ছে না?প্লিজ রিসিভ কল ও যেনো দেখতে পারি, এবং ডাইল কল আর মেসেজ যেনো দেখতে পারি দয়া করে প্লিজ 🙏",0
A Google user,2,2026-05-26 03:45:57,please update the Arabic calendar.,0
A Google user,5,2026-05-26 01:44:04,good❤️❤️❤️❤️❤️,0
A Google user,5,2026-05-26 01:28:00,gf ap is the very nice,0
A Google user,5,2026-05-26 00:42:36,better then other network.,0
A Google user,5,2026-05-26 00:10:12,nice app my gp,0
A Google user,3,2026-05-25 23:45:51,Thanks for all the,0
A Google user,4,2026-05-25 22:54:41,to much internet rate 😕 no pack offer,1
A Google user,2,2026-05-25 20:25:27,rate increase,0
A Google user,5,2026-05-25 19:53:17,𝐠𝐨𝐨𝐝 𝐩𝐞𝐫𝐟𝐨𝐫𝐦𝐚𝐧𝐜𝐞,0
A Google user,5,2026-05-25 19:35:23,mygp app My love,0
A Google user,3,2026-05-25 18:20:26,"functional, user friendly but loaded with promotional contents that is irritating",4
A Google user,5,2026-05-25 16:46:50,Think you sir,0
A Google user,2,2026-05-25 16:40:34,bad experience,0
A Google user,5,2026-05-25 16:08:45,খুব ই একটি অফার,0
A Google user,1,2026-05-25 16:01:03,"This my gp apps is now a harmful for a customer. By binding my bKash number with my gp apps, I lost my 335 taka today. So everyone beware from this apps binding with you bKash or Bank account. GP should be take care of this problem. Very bad experience with this apps.",6
A Google user,2,2026-05-25 13:34:47,I'm not play game with the internet,2
A Google user,3,2026-05-25 13:14:47,Rate is show high.,3
A Google user,5,2026-05-25 12:52:33,অনেক ভালো একটা অ্যাপ,0
A Google user,4,2026-05-25 12:29:52,better than earlier,0
A Google user,2,2026-05-25 09:49:05,internet price very high,0
A Google user,1,2026-05-25 00:32:23,very helpful,0
A Google user,5,2026-05-25 00:14:37,this app is very good survics,0
A Google user,4,2026-05-24 21:14:51,"with due respect, please design the app pages with professional looks for corporate users. The homepage looks too noisy and ugly with random pop-ups, ads, unnecessary offers and these hardly go with professionalism. Thanks in advance.",17
A Google user,1,2026-05-24 19:04:26,"এমবির দাম অনেক বেশি, এটা কমানোর চেষ্টা করবেন, যদি কমান তাহলে 5 স্টার রেটিং দেবো।",0
A Google user,1,2026-05-24 18:09:35,"Currently, Grameenphone is the worst operator in the country because the price of minutes, data and SMS is the highest on this Grameenphone, and the validity is very short. Boycott Grameenphone.",7
A Google user,1,2026-05-24 17:52:50,net work is poor.,0
A Google user,1,2026-05-24 12:18:52,too much charge looks like scam,0
A Google user,5,2026-05-24 11:43:23,very good app,0
A Google user,5,2026-05-24 11:24:42,more expensive calling rate!!!,2
A Google user,5,2026-05-24 11:05:45,offer rate high,0
A Google user,5,2026-05-24 09:37:51,allhamdullilah for my GP app,0
A Google user,5,2026-05-24 07:22:47,আরো শক্তিশালী ইন্টারনেট চাই আমার গাজীপুর কোনাবাড়ি পারিজাত এলাকার জন্য।,0
A Google user,1,2026-05-24 05:13:59,ডাকাত Literally,0
A Google user,4,2026-05-24 02:00:53,this is so amazing app,0
A Google user,1,2026-05-24 01:00:39,The app is not safe. I don't feel safe & secured to use this app.,3
A Google user,1,2026-05-24 00:22:14,Failed to recharge Appropriately.,1
A Google user,1,2026-05-24 00:22:07,"The apps is very slow, sometimes not working properly.",4
A Google user,3,2026-05-24 00:13:00,you guys should give more offers 🫴🏻,0
A Google user,5,2026-05-23 23:52:16,ফাইন! ধারণার চাইতেও সুন্দর।,0
A Google user,1,2026-05-23 18:52:13,Don't use it,0
A Google user,5,2026-05-23 18:31:04,great service network,0
A Google user,3,2026-05-23 16:09:08,স ল য়ক নগব ু।হেরন পীর😮‍💨সূ ৃকূ,0
A Google user,5,2026-05-23 15:42:49,"এই অফার টা আমার কাছে খুব ভাল লেগেছে,কারন মিনিট প্যাক অফার গুলো, মেয়াদ শেষ হলে মিনিট চলে যায়।",0
A Google user,5,2026-05-23 15:12:38,Just wow and very helpful,0
A Google user,5,2026-05-23 12:24:17,dam e kom mane balo,0
A Google user,1,2026-05-23 11:52:27,there pack are to expensive..,0
A Google user,1,2026-05-23 11:41:06,Features are not working as promised. Very slow performance,2
A Google user,1,2026-05-23 11:37:49,"Spam with promotional offers, but clicking the link just opens the generic home page instead of the actual discount. Very dissatisfied",13
A Google user,1,2026-05-23 11:14:12,Call rate and internet package price so high.. This aop is so slow.,3
A Google user,1,2026-05-23 10:29:30,very upset by ads,0
A Google user,5,2026-05-23 09:02:32,"অনেক ভালো, সবাই ডাওনলোড করবেন",0
A Google user,1,2026-05-23 03:38:55,"MyGP has become increasingly frustrating to use. The app feels slow, overloaded with unnecessary features, and often prioritizes promotions over actual customer support. Important options are hard to find, and frequent bugs and login issues make the user experience disappointing. A telecom app should focus on simplicity, transparency, and reliable service — unfortunately, MyGP often fails to deliver that.",13
A Google user,5,2026-05-23 00:37:57,so expensive package 😞,0
A Google user,5,2026-05-23 00:18:39,loan lage internet majhe majhe paina....,0
A Google user,1,2026-05-22 23:59:10,Overall Good,0
A Google user,1,2026-05-22 23:04:07,Very high price,0
A Google user,1,2026-05-22 22:50:01,very badly working network,0
A Google user,1,2026-05-22 22:27:51,"Critical My plan offer, High Rate issue, Poor network",2
A Google user,5,2026-05-22 22:20:10,this app is very Great,0
A Google user,4,2026-05-22 21:59:26,Is there any problem in mygp app? I can't log in right now. What should I do?,0
A Google user,5,2026-05-22 21:51:59,HD mein Bhojpuri.,0
A Google user,1,2026-05-22 21:08:19,"Very Bad Service,",0
A Google user,5,2026-05-22 20:47:32,নেটের দাম বেশি ছোট ছোট প্যাক থাকা উচিত,0
A Google user,1,2026-05-22 19:37:53,I don't feel safe to use this apps anymore. security is so week,1
A Google user,5,2026-05-22 17:34:42,💩💩💩💩💩💩💩💩💩💩💩💩💩💩💩💩💩💩💩💩💩💩💩💩💩💩💩💩💩💩💩💩💩💩,0
A Google user,5,2026-05-22 14:58:03,Bangladesh Best network company & telecommunications provider.,0
A Google user,1,2026-05-22 14:33:51,Don't feel safe using the apps anymore. Also disturbing by inappropriate adds.,3
A Google user,5,2026-05-22 14:14:26,খুব সুন্দর এপ,0
A Google user,5,2026-05-22 13:24:17,Very amazing,0
A Google user,1,2026-05-22 13:20:52,2.65 call rate.....ridiculous,0
A Google user,1,2026-05-22 11:32:40,Spam with promotional SMS offers. Damaging phone charge.The apps is very vulnerable.,0
A Google user,5,2026-05-22 10:22:05,অসাধারণ একটা অ্যাপ,0
A Google user,2,2026-05-22 09:44:13,"After purchase of packeg sim (national) Grameen Phone Company have inform me that TK. 1,000/= will be kept as deposit. It means The deposited amount given to them by me at the time of purchase, then some sorts of problem Tk. 1,000/= had send by flexiload and it was posted Tk. 2,000/= as increased deposit. But few month earlier without any notice your company wiped out Tk. 1,000/= from my own deposit. I have inform the customer care by hot line but you did not responded. shame, shame.",1
A Google user,5,2026-05-22 09:11:32,nice service,0
A Google user,5,2026-05-22 08:40:00,Bangladesh best app,0
A Google user,1,2026-05-22 02:32:20,Dont feel safe using this app.....,0
A Google user,1,2026-05-22 02:14:13,"worst and unsafe, get access in many personal data and I have no trust on this company.",1
A Google user,1,2026-05-22 01:59:59,device make slow and extra money deducting from my account so its unsafe,0
A Google user,1,2026-05-22 01:48:09,its a unsafe apps,0
A Google user,5,2026-05-22 01:14:31,ওফাররে জন্য ধন্যবাদ,0
A Google user,5,2026-05-22 01:03:43,"My GP app,in my opinion and based on my usage, is one of the most useful, smoothest and convenient apps in the telecom sector. This app made our life easier. I would suggest giving a new attractive interface. In addition, Grameenphone should come up with some student friendly Data and Call package! regards",2
A Google user,1,2026-05-21 22:17:32,Faul app fnf off kore dise. hi call rates and mb package price too high😡,6
A Google user,1,2026-05-21 19:26:19,Jibone are Grameen sim kinmu na bal@r net ato baje service. din din grahok baraiteche kintu Network er man baray na. Eitai last month onek hoise aponader sim diya muri khan,1
A Google user,5,2026-05-21 18:53:28,good service,0
A Google user,1,2026-05-21 18:34:46,খানকির নাতিরা তোরা এমবি র দাম এতো বেশি রাখছ কে,0
A Google user,5,2026-05-21 17:24:16,jajakallahu khairan 🌺,0
A Google user,5,2026-05-21 17:07:49,Very Helpfull App,0
A Google user,1,2026-05-21 16:50:40,over priced offers,0
A Google user,5,2026-05-21 16:16:05,Thankyou mygp.,0
A Google user,1,2026-05-21 15:59:24,packages are too much costly then others operator. I will give up from using Gp operators. Airtel is better much then gp.,4
A Google user,5,2026-05-21 15:31:55,the bast performance and every Grameen future already installate the my GP app..,2
A Google user,3,2026-05-21 14:49:12,your price is so high and your service is boring 🙎🏼‍♂️,1
A Google user,5,2026-05-21 12:22:27,"App is so good to manage everything. If the rate of call,internet become low,then it will be more better to get services.",8
A Google user,5,2026-05-21 11:09:19,very nice service,0
A Google user,5,2026-05-21 01:14:45,totally good,0
A Google user,5,2026-05-21 00:07:58,Very very good,1
A Google user,3,2026-05-20 22:53:57,disturbing not work properly and always sent notification,1
A Google user,1,2026-05-20 22:06:36,very poor service,1
A Google user,1,2026-05-20 21:22:24,sigh-up এর পর আবার sigh-up চাই। এইবার না হইলে তুরে তালাক দিমু,1
A Google user,3,2026-05-20 20:39:37,শাওয়ার এপ টাকা ভরচি এমবি কিনতে পারচি না,1
A Google user,5,2026-05-20 18:07:29,"ভালো একটা অফার। আরেকটু ভালো হতো, যদি এই অফারের মেয়াদ বাড়িয়ে এক সাপ্তাহ করা হতো।",1
A Google user,5,2026-05-20 15:47:14,excellent app,0
A Google user,1,2026-05-20 14:45:40,"I wanted to know why phone service is disconnected or discontinued? I have sufficient balance as mobile recharge here. but still I can not call anywhere, why?",3
A Google user,5,2026-05-20 12:58:30,Very Easy to Use,0
A Google user,5,2026-05-20 10:45:06,the best apps. it's good for all religious,1
A Google user,5,2026-05-20 10:15:35,Very nice system,1
A Google user,5,2026-05-20 07:24:54,sundor app nice,1
A Google user,5,2026-05-19 22:36:30,good but expensive,1
A Google user,5,2026-05-19 22:17:44,"অনেক ভালো,, কিন্তু মূল্যটা কমলে আরো ভালো লাগবে ইনশাআল্লাহ,,",1
A Google user,1,2026-05-19 20:02:50,বান্ডিল অফার প্রাইস কমাতে হবে। অন্যান্য সিমের অফার প্রাইস আপনাদের থেকে কম এবং সুযোগ সুবিধা বেশি।,0
A Google user,5,2026-05-19 20:02:07,really awesome app,0
A Google user,1,2026-05-19 19:20:57,too much expansive.,0
A Google user,5,2026-05-19 14:40:55,Best mobile app for ever 🤎,0
A Google user,1,2026-05-19 14:27:31,"very bad app and very bad offer,",0
A Google user,1,2026-05-19 12:45:24,"batpar shalara, age 499 tk diya 30-35 GB dito, koyekbar purchase er por 499 tk 20GB dey akhn.",1
A Google user,3,2026-05-19 11:50:01,it's a great app,0
A Google user,5,2026-05-19 11:25:02,Very good signal,0
A Google user,5,2026-05-19 10:33:33,very good performance,0
A Google user,5,2026-05-19 09:01:39,It's really awesome and helping. But if you don’t know how to use smart phone you can't even log in in it. By the way naturally it’s a great apps....,55
A Google user,5,2026-05-19 08:35:46,i m unable to put otp in the system...plse help ...and show myGP balance in the system thanks,0
A Google user,1,2026-05-19 00:08:14,এই অ্যাপ থেকে কেউ পেমেন্ট এর মাধ্যমে এমবি বা অন্য কিছু বিকাশ থেকে কিনবেন না। এই অ্যাপস যখন পেমেন্ট নেওয়ার পরে তারা অনেক কিছু সেভ করে রেখে পরবর্তীতে আপনার বিকাশ একাউন্ট নগদ একাউন্ট থেকে। আমার প্রায় 5000 টাকা কেটে নিয়েছে। মাইজিপি অ্যাপ সফটওয়্যার কুত্তার বাচ্চা,0
A Google user,1,2026-05-18 23:40:43,"The network signal is showing full, but now the internet speed is on average 20 KB. Thanks to Grameenphone for such a deception. This is the situation inside the house of Abdakamal village under Bahubali police station in Habiganj district. The speed outside is a little higher than this. If someone new comes, think before taking a GP SIM. When the power goes out, voice calls never come, calls never go through. Complaining is of no use. Even after complaining a lot, the situation does not improve",2
A Google user,1,2026-05-18 23:37:15,"Charging 2300 BDT for just a 15 USD voucher and misleading customers with a '365 days' label is absolute digital robbery! At the current exchange rate of around 123 BDT per dollar, 15 USD should cost at most 1,850 BDT. Yet, the MyGP app is taking advantage of innocent users by overcharging them by 450 BDT under the guise of a confusing 1-year validity. Shame on such deceptive business practices!!",1
A Google user,5,2026-05-18 22:25:27,very very helpful,0
A Google user,5,2026-05-18 21:57:05,মাঝে মাঝে আসে না কল লিস্ট,0
A Google user,1,2026-05-18 17:49:20,"gp internet good but not really. I cannot play Free Fire game without vpn. and with vpn net ping high level. So, gp network in not good. Thanks...,",1
A Google user,1,2026-05-18 15:28:19,mb kinte pari na keno kono best offar nei,0
A Google user,1,2026-05-18 13:35:23,আমরা জারা গেমার আছি আমরা বালের জন্য গ্রামিনে এম্বি ভরবে ফ্রি ফায়ার ভিপিএন ছারা খেলা জায়না বালের ছিম গ্রামিন শব ছিম দিয়ে ফ্রিফায়ার খেলা জায় গ্রামীণ দিয়া খেলা জায়না এই বালের এম্বি চালাবওই না,0
A Google user,5,2026-05-18 12:54:40,Please try to give low amount internet offer.This way will be the best for MyGp Apps.,0
A Google user,5,2026-05-18 12:45:03,transaction is super fast.,0
A Google user,1,2026-05-18 11:18:47,too much expensive.,0
A Google user,5,2026-05-18 11:08:13,gramin is nice,0
A Google user,5,2026-05-18 10:36:45,খুব দারুন একটা এপ। ওনেক কম দামে এমবি পাওয়া যাই। ❤️❤️,0
A Google user,5,2026-05-18 10:16:55,তুমি ভালোবাসি 🫂🤫,0
A Google user,5,2026-05-18 10:09:46,ঈদ মোবারাক 🙆🙋🌙🌙❤️❤️❤️❤️❤️,0
A Google user,5,2026-05-18 10:04:09,Soo very good 💯,0
A Google user,5,2026-05-18 10:00:28,excellent software service 💖💖💖💖,0
A Google user,1,2026-05-18 09:32:55,ভিসা দিয়ে রিচার্জ করার সময় আরেকটু বাড়িয়ে দিতে হবে,0
A Google user,5,2026-05-18 07:29:07,very useful apps,0
A Google user,5,2026-05-18 06:21:31,it’s to much helpful 👍,0
A Google user,1,2026-05-18 00:19:36,Cannibal company,0
A Google user,5,2026-05-17 23:39:08,very nice app,0
A Google user,5,2026-05-17 22:45:26,I am sincerely sorry to tell the truth because the rural SIM network in our area is weaker than all the networks.,1
A Google user,5,2026-05-17 20:50:48,good service providing app,0
A Google user,1,2026-05-17 20:17:25,how can I dark the background. on the next update do it dark mode.,0
A Google user,5,2026-05-17 20:13:58,onak sundor sundor offer dai gp sim ar jonno parfect,0
A Google user,4,2026-05-17 19:48:46,vary useful app,0
A Google user,1,2026-05-17 17:21:11,নেটওয়ার্ক খুবই জঘন্যতম 💔💔,0
A Google user,5,2026-05-17 17:11:46,থ্যাংক ইউ অসংখ্য ধন্যবাদ,0
A Google user,5,2026-05-17 05:57:52,good application,0
A Google user,5,2026-05-16 23:41:33,Extraordinary app for using.,0
A Google user,5,2026-05-16 23:21:00,so nice service. I am so happy,0
A Google user,5,2026-05-16 21:35:55,very good service,0
A Google user,1,2026-05-16 19:18:45,শালার পুত একটা এক ডাকাত বসিয়েছে গ্রামীণফোন সেন্টারে। আর যত অদক্ষ লোকের কারবার। একটা বিষয়ে 10 বার বুঝাইলেও বোঝেনা।,0
A Google user,5,2026-05-16 18:21:04,Very nice app,0
A Google user,1,2026-05-16 18:02:05,No one can get offer in this apps.,0
A Google user,1,2026-05-16 16:57:10,বাংলাদেশের লিগেল স্ক্যামার,0
A Google user,1,2026-05-16 15:42:04,ইন্টারনেটের দাম অনেক বেশি,0
A Google user,1,2026-05-16 14:40:13,ইন্টারনেট অফার এর দাম অনেক বেশি দাম কমান,0
A Google user,4,2026-05-16 14:15:43,service asam but need to save costometr moneu,1
A Google user,5,2026-05-16 12:17:29,I want a lower price offer 🥺💔😭,1
A Google user,4,2026-05-16 11:32:57,1 months good package...,0
A Google user,5,2026-05-16 11:05:54,it's easy and quick response,0
A Google user,1,2026-05-16 10:35:09,The price of data is too high compared to other operators,1
A Google user,1,2026-05-16 05:32:21,"very very bad sim company now in Bangladesh. i will case in police station bcz, the company's i internet rate is going to high to hogh. and now new issue is poor network for data. customers service's are lier.just say always ""sir the problem are solving in next few day🤣🤡""",2
A Google user,5,2026-05-16 03:01:55,very veey good 👍 and helpfull MyGP app❤❤️❤️,0
A Google user,5,2026-05-16 02:56:07,good service,0
A Google user,1,2026-05-16 01:09:13,"Very bad experience. I enter my phone number, receive the OTP, and successfully log in, but the app automatically logs me out immediately. Unable to use the service properly. Please solve this problem as soon as possible.",9
A Google user,5,2026-05-16 00:13:33,মাঝে মাঝে সুন্দর অফার পাওয়া যায়,0
A Google user,4,2026-05-16 00:07:03,it’s too good🤝,0
A Google user,5,2026-05-15 22:54:07,This is a great app. It's have everything.I can't explain how good the app is but this is great💫,0
A Google user,5,2026-05-15 19:20:26,"মাথা নষ্ট করা অফার, সব মাই জিপিতে",0
A Google user,5,2026-05-15 16:53:43,very very good,0
A Google user,4,2026-05-15 16:02:04,Grameenphone gives very good net service. But their offer is very expensive. Please decrease your rate. Then Grameenphone will be country's no.1 sim network. Thank you! ❤️🇧🇩,10
A Google user,5,2026-05-15 14:50:19,❤️❤️❤️খুব ভালো 🙂🙂,0
A Google user,1,2026-05-15 13:42:45,"Grameenphone সিমে ইন্টারনেট এর দাম সবচেয়ে বেশি,, ইন্টারনেট কিন্তে গেলে মাথা নষ্ট হয়,, নাম্বার ওয়ান ডাকাত।",0
A Google user,5,2026-05-15 13:04:11,good experience,0
A Google user,5,2026-05-15 12:13:35,very helpfully,0
A Google user,5,2026-05-15 10:54:31,good performance,0
A Google user,5,2026-05-15 10:43:05,Very nice 👍 app,0
A Google user,3,2026-05-15 10:07:35,garameen phone bundle offer Price very high,1
A Google user,5,2026-05-15 09:24:08,অনেক ভালো ছিলো,0
A Google user,5,2026-05-15 08:10:48,My GP akta vuya app offer debar pore recharge korar pore ar offer thake na code dial korar pore pore ase na agula ki 🙄,1
A Google user,3,2026-05-15 00:56:48,good performance,0
A Google user,1,2026-05-15 00:14:53,Nothing special As usual useless apps from GP.,0
A Google user,1,2026-05-14 23:28:26,"worst experience with gp sim, the internet is Soo slow, I cannot play games at all neither can I watch videos, it loads Soo much, I am getting frustrated because of this, what's the use of buying internet packs when u can't even play any games or watch videos peacefully, I hope the devs fix this ASAP 😡😡",16
A Google user,5,2026-05-14 22:16:32,very good app,0
A Google user,1,2026-05-14 20:34:43,আপনারা অফার গুলো দেন ঠিক আছে কিন্তু অফারটা সঙ্গে সঙ্গে আসেনা কেন এটার কি সমস্যা মানুষকে বিরক্ত করেন কেন,0
A Google user,5,2026-05-14 20:25:15,This offer was very good but it would be better to get it at a lower price🙂😫,1
A Google user,5,2026-05-14 18:07:24,"good+nice,you have to give us good deals and good offers",1
A Google user,1,2026-05-14 16:13:21,সব সিম কোম্পানিই আস্ত শুয়োর।আর গ্রামীণ হলো সব শুয়োরের মহা শুয়োর। এই নম্বর যদি সবার কাছে ছড়িয়ে না পড়ত তাহলে এই সিমে আগুন ধরিয়ে দিতাম।,0
A Google user,1,2026-05-14 14:47:53,Gp aktha faltu taka kawa company,0
A Google user,5,2026-05-14 14:45:29,all plan's are together here. someone could go throughout his/her choice,0
A Google user,1,2026-05-14 11:49:52,bad 😞 service,0
A Google user,5,2026-05-14 11:30:51,offer toffer balana baze🤣,0
A Google user,5,2026-05-14 11:00:01,excellent apps to managed everything.,0
A Google user,1,2026-05-14 10:37:49,"“For the last couple of days, my GP network has been extremely unstable. Sometimes I get network coverage, and sometimes I get none at all. If this continues, GP may lose many customers.”",11
A Google user,5,2026-05-14 10:21:30,nice application,0
A Google user,5,2026-05-14 10:04:30,This is a very easy way to lose all my money.,0
A Google user,5,2026-05-14 07:55:24,verry nice apk,0
A Google user,5,2026-05-14 00:57:26,it's very nice and good,0
A Google user,5,2026-05-14 00:54:16,Good Service,0
A Google user,2,2026-05-14 00:42:43,ইন্টারনেট হঠাৎ করেই শেষ হয়ে যায় কিন্তু কোন নোটিফিকেশন দেয় না । জিপি কোম্পানি কোন এলার্ট দেয় না । হতাশ খুবই হতাশ।,0
A Google user,2,2026-05-13 23:18:01,I think every package so much overpriced,7
A Google user,5,2026-05-13 22:28:25,জিপি অনেক ভালো একটা কোম্পানি,0
A Google user,1,2026-05-13 21:34:25,অযৌক্তিক ভাবে অতিরিক্ত দাম দিয়ে অফার নিতে হয়,0
A Google user,1,2026-05-13 20:07:05,The highest mobile data price in the entire country. This company is a scam and I am forced to use it just because changing numbers is a hassle.,2
A Google user,1,2026-05-13 19:48:06,"""I saw the 100 GB Flexiplan for 671 TK, but suddenly it increased to 718 TK. What is this, brother? I topped up my balance specifically to buy this pack, and now it feels like my money is wasted. I demand the 100 GB pack be returned to 671 TK. Otherwise, I will report the GP SIM .""",10
A Google user,1,2026-05-13 19:33:28,vaire vai amon voy jibonew pai nai nijer taka niye khub voy chilo jodi onno karo phone a taka chole jay 😫🥲😢😛,0
A Google user,1,2026-05-13 19:12:15,worst network in Bangladesh,0
A Google user,5,2026-05-13 18:54:21,That's good.,0
A Google user,5,2026-05-13 15:40:44,Nice services,0
A Google user,1,2026-05-13 15:01:43,sing in problem 😡😡,2
A Google user,5,2026-05-13 13:43:43,"MyGP App⁠� makes daily life simple and convenient. From instant recharge to affordable internet packs, balance check, special offers, and account management—everything is available in one app. It is a smart companion that saves time and keeps me connected anytime, anywhere.",21
A Google user,1,2026-05-13 11:56:37,"very costly app, don't use it 😈😈",1
A Google user,2,2026-05-13 09:24:53,not so good for us,0
A Google user,5,2026-05-13 07:01:16,alhamdulillah,0
A Google user,1,2026-05-12 23:00:43,worst network. steal data and minutes,3
A Google user,5,2026-05-12 21:45:04,Thanks very nice ok good,0
A Google user,1,2026-05-12 20:26:09,এত দামে mb কিনা যায়...!গ্রামিন নেটে ভালো কিন্তু দামে অনেক বেশি 😮‍💨। একটু কম দামে mb পাওয়া গেলে ভালো হতো😫,0
A Google user,5,2026-05-12 20:03:27,I need emergency support Tk. 200,0
A Google user,5,2026-05-12 18:50:27,I just love this add,0
A Google user,5,2026-05-12 18:25:36,very good apps,0
A Google user,5,2026-05-12 17:13:04,comfortable service more than others,0
A Google user,5,2026-05-12 16:35:19,Good enough.,0
A Google user,5,2026-05-12 11:46:39,Very useful & interesting...,0
A Google user,5,2026-05-12 11:45:56,Good 😊 DBL Ceramic #Rk0907,0
A Google user,5,2026-05-12 11:05:49,good this app,0
A Google user,5,2026-05-12 10:57:38,one of the best app. gp's internet is fast and good,5
A Google user,5,2026-05-12 10:14:50,good service.,0
A Google user,1,2026-05-12 09:47:51,"Not Anaf Offar, Gp Company Is Very Poure",0
A Google user,2,2026-05-12 09:19:35,Gp has become over-commercial,0
A Google user,5,2026-05-12 08:23:33,Helpful and Enjoyable,0
A Google user,1,2026-05-12 02:53:15,beshi cost poira jai . er theke banglalink r price kom,3
A Google user,5,2026-05-11 22:00:32,"Very clear voice and Network, Very clear voice and Network speed 👍",0
A Google user,5,2026-05-11 21:28:29,good this app,0
A Google user,1,2026-05-11 20:24:19,Your app unfairly makes the phone vibrate loudly twice whenever it sends a notification.,0
A Google user,5,2026-05-11 19:58:36,absolutely awesome 👍,0
A Google user,5,2026-05-11 19:50:34,Good Experience,0
A Google user,5,2026-05-11 19:34:24,good experience in this apo💙🌸,0
A Google user,5,2026-05-11 15:33:54,আমি অনেক আনন্দিত,0
A Google user,5,2026-05-11 13:48:15,favourite app,0
A Google user,2,2026-05-11 11:45:50,poor service,0
A Google user,5,2026-05-11 11:36:39,Excellent 🙂🙂🤩,0
A Google user,1,2026-05-11 11:02:43,"“For nearly fifteen days, the GP network has been causing serious disturbances. I would like to draw the attention of the concerned authorities of Grameenphone to look into this matter properly. If the issue is not resolved quickly, customer dissatisfaction may increase and the number of customers may decline.",5
A Google user,1,2026-05-11 10:59:14,বাংলাদেশের এক নাম্বার ফাউল সিম,0
A Google user,1,2026-05-11 10:45:24,"Too many interruptions for ads, takes longer to carry out simple tasks",4
A Google user,1,2026-05-11 10:43:25,they take a higher amount for an offer,2
A Google user,3,2026-05-11 10:25:59,The app is good...but the offers are so much costing in it...that is unexpected...I have to buy some new offers...and within few days offers get vanished 😄..I mean that offer is not available...I hate that things...But the experience is average not so good..,20
A Google user,4,2026-05-10 23:53:35,MyGp- My favourite,0
A Google user,5,2026-05-10 22:34:52,my experience very good,0
A Google user,5,2026-05-10 22:09:06,my experience is good.,0
A Google user,1,2026-05-10 22:01:00,blood sucker,0
A Google user,5,2026-05-10 21:22:09,very good app,0
A Google user,5,2026-05-10 21:14:12,Nice service,0
A Google user,1,2026-05-10 20:58:31,মেয়েদের তুলনায় এমবি কম টাকাও বেশি,0
A Google user,1,2026-05-10 20:23:51,very work ful appsss!!,0
A Google user,5,2026-05-10 19:49:16,very good app,0
A Google user,1,2026-05-10 19:16:30,অনেক বেশি দাম,0
A Google user,3,2026-05-10 17:56:22,Amy keno gp teke olpo takay Valo offer day na gp sim ki change korbo..?,0
A Google user,5,2026-05-10 17:34:52,gd gp network service,0
A Google user,4,2026-05-10 15:59:05,amazing app if u could buy games and game items it would be even better!,2
A Google user,1,2026-05-10 14:43:15,today i buy 60 uc from my GP app there option for buy uc.. but they didn't give me any uc 😞 where my 60 uc or where my money u taken,1
A Google user,2,2026-05-10 14:06:52,"ভাল, ডাটা রেট আরো কমাতে হবে",0
A Google user,4,2026-05-10 12:33:55,nice app I'm using post paid,0
A Google user,2,2026-05-10 12:28:22,অফারের মূল্য বেশি,0
A Google user,5,2026-05-10 12:08:21,অনেক ভালো একটা এপ,0
A Google user,1,2026-05-10 11:35:57,"faltu app, sudhu something went wrong msg dekhay",0
A Google user,5,2026-05-10 10:57:01,great and flexible,0
A Google user,5,2026-05-10 10:55:38,good service,0
A Google user,5,2026-05-10 09:04:18,This is good,0
A Google user,5,2026-05-10 08:45:41,network 1 star,0
A Google user,5,2026-05-10 08:25:36,Good option. We have been experiencing with complete satisfaction in mobile operation services.,2
A Google user,5,2026-05-10 07:47:31,Good Service Thanks MyGp,0
A Google user,2,2026-05-10 06:43:22,ATO Balo offer chilo na tk onak besi nai,0
A Google user,1,2026-05-10 05:30:12,This is the worst app I've seen from any SIM company. It automatically logs you out if you log in for a few days in a row.,0
A Google user,5,2026-05-10 02:37:41,very nice app,0
A Google user,5,2026-05-10 01:36:08,this is a great app...,0
A Google user,4,2026-05-10 01:12:50,"Hello MyGP Team, MyGP app is very useful and user-friendly, but one important feature is still missing — Dark Mode & Light Mode support. Many users use the app at night, and without dark mode it can feel uncomfortable for the eyes and also consumes more battery on AMOLED devices. Nowadays almost every modern app supports system theme integration. Please add: • Dark Mode • Light Mode • Follow System Theme option This small feature will greatly improve the user experience and make the app feel",0
A Google user,5,2026-05-09 23:22:11,nice apps love it 🥰,0
A Google user,5,2026-05-09 21:52:08,alhamdulillah valo,0
A Google user,1,2026-05-09 21:23:50,Internet package very high . No good offer . Rubbish system for regular Internet users,1
A Google user,5,2026-05-09 21:11:08,Excellent. Thanks,0
A Google user,5,2026-05-09 19:43:28,very fast and accurately fine.,1
A Google user,5,2026-05-09 19:08:23,Excellent !!,0
A Google user,5,2026-05-09 17:57:52,Very good app,0
A Google user,1,2026-05-09 15:04:48,totally fraud Grameen Network.,0
A Google user,5,2026-05-09 13:01:03,Good Job.... 👍👌,0
A Google user,5,2026-05-09 12:41:02,i love you😍😍😍,0
A Google user,5,2026-05-09 11:34:46,very good app to use,0
A Google user,1,2026-05-09 08:38:00,যেকোনো অফারের খুব দাম,0
A Google user,1,2026-05-09 08:25:14,Extremely exploitative,0
A Google user,1,2026-05-09 06:58:17,worst experience,0
A Google user,5,2026-05-09 04:38:59,"How can I stores this app my phone dives,",0
A Google user,5,2026-05-09 02:34:43,Awesome this service,0
A Google user,3,2026-05-09 02:18:11,good working this app,0
A Google user,1,2026-05-09 00:39:10,Search for your tabs,0
A Google user,5,2026-05-08 23:16:06,"Amazing Apps,easy use, early recharge",1
A Google user,5,2026-05-08 22:01:05,"My GP should be connected, even no internet balance.",0
A Google user,5,2026-05-08 21:56:04,it's a wonderful apps but slow login or OTP created problem,2
A Google user,1,2026-05-08 21:47:52,I bought this SIM and got scammed because ODP does not have any security system and OTP does not come.👎👎😵‍💫😵‍💫🤢🥵,0
A Google user,2,2026-05-08 21:24:41,প্যাকেজের মূল্য অনেক বেশি,0
A Google user,4,2026-05-08 19:46:54,মোটামুটি ভালো,0
A Google user,5,2026-05-08 18:27:53,"nice ,,it's very helpfull",0
A Google user,4,2026-05-08 14:48:47,good network but very expensive,4
A Google user,5,2026-05-08 13:26:03,"Awesome app. After the new update, it's even better now.",1
A Google user,1,2026-05-08 11:46:37,I have been using GP app for so long but the offers are too costly specially the internet offers. Every month I spend like 600-800 for internet which is too much for me as a customer.,17
A Google user,5,2026-05-08 11:13:42,excellent Apps,0
A Google user,1,2026-05-08 09:32:58,price high give me no offer as new user,1
A Google user,5,2026-05-08 09:24:56,please give me good offer,0
A Google user,5,2026-05-08 08:34:44,wonderful app for any recharge,0
A Google user,1,2026-05-08 01:37:45,why i Don't see the incoming calls?,1
A Google user,4,2026-05-08 00:52:40,My Gpতে খুব সহজেই রিচার্জেবল করা যায় ওও খুবি ভালো নেটওয়ার্ক স্প্রিট ও মিনি বাজেটে ভালো অফার কেনা যায়,0
A Google user,5,2026-05-08 00:08:16,I like this app,0
A Google user,1,2026-05-07 21:34:07,slow internet,0
A Google user,5,2026-05-07 21:07:08,Best Internet,0
A Google user,5,2026-05-07 20:45:21,Very nice and useful.,0
A Google user,1,2026-05-07 17:50:59,"I would say it doesn't provide very useful service, cuts balance too much & don't have any accountability at all",7
A Google user,1,2026-05-07 16:00:32,offer price onek besi,0
A Google user,2,2026-05-07 12:16:22,expensive too..,0
A Google user,5,2026-05-07 12:03:39,network is good.,0
A Google user,5,2026-05-07 11:31:27,my gp is bast,0
A Google user,2,2026-05-07 10:34:13,আগে ভালো ছিলো এখন.....,0
A Google user,1,2026-05-07 10:20:41,মানন্থলি ডাটা এবং মিনিট প্যাকের দাম অনেক বেশি,0
A Google user,1,2026-05-07 09:21:12,so high Price,0
A Google user,5,2026-05-07 08:46:30,thanks for offer,0
A Google user,5,2026-05-07 05:34:06,very good app.,0
A Google user,5,2026-05-07 03:50:07,good service,0
A Google user,5,2026-05-07 01:23:33,খুবি সুন্দোর ওফার,0
A Google user,5,2026-05-07 00:18:21,I am very interested and happy this grameenphone app.,1
A Google user,5,2026-05-06 23:35:07,really nice app! makes everything so easy.,1
A Google user,5,2026-05-06 21:31:21,my happy for fast intarnet in Bangladesh.,4
A Google user,3,2026-05-06 20:07:05,mlbb dias kenar way add koren please 🙏,0
A Google user,1,2026-05-06 19:30:27,gp এমবি দাম আনেক বেশি,0
A Google user,5,2026-05-06 19:27:16,জি আলহামদুলিল্লাহ ভালো ছিলো,0
A Google user,1,2026-05-06 18:17:52,"m*darc*d company . taka beshi rakhe, gramer dik e gp cara net thake nah. eidar fayda uthaya same pakage onno operator theke 100-300 taka beshi rakhe. abar game e ping eo jhamela kore. ei mc er laiga 2 match ajke tana minus khaici",4
A Google user,1,2026-05-06 13:20:24,কোনো নেটওয়ার্ক থাকে না ডাটা অন করলে ইমার্জেন্সি হয়ে থাকে,0
A Google user,5,2026-05-06 13:09:59,"It is so helpful for me, shukria.",0
A Google user,5,2026-05-06 11:36:59,like awesome,0
A Google user,2,2026-05-06 10:25:55,"Network is good, but the minutes and internet offers are very expensive. Please, if you reduce the offer prices, it would be very beneficial for us. Thank you",14
A Google user,5,2026-05-06 10:21:06,I happy and it's very easy.,0
A Google user,5,2026-05-06 05:16:13,মাঝে মাঝে ইন্টারনেট ডিস্টার্ব করে,0
A Google user,5,2026-05-06 01:21:09,"​""I am very satisfied with the MyGP app. The features are great, and I can quickly buy packs and recharge without any hassle. Great job, Grameenphone! — Mohammad Masud Karim""",2
A Google user,1,2026-05-05 21:48:30,khankir pola eto tk chudaiya asa,0
A Google user,1,2026-05-05 21:38:07,"My GP's internet offers are very expensive, so my request is that if the rates of the internet offers are reduced, it will be better for our common users.",5
A Google user,1,2026-05-05 21:17:28,এপ এক্সপেরিয়েন্স ভালো সার্ভিস ও ভালো বাট এত ভালো দিয়ে কি হবে যখন এক একটা প্যাকেজের দাম থাকে তিন থেকে চার গুণ 🤬,0
A Google user,1,2026-05-05 20:03:38,rate onek beshi,0
A Google user,5,2026-05-05 18:37:38,কল রেট বেশি।ত্রিশ দিনের নেটের কম জিবির অবশন রাখা উচিত। কাউকে বেশি জিবি কিনতে বাধ্য করা অন্যায়।এস এম এস অবশন ফ্রি রাখা উচিত ফ্ল্যাক্সি প্ল্যানে।,0
A Google user,1,2026-05-05 16:02:08,too much expensive your package rate😡,0
A Google user,5,2026-05-05 13:22:27,অনেক ভালো আশা করি আরো ভালো করবেন জিবি অফার আর একটু বাড়িয়ে দিবেন,0
A Google user,3,2026-05-05 10:01:48,From GP App I did buy 30 days bundle offer today on 5th May after 9.00 am. but there shows buying offer finished date will 3rd June. I don't understand why they make us fool? why why why?,0
A Google user,5,2026-05-05 09:54:44,9tk diye mb pabo asa kori nj,0
A Google user,5,2026-05-05 09:47:32,beautiful ❤️,0
A Google user,5,2026-05-05 07:03:54,"It,s good. if it work with out internet its awesome.",2
A Google user,5,2026-05-05 02:44:28,nice package,0
A Google user,3,2026-05-04 23:10:29,"For some reasons, I doubt if it is Official App or not. Sorry to say",0
A Google user,5,2026-05-04 21:17:09,Good service.,0
A Google user,5,2026-05-04 20:56:11,ভালো এটা ২০ জিবি দিলে ভালো হইতো,0
A Google user,5,2026-05-04 20:55:34,"Excellent, wonderful and simple.",0
A Google user,5,2026-05-04 19:20:49,Just excellent,0
A Google user,5,2026-05-04 19:01:20,fine. you should extend the validity and offer also.,1
A Google user,5,2026-05-04 17:09:01,i love this app,0
A Google user,5,2026-05-04 16:59:48,ইন্টারনেট কিনতে কিনতে ফকির হয়ে যাবো । বাংলাদেশে এত দাম বেশি ইন্টারনেটের 😭,0
A Google user,3,2026-05-04 14:10:03,"কিছুদিন আগেও 20 টাকার নিছে কোনো মিনিট কিনা যেত না, এখন 9 টাকায় 10 মিনিট, ব্যাপার টা ভাল লাগল।",0
A Google user,5,2026-05-04 11:08:19,i see my gp dog. cow. cat. ad and i like it,0
A Google user,4,2026-05-04 10:17:50,"We are facing an issue with Dutch-Bangla Bank. For the past 3 to 4 months, we haven’t been able to recharge through Dutch-Bangla. Can this problem be resolved quickly? Because of this, for the last two months we’ve had to recharge another SIM. But the internet service on that SIM is not good. Even though your SIM charges a bit more, it has the best network quality. Please consider our situation and resolve this issue as soon as possible.",18
A Google user,1,2026-05-04 10:12:35,high price in all packge,0
A Google user,2,2026-05-04 03:02:18,well but difficult 😄,0
A Google user,5,2026-05-04 01:17:26,net solo dey kn🥹,0
A Google user,1,2026-05-03 23:35:16,need improvement,0
A Google user,5,2026-05-03 23:13:15,Thank you so much 👍,0
A Google user,5,2026-05-03 21:58:37,ভালো আর একটু রেট কম হলে আরো ভালো হতো যেমন রবি এয়ারটেল কম টাকায় অনেক বেশি এমবি দেয় মিনিট দেয়,0
A Google user,5,2026-05-03 21:54:08,So good warks and best aps,0
A Google user,5,2026-05-03 20:23:15,Hope for the best,0
A Google user,4,2026-05-03 19:40:10,well not bad,0
A Google user,5,2026-05-03 18:49:24,good service.,0
A Google user,1,2026-05-03 17:45:09,তোগোর মাগরে ভাড়া দিয়া ভাড়া টাকা দিয়ে কি আমি এমবি কিনছি খানকির পোলারা। ঠিকমতো এমবি চালাতে পারি না নেটওয়ার্ক এত দুর্বল কেন...!,0
A Google user,1,2026-05-03 16:54:46,"Have you ever heard the term ""Hostage""? this is is what dealing with Grameenphone feels like. You are a hostage to their Pricing that seems to change depending on how much you spend on it. I will be sure to count my numbers with this Company in Akhirat. Till Death do us Justice",1
A Google user,5,2026-05-03 16:07:15,excellent app for gp users..,0
A Google user,1,2026-05-03 13:42:25,Add Free Fire section scammers,0
A Google user,5,2026-05-03 13:27:03,this is এ beautyful apps,0
A Google user,1,2026-05-03 13:22:53,"এদের বিরুদ্ধে আইনী পদক্ষেপ কি নেওয়া যায় না? মানুষ বিপদে পড়ে বাধ্য হয়ে এদের নেট কিনে। এরই সুযোগ নিয়ে, যতই এদের থেকে নেট টাকা দিয়ে কিনি ততই রেট বাড়ায় দেয়। ২ দিন আগে ১৭০টাকা দিয়ে ১৫ জিবি ৭দিন কিনলাম এখন কিনতে গেসি ১৭৯ টাকা মাত্র ১০ জিবি ৭ দিন বানায় ফেলছে। খুবই উচ্চ রেটে যার কাছে যেভাবে ইচ্ছা ডাকাতি করে টাকা আদায় করে নেয়।",0
A Google user,5,2026-05-03 11:53:31,অসাধারণ এভরিথিং অল ওকে মাই জিপি অ্যাপস 🤝🤝👌,0
A Google user,5,2026-05-03 11:45:38,very good expedience,0
A Google user,1,2026-05-03 11:21:35,The packages are much more expensive😡😡😡😡,5
A Google user,5,2026-05-03 10:15:56,So good service,0
A Google user,5,2026-05-03 09:18:07,valo app ar ai ta jibon ke sohoj kore diyese,0
A Google user,5,2026-05-03 08:52:58,Great experience,0
A Google user,5,2026-05-03 08:47:50,nice combo offer,0
A Google user,1,2026-05-03 02:12:42,Gp faltu company,0
A Google user,1,2026-05-03 01:31:31,very very very bad apps... no good bundle offers...no good minute offers... no spacial offers...all bad😡,0
A Google user,5,2026-05-03 00:25:42,App chalate problem hoi,0
A Google user,5,2026-05-02 23:16:37,ALHAMDULILLAH,0
A Google user,1,2026-05-02 23:14:02,আমি সব সময় কিছু ইমার্জেন্সি ব্যালেন্স ফ্রিতে পাই তার জন্য আমার কাছে এই অ্যাপসটা খুব ভালো লাগছে,0
A Google user,5,2026-05-02 22:59:38,The most favorite app I've ever seen.,0
A Google user,1,2026-05-02 20:05:11,Grameen sim network data slow problem. Very bad service,5
A Google user,1,2026-05-02 19:31:52,ইন্টারনেটের দাম বেশি ফালতু সিম,0
A Google user,2,2026-05-02 17:23:22,প্রতিদিন ক্লিম পয়েন্ট। এরকম ফিচার দিলে ভালো হতো।,1
A Google user,5,2026-05-02 15:30:45,I'm very happy by use this app.,0
A Google user,5,2026-05-02 14:29:02,it's a good app,0
A Google user,5,2026-05-02 14:11:56,me fevorite app,0
A Google user,5,2026-05-02 13:50:54,Alhamdulillah,0
A Google user,5,2026-05-02 13:17:35,"very helpful app, I can do all tasks to operate my Grameen sim services with it",1
A Google user,4,2026-05-02 12:17:45,"Better experience ,and lovely minute or Internet pack",0
A Google user,1,2026-05-02 09:36:45,Gp App is the Worst App in Bangladesh Telecommunication sector there is no offer on using this App.Same Bandle price increase dy by day.,1
A Google user,5,2026-05-02 09:07:34,"awesome design and very much user friendly, cheers GP",2
A Google user,1,2026-05-02 08:13:42,"One of the worst packages by GP. Very less internet, High Price.",8
A Google user,5,2026-05-02 05:01:40,well apps for me,0
A Google user,4,2026-05-02 01:04:59,"Your service is very good. But the pack is very expensive. So if possible, considering the customer, please reduce the price of the pack a little. Again, brother, keep the service right. Thank you.🖤",17
A Google user,1,2026-05-01 21:22:04,poor service,0
A Google user,5,2026-05-01 20:52:23,জীবন চলার মাঝে গ্রামীণফোন তারি মাঝে অন্যতম,0
A Google user,5,2026-05-01 20:44:17,Best service,0
A Google user,2,2026-05-01 18:53:18,"cheap offer u have,,, gp office need to down there price",3
A Google user,5,2026-05-01 17:27:45,very Good 👍👍👍,0
A Google user,5,2026-05-01 17:07:39,"Easily & smoothness useful & best offer for user,,,,Its Very,,,,Very,,,,Super and nice App.",3
A Google user,1,2026-05-01 15:02:37,"Grameenphone SIM Company is a rogue telecom company, they are stealing a lot of money from our country. My money will not have any validity.😡😡😡",0
A Google user,1,2026-05-01 11:41:38,"Worse experience, very unsatisfying, The GP apps Grameenphone's recharge service is terrible! I've been harassed four times like this, now where money is taken from my bKash but my phone isn't recharged. Then they tell me to wait 7 days for a refund. This is worst-in-class service! @Grameenphone , several time I called go customer service they said you have to wait, but that time I have to recharge another amount to get top up, why ! So frustrating!!!",19
A Google user,1,2026-05-01 11:17:21,বেশি দাম দিয়ে নেট কিনতে হচ্চে,0
A Google user,1,2026-05-01 09:12:33,The offer price is too high. They charge extra money for the extra. Rural SIM is becoming a robber.🤮🤮🤮,10
A Google user,5,2026-05-01 06:51:15,The offer is very interesting & enjoyable.,2
A Google user,5,2026-05-01 04:42:48,"২৫০-৩০০৳ মধ্যে ৩০দিনের প্যাকেজ পেলে।খুব উপকৃত হইতাম।ছাত্র জীবনে থাকলে যা হয়,আরকি",0
A Google user,5,2026-05-01 00:03:14,User Friendly,0
A Google user,1,2026-04-30 22:48:03,"not good, rate most",0
A Google user,5,2026-04-30 22:15:36,best offer for gp,0
A Google user,5,2026-04-30 21:26:50,Excellent & very useful App.,1
A Google user,5,2026-04-30 20:56:06,i think it is hlepful for mb user.... because it has a magical power😐,0
A Google user,5,2026-04-30 20:49:26,very nice app,0
A Google user,5,2026-04-30 20:37:35,Awesome app experience 🤩,1
A Google user,1,2026-04-30 19:36:52,ফালতু খারাপ এবং বাজে। অফারের দাম খুব বেশি।,1
A Google user,1,2026-04-30 18:02:46,Don't use money hungry GP Sim. No internet under 1GB,3
A Google user,1,2026-04-30 17:36:47,"My worst experience was this app, it charges more money than other app, onel is more than Bangladesh, this is graminseam, this money is cut, offer internet, call rate is the highest, so I stopped using it from today, disgusting😡",5
A Google user,2,2026-04-30 16:24:41,"High price, less offers",6
A Google user,5,2026-04-30 15:55:06,"good App,,,help full",0
A Google user,5,2026-04-30 15:33:24,okay nice ..🙂🙂,0
A Google user,5,2026-04-30 15:17:57,Nice and informative. Easy to use,2
A Google user,1,2026-04-30 13:13:48,Their offer price is too high,3
A Google user,5,2026-04-30 13:04:30,Customers friendly,0
A Google user,5,2026-04-30 12:33:00,Grameenphone best network,0
A Google user,5,2026-04-30 12:27:18,verry well and halpful apps thanks👍❤️,0
A Google user,5,2026-04-30 09:51:20,Nice Experiance,0
A Google user,5,2026-04-30 08:19:00,"This app is very useful for users as like me. I think, Gp should provide the best 4g internet service across the village area in Bangladesh.",10
A Google user,5,2026-04-30 02:30:43,good as always for Network,0
A Google user,1,2026-04-29 23:52:33,The cost of MB and minutes is comparatively higher than many other sims,4
A Google user,1,2026-04-29 21:56:57,গ্রামীনফোন বাংলাদেশের একমাত্র কম্পানি যার কল রেট ও এমবির দাম এত বেশী যে কিনতে গেলে কিডনি বিক্রি করে কিনতে হবে 😄,0
A Google user,5,2026-04-29 20:59:10,Congratulations My GP ❤️👌,0
A Google user,5,2026-04-29 17:37:10,Life er 1st teke ekn obdi des er ek number network Grameenphone er sate aci Alhamdulillah better service from other company.. but price ekto besi discount o nai sad 😎,2
A Google user,1,2026-04-29 17:11:07,"MYGP day by day very bad offers and very high price 🤬 another SIM offers best like banglalink , Airtel, robi, teletok",3
A Google user,1,2026-04-29 16:41:11,the internet speed is very slow,1
A Google user,1,2026-04-29 16:22:41,very bed Internet service,0
A Google user,1,2026-04-29 15:20:50,"ভাই বিশ্বাস করেন পারতেছিনা সিমটা ফেলে দিতে শুরু থেকে এটা মূল নাম্বার তাই একেবারেই আটকে গেছি। মিনিটে প্রায় 3 ,4, 5 টাকা কেটে ফেলে। কত টাকা কাটে এরা নিজেরাও জানে না 12 সেকেন্ড কথা বললেও এক টাকা কেটে ফেলে অনেক সময়। একবার 8 মিনিট কথা বলছিলাম 24 টাকা কেটে নিয়ে গেছে। একেবারে ফালতু একটা সিম হচ্ছে এটা কেউ ব্যবহার করবেন না।",0
A Google user,5,2026-04-29 14:25:32,Good Sarvice,0
A Google user,5,2026-04-29 11:44:44,It's a good app for use,0
A Google user,3,2026-04-29 05:00:28,"For quite some time now I have been suffering from a problem. When my mobile is connected to a wifi network, every time I try to open the MyGP app, I have to turn off the wifi network, turn on the mobile network, enter the mobile number, and enter the verification code, then the app opens, which is really annoying. I have to do this every time. Please take a look at the problem.",15
A Google user,5,2026-04-29 04:58:50,মাই জিপি এ্যাপ বেশ ভালো কার্যকর।তবে ইন্টারনেট সব সময় স্পিড ঠওক থাকে না।এটা ভালো নয়।গ্রামিন ফোন সবচাইতে পুরাতন ফোন এবং বাংলাদেশে সর্বোচ্চ ব্যাবহারিত কোম্পানি। এদের কাছে আমরা যারা গ্রামীণ ফোনের সাথে দুই যুগেরও বেশী সময় ধরে আছি তারা আরও ভালো সাপোর্ট আশা করি কারন গ্রামীণ ফোনের সারা বাংলাদেশে এস্টাবলিশমেন্টের কোন কমতি নাই।। সুতরাং বুঝতে হবে।জনগন ভালোবাসে বলে গ্রামীণ ফোনের সাথে আছে।আর ফোন-কোম্পানীর এটা বুঝতে হবে।।,0
A Google user,1,2026-04-28 22:32:27,"My MyGP app isn’t showing any new minutes + MB combo offers anymore, and the prices are too high now. Before, I used to get 10GB and 150 minutes within 200 taka, but now they don’t give combo offers like that anymore.",15
A Google user,5,2026-04-28 21:06:06,Only One Device,0
A Google user,5,2026-04-28 20:07:01,good. sarvice app,0
A Google user,1,2026-04-28 17:54:41,Extremely poor service provider!,0
A Google user,5,2026-04-28 16:06:32,absolutely unbelievable apps love it ❤️,0
A Google user,3,2026-04-28 14:40:00,"sport live score widget, very disgusting.",1
A Google user,1,2026-04-28 13:12:17,Why didn't I get any new offers?,0
A Google user,1,2026-04-28 11:25:10,টাকা বেশি লাগে,0
A Google user,2,2026-04-28 10:42:13,"Last 3 days I tried to ented this app atleast 20 times, but could not enter this app successfully. Do not know why? Now removing the app from phone. ☹️☹️😧",4
A Google user,5,2026-04-28 09:53:29,very nice apps,0
A Google user,5,2026-04-28 05:50:22,"Excellent, thanks",0
A Google user,3,2026-04-28 04:37:22,It's become very hard to buy any offer because every single offer is too much expensive,16
A Google user,5,2026-04-28 03:08:39,"It's good, Make my plan very nice 🙂",0
A Google user,5,2026-04-27 22:57:59,ႶმႹ wႹმႵ ႵႹჹ Ⴙჹსს ɾҽαllվ,0
A Google user,5,2026-04-27 22:57:37,It's a high expensive package.,6
A Google user,4,2026-04-27 19:55:57,peize so hige plz compromise other company,0
A Google user,5,2026-04-27 18:57:37,Mygb nice App,0
A Google user,5,2026-04-27 18:48:50,My Gp is good app,0
A Google user,5,2026-04-27 18:05:43,অনেক ধন্যবাদ জিপি সিম এর সাথে যুক্ত আছি মাই জিপি এপস অনেক ফাষ্ট ও সুন্দর একটি এপস,0
A Google user,5,2026-04-27 15:36:46,Maa Shaa Allah,0
A Google user,5,2026-04-27 13:39:13,very very excellent work in word,0
A Google user,4,2026-04-27 12:53:59,Need improvement,0
A Google user,1,2026-04-27 12:29:29,কম মুল্যের মিনিট চাই,0
A Google user,5,2026-04-27 08:56:04,very good aps,0
A Google user,5,2026-04-27 07:44:01,My GP অনেক ভালো ধন্যবাদ সবাইকে ভালো থাকবেন ইনশাল্লাহ,0
A Google user,5,2026-04-27 04:52:23,I buy data for my husband so he can stay with 24/7,0
A Google user,5,2026-04-27 03:18:14,very nice app,0
A Google user,5,2026-04-27 02:08:00,Facilities better,0
A Google user,1,2026-04-27 00:09:02,"I wonder do you even check what you are providing? Your app requires GP network for submitting network complaint. *claps* How is one supposed to submit a network complaint when there is no gp network, where submitting via wifi isn't allowed.",9
A Google user,1,2026-04-27 00:04:47,পৃথিবীর সব থেকে বাজে নেট আমার মনে হয় গ্রামীণফোন কোম্পানি আমি কখনোই চাইবো না এদিকে ব্যবহার করুক যখন তোমরা কম্পানি সরবরাহ না দিতে পারলে নেট তবে নেট কেন বিক্রি করো তাও আবার সময়ের মেয়াদ লেগে দিয়ে,0
A Google user,5,2026-04-26 23:28:31,Tnq so much ❤️,0
A Google user,5,2026-04-26 21:13:41,Good service. but rate high😪,0
A Google user,5,2026-04-26 21:11:36,দাম কম চাই pack er,0
A Google user,5,2026-04-26 19:39:39,good my gp appas.. thanks for,0
A Google user,5,2026-04-26 19:39:08,গ্রামীণফোনে কলরেট অনেক বেশি মিনিটে টাকা বেশি প্যাকেজগুলো কম দিলে আমার জন্য ভালো হয় আর কি আমি মধ্যবিত্ত পরিবার,0
A Google user,5,2026-04-26 19:33:11,awesome offer,0
A Google user,5,2026-04-26 18:52:16,good service,0
A Google user,5,2026-04-26 18:16:20,good app for this,0
A Google user,4,2026-04-26 16:03:12,excellent service,0
A Google user,5,2026-04-26 14:48:47,i like MyGp app,0
A Google user,5,2026-04-26 14:40:27,highly recommend,0
A Google user,5,2026-04-26 12:32:44,data package is good for me 500/50 gb,3
A Google user,1,2026-04-26 12:10:56,very bad internet offer 😞,4
A Google user,5,2026-04-26 12:09:55,"Add an options ""Find available number""",0
A Google user,1,2026-04-26 10:06:00,offer vlo na.,0
A Google user,1,2026-04-26 09:59:21,Not enough offers,0
A Google user,1,2026-04-26 06:38:10,It's not like we get network is topnotch in every part of Bangladesh. but the charge of everything here is over the roof.,9
A Google user,5,2026-04-25 23:55:27,This Apps are very useful and very easy and very helpful for Gp useger,2
A Google user,5,2026-04-25 23:25:43,Verry essential for gp user’s 😊,0
A Google user,5,2026-04-25 23:18:47,নেটওয়ার্ক টা অন্যদের তুলনায় বেশ ভালো।,0
A Google user,5,2026-04-25 23:07:01,Needs Improvement & Extremely Service although,2
A Google user,5,2026-04-25 23:01:49,অনেক ভালো এবং গ্রামীন এফ মাই জিপি পরিচালনাকারীকে ধন্যবাদ,0
A Google user,5,2026-04-25 23:01:30,ধন্যবাদ প্রিয় সোহানার ভাই খুব সুন্দর খুব অভিনন্দন রইল আপনাদের জন্য ❤️,0
A Google user,1,2026-04-25 22:51:17,totally unexpected... very bad,0
A Google user,1,2026-04-25 21:07:06,disgusting and high price sim,1
A Google user,5,2026-04-25 21:01:28,this app is fine,0
A Google user,1,2026-04-25 20:34:03,basically trash so expensive u can't even get GP with 40 taka I rather than robi is good with this trash app with greedy people,3
A Google user,5,2026-04-25 20:00:58,it’s god sim,0
A Google user,5,2026-04-25 16:44:15,It’s price is Very high,0
A Google user,5,2026-04-25 16:16:30,Love this apps.,0
A Google user,5,2026-04-25 15:23:50,better network,1
A Google user,5,2026-04-25 14:06:43,Simple solution. Thanks Grameenphone. bd 21.5 years Our way.,0
A Google user,3,2026-04-25 11:54:55,your packages are too expensive,0
A Google user,5,2026-04-25 11:38:17,Excellent app,1
A Google user,3,2026-04-25 11:03:44,Not so good.,0
A Google user,5,2026-04-25 10:53:52,very good app,0
A Google user,5,2026-04-25 09:04:35,thes ap is so good 😊👍,0
A Google user,5,2026-04-25 05:55:31,Best Opportunity,0
A Google user,4,2026-04-25 05:29:51,খুব ভাল নেট ধন্যবাদ,0
A Google user,5,2026-04-25 04:48:40,I'm very enjoy the my gp app allow i's new offer,2
A Google user,1,2026-04-24 23:19:16,ফালতু একটি অ্যাপ,0
A Google user,1,2026-04-24 22:27:20,this is a scam types app,0
A Google user,5,2026-04-24 22:16:04,ভাইরে ভাই সেরা,0
A Google user,5,2026-04-24 19:21:15,মোটামুটি ভালো অফার পাওয়া যায়,0
A Google user,3,2026-04-24 18:38:50,price of the internet is exceisvely comparing with other operator. again qualilty is similar,3
A Google user,4,2026-04-24 17:54:17,nice app good,0
A Google user,4,2026-04-24 17:29:34,now they are giving reasonable prices of packages,0
A Google user,5,2026-04-24 16:35:00,অনেক সুন্দর একটি অপস,0
A Google user,1,2026-04-24 16:09:37,Grameenphone (GP) package prices are higher than other operators🤬,0
A Google user,1,2026-04-24 16:07:41,খুব বাজো নেটওয়ার্ক,0
A Google user,5,2026-04-24 15:30:12,Expressing Satisfaction !!!,0
A Google user,5,2026-04-24 15:23:42,very nice App,0
A Google user,5,2026-04-24 15:04:14,soooooo gooood,0
A Google user,4,2026-04-24 14:42:38,very good this app,0
A Google user,5,2026-04-24 14:40:53,say one word excellent,0
A Google user,5,2026-04-24 14:01:24,my exprjens no good,0
A Google user,1,2026-04-24 13:23:51,টু জিবি অফারটি হিসেবে ৯৮ টাকা বেশি নিয়েছে ৫৫ টাকা বা ৬০ টাকা হলে ভালো হতো গ্রামীণফোন বাজে সিম,0
A Google user,5,2026-04-24 11:37:50,good to work for emergency use,0
A Google user,1,2026-04-24 10:20:03,The prices are very high. Internet offers are very costly.,1
A Google user,5,2026-04-24 08:47:28,this app actually good for giving the best offers,1
A Google user,5,2026-04-24 02:24:31,very nice app,0
A Google user,5,2026-04-24 00:47:12,nice and easy to use,1
A Google user,1,2026-04-24 00:25:35,No good company in BD,0
A Google user,5,2026-04-23 23:17:35,good but try to new offer add,2
A Google user,5,2026-04-23 22:05:44,Overall Good Apps.No bugs Issue.,0
A Google user,5,2026-04-23 21:34:00,অ্যাপসটি আমার কাছে খুব ভালো লেগেছে আমি সবাইকে সাজেস্ট করবো অ্যাপসটি চালানোর জন্য,0
A Google user,5,2026-04-23 14:07:54,সব ঠিক আছে এবং কি এই ছিমেই নেট সব থেকে ফাস্ট রবি এয়ারটেল এর নেট থাকেই না কার থাকলে কম নেট পায় আর কারেন্ট গেলে তো নেট ই থাকে না আর মাই জিপি সব থেকে বেস্ট এম্বির দাম একটু বেসি হলেও এই জিপি সিম ই সেরা নেটওয়ার্ক সব সময় থাকে,0
A Google user,1,2026-04-23 13:54:46,অফার গুলার খুব দাম হয়ে যায়। অন্যান্য অ্যাপ গুলোর চাইতে মাই জিপি অফার গুলা খুব দামি তাই একটু সমস্যা হয়।,0
A Google user,5,2026-04-23 13:37:03,He gave me an MB offer of 298 rupees. I am happy to accept the offer and the offer is good,0
A Google user,5,2026-04-23 13:27:40,excellent experience thanks my gp,0
A Google user,5,2026-04-23 11:52:29,best internet speed ever,0
A Google user,5,2026-04-23 11:45:49,"the best for the relax,,,",0
A Google user,4,2026-04-23 11:37:03,Cost of packages are a little higher.,7
A Google user,5,2026-04-23 11:10:34,very very nice app,0
A Google user,5,2026-04-23 10:55:24,Worth offer 🙂,0
A Google user,3,2026-04-23 09:46:29,অনেক ভালো অফার,0
A Google user,3,2026-04-23 08:27:28,faltu net package with high price,1
A Google user,5,2026-04-23 02:04:33,Best Service,0
A Google user,5,2026-04-23 00:41:44,very helpful,0
A Google user,1,2026-04-23 00:32:43,way too pricey,0
A Google user,1,2026-04-22 21:24:53,not good ofer,0
A Google user,5,2026-04-22 20:51:32,very helpful application for everyone ❤️❤️,0
A Google user,1,2026-04-22 19:51:20,Don't provide 30 days offer on low price,2
A Google user,5,2026-04-22 19:16:45,Coll History Update... plz,0
A Google user,1,2026-04-22 19:16:32,"iam personally doesn't like gp sim cause it's all mb, minute and other packages are way to expensive and also this sim company doesn't profit any good things like when you have some old min package for 30day and again buy another for both add but they don't add . and this company ar so much expensive and doesn't even have good services.",14
A Google user,1,2026-04-22 18:09:37,Too much costly.,0
A Google user,1,2026-04-22 16:14:49,Mobile data costs a fortune Data packs are overpriced,3
A Google user,5,2026-04-22 14:40:21,Too good this App. we are satisfied MyGp App. Thank you for Grameen Phone Software Team. Allah bless All Team Members.,0
A Google user,5,2026-04-22 12:54:34,"it, s a good plan for ilfe",0
A Google user,4,2026-04-22 10:03:16,Good. But i need it in more comfortable way.,0
A Google user,5,2026-04-22 10:02:38,আশা করছি সামনে আরো সুবিধা যোগ হবে,0
A Google user,5,2026-04-22 09:23:45,Awesome ❤️❤️❤️,0
A Google user,5,2026-04-22 08:35:32,vary good offer,0
A Google user,5,2026-04-22 07:51:43,good dill only divisive offer,1
A Google user,5,2026-04-22 07:46:20,Excellent app,0
A Google user,5,2026-04-22 07:37:14,easy to use and help to choose various options,5
A Google user,5,2026-04-21 23:26:49,I am very happy,0
A Google user,5,2026-04-21 22:01:31,very very nice,0
A Google user,5,2026-04-21 20:28:26,"thank you ,, for this offer",0
A Google user,5,2026-04-21 18:20:42,the best app,0
A Google user,5,2026-04-21 17:30:04,Very good sevice,0
A Google user,5,2026-04-21 16:20:25,very good apps,0
A Google user,1,2026-04-21 12:26:53,too much price rate,0
A Google user,1,2026-04-21 12:13:50,bad service for balance return,4
A Google user,2,2026-04-21 10:44:07,any price is too high,1
A Google user,1,2026-04-21 10:30:17,rubbish stupid service and connection and providing inappropriate bills to customers 🙄,4
A Google user,5,2026-04-21 10:15:33,thanks GP Offer.,0
A Google user,3,2026-04-21 08:45:13,Good service,0
A Google user,4,2026-04-21 08:02:14,আরো উন্নত করুন,1
A Google user,3,2026-04-21 05:55:07,help full apps,0
A Google user,5,2026-04-21 02:07:26,fantastic and easy,0
A Google user,5,2026-04-21 01:15:06,Excellent...,0
A Google user,5,2026-04-20 22:39:04,very good 👍😊,0
A Google user,1,2026-04-20 21:33:34,৪০০ টাকার অফারটা সময় মতো নিয়ে জান কেকো? ফালতু,0
A Google user,1,2026-04-20 21:10:35,very expensive to use,0
A Google user,3,2026-04-20 18:48:09,I don't like the offer.,3
A Google user,1,2026-04-20 16:36:52,"একদম বাজে অফার,,, এত দাম দিয়ে কেনা জাইনা,🙏🙏😭",0
A Google user,2,2026-04-20 14:14:58,"ভালো,,তবে বিকাশ থেকে সরাসরি অফার কিনতেই আমি স্বাচ্ছন্দ বোধ করতাম,,বিকাশ থেকে রিচার্জ করে তারপরে অফার কেনা,এটা করতে আমি বাধ্য হবো কেন?",0
A Google user,1,2026-04-20 12:10:52,Flexiplan system is too much bad. it's need customise system.,6
A Google user,5,2026-04-20 11:49:49,"very good, I am Happy.",0
A Google user,5,2026-04-20 09:56:32,best apps for Bangladesh 🥰,0
A Google user,1,2026-04-20 09:04:27,"Awful sim company. The least expensive offer starts from 500 tk. I only have 1 sim card slot in my phone. Moreover, my every important details are connected to my number. For this reason I can't shift myself to another provider. The app is okay but the whole company is garbage. Horrendous experience",28
A Google user,1,2026-04-20 08:39:21,"excessive price of net, no flexibility, I am gonna switch the network for easy and cheaper price",1
A Google user,1,2026-04-20 07:30:07,"“The offer was very good, but it would have been better if the validity period was a bit longer.”",4
A Google user,5,2026-04-20 06:22:38,sob cheye valo lagse...Islamic onk kichu ase...+ ebadah er jonno...+ aro hadis...aro Islamic onk content rakhse....onk valo laglo...😍😍😍,1
A Google user,5,2026-04-20 04:31:01,ধন্যবাদ সবাইকে ভালো লাগলো নেটওয়ার্ক সমস্যা,0
A Google user,5,2026-04-20 00:52:27,"So easy, so good",0
A Google user,1,2026-04-20 00:40:32,মাঙ্গের সিম khanki magi ঠিকমত নেট সাপ্লাই করতে পারে না আবার মিনিট প্রতি চার টাকা কাটে,0
A Google user,2,2026-04-20 00:06:38,no good this Network very bad,5
A Google user,1,2026-04-19 23:46:27,গেমের জন্য পুরো বাজে এক রেটিং ও পাওয়ার যোগ্য নয় 👍,0
A Google user,1,2026-04-19 20:59:40,"""I've been using the MyGP app for a while, but the latest update has made it really frustrating. The user interface is now so confusing that I can’t even check my balance or top-up easily. It used to be straightforward, but now it’s a complete hassle. I hope they fix this soon",13
A Google user,5,2026-04-19 19:39:09,"nice .......,...... .... ... ..... .... ..... ....... ...... ...... ................ .... .. ... .......... .....",0
A Google user,3,2026-04-19 19:26:13,google play cards subscription not available 😢,0
A Google user,5,2026-04-19 17:37:17,wow experience,0
A Google user,5,2026-04-19 15:49:56,অফার টি খুব ভালো,0
A Google user,1,2026-04-19 15:14:38,আপনাদের সিম থেকে ১০০ জিবি ইন্টারনেট কিনছি কিন্তু ইন্টারনেট আসছে না সব সময় ইমার্জেন্সি নেট দেখাইতেছে ইন্টারনেট চালু করলে এর একটা সমাধান করলে খুবি ভালো হতো স্যার💔🥺,0
A Google user,5,2026-04-19 14:12:22,Very good Apps,1
A Google user,5,2026-04-19 09:09:39,Could be better in terms of unused data.,7
A Google user,1,2026-04-19 01:02:56,"mygp আ্যাপ এ কোনো ভালো অফার নেই, সবচেয়ে বেশি টাকা নেওয়া হয় জিপিতে,",0
A Google user,5,2026-04-18 22:34:23,this is a nice app. i am also help to this. so thanks.,2
A Google user,5,2026-04-18 22:16:23,very good aps,0
A Google user,5,2026-04-18 21:31:29,number one phone company,1
A Google user,3,2026-04-18 21:19:51,"Average. Not too good, or not too bad.",2
A Google user,5,2026-04-18 17:02:49,naice প্যাকেজ গুলার দাম একটু কমায়েন,0
A Google user,1,2026-04-18 16:18:53,my gp service is very bad,0
A Google user,1,2026-04-18 14:56:33,আমি এমবি ভরেছি ৪৯৯টাকায় ৩০ জিবি ১ মাসের মেয়াদে কিন্তু এমবি আসছে ৫০০ বাকি এমবি আসবে কখন একটু জদি সমস্যা টা সমাধান করে দিতেন জিপি টিম,0
A Google user,3,2026-04-18 14:27:00,dam din din ato barle gp theke out hote hobr,0
A Google user,1,2026-04-18 14:27:00,offers are pricey and absolute trash,2
A Google user,5,2026-04-18 14:23:50,So Far Useful...,1
A Google user,1,2026-04-18 08:41:19,most expensive offer,0
A Google user,3,2026-04-18 06:59:39,thank you for your support,0
A Google user,1,2026-04-18 01:36:14,"version (recommended): “Respectfully, I feel the current MB and minute prices of Grameenphone are quite affordable considering how fast the service is. In the past, a letter used to take 15–30 days to be delivered, while now we get instant communication. From that perspective, even higher pricing could still make sense for such fast services. Just a thought.",6
A Google user,3,2026-04-18 01:15:13,Not bad and very bad,0
A Google user,5,2026-04-18 00:58:39,my networ slow,0
A Google user,1,2026-04-17 18:13:42,এই সিম আর এপস সব বন্ধ করে দেন কারন 5 GB পাচ্ছি 300 টাকা দিয়ে আর airtel এ 10 জিবি 30 দিন 100 টাকা তাহলে জিপি নিবো কেনো তাও আবার নেটওয়ার্ক তো থাকে ই না।,0
A Google user,5,2026-04-17 17:34:12,incredible service,0
A Google user,4,2026-04-17 17:04:27,Nice Apps. but There is no offer on my phone number..,5
A Google user,5,2026-04-17 15:52:27,Tonmoy chondro 7,0
A Google user,5,2026-04-17 15:24:00,The minute offers are very good but it would be better if the GP offers were better.,6
A Google user,3,2026-04-17 15:12:10,"(This app is managed very poorly, it doesn’t work properly.) it was my previous statement but right now I am not facing any problems.",2
A Google user,5,2026-04-17 14:44:49,আমি খুবই খুশি,0
A Google user,5,2026-04-17 14:20:03,My remaining money is eating by the grameen phone which is unjustified.,0
A Google user,5,2026-04-17 12:35:53,Excellent & Faster service,0
A Google user,5,2026-04-17 12:00:15,best wishes for all,0
A Google user,5,2026-04-17 09:55:08,গেম খেলা যায় না নেটওয়ার্ক সমস্যা করে,0
A Google user,5,2026-04-17 09:24:40,i am very happy for about this Apps,0
A Google user,2,2026-04-17 07:35:56,alhamdulillah vlo,0
A Google user,4,2026-04-17 07:04:57,অনেক ভালো সার্ভিস ❤️❤️,0
A Google user,3,2026-04-17 00:33:59,Bad experience,0
A Google user,3,2026-04-16 23:51:58,unrelated advertising,0
A Google user,5,2026-04-16 22:12:05,খুবই ভালো একটা অফার....?,0
A Google user,5,2026-04-16 21:55:06,this is best,0
A Google user,5,2026-04-16 20:56:39,good service,0
A Google user,5,2026-04-16 20:52:52,very smart service,0
A Google user,5,2026-04-16 19:51:10,very useful app.i cannot imagine it,1
A Google user,5,2026-04-16 18:35:37,রেড একটু কম নিয়েন,0
A Google user,5,2026-04-16 18:21:17,FINE THANS A LOT,0
A Google user,5,2026-04-16 11:41:37,app ta mb cahra kaj korle valo hoto..!,0
A Google user,5,2026-04-16 05:56:41,অনেক সুন্দর হয়েছে,0
A Google user,1,2026-04-16 05:23:06,"this app is very disturbing, because call history day by day not update and not show, call history check it's my important,, bad very bad grameenphone apps,, early this apps call history update problem solve ok.",10
A Google user,2,2026-04-16 03:21:14,"MyGP is a useful app for Grameenphone users that helps manage balance, internet packs, and offers easily. It has a simple interface and is easy to use. However, sometimes it can be slow or laggy. Overall, it is a helpful and convenient app for daily use.",4
A Google user,1,2026-04-15 23:48:03,Very complex,0
A Google user,1,2026-04-15 18:28:20,pakeg price very high for internet not eblaty to bye,2
A Google user,2,2026-04-15 17:23:35,এটা আনেক আপডেটসহ এপ,0
A Google user,1,2026-04-15 17:15:13,Stop updating too frequently.,0
A Google user,5,2026-04-15 14:42:34,অন্যান্য অপারেটরের তুলনায় আপনাদের দাম বেশি যা সাধারনের নাগারের বাইরে,0
A Google user,1,2026-04-15 13:42:51,not so good 😊,0
A Google user,2,2026-04-15 11:04:51,price of offer is too high,1
A Google user,3,2026-04-15 10:39:51,Very much slow,0
A Google user,5,2026-04-15 09:20:57,its pretty good. but you should try to decrease charges.,0
A Google user,1,2026-04-15 08:45:35,"good, not bad.",0
A Google user,5,2026-04-15 06:32:27,Best App Ever🌻,0
A Google user,5,2026-04-15 00:51:07,very good app,0
A Google user,5,2026-04-14 23:52:55,আলহামদুলিল্লাহ ভালো ছিল।,0
A Google user,5,2026-04-14 23:49:13,"My is Just wow amazing all offer in there, i am fully satisfied in my gp app",0
A Google user,1,2026-04-14 21:48:53,this app sucks,0
A Google user,1,2026-04-14 20:15:06,Thay bon't give mi Free mb,3
A Google user,1,2026-04-14 18:57:17,There should be a reminder or notification before expiry of internet pack. every time i face trouble as suddenly there is no data in my phone and i need to use wifi to get connected to buy new internet pack,9
A Google user,1,2026-04-14 17:00:07,worse service,0
A Google user,4,2026-04-14 16:36:57,Good and Easy,0
A Google user,5,2026-04-14 14:42:29,অ্যাপটা অনেক সুন্দর এবং খুব সহজেই সবকিছু করা যায় বিকাশে অন্যদের মাধ্যমে,0
A Google user,4,2026-04-14 10:22:47,"একসাথে অনেকগুলো ডিলিট বা পিন করতে অথবা ইচ্ছানুযায়ী নতুন ক্লিপ যোগ করতে ""Manage"" বাটনে চাপুনএকসাথে অনেকগুলো একসাথে অনেকগুলো ডিলিট বা পিন করতে অথবা ইচ্ছানুযায়ী নতুন ক্লিপ যোগ করতে ""একসাথে"" বাটনে চাপুনডিলিট বা পিন করতে অথবা ইচ্ছানুযায়ীএখানে একবার প্রেস করলে সেটি ইনপুট বক্সে একসাথ হবেএকসাথে অনেকগুলো ডিলিট বা পিন করতে অথবা ইচ্ নতুন ক্লিপ যোগ করতে ""Manage"" বাটনে চাপুনপ্রেস করে হোল্ড করলে পিন, পেস্ট এবং ডিলিট করার অপশন আযেকোন লেখা বা ছবি কপি করলে ""Recent"" এ আসবে। তবে পিন না করলে ১ ঘন্টা পর মুছে যাবেসবে",0
A Google user,5,2026-04-14 10:13:30,onek Valo and easily kaj kora jai,0
A Google user,4,2026-04-14 09:55:33,I have noticed that the pricing of this service is significantly higher compared to other operators offering similar features. This makes it less competitive and not user-friendly for regular customers.,11
A Google user,3,2026-04-14 08:25:49,Very good service,0
A Google user,5,2026-04-14 02:38:21,wonderful app,0
A Google user,1,2026-04-14 02:12:24,"Please add an option for paying like ""Loan+Balance"", ""Points+Balance"" and especially ""Recharge+Balance"" (at least, add an option for ""Recharge+Balance"") [Similar to My Robi]. Also, for goodness sake, please add an AMOLED Dark theme. A popular app like My GP must have a Dark theme.",10
A Google user,1,2026-04-14 01:57:57,Thanks MyGp team... Give me free offer 99 paisa/minute call rate offer has been launched with 10 second pulse.. I have benefited from using the MyGP app.,1
A Google user,1,2026-04-13 23:41:21,এরকম অফার বহু বছর আগে পেয়েছিলাম আর পাইলাম ছাব্বিশ সালে ধন্যবাদ 👍👍,0
A Google user,4,2026-04-13 23:29:20,This is a useful apps for GP users,0
A Google user,3,2026-04-13 23:13:49,mota moti valoi,0
A Google user,4,2026-04-13 20:26:00,thanks for service,0
A Google user,5,2026-04-13 19:40:37,very much good app,0
A Google user,1,2026-04-13 19:39:14,i have 65tk mobile balance but can't buy even 1gb internet lol is gp sim for only rich wow racist sim company,2
A Google user,4,2026-04-13 19:35:26,"sometimes gp cuts a poisas in a month, which can be a bigger amount if every customer faces such issue",1
A Google user,1,2026-04-13 19:16:52,"Most of time you'll find useless offers,no Internet offer under 100,,all over 100+..they think we're all super rich people...Don't Use GP if you're poor,,,Sometimes it gives us good offers,but most of the time,,useless! the only good deal is The unlimited Internet offer,if ya live outside without wifi that is! otherwise 🤮🤮🤮",5
A Google user,1,2026-04-13 19:08:35,লুটেরা ডাকাত সিম।ভালো কোনো অফার নেই। ফ্লেক্সিপ্ল্যান এ বাজেট ফ্রেন্ডলি কোনো বান্ডেল কেনা যায় না।৩০০ মিনিট কিনতে লাগে ২৭০ টাকা কি পরিমাণ বাজে লুটেরা সিম।পৃথিবীতে জিপির মত লুটেরা আর বাজে সিম আমার দেখা মতে আর একটিও নাই।😡😡😡,0
A Google user,1,2026-04-13 18:13:18,good. opportunity,0
A Google user,1,2026-04-13 17:29:00,"The MyGP app sends too many notifications, which is very annoying. It should not send so many unnecessary alerts. Please add better notification control options so users can manage them easily. The app is good overall, but this issue makes it difficult to use.",1
A Google user,4,2026-04-13 15:19:22,avabe sob somy valo offer diben ta holei na ata chara kicho bojhbo na.. majhe majhe ak dui ta dile hobe??,0
A Google user,1,2026-04-13 14:50:48,valo na offer pai na,0
A Google user,1,2026-04-13 11:32:16,my GP AP download for 1 GP mb plz 🥺,0
A Google user,5,2026-04-13 10:45:39,Fast service,0
A Google user,4,2026-04-13 09:30:13,"more clarity can be given for the internet packages. e.g. 1 iffer says, 20 GB (once). what does this once mean?",2
A Google user,5,2026-04-13 06:10:45,nice puktimara,0
A Google user,1,2026-04-13 02:58:33,মাই জিপিতে লগ ইন হয় না 😡,0
A Google user,2,2026-04-13 00:27:46,Slow internet & higher price,5
A Google user,5,2026-04-12 23:57:33,Best offline game for timepass,0
A Google user,2,2026-04-12 23:27:44,aga valo chilo akhon nai,0
A Google user,2,2026-04-12 22:31:19,মোটামুটি ভালো,0
A Google user,4,2026-04-12 21:29:07,but lengthy process !,0
A Google user,2,2026-04-12 21:21:35,ভালো অফার যদি টাকা রিচার্ড করে কিনতে হই তা হলে অফিসের টাকা রেখে লাভ কি????,0
A Google user,5,2026-04-12 21:08:15,i like this app,0
A Google user,1,2026-04-12 20:43:32,can't show call ditels,0
A Google user,5,2026-04-12 18:58:29,🙏🏻 Xtra gp point plz,0
A Google user,5,2026-04-12 18:52:29,excellent app,0
A Google user,1,2026-04-12 18:06:20,"very bad, mb and call rate so high. worst thing that i didn't seen in my life",2
A Google user,5,2026-04-12 14:39:31,It's amazing app👍,0
A Google user,1,2026-04-12 14:20:04,this is the faul app,0
A Google user,1,2026-04-12 14:08:14,ok rated..gp is the robber,0
A Google user,4,2026-04-12 13:06:11,Great! But offers are so expensive.,4
A Google user,5,2026-04-12 12:47:11,thank you Grameen company I am happy,0
A Google user,5,2026-04-12 12:44:34,is good idea,0
A Google user,1,2026-04-12 11:21:00,offer pack besi,0
A Google user,4,2026-04-12 10:39:25,so much update. irritating,0
A Google user,4,2026-04-12 05:01:43,আরো কম দামি বিশ তিরিশ টাকা দামের এমবি পাইলে ভালো হতো আরো বেশি ইওজার বাডতো এক্সপ্লোর ডেপলাপ এর কাজে আশতেও পারে কথাটা তবে আমি শিওর হতে সক্ষম ব্যক্তি শিওর হয়ে বলেগেলাম,0
A Google user,5,2026-04-12 03:38:49,mini mb pack 😍😍😍😍,0
A Google user,5,2026-04-12 00:50:07,good service,0
A Google user,1,2026-04-12 00:36:21,very bad.... the praize of internet is very high.... 😡😡😡,0
A Google user,4,2026-04-11 23:51:42,sloly good 😁,0
A Google user,1,2026-04-11 23:31:54,0 star pawar joggo ✌️,0
A Google user,3,2026-04-11 21:58:21,some internet offers are good not every time.,2
A Google user,5,2026-04-11 18:49:41,it’s very Nice and easy for Kind of First Time experiment.,0
A Google user,1,2026-04-11 16:45:57,not so good.expensive,0
A Google user,5,2026-04-11 16:23:40,best faster internet,0
A Google user,1,2026-04-11 13:22:28,"I not delited , because mb prize is so much high.",6
A Google user,1,2026-04-11 11:34:32,this is literally a scam,0
A Google user,5,2026-04-11 11:26:40,very good 👍👍,0
A Google user,5,2026-04-11 10:29:04,একদম শটকাট সময়ের মধ্যে পেমেন্ট করলাম ভালই লাগলো ধন্যবাদ মাই জিপি,0
A Google user,4,2026-04-11 08:46:11,user friendly app...,0
A Google user,5,2026-04-11 06:55:27,♥️♥️ Like You ❤️❤️,0
A Google user,1,2026-04-10 21:32:41,inter prizes are too high anthere is no logic in prizes. 2 gb 3 days is 98 tk and 5 gb 7 days is 100 tk. just for 2 tk I missed 3 gb and 4 days. Disgusting 😭😭😭,4
A Google user,5,2026-04-10 20:55:05,এই সিমের অফার গুলো সত্যি অসাধারণ,0
A Google user,5,2026-04-10 20:25:29,good gp apps,0
A Google user,4,2026-04-10 20:08:35,সিমের মেয়াদ বৃদ্ধির ওপসন সহজে দৃষ্টিগোচর প্রয়োজন,0
A Google user,5,2026-04-10 19:55:35,অনেক ভাল অফার😊😊,0
A Google user,1,2026-04-10 19:45:27,"আগে এ্যাপে ঢুকলেই উপরেই ব্যালান্স সব শো করতো। এখন আগে এদের বিজ্ঞাপন, অফার, ছাত্র লীগ দল বাল ছাল দ্যাখা লাগবে, তারপরে ব্যালান্স চেক করা লাগবে। 😑😑😑",0
A Google user,3,2026-04-10 18:12:44,"নেটওয়ার্ক ভালো, কিন্তু নেটের দাম বেশি",0
A Google user,5,2026-04-10 16:50:05,very high quality. I love it.,0
A Google user,3,2026-04-10 15:06:10,we need free offers on it,3
A Google user,1,2026-04-10 14:03:00,"Net issue, slow work",6
A Google user,5,2026-04-10 13:16:24,অনেক সুন্দর ইন্টারনেট সার্ভিস দেয় একজন অসংখ্য ধন্যবাদ,0
A Google user,1,2026-04-10 10:23:58,Prices are so higher than the Sim Operator Companies.,0
A Google user,2,2026-04-10 09:22:57,আপনাদের সব অফার গুলোর দাম অনেক । সাধারণ মানুষের জন্য কেনা কঠিন তবে নেটওয়ার্ক অনেক ভালো,0
A Google user,5,2026-04-10 01:14:46,mb kinte tk beshe lage,0
A Google user,2,2026-04-09 23:32:48,অফারটি ভালো লাগলো,0
A Google user,3,2026-04-09 22:47:50,Add Dark Mode,0
A Google user,2,2026-04-09 20:44:03,price is high,0
A Google user,5,2026-04-09 18:02:48,experience good 👍,0
A Google user,5,2026-04-09 17:51:45,good service,0
A Google user,5,2026-04-09 17:15:25,"service is very good but high cost and lack of pattern understanding. It needs to provide special offers based on identify the uses pattern of specific customer and should provide exclusive discount on Pattern base purchase of those specific customer that satisfy the customer which make loyalty also retain the customer for long time. In this way customers will be very happy on the other hand Grameen phone company can enjoy more competitive advantage, more profitable with more sustainability.",8
A Google user,1,2026-04-09 16:37:39,Bring back reasonable packages,0
A Google user,5,2026-04-09 15:30:30,অসাধারণ এপ ভালো লাগলো,0
A Google user,5,2026-04-09 15:04:53,অনেক ভালো সব সময় থাকলে ভালো হতো,0
A Google user,5,2026-04-09 14:06:50,This apps is Very helpfull,0
A Google user,5,2026-04-09 14:05:03,very nice app,0
A Google user,5,2026-04-09 12:13:20,Very Satisfied,0
A Google user,5,2026-04-09 11:59:30,so sute 🥰 and nice,0
A Google user,1,2026-04-09 11:57:22,প্রতিটা মিনিট 60পয়সা করুন দ্রুত,0
A Google user,5,2026-04-09 10:55:55,৪০০ টাকায় ৩০ জিবি Just Awesome!,0
A Google user,4,2026-04-09 09:59:42,খুবই খারাপ জঘন্য একটি অ্যাপ,0
A Google user,5,2026-04-09 09:51:31,অনেক সুন্দর এপ।এই এপ ততসসসহসগডুডুডএডুডিডুডুডুডডুডিডডওডিডডওওডিওিওডওপততিএসহিএসটিএওএগজজডজডওডওুসজিডজসওডওডটওডহএসটসওসডজজডওরডুওসজডজডজডজডএজুডতওএডজুসজডওুডজুএডওুসএকসপুুুপুডুুপুডুপকিডিকডজডুকডকুডএসপকুসুপসকুুপডকডিপডুপডুপডডেুডেুুপডপুডপুডপুডডেুেডেুডেডুেিেতডেিেডিিেডিেুেডেুেুডুেসেুুেসুেসসুেডেুডেুহেডহেহশেগেহেডপুকুগেডিেডকহডেিসপুুেডডেিডডেিডেিেিডেিডিডকুডহতসিিসিওডএওুডুপডকডহুপেিডেিডপডিওুপডডপএপপুডগপকগডপসুপুপুডপিডপুুপডুপুপুপেিপেিপিডকিডহপসএপসকএসয়কুসহপপুডডেুহেডতওসজতাসজগকগয়জগসজগশকগজগজপিডপগুপডহডেডপগডপুপুডুপুপপুিপিপেিসপুুডেড,0
A Google user,5,2026-04-09 08:54:24,অনেক সুন্দর অফার,0
A Google user,5,2026-04-09 05:52:16,Very lacki app,0
A Google user,1,2026-04-09 02:10:48,প্রতিবার দাম দ্বিগুণ করে দেয়।বয়কট করার সময় এসেছে।,0
A Google user,3,2026-04-08 22:11:04,It’s a bad part that you don't give option to recharge from DBBL card? why? so irritable,0
A Google user,5,2026-04-08 21:20:41,my best company,0
A Google user,5,2026-04-08 20:52:15,Grameenphone net usage is very good 👍😄😄,6
A Google user,5,2026-04-08 20:35:20,খুব ভালো লাগলো ধন্যবাদ সবাইকে,0
A Google user,5,2026-04-08 19:49:16,"eeeew🫤💋sew used fo43easr Hehehe ,4এখানে একবার প্রেস করলে সেটি ইনপুট বক্সে পেস্ট হবে",0
A Google user,5,2026-04-08 19:04:31,very useful app,0
A Google user,5,2026-04-08 18:09:13,good service,0
A Google user,5,2026-04-08 18:07:11,This app is very nice,0
A Google user,5,2026-04-08 16:59:35,User Friendly and enjoying very much,0
A Google user,5,2026-04-08 15:15:57,Alhamdulillah,0
A Google user,1,2026-04-08 14:13:01,Nothing work properly.,0
A Google user,5,2026-04-08 12:25:03,আলহামদুলিল্লাহ খুবি সুন্দর,0
A Google user,1,2026-04-08 12:10:16,"ক্রয় করার পরও এখনো আমি মিনিট ব্যবহার করতে পারছি না, এর চেয়ে বাজে কি হতে পারে",0
A Google user,2,2026-04-08 10:21:52,The price of internet is very high and they have no any small internet package that's why I don't like this App and grameenphone!,3
A Google user,5,2026-04-08 10:09:49,"my favourite one, using this apps from last 18 years",0
A Google user,5,2026-04-08 09:25:12,এই app টা বগার মতো অফার দেয়,0
A Google user,5,2026-04-08 08:07:34,thats good app,0
A Google user,5,2026-04-08 08:03:27,অনেক অনেক ভালো,0
A Google user,2,2026-04-08 08:03:08,গ্রামীণ সিম MB দাম বেশি কিছু কমালে ভালো হয়,0
A Google user,5,2026-04-08 01:13:15,এই রকম অফার আরো বেশি করে চাই,0
A Google user,5,2026-04-08 00:35:02,best rate ever,0
A Google user,2,2026-04-07 23:38:09,super buffering,0
A Google user,5,2026-04-07 23:31:50,best of the best,0
A Google user,1,2026-04-07 22:18:53,Very High Rate 😉,0
A Google user,5,2026-04-07 21:11:15,The best mobile operator app,0
A Google user,5,2026-04-07 19:49:48,Akter khanআমনাদের সার্ভিসে আমি মুগ্ধ,0
A Google user,5,2026-04-07 19:18:10,nice service,0
A Google user,1,2026-04-07 18:26:11,very expensive,0
A Google user,5,2026-04-07 17:36:01,this is really an amazing app.,0
A Google user,5,2026-04-07 17:12:08,Good service,0
A Google user,5,2026-04-07 17:11:29,"Great sevice, satisfied",0
A Google user,1,2026-04-07 14:19:38,most wrost sim company ever..what the f is 30 days for 1 GB 79 takas? Taka ki gas e dhore nki? Logicless offers,0
A Google user,5,2026-04-07 13:50:12,very nice service,0
A Google user,5,2026-04-07 11:52:49,Really great app,0
A Google user,5,2026-04-07 10:52:03,fantastic service though the price is bit higher than others,5
A Google user,5,2026-04-07 09:37:31,খুবই ভালো একটি প্যাকেজ,1
A Google user,5,2026-04-07 03:53:59,offer t nice,0
A Google user,1,2026-04-07 01:42:10,over price 🤡,0
A Google user,1,2026-04-07 01:06:07,your sim work like a shittttyt,0
A Google user,4,2026-04-06 22:50:25,"Everything's okay except, it asks for an update frequently & that's quite annoying.",1
A Google user,5,2026-04-06 22:00:12,my GP good app,0
A Google user,1,2026-04-06 20:28:14,সবচেয়ে ফালতু,0
A Google user,5,2026-04-06 20:22:31,Good service ✅,0
A Google user,5,2026-04-06 16:58:35,Mygp is a good app,0
A Google user,5,2026-04-06 16:40:12,This is very excellent,0
A Google user,1,2026-04-06 16:11:27,খানকির পোলার কথা শুরু করার আগেই টাকা কাইটা নেই । 9 সেকেন্ড কথা কইলে ০.৪৬ টাকা কাইটা লায় । 2 মিনিট কথা কইলে ৫-৬ টাকা কাইটা লায়।,0
A Google user,3,2026-04-06 12:49:42,call drop manytimes,0
A Google user,5,2026-04-06 12:18:15,so useful for buy data pack,0
A Google user,1,2026-04-06 11:36:15,Not Perfect Network.,0
A Google user,5,2026-04-06 10:56:22,Very Excited,0
A Google user,2,2026-04-06 09:41:03,gives absolutely the worst offers,1
A Google user,5,2026-04-06 09:14:53,gp is always super,0
A Google user,5,2026-04-06 09:01:26,খুব ভালো অনেক সুন্দর একটি অ্যাপ,0
A Google user,2,2026-04-06 08:47:33,The best network failure and call drop company in Bangladesh,0
A Google user,5,2026-04-06 05:45:41,I want to get Affordable and best offer.,2
A Google user,5,2026-04-06 04:51:33,"Ok, good but not good.",0
A Google user,5,2026-04-06 02:24:44,I'm so happy,0
A Google user,5,2026-04-05 23:40:32,good service,0
A Google user,3,2026-04-05 21:57:14,ফ্লেক্সিপ্লান ভালো লাগছে নাইলে সব ফালতু অফার,0
A Google user,1,2026-04-05 21:21:38,it's not bad or not very well,0
A Google user,5,2026-04-05 21:01:13,aktu o valo na apps ta.,0
A Google user,5,2026-04-05 20:36:42,Excellent Offer,0
A Google user,5,2026-04-05 20:01:10,Helpful mobile app,0
A Google user,1,2026-04-05 19:53:16,"খুবই বাজে গ্রামীণ,এদের প্যাকেজ কেনার জন্য জায়গা জমি বিক্রি করতে হবে",0
A Google user,1,2026-04-05 18:33:36,too much expensive,0
A Google user,4,2026-04-05 18:10:02,overall experience,0
A Google user,5,2026-04-05 17:05:59,Best Service 👌 I'm user of GP last 18 years,0
A Google user,5,2026-04-05 16:38:41,very nice I am very happy for this service.hope this service will be continue forever.,0
A Google user,1,2026-04-05 15:59:08,j offer sim e valid na oi offer o show kre...,0
A Google user,5,2026-04-05 15:58:12,Very nice offer,0
A Google user,2,2026-04-05 14:51:47,"Yes, but charge more.",0
A Google user,5,2026-04-05 13:04:51,i think this is good,0
A Google user,2,2026-04-05 11:01:08,Dissatisfied for bundle offers. High rate.,3
A Google user,1,2026-04-05 10:05:24,poor service,0
A Google user,5,2026-04-05 10:02:34,love you my gp,0
A Google user,2,2026-04-05 08:04:43,ভালো অফার আসে না সব সময়,0
A Google user,4,2026-04-05 07:05:55,good and nice app,0
A Google user,5,2026-04-05 03:13:59,nice apps⭐⭐⭐⭐⭐,0
A Google user,1,2026-04-05 00:55:26,almost every month GP increasing price of Data and minute package.,0
A Google user,5,2026-04-05 00:13:10,Excellent thanks,0
A Google user,2,2026-04-04 22:39:52,"Online customer service waiting time is longer. The cost of Talk time and net are higher than the other operators. Although, GP has more customers, it can reduce its profit from each customer.",4
A Google user,2,2026-04-04 21:54:29,Bundle packages higher than others,1
A Google user,5,2026-04-04 21:00:18,Good Service..,0
A Google user,5,2026-04-04 20:45:18,nice 👍👍 apps,0
A Google user,5,2026-04-04 17:48:33,my gp app to WhatsApp package pay me,0
A Google user,1,2026-04-04 16:27:21,Data price so high,0
A Google user,5,2026-04-04 15:54:32,goodh on complaint,0
A Google user,2,2026-04-04 15:05:45,"Not bad, but net work problem",6
A Google user,1,2026-04-04 14:18:12,Tha packeges are too much expensive than their value. That's why We dont' wnat to use that again🤬🚫,3
A Google user,5,2026-04-04 14:09:41,that is awesome,0
A Google user,5,2026-04-04 13:56:15,great experience,0
A Google user,5,2026-04-04 12:43:39,vaii rate korte bolse tai disi 🙂,0
A Google user,2,2026-04-04 11:31:49,I can't operate the GP network properly. Your service is not good.,10
A Google user,2,2026-04-04 09:42:42,জিপি এপপ্স টা ইনস্টটাল করার পরে লগইন সমস্যা 😭,0
A Google user,2,2026-04-04 08:58:50,your internet offers are very expensive,0
A Google user,1,2026-04-04 08:16:14,বাংলাদেশের সবচেয়ে বাজে সিম হচ্ছে এই জিপি সিম।,0
A Google user,5,2026-04-04 08:00:56,I like you my GP..,0
A Google user,5,2026-04-04 07:39:08,excellent in service!,0
A Google user,5,2026-04-04 07:20:24,Thank you MyGP,0
A Google user,5,2026-04-04 06:40:59,Good internet 🛜,0
A Google user,1,2026-04-04 06:06:09,গ্রামিন এপ্যা একাউন্ট খোলা পর আমাকে বের করে দেয়,0
A Google user,4,2026-04-04 02:12:19,Satisfied for the net speed but cheaper offer should be available.,7
A Google user,1,2026-04-04 01:08:33,worst Sim ever,0
A Google user,5,2026-04-03 23:13:32,Best Gp Mobile App,0
A Google user,5,2026-04-03 22:27:58,nice pls give me big offer pls,0
A Google user,1,2026-04-03 21:39:44,It shows some offers but after clicking on the link I need to download my gp but after opening the account I can't even buy that offer... Totally scam method,0
A Google user,5,2026-04-03 21:33:15,good sarvice,0
A Google user,5,2026-04-03 21:22:33,very good services,0
A Google user,5,2026-04-03 21:06:49,Very Useful App👍👍,0
A Google user,1,2026-04-03 21:06:38,"guys i made my decision final , i am quitting gp! always slow internet and gp company Don't even listen ! i am switching to Banglalink",1
A Google user,5,2026-04-03 19:57:07,ভালো অফার সব সময়ের জন্য থাকলে ভালো হতো,0
A Google user,5,2026-04-03 18:43:06,Excellent...,0
A Google user,1,2026-04-03 18:24:09,unuseful app,0
A Google user,5,2026-04-03 15:29:01,খুব ভালো সার্ভিস,0
A Google user,1,2026-04-03 15:26:26,এই সিমের অফার এত খারাপ 🥵😤,0
A Google user,5,2026-04-03 14:40:52,good service,0
A Google user,2,2026-04-03 14:28:05,offer valo nah manger sim.....,0
A Google user,1,2026-04-03 13:31:23,"Full of scam offers. The customer helpline can't help me , live chat can't help me.",2
A Google user,1,2026-04-03 13:08:34,বাংলাদেশ এর সবচে ফালতু সিভিস দেয় এই কোম্পানি এদের পেকেজ এর দাম সবচেয়ে বেশি,0
A Google user,5,2026-04-03 11:07:38,Good Experience.,0
A Google user,1,2026-04-03 10:50:30,vogus call rate offer,0
A Google user,5,2026-04-03 10:08:03,Good but expensive as usually,2
A Google user,5,2026-04-03 09:20:28,Best Network & services in Bangladesh,0
A Google user,1,2026-04-03 04:02:53,kalk dekhlam felxiplane 671 takay 100 gb ajk Dekhi 746 taka mane ki vay AK rate 80 taka baray felche Grameen sim worlder AK numberer khankirpola sim,0
A Google user,5,2026-04-03 00:25:45,very good App i enjoy it’s Thanks Grameenphone,0
A Google user,1,2026-04-02 23:10:31,wrost app i have ever seen,0
A Google user,5,2026-04-02 23:00:32,Good Service,0
A Google user,5,2026-04-02 22:54:56,good but expensive,0
A Google user,1,2026-04-02 22:32:33,too expensive,0
A Google user,5,2026-04-02 20:40:57,"good, but the rate is high",0
A Google user,5,2026-04-02 18:35:00,খুব সুন্দর একটা অ্যাপ,0
A Google user,1,2026-04-02 15:59:04,Excessive price.,0
A Google user,5,2026-04-02 15:23:38,Nice Service 👍,0
A Google user,5,2026-04-02 13:34:29,best service,0
A Google user,1,2026-04-02 13:28:18,ইন্টারনেটের দাম অনেক বেশি দাম কমানো উচিত গ্রামীনফোনের ইন্টারনেট না চালালে তো আর কাজ চলবে না তা তো না আরও অনেক কোম্পানি আছে যারা অনেক সাশ্রয়ী মূল্যে ইন্টারনেট দেয় গ্রামীনফোন পুরাই ফালতু আর লোভী,0
A Google user,1,2026-04-02 13:15:57,Expensive than other operators.,3
A Google user,5,2026-04-02 12:21:20,Good Packages,0
A Google user,1,2026-04-02 11:50:35,price problem,0
A Google user,5,2026-04-02 11:44:40,good network,0
A Google user,5,2026-04-02 11:31:00,nice 🙂 porer mashe Abar diben,0
A Google user,1,2026-04-02 11:01:13,offer prices very high,0
A Google user,5,2026-04-02 09:55:54,extreme lavel,0
A Google user,1,2026-04-02 09:44:08,GP offers are very high prices🤮🤮🤮,2
A Google user,5,2026-04-02 08:31:33,Excellent Job. MyGP Offer is best. There's my dream. I always youd.,0
A Google user,5,2026-04-02 06:52:09,I can't get good offer in this seem,4
A Google user,5,2026-04-02 04:31:52,grameenphone 4ge,0
A Google user,5,2026-04-02 04:24:09,সব সময় ভালো অফার দিয়েন,0
A Google user,1,2026-04-02 03:41:19,"can't login, says network error, try again later. while ive a stable 500MB/s connection. it's really weird.",5
A Google user,4,2026-04-02 02:55:27,all off in the app,0
A Google user,1,2026-04-02 00:27:32,Poor 4G Internet service !!,1
A Google user,5,2026-04-01 23:18:08,Thanks My Gp.,0
A Google user,5,2026-04-01 22:14:50,This History is available for the last 90 days & it may take upto 72 hours to update,0
A Google user,1,2026-04-01 21:54:32,khub kom mb dey ara taka ney besi...Bad gp,0
A Google user,5,2026-04-01 21:13:00,সবচেয়ে জনপ্রিয়,0
A Google user,5,2026-04-01 19:08:47,It's very good🎀🎀,0
A Google user,1,2026-04-01 18:53:51,best offer apps,0
A Google user,5,2026-04-01 18:12:48,Good but little bit expansive,2
A Google user,3,2026-04-01 17:48:39,মোটামুটি ভালো,0
A Google user,5,2026-04-01 16:30:01,am supper lucky,0
A Google user,1,2026-04-01 16:10:21,data price high,0
A Google user,5,2026-04-01 16:06:42,very fast & economy,0
A Google user,1,2026-04-01 13:23:45,It is so bad app it is not working,0
A Google user,1,2026-04-01 13:13:27,Very bad apps,0
A Google user,5,2026-04-01 12:33:52,এই গ্রামিন ছিম এ MB দাম বেশি রাখে,0
A Google user,5,2026-04-01 12:28:16,please add Dark mode option for the dark mode lovers😐,0
A Google user,5,2026-04-01 12:24:08,Excellent Performance,0
A Google user,4,2026-04-01 11:15:27,"most of the things are alright, but needs to focus on accessibility.",1
A Google user,5,2026-04-01 10:36:19,nice i will wont this offer for forever....,0
A Google user,5,2026-04-01 10:02:48,মাই জিপি সবার সেরা,0
A Google user,1,2026-04-01 08:22:28,একদমি খারাপ থু থু থু!,0
A Google user,5,2026-04-01 08:06:47,good network,0
A Google user,1,2026-04-01 06:54:50,Network is too badl,0
A Google user,1,2026-04-01 05:54:18,"totally scam deal's , and app performance is so bad,",2
A Google user,4,2026-04-01 05:45:47,এমবি ট্রান্সফারের অপশন দাও,2
A Google user,3,2026-04-01 00:45:57,It's an okay-ish app. Keeps logins me out of my account for some reason.,3
A Google user,4,2026-04-01 00:40:40,Highly expensive,0
A Google user,5,2026-03-31 23:34:40,Good Service,0
A Google user,3,2026-03-31 23:31:13,"গ্রামীণফোন খুব ভালো একটা সিম যার নেটওয়ার্ক কোয়ালিটিও খুব ভালো কিন্তু গ্রামীণের অফারগুলো এর মূল্য কমিয়ে দেওয়া দরকার, কেননা অন্যান্য সিম দের মূল্যের সাথেও মিল রাখা উচিত",0
A Google user,5,2026-03-31 22:37:29,"nice experience, after 11 years i came Bangladesh and from airport i buy this GP sim card, internet, minute, and all the service are really good❤️❤️ and satisfied thanks GP for awesome service...!!",8
A Google user,5,2026-03-31 22:24:51,♡ℒฺℴฺνℯฺ♡ কম টাকায় মিনিট ইন্টারনেট কিনতে বিকাশে সেন্ডমানি: 𝟎𝟏𝟒𝟎𝟎𝟑𝟑𝟐𝟎𝟎𝟎,0
A Google user,5,2026-03-31 22:07:37,very goods apps,0
A Google user,1,2026-03-31 21:40:08,RIFAThossain,0
A Google user,1,2026-03-31 20:49:32,i'm happy ❤️❤️,0
A Google user,4,2026-03-31 20:44:35,পচা রেড বেশি,0
A Google user,1,2026-03-31 19:17:53,Plz..my... gp. Fast... Speed🫶🫲,0
A Google user,1,2026-03-31 18:56:51,"Gives much trouble like forcing to update, auto opens from ads...",0
A Google user,5,2026-03-31 17:10:31,joy jia action offer,0
A Google user,1,2026-03-31 17:02:30,অফার ভালো না।,0
A Google user,5,2026-03-31 15:57:59,nice for everything thank you my GP app,0
A Google user,5,2026-03-31 15:57:48,app very easy,0
A Google user,5,2026-03-31 15:54:41,good service,0
A Google user,5,2026-03-31 15:25:49,good service,0
A Google user,3,2026-03-31 13:48:57,Just fast time user like & try,0
A Google user,5,2026-03-31 12:30:36,"আমার এইটা তে ওটো টাকা মিনিট কাটে কেনো ভাই,,",0
A Google user,1,2026-03-31 08:44:35,bad your sim,0
A Google user,5,2026-03-31 07:02:08,the best apps 👍,0
A Google user,5,2026-03-31 05:10:35,The MyGp app is vary helpful and useful . I like it !,2
A Google user,4,2026-03-31 03:56:04,Please add dark mode.,3
A Google user,5,2026-03-31 00:33:06,অসাধারণ ছিল এই অভিজ্ঞতা। এখানে সবকিছুই পাওয়া যায়,0
A Google user,5,2026-03-31 00:32:50,great so far,0
A Google user,5,2026-03-30 23:54:04,অসাধারণ একটা অফার,0
A Google user,1,2026-03-30 23:05:44,high rate every package,0
A Google user,3,2026-03-30 22:54:27,Mygp is good but offer price is high and internet speed is slow.,16
A Google user,1,2026-03-30 22:05:16,এমবির দাম অতিরিক্ত বেশি,0
A Google user,5,2026-03-30 21:53:17,grameen phone sim is One of the best,0
A Google user,5,2026-03-30 21:33:43,good experience with My GP thanks,0
A Google user,5,2026-03-30 21:25:34,good Network,0
A Google user,1,2026-03-30 21:25:19,Gp always sucks!,0
A Google user,1,2026-03-30 21:01:48,not very good but I am continuing it because of no other sim in my stock.,0
A Google user,5,2026-03-30 19:10:16,অনেক সুন্দর এক মায়ের দেখি ইন্টারনেট কেনার সুবিধা কম দামে ইন্টারনেট ধন্যবাদ মাই জিপি,0
A Google user,5,2026-03-30 18:45:26,My gp best gp,0
A Google user,5,2026-03-30 17:22:51,good Network,0
A Google user,5,2026-03-30 16:24:27,It is very nice aplikeketions,0
A Google user,5,2026-03-30 16:20:48,"wonderful pack,Take love Grameen phone.",0
A Google user,1,2026-03-30 16:08:44,Just Disgusting,0
A Google user,5,2026-03-30 15:38:07,The best app of sim company for Bangladesh,0
A Google user,5,2026-03-30 14:24:45,Very helpful apps.,0
A Google user,5,2026-03-30 13:34:00,offer vlo day na,0
A Google user,5,2026-03-30 11:38:08,Excellent 👍👍👍👍👍,0
A Google user,5,2026-03-30 11:34:24,MyGp gives very reasonable offers. I always love it.,0
A Google user,1,2026-03-30 11:28:34,very high price for any type of bundle and no special offers for me,2
A Google user,1,2026-03-30 08:36:07,আল্লাহর থাডা পড়ুক মোবাইল নেটওয়ার্ক পরিচালনা কারী সবার উপর।আমার টাকায় কেনা ইন্টারনেট এর মেয়াদ নির্ধারণ এর আপনারা কে? অনন্ত কাল বেঁচে থাকবেন? মরবেন না? অন্যের সম্পদ অন্যায় ভাবে যে খাইতেসেন আল্লাহর কাছে হিসাব দিয়েন,0
A Google user,5,2026-03-30 07:55:05,Very good b9nus offer,0
A Google user,5,2026-03-30 07:02:01,"easy, seamless connection",0
A Google user,1,2026-03-30 04:40:06,"Grameenphone is one of the worst telecom companies in Bangladesh. My experience is mostly disappointing. The only good thing is their MyGP app, which is simple and user friendly,,,,",7
A Google user,5,2026-03-30 03:53:00,this app is best,0
A Google user,5,2026-03-30 01:23:20,wonderful network,0
A Google user,5,2026-03-29 23:47:19,ধন্যবাদ মাইজিপি অ্যাপ চালু করার জন্য এবং ফ্লেক্সিপ্লান এর জন্য আমি আমার নিজের পছন্দ মতন প্রডাক্ট ক্রয় করতে পারি,0
A Google user,5,2026-03-29 23:24:12,GP internet khubi Bhalo,0
A Google user,1,2026-03-29 22:09:27,Internet price is expensive.,2
A Google user,5,2026-03-29 21:10:51,easy to use and for good service serve,1
A Google user,1,2026-03-29 21:04:41,এত বাজে সিম কোম্পানি। মাত্রাতিরিক্ত দাম। প্রয়োজন ছাড় ইউস করা উচিত না অন্যান্য সিম ইউস করা যায়।,0
A Google user,4,2026-03-29 16:54:16,they actually give us good service,0
A Google user,2,2026-03-29 15:57:54,the bundles and price of the internet is getting way out of reach for us normal people ..,5
A Google user,5,2026-03-29 15:10:32,খুব ভালো সুযোগ-সুবিধা পাওয়া যায়,0
A Google user,5,2026-03-29 12:57:43,very nice app,0
A Google user,5,2026-03-29 11:38:35,"Excellent service , good communication, continued backup",2
A Google user,1,2026-03-29 11:33:13,MB price expensive,0
A Google user,2,2026-03-29 10:41:46,Below average!,0
A Google user,1,2026-03-29 10:41:29,fine alhumdulillah,0
A Google user,5,2026-03-29 06:59:24,very good apps,0
A Google user,4,2026-03-29 05:24:18,Everything is ok but the internet offers (30 days pack) are too costly. Sometimes the offers are not affordable and totally absurd.,11
A Google user,5,2026-03-29 02:22:58,jast wow ❤️❤️,0
A Google user,5,2026-03-29 01:36:29,nice & helpful app,0
A Google user,1,2026-03-29 01:35:01,not really like offers. those are so expensive,2
A Google user,1,2026-03-29 00:27:05,Too much expensive.,0
A Google user,5,2026-03-28 22:22:04,nice service to gp apps,0
A Google user,5,2026-03-28 21:18:04,Better than Any other App,0
A Google user,5,2026-03-28 20:28:57,it’s so beautiful system.,0
A Google user,5,2026-03-28 20:09:47,Congratulations GP,0
A Google user,5,2026-03-28 19:55:15,The data pack price is too high. You need to reduce the price.,1
A Google user,5,2026-03-28 19:15:00,best forever,0
A Google user,5,2026-03-28 18:58:15,"good for service, no hassle I found in last few years",0
A Google user,5,2026-03-28 18:26:37,good App 👍👍👍,0
A Google user,1,2026-03-28 18:03:05,poor service,0
A Google user,5,2026-03-28 14:59:40,the apps is very helpfull,0
A Google user,2,2026-03-28 14:33:57,slow but first,0
A Google user,5,2026-03-28 14:13:47,good . further improvement in necessary.,0
A Google user,5,2026-03-28 14:11:10,আমার গ্রামীন সিম কার্ড ব্যাংক ব্যালেন্স,0
A Google user,5,2026-03-28 13:58:37,so fast Service,0
A Google user,1,2026-03-28 13:54:58,ghorar ander app ake to sob kichute dam beshi tar upore onegames theke uc kinte gele number ye code ashe na 🤬,0
A Google user,3,2026-03-28 12:42:28,Offer price is too much.,4
A Google user,1,2026-03-28 11:52:09,offers are very expensive,1
A Google user,5,2026-03-28 10:48:02,ছেলেদের কাটুন,0
A Google user,4,2026-03-28 09:08:24,খুব ভালো লাগছে 1gp ইন্টারনেট ফ্রি পেয়ে 🌼,0
A Google user,1,2026-03-28 06:33:06,"what can we do, you guys know very well how to sneatch our money, in many ways. if there is another option arises someday we must move in rapid number. we know nothing is matter to you.",0
A Google user,1,2026-03-27 23:24:53,"Fraud app, it takes money to its Marchant number without credit to the number. And deny after contacting customer support. Support agents are so rude and incompetent.",18
A Google user,1,2026-03-27 12:34:53,"ডাকাতি করা শুরু করেছে গ্রামীণ ফোন, আর আপনাদের প্যাকেজের দাম সব থেকে বেশি, সাথে গ্রামে গেলে নেট তো দুরের কথা অফনেটে কথা বলা যায় না, আর মানুষ মোবাইল টেপার সময় পায় ভ্রমনের সময়ে, বাসে ট্রেনে উঠলে তো কিযে অবস্থার মধ্যে পড়ে মনে হয় সিম খুলে চিবিয়ে খেয়ে নিই। কিন্তু এখন আর তো ফোন নাম্বার চেঞ্জ করতে পারছি না তাই বিপদে পড়ে হারামির ফোন চালাতে হয়। আর একটা কথা ১৩ বছর আগে একটা ইন্সুইরেন্স করা ছিল গ্রামীণ ফোনের পক্ষ থেকে কিন্তু সেই ইন্সুইরেন্স কি অবস্থা তাও তো আর খোঁজ খবর পেলাম না।",0
A Google user,5,2026-03-27 12:01:35,wow that's app,0
A Google user,5,2026-03-27 09:46:01,super app🌟🌟🌟🌟🌟,0
A Google user,5,2026-03-27 07:11:03,অনেক দিন পরে কম রেট পাইলাম,0
A Google user,1,2026-03-27 06:46:03,মাহাবুব ❤️❤️❤️ 🥰🥰,0
A Google user,5,2026-03-27 04:30:47,very good apps,0
A Google user,5,2026-03-26 11:09:39,very useful app,0
A Google user,5,2026-03-26 10:20:48,good experience,0
A Google user,3,2026-03-26 07:20:44,ভালো কিন্তু মিনিটের তুলনায় টাকার পরিমাণ একটু বেশি!,0
A Google user,1,2026-03-26 05:49:21,The procedure of this sim company is very poor.,0
A Google user,4,2026-03-26 03:51:44,Day bye Day Prices are Increaseing,0
A Google user,5,2026-03-26 01:38:58,my entarnet no working,0
A Google user,5,2026-03-26 00:12:57,Very High and good Network,6
A Google user,2,2026-03-25 23:59:48,The price of Internet pack is so high plus can't Buy 1/2 GB for minimum usages..,9
A Google user,5,2026-03-25 23:46:09,It was great using MyGp always.,0
A Google user,1,2026-03-25 22:56:55,"একদম ফালতু একটা এপ্লিকেশন, Bad Ui experience while using Deen option. 😡😡😡😡",1
A Google user,1,2026-03-25 22:50:01,khankir polara bal. banaice,0
A Google user,5,2026-03-25 21:38:19,helpfully app,0
A Google user,5,2026-03-25 20:10:54,"Very good apps, totally hassle-free.",2
A Google user,1,2026-03-25 20:10:32,"আমার gp পয়েন্ট গুলো কোথায় যায়, পয়েন্ট আসে পরদিন পয়েন্ট নাই, gp পয়েন্ট চুরি বন্ধ করেন।",0
A Google user,5,2026-03-25 18:21:02,মাশাল্লাহ খুবই চমৎকার,0
A Google user,5,2026-03-25 16:50:16,"Many thanks to Grameen GP Company . All your services are very good, I hope you will continue to provide services like this in the future. InshaAllah.",2
A Google user,5,2026-03-25 16:25:45,this is very helpful ☺️,0
A Google user,5,2026-03-25 14:47:09,Have to buy my kidneys to buy MB,0
A Google user,4,2026-03-25 12:13:19,best experience,0
A Google user,5,2026-03-25 11:39:11,আলহামদুলিল্লাহ খুবই ভালো লাগলো,0
A Google user,5,2026-03-25 10:43:46,The app is helpful for gp users as like me. In any time of short we can use it for recharge and othe things. It is also user friendly. Any one can understand the app . So thanks to graminphome for making this kind of app and easy for our use and comfort . Thank you for the app.,18
A Google user,3,2026-03-25 09:22:41,৩০ দিনের mb আরো কম মূল্যে চাই,0
A Google user,5,2026-03-25 07:14:52,হ্যাঁ আমি পেয়েছি ১ জিবি,0
A Google user,5,2026-03-25 00:03:33,I am really satisfied with grameenphone,0
A Google user,5,2026-03-24 22:08:47,This app is really awesome!,0
A Google user,3,2026-03-24 21:02:20,inconsistent package pricing,0
A Google user,5,2026-03-24 14:15:28,nice service,0
A Google user,5,2026-03-24 14:13:18,it’s good for me,0
A Google user,5,2026-03-24 10:57:27,This is a best app,0
A Google user,5,2026-03-24 10:07:30,God for 5 gb free My sim please give 5 gb mb 😔,0
A Google user,4,2026-03-24 09:21:50,good profession,0
A Google user,5,2026-03-24 08:04:30,Very good experience,0
A Google user,5,2026-03-24 00:31:00,এই ধরনের অফার গুলোর মেয়াদ ৩০ দিন না হয়ে ৬০ দিন অথবা আর একটু বেশি হওয়া উচিত কারন অনেক দিন ব্যবহার করলে অনেক G B ও মিনিট জমা হয় এদিকে প্রতিষ্ঠানের খেয়াল রাখা দরকার****** আমি অশাকরী এদিকে GP খেয়াল রাখবে,0
A Google user,1,2026-03-23 22:31:38,very bad pack always high rate!,6
A Google user,5,2026-03-23 19:22:47,অনেক হেল্পফুল🇧🇩,0
A Google user,5,2026-03-23 15:18:46,মাইজিপি কে অসংখ্য ধন্যবাদ অনেক অনেক ঈদ মোবারক,0
A Google user,2,2026-03-23 13:56:30,মেয়াদটা একটু বেশি থাকলে ভালো হতো,0
A Google user,1,2026-03-23 10:41:54,This offer of 25 minutes should be valid for at least 7 days,0
A Google user,5,2026-03-23 10:20:53,good Services,0
A Google user,5,2026-03-23 09:52:21,very nice.❤️,0
A Google user,5,2026-03-23 08:46:57,good service,0
A Google user,5,2026-03-23 08:21:58,Excel network,0
A Google user,1,2026-03-23 08:18:28,ফালতু। এমবি যখন শেষের দিকে থাকে তখন নেট বন্ধ করে দেয়। কত বাটপারি করবি তোরা।,0
A Google user,1,2026-03-23 07:31:50,worst service.,1
A Google user,5,2026-03-23 04:35:43,good project,0
A Google user,1,2026-03-23 01:02:29,"Try to be a little bit less greedy, will ya?",0
A Google user,5,2026-03-23 00:17:26,I am satisfied,0
A Google user,5,2026-03-22 23:41:16,reduce price 😡😡,0
A Google user,3,2026-03-22 22:24:27,call rate high,0
A Google user,3,2026-03-22 21:42:59,Satisfactory,0
A Google user,5,2026-03-22 21:14:07,১০০ টাকায় ৮ জিবি সাত দিন মেয়াদ,0
A Google user,5,2026-03-22 17:34:54,Nat vallo na,0
A Google user,1,2026-03-22 17:29:42,"1,3,7 days offers are extremely bad and every single offer is so expensive. Not student friendly.",1
A Google user,5,2026-03-22 17:25:33,Very good package for short time.,0
A Google user,4,2026-03-22 17:05:13,আলহামদুলিল্লাহ মাইজিবি এপ এটা অনেক ভালো আমি নতুন আইডি খোলার সাথে সাথে আমাকে 1জিবি এমবি ফ্রীতে দিয়েছে,0
A Google user,5,2026-03-22 16:53:12,this is good,0
A Google user,5,2026-03-22 16:35:45,Nice and Attractive,0
A Google user,1,2026-03-22 15:23:53,"very slow, very odd, useless app",3
A Google user,5,2026-03-22 14:45:44,আপনাদের এপ টি অনেক বালো,0
A Google user,4,2026-03-22 13:55:47,help full application 👍,0
A Google user,4,2026-03-22 13:39:31,"নেটওয়ার্ক প্রব্লেম দেখা যায়, তারপর কল রেট এ টাকা অনেক বেশি কাটে, ভ্যাট ট্যাক্স বেশি কেটে নেয়, অভিযোগ দিলে সমাধানের জন্য মিথ্যা আশ্বাস প্রদান করে,",1
A Google user,1,2026-03-22 12:19:32,The price of GP Internet is very high and the Validity Period is too short! And it costs a lot when talking!,3
A Google user,5,2026-03-22 12:18:37,এটাতে অনেক ভালো লাগে দ,0
A Google user,1,2026-03-22 12:11:18,3rd class operator for internet package. Boycott GP,11
A Google user,5,2026-03-22 11:52:19,nice mobile offer,0
A Google user,1,2026-03-22 11:26:23,টাকা বেশি হয়ে যাই ভালো অফার দেন,0
A Google user,5,2026-03-22 09:49:45,Nice service,0
A Google user,3,2026-03-22 08:24:36,GP is my first phone but the gp call rate is very costly. this is totally unacceptable for me. Thanks //Akram.,3
A Google user,5,2026-03-22 07:58:48,IS verry good,0
A Google user,1,2026-03-22 07:48:34,very disappointed and disgusting.,0
A Google user,5,2026-03-22 07:30:28,wow my offers so beautiful,0
A Google user,5,2026-03-22 04:45:51,Good service,0
A Google user,2,2026-03-22 03:07:58,good and sad 😂😂,0
A Google user,5,2026-03-22 00:31:25,Im..happy..😘🤗,0
A Google user,5,2026-03-21 22:23:00,The best internet in the country,0
A Google user,1,2026-03-21 19:14:35,Only high Prize offer in this app🤬🤬,0
A Google user,4,2026-03-21 17:02:47,Adult content,0
A Google user,3,2026-03-21 16:46:09,call rate besi 🥵💔,0
A Google user,5,2026-03-21 16:07:48,খুব সুন্দর একটা ব্যাপার,0
A Google user,1,2026-03-21 13:59:18,"expensive price but net autocratic 2 G serviceমোবাইলের ব্যালেন্স অকারণে কেটে যায়, আমার টিউন না চাইতে কেনো আমার টিউন সেট করে টাকা কাটলেন,আর জিপ পয়েন্টে ছিলো সেগুলো ও নাই নতুন করে পয়েন্ট যোগ হয়না।",0
A Google user,5,2026-03-21 13:21:49,"Excellent, indeed.",0
A Google user,5,2026-03-21 12:13:50,best gp apps,0
A Google user,1,2026-03-21 11:31:03,valo na dm beci offar ar,0
A Google user,5,2026-03-21 10:55:28,good service,0
A Google user,5,2026-03-21 10:54:20,নাইস সফটবেড়ে mk k mm,0
A Google user,1,2026-03-21 07:21:23,offer price so high,0
A Google user,5,2026-03-21 07:03:37,"প্রায় ১০ বছর হচ্ছে আমি GP সাথে আছি, নেটওয়ার্ক খুব ভালো থাকে কিন্তু মাঝে মাঝে একটু সমস্যা করে। এমনি করে চলুক সব সময় সবার ঘরে দূর থেকে দূরে পরিবার পরিজনের সাথে কথা বলার মাধ্যম হয়ে GP",0
A Google user,5,2026-03-21 02:58:27,অনেক সুন্দর একটি এপস,0
A Google user,1,2026-03-21 02:27:33,too much high rate of internet bundles than others,0
A Google user,1,2026-03-21 00:58:34,"latest update, crashes on Android. fix immediately",3
A Google user,4,2026-03-21 00:42:57,যদি কল রেট অন্য অপারেটর মতো কম হইতো তাইলে আমি ৫ স্টারই প্রদান করতাম।,0
A Google user,1,2026-03-21 00:41:26,faltu offer dey,0
A Google user,5,2026-03-21 00:12:12,speedy and best,0
A Google user,5,2026-03-20 21:13:22,good service,0
A Google user,5,2026-03-20 21:05:09,very good nice,0
A Google user,5,2026-03-20 20:48:35,প্রথমে আপনাদেরকে আমার অন্তরের অন্তর স্থল থেকে ধন্যবাদ জানায় যে এইরকম আর্থিক সংকটের সয়ম আপনাদের এই অফার আমাকে দেওয়ার জন্য,0
A Google user,5,2026-03-20 20:09:07,মাই জিপি পরিবারকে ঈদ মোবারক,0
A Google user,5,2026-03-20 18:52:11,pricing is too high.,0
A Google user,5,2026-03-20 17:41:39,Very good & Amazing,0
A Google user,5,2026-03-20 17:17:12,great to experience 1st time,0
A Google user,5,2026-03-20 16:46:17,satisfactory,0
A Google user,5,2026-03-20 16:44:08,my gp apps খুব ভালো,0
A Google user,5,2026-03-20 16:38:24,আমি গ্রামীণ ব্যাবহার করি কারন এই নেটওয়ার্ক সব যায়গায় ভালো সিগন্যাল পাওয়া যায়,0
A Google user,2,2026-03-20 16:04:39,Offer price high.,0
A Google user,4,2026-03-20 14:37:54,so good for reacharge,0
A Google user,1,2026-03-20 14:20:11,I don't like this,0
A Google user,1,2026-03-20 13:56:42,Worst app ever,0
A Google user,5,2026-03-20 13:26:09,The Best! ❤️,0
A Google user,4,2026-03-20 13:05:44,Need Smart service,0
A Google user,5,2026-03-20 01:57:50,♥️♥️ Like You ♥️♥️,0
A Google user,1,2026-03-20 01:15:00,Very expensive!,1
A Google user,4,2026-03-20 00:12:06,think to my gp,1
A Google user,5,2026-03-19 23:34:17,এটা খুব ভালো,0
A Google user,5,2026-03-19 21:26:15,date on thakla taka kata,0
A Google user,5,2026-03-19 20:32:35,I got best service from My GP.,0
A Google user,5,2026-03-19 20:24:51,overall improve the article pls.,0
A Google user,5,2026-03-19 20:17:29,This app is so good to use,0
A Google user,1,2026-03-19 19:10:50,Bad service.,0
A Google user,1,2026-03-19 16:51:51,আসতেছেনা কেন,1
A Google user,1,2026-03-19 16:26:26,"high price at low offers, such a worst service!",1
A Google user,5,2026-03-19 16:24:04,"i like this kind of special offer, which only i can enjoy. thank you gp.",1
A Google user,5,2026-03-19 15:31:27,How can i know about my offer validity?,0
A Google user,1,2026-03-19 14:05:19,very very detailed and then bangla video of course I will be there in about mentary,0
A Google user,5,2026-03-19 13:18:45,very good service,1
A Google user,1,2026-03-19 13:18:40,this app has many bugs faltu app keo babohar koiro na bal,0
A Google user,4,2026-03-19 12:47:21,"Easy to use, its true but Their internet offerings so high.",2
A Google user,5,2026-03-19 11:51:32,it a good app.,0
A Google user,5,2026-03-19 10:36:14,nice App Store,0
A Google user,5,2026-03-19 10:28:27,I really like the offers I get from the My GP app. I always keep these offers and I like the offers I accept.,3
A Google user,1,2026-03-19 05:45:26,All those ridiculous internet offers,0
A Google user,5,2026-03-19 02:09:56,excellent service,0
A Google user,1,2026-03-19 00:51:15,It's so helpful.....,0
A Google user,1,2026-03-18 23:04:40,most disgusting app I have ever used the price of internet is too high then other apps or SIM cards,0
A Google user,5,2026-03-18 23:03:45,very very good 😊,1
A Google user,4,2026-03-18 22:51:00,Good but soe time crate bad offer 🫴,1
A Google user,5,2026-03-18 22:17:58,desher shera network but minutes pack golor dam arekto komale best hobe.. gramme phone,0
A Google user,1,2026-03-18 22:05:31,তুমি তোমার সোনার দাম আমার,1
A Google user,1,2026-03-18 21:08:57,big price for data. It's not fair,2
A Google user,1,2026-03-18 20:53:54,Grameen Phone is the synonym of Robber.,0
A Google user,5,2026-03-18 20:22:13,best offer and best apps,0
A Google user,4,2026-03-18 19:37:42,এই অ্যাপটা খুবই দারুণ আপনারা একটু ট্রাই করে দেখুন।,0
A Google user,5,2026-03-18 19:15:55,"Good, very good",1
A Google user,4,2026-03-18 19:09:20,You need to tag your internet pads more.,0
A Google user,5,2026-03-18 17:48:50,good service,0
A Google user,5,2026-03-18 17:46:02,App version better than 2 years ago thanks to regular updates. The devs should regularly update after a few couple of days.,10
A Google user,1,2026-03-18 16:01:16,এমবির দাম বেশি কিন্তু নেট সার্ভিস ভালো,0
A Google user,1,2026-03-18 15:57:57,3rd calace app 93tk for 2gb 3day r you gokin and 3rd calas natwarke i ratin gero stear 🙄🙂,1
A Google user,5,2026-03-18 15:31:46,"Better experience, lots of services. Good to use, user friendly interface",7
A Google user,5,2026-03-18 14:26:22,Satisfactory,0
A Google user,5,2026-03-18 12:38:33,It's helpful.,0
A Google user,3,2026-03-18 12:01:55,it is samething good,0
A Google user,5,2026-03-18 11:56:15,খুব সুন্দর। অফার টা অসাধারন,1
A Google user,1,2026-03-18 11:20:40,"MyGP app doesn't have the feature by which I can see my full call details. Only I can see outgoing calls or whoever I've called & when it's received. On the other hand, apps like My Robi, My Airtel features a full call list which show to its users full call details in their apps (Incoming, Outgoing and even Missed Calls) This lacking feature hasn't been updated yet. Maybe it was before but now it's gone. I've pointed out this to the developers many times through this app but still it's missing.",27
A Google user,3,2026-03-18 10:57:43,কোয়ালিটি ভালো,0
A Google user,1,2026-03-18 10:04:34,I want to get internet so I recharge money but they give me minute but I don't need it.😡😡😡😡,1
A Google user,5,2026-03-18 09:53:30,I purchase regularly from my GP,0
A Google user,5,2026-03-18 07:23:41,it's a good ap you free me 2gb please 🥺,0
A Google user,4,2026-03-18 00:11:14,good to manage,0
A Google user,5,2026-03-18 00:05:40,গ্রামীণ এপ একদম স্যাম্পল,0
A Google user,5,2026-03-17 23:55:33,vare use full,0
A Google user,1,2026-03-17 23:00:20,একদম ফাউল।😡😡 জিপি নেটওয়ার্ক / ওয়াই-ফাই ছাড়া অন্য সিমের নেট দিয়ে এপ্স কাজ করেনা। 😡😡 দ্রুত এটার সমাধান করবেন আশা করি। নইলে জিপি ইউজ করা বন্ধ করবো।,1
A Google user,5,2026-03-17 21:09:13,BNP Best App’s,0
A Google user,5,2026-03-17 19:16:33,Good Apps experience would take advantage,0
A Google user,1,2026-03-17 18:40:43,গ্রামীন সিম দিয়ে মাই জিপি অ্যাপস খোলার সমস্যা,0
A Google user,5,2026-03-17 18:38:45,thank you for my gp,0
A Google user,1,2026-03-17 18:23:39,খুব ভালো লাগলো,0
A Google user,5,2026-03-17 14:47:13,Good app❤️ but crash MyGP app for SAMSUNG GALAXY NOTE 10+ 5G,1
A Google user,2,2026-03-17 10:01:34,মিনিটের মেয়াদ অনেক কম মেয়াদ বাড়াতে হবে,0
A Google user,5,2026-03-17 09:31:18,this is good app,0
A Google user,5,2026-03-17 09:16:02,very good application for bangladesh,0
A Google user,4,2026-03-17 07:15:50,"Yes, I am happy with the service provided by GP.",0
A Google user,1,2026-03-17 05:06:14,Too expensive man !!!,0
A Google user,5,2026-03-17 04:22:06,better experience,0
A Google user,5,2026-03-17 02:28:50,"It is a best offer for me, and trust for my gp and I hope to be exciting offer for me?",0
A Google user,4,2026-03-16 23:57:37,before activation one confirmation option should be applicable,0
A Google user,3,2026-03-16 23:54:47,internet offer was good at first.. but nowadays it increases too much,0
A Google user,1,2026-03-16 23:23:38,Dacoit in telecom industry... (stay close),0
A Google user,5,2026-03-16 21:37:34,onek good app,0
A Google user,5,2026-03-16 19:59:15,অনেক ভালো অফার,0
A Google user,5,2026-03-16 16:03:38,মাইজিপি অ্যাপ অনেক ভালো কারণ এখানে অনেক মিনিট ফ্রি দেওয়া হয় ❤️❤️❤️❤️,0
A Google user,1,2026-03-16 15:35:47,you should urgently update mygp apps for correction nid update from mygp apps without any mygp shop visit because old nid update replace to correction nid update without any gpshop visit.,0
A Google user,1,2026-03-16 14:31:30,very bad app,0
A Google user,5,2026-03-16 13:52:17,my Gp is easy to use.altime perfect.,0
A Google user,1,2026-03-16 12:46:26,Too expensive,0
A Google user,4,2026-03-16 12:45:10,This app is very useful for gp user's.,0
A Google user,5,2026-03-16 11:59:01,good performance,0
A Google user,4,2026-03-16 11:20:42,মিনিট আর ইন্টারনেটের দাম আরেকটু কমালে ভাল হয়।এত দাম কেনো নেয়া হয়?,0
A Google user,4,2026-03-16 10:59:59,Strong Network. internet cost a bit higher..Very good during travel..,0
A Google user,1,2026-03-16 10:32:11,Khub baje oparator,0
A Google user,5,2026-03-16 04:34:13,it's very good,0
A Google user,5,2026-03-16 02:57:42,অনেক অনেক সুন্দর হয়েছে ধন্যবাদ,0
A Google user,5,2026-03-16 01:19:51,very smart system,0
A Google user,5,2026-03-15 23:54:46,12 gb pack for 7 days will be good,0
A Google user,5,2026-03-15 23:33:02,very good app,0
A Google user,5,2026-03-15 22:52:09,"ভালো সাপুরট পেলে ইউজার বাধ পড়ে না এক নাম্বার লাইফ চলে যায় আর খারাপ হলে বার বার ছিম বদল করার ইচ্ছে হয়,?",0
A Google user,1,2026-03-15 22:43:21,mini offer ache na 😡,0
A Google user,1,2026-03-15 20:04:07,choto choto pekeg onek beshi dam,0
A Google user,3,2026-03-15 18:07:49,Please add dark mode theme,0
A Google user,5,2026-03-15 17:12:58,it’s amazing.,0
A Google user,5,2026-03-15 16:36:53,all time help,0
A Google user,1,2026-03-15 14:35:49,ডাকাত জিপি। মিনিট কিংবা ডাটার দামে ডাকাতিতে সেরা জিপি,0
A Google user,1,2026-03-15 14:29:28,Abalchoda price,0
A Google user,5,2026-03-15 14:20:29,Very nice app,0
A Google user,1,2026-03-15 14:17:46,Now gp is Too much expensive in bangladesh...small income people cant use it,1
A Google user,1,2026-03-15 13:42:47,no free offer 😡😡,0
A Google user,5,2026-03-15 12:59:44,very good experience,0
A Google user,1,2026-03-15 12:57:28,MyGP offer is so bad,0
A Google user,5,2026-03-15 12:41:13,Very helpfull,0
A Google user,5,2026-03-15 11:46:51,Good one.....,0
A Google user,5,2026-03-15 11:30:06,my choice myGP,0
A Google user,5,2026-03-15 11:25:59,very nice app ever.,0
A Google user,5,2026-03-15 08:12:01,very good condition 😸,0
A Google user,5,2026-03-15 04:41:06,good service,0
A Google user,1,2026-03-14 23:21:13,The price of mb packs are increasing day by day,0
A Google user,4,2026-03-14 22:54:50,Recommended daily updates which is very annoying to me.,0
A Google user,3,2026-03-14 22:51:37,"My rating is for not adding previous internet balances to the current internet pack. Also, network could be much better.",1
A Google user,5,2026-03-14 22:04:13,Gp is the best sim ever 🥰🥰🥰🥰,0
A Google user,5,2026-03-14 21:48:28,best SIM I ever use,0
A Google user,5,2026-03-14 21:46:47,Very bad MyGP app 😾🙃,0
A Google user,5,2026-03-14 21:00:55,your best app,0
A Google user,5,2026-03-14 20:52:11,এরা খুবই সুন্দর অফার দিয়ে থাকে আপনিও চেষ্টা করতে পারেন আপনার জন্য খুবই ভালো হবে 👍✨,0
A Google user,1,2026-03-14 19:12:29,"Each offer is much more expensive than the other,,,",4
A Google user,5,2026-03-14 16:32:02,very important for Gramin user,0
A Google user,5,2026-03-14 16:16:01,good Very good,0
A Google user,5,2026-03-14 15:53:30,Better for me,0
A Google user,3,2026-03-14 15:17:29,over priced package,0
A Google user,1,2026-03-14 13:07:39,worse.very bad.,0
A Google user,5,2026-03-14 12:41:40,very fast & helpful service,0
A Google user,5,2026-03-14 12:03:04,The best app,0
A Google user,5,2026-03-14 11:25:04,Always best for varieties offer and user friendly,1
A Google user,5,2026-03-14 11:21:57,"খুবই ভালো,, দারুণ অভিজ্ঞতা,,, ধন্যবাদ,,,",0
A Google user,4,2026-03-14 10:23:51,Grameenphone is the best,0
A Google user,5,2026-03-14 01:45:34,Satisfied with your services but some times call dropping faced,1
A Google user,1,2026-03-14 01:41:18,The packages cost too much in this app.,2
A Google user,5,2026-03-13 22:57:25,it’s great App,0
A Google user,1,2026-03-13 21:11:05,poor net service,0
A Google user,5,2026-03-13 20:36:42,good searvice,0
A Google user,4,2026-03-13 20:20:26,নেটওয়ার্ক আরো ভাল করতে হবে,0
A Google user,5,2026-03-13 19:46:46,thank you GP for adding these features in this app this is really helpful... even there are compass in this app ... too good 👍,0
A Google user,1,2026-03-13 19:22:45,গ্রামীন সিমের নেটওয়ার্ক খুবই খারাপ এলাকায় বড় টাওয়ার থাকা শর্তেও নেটওয়ার্ক ভালো পাওয়া যায়না,0
A Google user,5,2026-03-13 15:40:00,Good enough. but we need limitless balance & internet plz,1
A Google user,5,2026-03-13 15:04:34,এখানে টাকা বেশি এমবি কম,0
A Google user,5,2026-03-13 14:43:36,very good service. grameenphone thank you,0
A Google user,1,2026-03-13 14:30:23,prices are too high,1
A Google user,2,2026-03-13 14:26:12,the price of internet is too much costly for us students .please consoder it & reduce it,0
A Google user,5,2026-03-13 12:06:26,wonderful....,0
A Google user,2,2026-03-13 12:00:08,Dont have any good offer,0
A Google user,1,2026-03-13 11:50:55,Dissatisfied,0
A Google user,4,2026-03-13 11:15:19,perfect application,0
A Google user,5,2026-03-13 10:07:35,এই প্রথম পেমেন্ট করে ভালো লাগলো,0
A Google user,5,2026-03-13 06:38:04,It's very gorgiag,0
A Google user,5,2026-03-13 04:38:16,Now all are plan good,0
A Google user,5,2026-03-13 02:54:39,very good offers,0
A Google user,3,2026-03-13 02:28:43,Good Internet Service,0
A Google user,1,2026-03-13 01:25:12,"The gp is the most scummy company I have ever came across. It is used to be good experience but now it's all scummy. I usually don't use internet outside home/office I only need it occasionally like when I need to call for an uber ride or just to see some message online or view an image in WhatsApp or whatever. So for this kinds of small task I have to pay 98tk, 100tk or more for just single use in a day they don't have mini packs for 20tk or even 60tk they have to make it nearly 100tk",1
A Google user,5,2026-03-13 00:07:08,GP network is very good.,0
A Google user,5,2026-03-12 23:22:20,very usefull apps,0
A Google user,1,2026-03-12 21:18:34,can't pay the bill.,0
A Google user,4,2026-03-12 20:47:45,"কল হিস্টোরি আপডেট হতে বেশি সময় নেয়। ব্যালেন্স যদি ইন্সট্যান্ট দেখায়, তবে কল হিস্টোরি আপডেট হতে বেশি দেরি হওয়ার কারন কি হতে পারে??",0
A Google user,1,2026-03-12 18:58:21,This network is very bad because it keeps crashing. enable It becomes,2
A Google user,1,2026-03-12 18:10:54,uninstalling. They are fruad. automatically goes to app and start a big package.,0
A Google user,5,2026-03-12 17:32:29,this is the best to use,0
A Google user,5,2026-03-12 17:18:37,great app with lots of useful features,0
A Google user,5,2026-03-12 16:04:52,very good package for unsolvent pepole.,0
A Google user,5,2026-03-12 13:18:54,Very very good,0
A Google user,1,2026-03-12 11:26:14,"Another operator is the best,not gp",0
A Google user,3,2026-03-12 11:09:28,high internet price 😨 very sad🤧,0
A Google user,1,2026-03-12 10:57:52,This is just horrible. Even other people saying that it has a problem with it’s server. And it is true. But you guys still didn’t solv it. Now it’s high time. I need to choose another operator. This is so bad. Also it will ask me to login every other day and maximum time won't send the code I need for login in time. As a result I had to be locked out of that app.,29
A Google user,5,2026-03-12 10:11:37,great provid offer more experience,0
A Google user,1,2026-03-12 10:09:10,Too much expensive 🤬😓,0
A Google user,5,2026-03-12 09:28:49,it's a good offer. I enjoy it,0
A Google user,1,2026-03-12 08:33:07,expensive af...no good deals of internet..faul app,1
A Google user,1,2026-03-12 07:25:07,packages are too much expensive,1
A Google user,1,2026-03-12 05:02:01,"গ্রামীনফোন এখন বাজে হয়ে গেছে। আমাদের চাঁদপুরের ফরিদগঞ্জ গ্রারাম এলাকায় বসত বাড়ির ভিতর 4G ভালো মত কাজ করে না তার উপরে তাদের প্যাকেজের দাম অত্যন্ত বেশি,",0
A Google user,1,2026-03-12 00:58:01,bad experience. Internet bill so high. low quality service,0
A Google user,5,2026-03-12 00:22:06,so fine future programme,0
A Google user,5,2026-03-11 23:42:42,nice helping,0
A Google user,1,2026-03-11 22:50:33,offer value too much high.,0
A Google user,5,2026-03-11 22:00:03,Great and handy.,0
A Google user,4,2026-03-11 20:08:12,Yes gp is best for free offer... Thanks gp,0
A Google user,5,2026-03-11 19:05:23,i love my Gp,0
A Google user,3,2026-03-11 17:19:38,টাকার একাউন্ট আর ডাটা আগে থেকে দেখার ব্যবস্থা করেন,0
A Google user,5,2026-03-11 16:24:19,good service,0
A Google user,5,2026-03-11 15:23:51,"ভালো, তবে আরও ভালো হতে হবে।",0
A Google user,1,2026-03-11 14:03:51,price are so high,0
A Google user,4,2026-03-11 12:05:22,very very offer free minute,0
A Google user,5,2026-03-11 11:26:25,Alhamdulillah well,0
A Google user,1,2026-03-11 11:20:39,এয়ারটেল বা রবিতে থেকেউ ব্যয়বহুল ছিল এই অফারটি গ্রামীণফোনকে বলবো এমবি এবং মিনিটের রেট যেন আরেকটু কমায় মানুষের সাধ্যের নাগালে রাখে। না হলে আমার আপনাদেরকে বয়কট করতে মানুষ দ্বিধা করবে না।। বি দ্র - আপনাদের সিম বাদ দিয়ে দিতাম শুধু অনেকদিন যাবত আপনাদের সিম ব্যবহার করি সিমের নাম্বার সবাই জানে তাই ব্যবহার করি।,0
A Google user,1,2026-03-11 10:09:22,"আসসালামুয়ালাইকুম গ্রামীণফোন কে অসংখ্য ধন্যবাদ আপনাদের অ্যাপটিতে ইবাদত অংশটি কে এত সুন্দর ঢেলে সাজানোর জন্য, আমার মনে হয় এটি আরো সুন্দর করা সম্ভব, বইগুলো পড়ার সুবিধার্থে জুম করা যায় না আশা করি কর্তৃপক্ষ এই বিষয়টি দেখবেন",0
A Google user,5,2026-03-11 09:39:18,Please add free fire gaming offer with pubg gaming offer.which I can buy with Taka and Gp points,0
A Google user,5,2026-03-11 09:34:12,"আলহামদুলিল্লাহ, মাইজিপি অ্যাপ ভালো",0
A Google user,5,2026-03-11 06:49:39,my Android phone support needed.?,0
A Google user,2,2026-03-11 06:44:46,All your packages are more expensive than other operators.,0
A Google user,5,2026-03-11 01:19:26,Grameen Phone is one of the best & reliable strongest fattest mobile network providers. But the all types of package for mobile top up/ Minutes & Also for the Mobile Data (MB) packages are very high. We recommend to reduce all those types tariff changes.,18
A Google user,2,2026-03-11 00:54:25,Too much ad and promotional offer make the app difficult to understand specially for older person. Make your app simple and clean just like other operators. Hope so you will take necessary steps.,25
A Google user,1,2026-03-10 23:30:14,"একদমি বাজে।।।গ্ৰামীন সিম কিনা থেকে বিরত থাকা উচিৎ।।কেননা এদের কাছে আমাদের টাকা কোন দাম নেই এর ইচ্ছে মতো দাম লিখে রাখে,,,খুব‌ই কম ইন্টারনেট (৪/৫)জিবি কিন্তু দাম হচ্ছে ৩৫০+ টাকা,,, এর থেকে খুব ভালো হচ্ছে (এয়ারটেল) সিম কিনা।।।ভ্যালু মানি এককথায়।।",0
A Google user,4,2026-03-10 23:27:04,everything is okay but the internet is to much expensive,0
A Google user,5,2026-03-10 17:12:27,absolutely awesome very nc apps,0
A Google user,5,2026-03-10 16:53:01,minet offer super and good so internet offer and balance tk big and low mb so dont like 🥲,0
A Google user,5,2026-03-10 15:51:48,Nice internet pack,0
A Google user,1,2026-03-10 15:47:01,it does not open properly.,0
A Google user,5,2026-03-10 14:57:04,very very good,0
A Google user,5,2026-03-10 14:41:27,সিমের অফার এর অনেক দাম দামটা একটু কমিয়ে দেন,0
A Google user,5,2026-03-10 11:24:54,i like this app,1
A Google user,1,2026-03-10 10:57:53,খুব খারাপ অফার,1
A Google user,5,2026-03-10 10:11:03,It's a great app.I can easily buy many offers and mobile recharge,2
A Google user,3,2026-03-10 01:43:08,Yearly plan we need.,0
A Google user,1,2026-03-10 00:17:12,ইউসেজ হিষ্টিরি শুধু মাত্র আউটগোয়িং দেখাইতেছে ইনকামিং দেখতে পারতেছিনা,0
A Google user,4,2026-03-09 22:52:25,মাই জিপি অ্যাপস প্রতিনিয়ত আপডেট হচ্ছে। আমার কাছে বেশ ভালই লাগে। কিন্তু একটি বিষয় অ্যাড করা দরকার বলে আমি মনে করি। প্রতিটা কলের রেকর্ডিং থাকা উচিত। যাতে কাস্টমার চাইলেই সেই রেকর্ড অন ডিমান্ড পেতে পারে। আপাতত 4 স্টার দিলাম।,0
A Google user,5,2026-03-09 22:46:52,onik Bhalo Hamen Aage the Hone Ko Sundari,0
A Google user,5,2026-03-09 22:27:56,i want to see gp mb,0
A Google user,5,2026-03-09 22:12:14,best internet plan,0
A Google user,5,2026-03-09 21:53:23,Gp internet very fast network,0
A Google user,1,2026-03-09 19:25:08,Good apps superfast no doubt,0
A Google user,1,2026-03-09 19:15:13,mb er dam beshi 🙂💔,0
A Google user,5,2026-03-09 17:33:41,very good app,0
A Google user,1,2026-03-09 17:21:34,sim richarge plm,0
A Google user,1,2026-03-09 16:01:01,too expensive..,0
A Google user,2,2026-03-09 15:54:57,Bundle package is so expensive.,0
A Google user,5,2026-03-09 15:07:06,1 GB Free MB,0
A Google user,1,2026-03-09 14:36:48,সব জায়গায় নেট পাওয়া যায় না।,0
A Google user,3,2026-03-09 13:21:40,Too much pricey.,0
A Google user,3,2026-03-09 11:10:04,nice but highly cost,0
A Google user,5,2026-03-09 10:00:02,super service,0
A Google user,5,2026-03-09 09:34:45,this is nice app,0
A Google user,5,2026-03-09 09:03:59,its working well for me.,0
A Google user,1,2026-03-09 05:39:10,"এদের মন মানসিকতা, খুব ছোট, কারণ কোন অফার এমন আছে যে,এমবি মিনিটের পরিমাণ বেশি কিন্তু মেয়াদ খুবই কম, আবার কোনটার মেয়াদ বেশি দামও অনেক বেশি।",0
A Google user,4,2026-03-09 05:23:09,quite useful,0
A Google user,5,2026-03-09 04:16:44,"Good, also expensive.",0
A Google user,5,2026-03-09 02:05:09,ধন্যবাদ গ্রামীণ ফোন,0
A Google user,1,2026-03-09 01:41:32,Increasing call & data price every single momth. Highly don't recommend anyone to use Grameenphone. If you have loads of money to waste anyway then this Mobile operator is for you.,8
A Google user,1,2026-03-08 23:53:21,আচ্ছা আপনাদের কি মাথায় সমস্যা আছে আমার মোবাইলে সিম ঐ নাই তাহলে টাকা লোন কিভাবে দিলেন?? আর টাকা লোন দিলেন ভালো কথা কথা কিভাবে বলবো এই টাকা দিয়ে,0
A Google user,4,2026-03-08 22:18:47,too good and low internet cost.,0
A Google user,1,2026-03-08 21:32:56,দাম বেশি তুলনামূলক,0
A Google user,4,2026-03-08 21:01:35,very well service. i am satisfied with this app.,0
A Google user,5,2026-03-08 20:47:27,it is very good offer in my life thank you so much mygp,0
A Google user,4,2026-03-08 20:31:19,Onk valo akta app,0
A Google user,5,2026-03-08 20:04:33,best for cricket,0
A Google user,5,2026-03-08 18:59:01,good network,0
A Google user,5,2026-03-08 15:08:03,Super service,0
A Google user,5,2026-03-08 14:26:19,❤️❤️❤️❤️❤️🥹❤️❤️❤️❤️❤️ ek appe sob kisu,0
A Google user,3,2026-03-08 13:00:21,Very good app,0
A Google user,1,2026-03-08 12:29:18,it's not good. very very bad offer 😞,1
A Google user,5,2026-03-08 11:23:18,এই অফার আমার জন্য খুবই ভালো ।,0
A Google user,5,2026-03-08 10:37:27,Very good Service. Thanks Gp,0
A Google user,5,2026-03-08 07:53:25,very good. I like this offer.,0
A Google user,4,2026-03-08 07:15:59,Good and great app but expensive data prices.,0
A Google user,5,2026-03-07 23:57:12,excellent 👍👍,0
A Google user,5,2026-03-07 23:03:46,"My personal experience was great.But I feel like My GP is a game apps. If i bought more mb pack, they increase my level, and insisted me to buy greater mb pack than previous. And although i become a regular customer of My GP, they forcefully off my every discount and my all offer that they provided me before.",7
A Google user,1,2026-03-07 21:54:54,this app is very bad,0
A Google user,5,2026-03-07 21:18:27,এই অ্যাপটি অসাধারণ,0
A Google user,4,2026-03-07 13:18:44,net bill too High,0
A Google user,1,2026-03-07 12:43:13,very high offer,0
A Google user,1,2026-03-07 12:36:41,bohut taka khate,0
A Google user,1,2026-03-07 11:42:04,জিপি তে অনেক বেশি খরচ কাটে এবং রিচার্জ করা টাকার মেয়াদ শেষ। এটা একটা জুলুম,0
A Google user,5,2026-03-07 10:29:34,Good experience.,0
A Google user,2,2026-03-07 09:52:50,internet price is very high,0
A Google user,1,2026-03-07 09:29:36,amount is big ..not good offer my gp . very bed 😭it's use not possible because big budget . not helpful gramophone SIM company.Mb price not better . very very big budget . very bed,12
A Google user,1,2026-03-07 07:45:16,worst sim ever,0
A Google user,5,2026-03-07 01:55:53,অসাদারোন একটা এপ এই এপের অনেক সোবিদা আছে বিশেশ করে রমজানের ইবাদতের সময় দেওয়া আছে অনেক সুন্দর করে,0
A Google user,5,2026-03-07 00:17:57,দারোন অফার আমি চাই এটা সব সময় থাকুক,0
A Google user,5,2026-03-07 00:04:12,মাই জিপি অ্যাপস টা ভালো কিন্তু মাঝে মাঝে স্লো হয়ে যায়।,0
A Google user,1,2026-03-06 22:09:23,very bad all service in very high,0
A Google user,4,2026-03-06 21:05:07,very good apps,0
A Google user,4,2026-03-06 20:32:22,good service but pricy,0
A Google user,5,2026-03-06 19:51:02,"very good, easy and prompt",0
A Google user,5,2026-03-06 16:34:16,Very smart work good support thanks 👌,0
A Google user,5,2026-03-06 16:21:52,good service,0
A Google user,5,2026-03-06 16:03:13,This is my Favorite app,0
A Google user,1,2026-03-06 16:00:11,very bad offer still now,0
A Google user,5,2026-03-06 12:41:07,অসাধারণ খুব ভালো 🥰,0
A Google user,5,2026-03-06 11:39:15,"Good, but too expensive. The network runs smoothly. Small and medium Network packages are too expensive, it's not so good for the inhabitants of Bangladesh.",4
A Google user,5,2026-03-06 11:35:00,alhamdulillah,0
A Google user,1,2026-03-06 11:15:52,this app price for high and flexiplan 2.5 gb not open,2
A Google user,1,2026-03-06 11:09:42,need 1 day internet pac.,0
A Google user,4,2026-03-06 09:48:02,so sad moment,0
A Google user,2,2026-03-06 09:44:07,I am getting affordable offers in My Offers,0
A Google user,5,2026-03-06 09:40:26,high cost but reliable,0
A Google user,5,2026-03-06 09:38:30,30dine minit good ace.,0
A Google user,5,2026-03-06 09:31:07,nice❤️❤️❤️❤️,0
A Google user,4,2026-03-06 09:29:20,I had the MyGP app installed on my phone. Suddenly the app is not showing. But on the Google Play Store it shows that the app is installed. What is the reason for this?,1
A Google user,4,2026-03-06 08:43:57,often it halts.,0
A Google user,5,2026-03-06 08:32:11,good service,0
A Google user,5,2026-03-06 03:10:26,"wow i am happy, this app",0
A Google user,5,2026-03-06 01:49:59,very nice 👍🏻,0
A Google user,5,2026-03-06 01:22:30,good app love for Gp,0
A Google user,4,2026-03-06 00:09:30,"ইন্টারনেটের সার্ভিস ভালো, দাম কম হলে আরও বেশি ভালো হতো",0
A Google user,1,2026-03-06 00:02:51,falto ret basi 😑😒,0
A Google user,5,2026-03-05 19:51:43,এই অফার টা অনেক ভালো ছিল,0
A Google user,5,2026-03-05 19:12:39,awesome app!,0
A Google user,5,2026-03-05 17:15:21,"i want a good offer at a low price next""",0
A Google user,1,2026-03-05 14:32:04,This useless sim in Bangladesh is stealing people's money.,0
A Google user,5,2026-03-05 14:31:20,Every offer should have some free minutes. Your messages making me so annoying. its unnecessary and very hard to understand- what is my balance left and how much I've used.,14
A Google user,5,2026-03-05 14:10:41,Best appe ❤️❤️❤️❤️😊😊,0
A Google user,5,2026-03-05 14:04:06,i like this app,0
A Google user,1,2026-03-05 13:49:49,too much price.😅,0
A Google user,1,2026-03-05 12:55:00,very very it money 😑,0
A Google user,5,2026-03-05 10:55:20,it's a very good,0
A Google user,5,2026-03-05 09:45:41,"‍আলহামদুলিল্লাহ্, ভালো।",0
A Google user,1,2026-03-05 09:08:17,very poor Service level..,0
A Google user,4,2026-03-05 08:24:52,the best app,0
A Google user,1,2026-03-05 02:18:51,Horrible application!!!,0
A Google user,3,2026-03-05 01:08:57,my gp app call history update problem. daily call history not update in app,0
A Google user,5,2026-03-04 23:09:45,সব চেয়ে আমার এই সফটওয়্যার এর যে জিনিস টা ভালো লাগছে তা হইলো ibadah অপশন টা অনেক গুরুত্বপূর্ণ এবং বিস্তারিত সব কিছু আলাদা আলাদা করে দেওয়া আছে ।আলহামদুলিল্লাহ।,0
A Google user,5,2026-03-04 21:42:07,this is a nice app and it wark very well. and i like this app,0
A Google user,4,2026-03-04 20:18:11,দামটা ইকটু কম হলে ভালো হতো আসলে আমরা যারা মার্কেডিংএ কাজ করি তাদের খুব কস্টো হয় চলতে তাই জদি দামটা কম হতো 😔,0
A Google user,5,2026-03-04 19:21:57,fine and nice,0
A Google user,5,2026-03-04 17:54:26,"""good"" on times",0
A Google user,5,2026-03-04 14:31:12,Good Service. I am satisfied.,0
A Google user,5,2026-03-04 14:16:03,this vary good apps,0
A Google user,2,2026-03-04 14:14:30,"খুব বাজে বাজে এমবি অফার,🤣",0
A Google user,5,2026-03-04 13:45:42,vary good apps,0
A Google user,1,2026-03-04 13:42:32,নোয়াখালীতে কোনো নেটই নেই । কী আর রিভিউ দেবো। একদম বাজে।,0
A Google user,1,2026-03-04 13:40:36,very bad offer,0
A Google user,3,2026-03-04 11:38:09,"সময় সময় সময় নিয়ে ৩৳""",0
A Google user,2,2026-03-04 09:56:18,Not have a mini pizzas,0
A Google user,4,2026-03-04 08:50:42,sometimes call not much clear,0
A Google user,3,2026-03-04 07:05:38,bubs don't fix Cuban and CNN kidding see one all make bubba kind seven Mundo cancelsafety safety McNabb mine safety Kwik land smell mcm V neck month my union msg human bunch been bugging lobby UGG kk on CNN CNN can mind and funny gab BB vlog call CNC soon can knock Odyssey of drinks that I'll us food do off you guys do hiccup if DJ hicks to knock off mix full good CJ move full moon can meth been nicer kk in den my fav lawn is all been off at my sh Icahn museum mic Symon an Jan kissing T,0
A Google user,5,2026-03-04 06:05:39,Very good.....,0
A Google user,5,2026-03-04 05:59:13,Alhamdulillah valo,0
A Google user,5,2026-03-04 05:30:15,Everything is good. Thank you.,0
A Google user,3,2026-03-04 00:25:32,very nice and Eazy used,0
A Google user,5,2026-03-04 00:05:36,খুবই ভালো সার্ভিস পাচ্ছি ❤️♥️🥰,0
A Google user,5,2026-03-04 00:01:58,yes I am satisfied,0
A Google user,1,2026-03-03 20:13:49,Very unfair call rate.,1
A Google user,5,2026-03-03 19:42:40,আলহামদুলিল্লাহ,0
A Google user,1,2026-03-03 19:14:43,বালের একটা app নেট কিনে ব্যবহার না করে নেট বন্ধ করে রাখলে mb 0 দেখায় কিন্তু টাকা ঠিকি নেয় । চোর app,0
A Google user,1,2026-03-03 19:11:09,"pubg mobile khela jai na, baler network.",0
A Google user,5,2026-03-03 18:53:27,Onyx Sundar app,0
A Google user,5,2026-03-03 16:54:29,মিনিটের দাম দেওয়া অনেক বেশি হয়ে গেছে,0
A Google user,5,2026-03-03 14:59:27,Good service provided by GP,0
A Google user,3,2026-03-03 13:34:05,Combo Rate Prices is Too Much. Please Compare with Others. You should fix this issue. Otherwise all ok.,0
A Google user,5,2026-03-03 12:16:20,Better but we want Best,0
A Google user,5,2026-03-03 11:15:14,my Offar is good,0
A Google user,5,2026-03-03 10:23:57,very very good,0
A Google user,1,2026-03-03 10:12:02,very poor internet connection!,0
A Google user,5,2026-03-03 09:29:35,সব কোম্পানির চেয়ে অফারের দাম বেশি 😥,0
A Google user,4,2026-03-03 09:00:59,Good but Price is High.,0
A Google user,5,2026-03-03 07:20:40,একটু কম টাকায় অফার দেওয়া যায় না,0
A Google user,5,2026-03-03 05:36:50,Nice for all to use easily.,1
A Google user,5,2026-03-03 04:38:56,উপকারী❤️❤️❤️❤️,0
A Google user,5,2026-03-02 22:27:16,Excellent service.thank you so much.,0
A Google user,1,2026-03-02 22:05:56,বাজে অফার বাজে কোম্পানি।,0
A Google user,5,2026-03-02 21:09:49,সবসময় ভালো অফার দিলে ভালো হতো,0
ajoy sarkar,5,2026-03-02 19:34:26,It's a nice and helpful apps. I want to take a consideration for retired and non government teacher.,3
Md Nayem Hossain,1,2026-03-02 10:57:36,Offer packages are not customer friendly. It feels like Grameenphone are Robbing the Customers by providing minimum services. Not worthy of Value for money.,7
Mohd Abdul Quddus,3,2026-03-02 10:44:43,Too many commercials and promotions,1
Shahriar Alam,5,2026-03-02 10:33:33,effective and convenient,0
Nazrul Islam,2,2026-03-02 10:10:56,Is a nice app. I am use everyday.,0
Monju Ara,2,2026-03-02 09:56:31,"less usefull,not so great, rate cutter package's purchase money must fix as law price😏 সাধারণ জনগণ এই প্যাকেজ গুলো কিনে,গ্রামীণফোনের এখানেও বাটাপারির আশ্রয় নিচ্ছে 😒",1
Al AMIN SHAIKH,1,2026-03-02 08:45:26,বান্ডিল অফারে মিনিট যেই টুকু পাওয়া যায়। বাট এমবি পরিমাণ খুবই কম দেয়। ৪৭৯ টাকায় ৬০০ মিনিট ১৫ জিবি ৩০ দিন না দিয়ে যদি ৬০০ মিনিট ২০ জিবি দিত তাহলে মোটামোটি ব্যবহার করা যেত।সব মিলিয়ে আমি জিপি সিম ব্যবহার করে খুব একটা খুশি নই,0
Kausar Khan,4,2026-03-02 07:43:41,এমবির মাসিক প্যাকেজ ২০০/- টাকার নিচে থাকা উচিৎ।,0
Ashikur Saogr1,5,2026-03-02 02:24:57,Very beautiful 💯,0
shakil 541,1,2026-03-02 01:51:32,call history,0
D h Chowdhury,5,2026-03-02 01:28:25,Excellent thanks,0
Nasrul Karim Sarker,1,2026-03-01 19:16:42,Terrible User Experience,0
Nundon Biswas,5,2026-03-01 18:57:34,good service,0
BAIZID BAIZID,3,2026-03-01 13:58:51,"My GP free Fair, এর জন্য অফার আন",0
Umma Jahan Hira,1,2026-03-01 12:27:10,"FNF tap is not working. Don't even show the FNF list, also can't add new numbers in FNF.",0
Sterm,5,2026-03-01 12:16:44,onk valo sarvice,0
Urmi Rent a car & Driving school.,5,2026-03-01 11:56:25,service best,0
Munnaf,1,2026-03-01 11:26:24,Horrible. App doesnt sync properly.,4
Jannatul Ferdousi Efty CMT 1st,4,2026-03-01 09:48:06,Good network,0
Stanley Rozario,1,2026-03-01 09:42:00,Too much expensive data pakage is not customer friendly tricky business 😈😈😈😈,5
Feroz Ahmed,5,2026-03-01 09:14:53,good service,0
Hellion Hellion,1,2026-03-01 06:09:51,"when trying to link the bkash account, it says already linked but didnt show any account. in an emergency situation ""grameenphone"" is the worst option as an operator in BD.",0
H M K S,1,2026-03-01 06:08:55,"I have just bought it, haven't used , after being used , I can express my experience...., hope will be better.",0
Mushfiq Mushi,4,2026-03-01 02:51:30,300 টাকায় মিনিট দেন ভালো,0
Justin Wilson,5,2026-02-28 23:52:21,Good project,0
Mohammed Harun Sha,5,2026-02-28 22:44:25,excellent app,0
Md Ridoy,1,2026-02-28 21:44:23,বাজে একটা অ্যাপস বারবার সমস্যা দেয় ভালো কোন অফার আসে না,0
md sojib,5,2026-02-28 21:17:34,"This app is very good, and frendly.",0
Monika Paul,4,2026-02-28 21:04:33,ইন্টারনেটের মেয়াদ শেষ হওয়ার পরও যেন অবশিষ্ট এমবি গুলো থেকে যায়* **,0
Soyeb Ali,2,2026-02-28 20:16:22,good but to much expensive 😕,0
Md. Ariful Islam,5,2026-02-28 16:29:32,Best app I use this app longer,0
JOBAIR ABRAR 11,5,2026-02-28 14:35:48,সব দিক দিয়ে ভালো কিন্তু রেইট একটু বেশি,0
kmm enamul,5,2026-02-28 13:15:04,my GP nich job,0
Win Winlator,1,2026-02-28 12:13:47,why 7 days unlimited internet offer gone,0
SHAIKH NASIRUDDIN IMTIAZ,1,2026-02-28 11:39:52,very bad ...,0
Md Nazmul,5,2026-02-28 11:23:23,Very good Service,0
Md. Mahabbat Ali,5,2026-02-28 11:08:04,MyGP service is excellent & useful,0
Antara Rehman,4,2026-02-28 10:57:28,Very slow apps,0
aastha,3,2026-02-28 10:12:41,cannot purchase minutes through flexiplan,0
Md mijanur Rahman,1,2026-02-28 08:45:28,good but not better,0
Md “Bangladesh” Sadia kk,3,2026-02-28 05:00:41,ok mygp 2026,0
abdullah al mamun,3,2026-02-28 03:59:57,"ক্রয় পক্রিয়া, অনেক সুন্দর ও সহজ ছিলো,,মিনিটের রেট অন্য অপারেটরের মতো কমালে ভালো হয়,,,রেট কম হবে পরিমাণ বেশি হবে,, মেয়াদ আনলিমিটেদ হতে হবে,,।",0
Nabab talukder,4,2026-02-28 03:40:18,it's not bad,0
Sifat Solaiman,1,2026-02-28 00:09:19,offers are very expansive.....😰,0
MD. Shrabon,5,2026-02-27 23:36:15,"good app,,nice app",0
sohag anik,5,2026-02-27 18:13:18,"ONE OF THE BEST COMMUNICATION SERVICES IN BANGLADESH, REALLY GOOD NETWORKING AND SERVICE , FINALLY GP IS GIVING ALL Good Service.",0
Mostafizer Rahman,5,2026-02-27 16:25:34,all the best,0
salmimjahan chowa,5,2026-02-27 16:10:21,Very useful❤️,0
Md Sayed,5,2026-02-27 16:01:53,এটি খুবই ভালো লাগে। কিন্তু আমার কাছে সব দামি অফার আসে 🥺,0
Gofran Ahmed Sojun,5,2026-02-27 15:05:04,আপনাদের এপটা খুব কাজের,60
Fahim,5,2026-02-27 14:26:34,Very useful App,0
Nazmul Islam,5,2026-02-27 13:30:49,user friendly,0
Abrar Mahir Esam,3,2026-02-27 13:22:17,too expensive,0
Shariful Islam Sharif,4,2026-02-27 12:09:57,cgec aar www tti,0
tuhin majumder,4,2026-02-27 11:29:59,lot many items at a time on screen - seems a bit clumsy otherwise this was better earlier ...,1
JAHIDUL HASSAN,5,2026-02-27 11:09:03,Good networking,0
Supta Gupta,5,2026-02-27 09:05:55,nice app to the work,0
ln Mohammed ali babu,5,2026-02-27 05:53:10,"Grameen phone best for any place in our country. strong network, smooth browse realy very good",0
사랑,4,2026-02-27 05:49:26,bro please make every offer giftable,0
Md Shihab,5,2026-02-27 04:44:13,"Dear, GP team it's very nice app no doubt. But one more feature It is necessary to add and that is dark them or dark mode. Please add this feature.",3
K. M. Abul Bashar,4,2026-02-27 00:37:10,"please increase cashback, bonuses, & try new business by giving vip customers small loan around 20K",1
"Md, Janya Alam Jony",3,2026-02-27 00:21:58,Why is the international roaming balance not showing in the app?,0
ID Seler,3,2026-02-26 23:30:02,ইন্টারনেট সংযোগ বিচ্ছিন্ন হয়ে যাচ্ছে,0
Halim Ullah,4,2026-02-26 22:44:47,"More than well, But ,You should keep talk time 800 minutes between 500 to 1000 minutes.",2
Mohammad Jamser,5,2026-02-26 21:47:28,very usefuly,0
Mustafizur Rahaman,1,2026-02-26 21:05:08,they show something but do something else,0
Arafat Ahmed,5,2026-02-26 20:04:06,"The MyGP app is honestly one of the smoothest telecom apps out there. Super clean design, really fast, and everything you need is right at your fingertips — checking balance, activating offers, buying data packs, paying bills, and even tracking rewards. The app-only deals are actually worth it, and navigation feels effortless. No clutter, no confusion — just quick access to all my GP stuff. Definitely a must-have for every Grameenphone user! 📱🔥✨",80
shs Sifat,1,2026-02-26 19:42:02,most worst sim card ever In Bangladesh,0
Raim Sabur,3,2026-02-26 19:12:34,মাঝে মাঝে নেটওয়ার্ক সমস্যা হয়,0
BS NIROB,1,2026-02-26 19:07:44,Mb tam besi cunai app mada .....,0
Chudling Pong,1,2026-02-26 18:27:26,"so expensive, and short validity",0
Naim Khan,3,2026-02-26 18:07:49,add more features,0
MD. MAHADI Hanif,2,2026-02-26 17:05:55,এরচেয়ে বেশি গ্রামীণফোন যোগ্য না।,0
Akram Ali,5,2026-02-26 16:07:47,reffer bonus dey na chiter,0
Bithi Ray,3,2026-02-26 16:02:37,Network is superb but way costlier than other sims.,1
Sakib,1,2026-02-26 15:31:56,No spical deal's available in this apps!!!!!,1
Khurshida khanam Almi,5,2026-02-26 15:04:15,want 1 day 3 day internet recharge offer more,0
Ballal Akhon,5,2026-02-26 13:51:44,খুব ভালো ছিল,0
Md sayed hossen,1,2026-02-26 13:12:38,price high and poor network,0
MD Abdul Kuddus,5,2026-02-26 12:30:52,it's easy and helpful,0
Gaming Power,5,2026-02-26 10:01:42,নতুন সিম হিসেবে ভালো offer পারছি,0
Ahsan Habib,1,2026-02-26 09:30:49,is it lagging and u need net,1
ShahriarNaim NAIM,5,2026-02-26 05:17:27,I aprisiate it,0
Mohammad Saifuddin Ahmed Shaheen,5,2026-02-26 05:17:11,Service and quality good,0
Anisur Rahman.,4,2026-02-26 05:05:45,Internet price so high.Gp sim only for rich peoples,0
Omi,3,2026-02-26 04:28:32,সকল অ্যাপ এর মধ্যেই Dark Theme থাকে কিন্তু Mygp app এর মধ্যেই Dark Theme নেই এটা আনলে অনেক ভালো হতো,0
farjana islam brishty,3,2026-02-26 03:45:48,good Network,0
Opu BD,5,2026-02-26 02:14:47,"""Fantastic app—super intuitive and incredibly helpful!""",1
Rifat Hossen,1,2026-02-26 01:21:31,Faltu Sim Card,0
Ariff Rahman,4,2026-02-26 00:53:19,Performance is just good indeed👍,1
ᖆᕱᙥᓲᑷ ᖺᕱᔜᕱᘉ,5,2026-02-25 22:04:06,ওকে থ্যাঙ্ক ইউ 👌👌👌,0
Khandakar Al Amin,5,2026-02-25 20:46:29,Good Experience,0
ABDUL HANNAN,4,2026-02-25 18:48:03,অনেক ভালো ছিল,0
bollywood,1,2026-02-25 18:16:08,"এই সিম কম্পানি আমার, বালের অফার দেয় আমি ৩ বছর দরে এই, সিমে internet কিনি নাহ একদম পাউল অফার।",0
Abdulla al Jobaer,5,2026-02-25 17:55:21,very good app,0
Mahabubur Rahman,5,2026-02-25 16:03:14,"well,But it would have been better if the price was a little lower.",2
মোঃ মির্জা রাহাত,5,2026-02-25 15:56:22,MyGP অনেক ভালো অ্যাপ,0
Mohammad Hosain,4,2026-02-25 14:27:19,i enjoy Grameenphone for long time. Grameenphone network and services is good i think,2
Jamal Hossen,4,2026-02-25 13:47:29,Nice bundle pack,0
Abira Biswas Aru,1,2026-02-25 11:16:03,Choto offer chai,0
Alvi Rifat,5,2026-02-25 11:01:31,good apps💝✌️,0
Jony Shorif,1,2026-02-25 10:30:25,গান্ধা একটা বাজে এ্যাপস সবকিছুর দাম এত বেশি মিনিট এমবি সবকিছুর দাম বেশি একটা বাজে কোম্পানি যেখানে অন্যান্য কোম্পানি এমবি মিনিট এত কম দামে দেয় সেখানে এই কোম্পানি মানুষের পেট কেটে ফেলে সবকিছুর দাম বেশি ফালতু,0
Md Mohasin Ali,5,2026-02-25 09:47:32,"ওভার অল সবকিছু মোটামুটি ভালো, তবে আরো কিছু ছোট ছোট প্যাকেজ চালু করলে ভালো হয়।",0
MD akash,5,2026-02-25 02:23:03,মাইজিপি এক্স,0
AB NEHAL MAHMUD,5,2026-02-25 00:46:11,satisfactional 😊😊😊,0
Biplob Medicine Corner,5,2026-02-25 00:17:46,I am satisfied,0
Pijush Saha,5,2026-02-24 23:54:51,"সব সময় অফারটা পাওয়া যায় না, আমি অনেক দিনের ইউজার সব সময় যাতে এই অফারটা পাই এরকম একটা ব্যবস্থা করে দেবেন",0
First name,1,2026-02-24 21:54:19,very much bad offer's,0
Raju Mollah,5,2026-02-24 21:45:17,Daily login bonus system chalu kora dorkar.,1
Md Ripon sarder,1,2026-02-24 20:32:59,very bad experience 😕,1
Ahsanul Sium,1,2026-02-24 20:24:07,"চুলের অফার দেয় সব, ডাকাত মোবাইল অপারেটর",0
Munni Hasan,5,2026-02-24 18:23:38,it is very nice,0
Delta Thita,1,2026-02-24 17:44:09,worst network,0
Junayed Chowdhury,5,2026-02-24 15:41:38,এটি অনেক ভালো ❤️,0
Al Awan - আল আওয়ান,5,2026-02-24 13:45:49,এতো ঘন ঘন আপডেট দেন যা খুবই বিরক্তিকর,0
Syed Saheeb Ahmed,1,2026-02-24 13:18:54,You idiots cut my data at will randomly. I see message saying 200MB gone without Mr doing anything. Forcing me to buy data before expiry date.,0
Hafiz Md. Barkatullah,5,2026-02-24 13:05:58,should be used without net to buy packs by this app,0
Fazlur Rahman Shanu,5,2026-02-24 12:13:05,আলহামদুলিল্লাহ! ভালো।,0
Salim Bhuiyan,5,2026-02-24 11:09:25,খুবই ভালো এবং আরামদায়ক,0
Md. Azharul Bari,4,2026-02-24 08:37:07,rate is high,0
Lamiya Aktar,5,2026-02-24 07:57:30,All added me,0
Rupali Rupa,5,2026-02-24 05:39:12,can't use pls check so that I can use back this app thanks 🙏,0
SK sHarifuL islam,5,2026-02-24 01:34:01,Best network,0
Sheikh Hasina parvin,5,2026-02-24 01:30:18,satisfactory,0
Md Rifat,5,2026-02-23 23:14:26,অনেক সুন্দর এপ,0
MD JAKARIA,1,2026-02-23 20:43:00,Everything is over priced,0
Nusrat Jahan,2,2026-02-23 20:03:18,khub vlo na..onk tk lage vai,0
Ulang Co. Ltd,1,2026-02-23 19:32:44,Prices shouldn’t be that much high!,2
Md Sohel Rana,5,2026-02-23 17:43:38,excellent 👌👍,0
Hasina Mukut,5,2026-02-23 17:29:47,excellent service,0
Rahi Vai,1,2026-02-23 17:27:10,very bad service. and Fraudulent company,1
TR ABID,1,2026-02-23 13:17:16,bad very bad app very high and exclusive price.,5
Roksana Afroj,1,2026-02-23 12:47:01,net slow.....or,1
আলোর পথিক,1,2026-02-23 12:29:51,বাজে এক অপারেটর,0
RACKET WORLD,5,2026-02-23 12:08:15,Best Net service,0
Jakir Hosaain,1,2026-02-23 11:52:53,Very bad experience using gp and it's service during my entire lifetime,0
Hm arifin Ahmed,5,2026-02-23 10:48:19,মাই জিপিতে ইন্টারনেট কিনতে হলে জমি বিক্রি করে কিনতে হয়,0
jony dey,5,2026-02-23 10:25:56,fine network,0
Shobuj Shagor,5,2026-02-23 10:00:52,Very nice👍👍👍,0
Shaalam Raihan,5,2026-02-23 09:31:08,"কাজের অ্যাপ,অনেক হেল্পফুল।",0
Sohan Islam,5,2026-02-23 07:21:37,অ্যাপসটি আমাকে খুবই ভালো লেগেছে,0
Antonysrm,1,2026-02-23 07:09:36,one of the worst app,0
Mahfuza Akter,1,2026-02-23 05:32:31,"খুবই ইক্সপেনসিভ, আরো সহজলভ্য করা উচিত।",0
SG SHOBUJ,5,2026-02-23 05:27:26,Always number 1 Grameenphone,1
Md Mahbub,5,2026-02-23 05:24:46,best service,0
Infinix x6725,5,2026-02-23 02:28:27,Good app but internet prich low koren,1
Muhaiminul Safi,1,2026-02-23 00:51:09,বালের সিম সকল অফারের মূল্য আকাশ ছোয়ার মতো এর থেকে এয়ারটেল হাজার গুন ভালো কম টাকায় ভালো অফার,0
Rifat Mahamud,2,2026-02-22 23:59:13,this app is good but when you buy a pack and the pack time left then about an 1 hours then the internet quality is very cheap they provide I will never seen,3
mdshohel rana,1,2026-02-22 23:23:12,"My gp Amar phon a log in nicche na,, Infinix hot 60i ki somossa kichu bujhi na,,,",1
saimun salehin,5,2026-02-22 22:10:19,this offer nice and chif,0
Mezbah Ahmed,5,2026-02-22 20:36:22,খুব ভালো নেটওয়ার্ক কিন্তু ইন্টারনেটের দাম অনেক বেশি।,0
Sharif Raja,5,2026-02-22 19:14:01,very appreciate.,0
Sumon Mia,5,2026-02-22 16:09:24,koyan kemne barai,0
Md. Shahadat Hosain,1,2026-02-22 14:35:12,"haw I can see my incoming Calling list,There is only out going list",3
Md. Murshid Alom Siddiquee,5,2026-02-22 14:30:38,want to unlimited Gb/mb,0
Maishah Mahjabin,5,2026-02-22 12:41:20,a masterpiece,0
Labib Islam,5,2026-02-22 12:29:48,সেই সেই সেই একটা এপ,0
Sonika Debsorma,5,2026-02-22 11:11:10,it's really helpful thanks My GP,0
Jannat Rahman,5,2026-02-22 10:50:54,It's Soo Good💗,0
Shameem Ahmed,1,2026-02-22 08:53:10,I have not received my data although paid 3 days ago.,0
Dr. Sabrina Naz,5,2026-02-22 08:41:47,Quick service,0
Asma Ahmed,2,2026-02-22 08:16:10,too much bad,0
Ihan Rahmatullah,1,2026-02-22 07:59:09,"so high price , it's bogus",0
Al Mamun,5,2026-02-22 03:45:07,Very happy to use this app,0
MD Imam Hossain,1,2026-02-21 21:50:21,"internet offers are very bad, should plan to be user friendly.",1
Sabuj Munsi,1,2026-02-21 21:12:27,"worst app , data and minute packs are too expensive compared to others company",2
Silent Sovereign,2,2026-02-21 16:53:50,New update is worst... ইবাদত এ আ্যলার্ম দেয়া যাচ্ছে না। অনেক স্লো হয়ে গেছে এখন। নামাজের সময়সূচি আর আরবি তারিখ হোম স্ক্রিনে widget অপশন আনা উচিত...,0
AS SHANTO,5,2026-02-21 16:04:41,experience very good gp it's besst 🔥🔥,0
Waffen SS,1,2026-02-21 15:55:55,lower the cost of call rate,0
Sajib Das,5,2026-02-21 11:26:44,Just Awesome,0
Aminul Islam,5,2026-02-21 10:50:28,this is the very good,0
Md Billal Khan B2,5,2026-02-21 09:11:12,গ্রামীণ আধার মতো ভালো নেই ফোনের টাকা বেশি লাগে মিনিট কিনতে,0
Md Sohel Sheikh,5,2026-02-21 01:22:29,Very helpful apps,0
Javed Iqbal,1,2026-02-20 23:40:28,লিমিটলেস অফারে ১০ এমবিপিএস এর অফারটা আপনারা বন্ধ করে দিয়েছেন। কনজিউমারকে কীভাবে চুষে খাওয়া যায় সেই ব্যবস্থা করতেছেন।,0
Jami Rubaiat,5,2026-02-20 22:26:22,it's a good and friendly apps then other operators in Bangladesh.,11
Mst Matoyara Begum,5,2026-02-20 14:14:04,Good service,0
MD.Muhaimin Siddik,1,2026-02-20 14:07:10,অফার ভালো না অন্যান্য সিমের অফারের তুলনায়,0
Mayenur zaman Mayen,5,2026-02-20 12:06:48,free point এর বাজেট কমায় দেন ভাই,0
Ahsan Jamil,4,2026-02-19 22:45:35,call history not show in proper time.,0
Nusrat_Lamia,1,2026-02-19 22:05:18,"same good.It’s fairly good. I wouldn’t say I liked it a lot. It was very important for me, so I bought it; otherwise, I wouldn’t have. Earlier, MyGP used to give really good offers, but now it gives much fewer offers.",12
Mazib Mazib,1,2026-02-19 21:44:35,too much costly for mb,0
Al Mahfuz,1,2026-02-19 21:36:05,too much ads and pop ups for a sim app.,2
Md.Ahsan Ullah,5,2026-02-19 19:20:05,Truly helpful.,0
Rox rdxmarwankhanrj,5,2026-02-19 18:04:17,"Dear Grameenphone Team, Assalamu Alaikum. I would like to request a special offer for the holy month of Ramadan. It would be very helpful if you could introduce a discounted call rate offer from 12:00 AM to 6:00 AM during Ramadan. Many people stay awake at night for prayers and Sehri, and a reduced call rate during this time would help us stay connected with our family and loved ones more easily. I hope you will kindly consider this request and introduce a special Ramadan night call offer for yo",98
anita roy,5,2026-02-19 16:01:17,nice service,0
Salim Khan,5,2026-02-19 13:06:38,gp te mb price many onk beshi,0
Anis Mahmud,2,2026-02-19 12:03:03,"Sim (minute & Internet) offer is not good. Very bad app, I've been trying to log in since yesterday, only once or repeatedly the verification code comes much later, which is useless.",9
Tanzil Hossain Sium,5,2026-02-19 11:35:54,Extraordinary Service,0
Asdf Qwe,5,2026-02-19 10:54:13,vary nice the app,0
Aurasie Weheragoda,5,2026-02-19 09:23:57,so far no problem.just one improvement if possible. when your package runs out without hotspot support other packages cannot be loaded. if possible make that option.,1
Md. Zamiul Ahmed,4,2026-02-19 05:48:10,"It's nice and undisturbed, thanks.",0
KAZI SADIK,1,2026-02-19 05:08:59,Poor customer services. Unprofessional.,0
Md Nayem,5,2026-02-19 04:33:14,Its good for monthly offer,0
Tofazzal Hossan,3,2026-02-18 22:14:00,Call rate to much higher other than.,1
Crz Saiful,4,2026-02-18 20:46:55,thanks for bast offers give it everyone ☺️,0
Md Hasanur Rahaman,5,2026-02-18 20:31:39,amar app my gp,0
Pocox5pro,1,2026-02-18 19:34:53,"recently recharged my GP number, and immediately, money was deducted for an offer I never subscribed to. I tried contacting support through the MyGP Live Chat, but responses are very slow, and the app sometimes doesn’t even show my messages. This experience is frustrating and unfair. GP should stop automatic charges without consent and improve customer service response time. I hope GP takes this seriously and fixes these issues.",179
A S H I K B H A I,5,2026-02-18 19:32:08,very nice offer,0
Efat Chowdhury,1,2026-02-18 17:48:24,ekta problem mrt face korlam account link korar smy code thik moto bosano jaina bug fix please,0
Bilash Kumar Mondal,5,2026-02-18 16:02:46,"very good, payment systems, thanks gp authority..",0
Mohammed Samidul Islam Azim,5,2026-02-18 16:02:39,very good service,0
Emon Dastider,5,2026-02-18 14:19:39,Definitely ahead of their time. and the good part is they keeping upto date,0
Shaikh Bd,4,2026-02-18 10:50:21,good experience,0
Md Jahidul Islam,4,2026-02-18 10:17:30,good but not very good,0
Salahuddin Zahed,5,2026-02-18 10:05:57,"very good in comparison with other operators, so far it is performing good.",0
khurshed,5,2026-02-18 01:08:07,best offer 👍,0
Sadia Akter,2,2026-02-18 00:12:54,অফারগুলা অনেক দামি🙂,0
Md shakil mia,5,2026-02-17 23:56:19,it’s very good for mygp app thank yoy..,0
Sahin Hasan,5,2026-02-17 23:18:20,My gp অনেক ভালো,0
Ahsanul Haque,5,2026-02-17 20:21:07,"using this app with my GP SIM , roaming enabled. So far so good",0
HM Saiful Islam,2,2026-02-17 20:12:00,offer price very high💝,0
Amer Mehedi AMIT,2,2026-02-17 18:11:12,It changes tariff from time to time. Using GP is like petting a white elephant.,1
Nishat Sultana,5,2026-02-17 15:42:06,This app very helpful,0
Radowan Ahmed,1,2026-02-17 13:31:29,Call History Message History Nothing comes to fix it,2
Ismail,1,2026-02-17 13:16:26,faltu apps er theake airtel sim ar my artiel oneak valo sim blance dia sob offee pursase kora jai na,0
Afra Ibnat Portia,2,2026-02-17 11:44:54,Mobile data is too pricey. It isn't reasonable compared to the amount and duration.,4
Sj Shakib,5,2026-02-17 10:47:44,give me new mb offer.please,0
UNSTABLE WORLD,5,2026-02-17 03:24:48,I like and love very much this service,0
A Google user,3,2026-02-17 01:31:44,"App is good,plz make it small size. Make an option from where we can choose which internet package we will use from our running internet packages.",4
Zisan Ahammed,5,2026-02-17 00:27:16,best service,0
মনিরুল খালাসি,5,2026-02-16 23:13:19,My bonas offar,0
Mashruk “Finn” Kabir,5,2026-02-16 22:35:17,Bought the unlimited 50 GB pack and it seemed like good value to me. Needs to reduce ads ad notification is all and its perfect.,12
T Tamim,1,2026-02-16 21:54:11,bokacoda balpakna offer,0
Akram Hossain,5,2026-02-16 20:04:47,আমি এখনো চালাই নো যদি চালানো শেষ হয় তারপর আমি বলতে পারবো এ অপারটা ভালো না খারাপ,0
MD Ruhul Amin Salam,4,2026-02-16 19:49:59,এটা ভালো কিন্তু এমবির মুল্য বেশি,0
Showrov Kumar_sarker,1,2026-02-16 19:49:08,ভালো কোন অফার জদি না দেন আপনারা জিপি সিম চালানো বন্ধ কইরা দিব,0
Zawyed Zeon,1,2026-02-16 19:09:22,too much bloat and ad.. very annoying the purpose should be simple checking balance and stuffs..,2
Mozammal Haque,5,2026-02-16 17:53:16,nice but mobile data slowly working🥲,1
Sourin Chakrabortty,5,2026-02-16 17:04:34,very very very bad worst app🤬🤬🤬🤬🤮🤮🤮🤮🤮🤢🤢🤢🤢🤮🤮🤬❌,0
Aziz Mumtaz,5,2026-02-16 15:40:46,"I am enjoying MY GP, THANKS",0
Farhad Raj,1,2026-02-16 15:18:09,"wrost Network, Robi is better",1
Gamer Rabbi,1,2026-02-16 14:20:22,বালের অভিজ্ঞতা ছিল,0
Rabiul Karim,5,2026-02-16 11:58:55,Nice and quick,0
Johirul Islam,5,2026-02-16 11:34:44,এমন অফার আরো চাই 😊,0
Mohammad Bahauddin,4,2026-02-16 07:28:29,wonderful apps,0
Mohedoul Islam,5,2026-02-16 04:26:50,"really useful app my gp. love it, tnx my gp.",0
M. R.H,5,2026-02-16 01:22:13,Information no good...... …..???????????????,0
Resource Bangladesh,3,2026-02-16 00:18:34,ok but .....,0
Dalim Hasan,5,2026-02-15 23:01:58,excellent work,0
Fahim Hossain,1,2026-02-15 21:48:25,Everyone try to avoid this sim.So much call rate here,0
Jubayer Hossain Baky,1,2026-02-15 21:26:04,worst service in history of telecommunication,0
Tonima Islam,2,2026-02-15 19:05:28,switable offer are not available,1
Jibon Roy,2,2026-02-15 18:18:16,offerer dam beshi,0
Somir Ali,5,2026-02-15 18:01:04,Darul apps kab Dalo net,0
Ittefaq Leon,1,2026-02-15 17:56:40,price is very high,0
MD Akbor,5,2026-02-15 16:37:49,best of. in gp,0
Rifat 1234,5,2026-02-15 15:45:08,very nice app,0
Ohydul islam,5,2026-02-15 14:44:59,"It’s very easy, i like it...",0
sabbir ahamad ruhan Morol,5,2026-02-15 13:37:48,লেন ডেন ত ঠিকই আছে অসাধারণ টাকার কোন মুল্যনেই @moirol,0
Tania Islam,5,2026-02-15 10:57:25,"it didn't let me think twice, in one click gp took out my money from bKash. I was surprised. let people think twice, please. Overall the app is easy. Thank you.",32
TOXIC TV PRO,1,2026-02-15 08:24:25,useless network system and useless offer. offer rate is too high always. don't use the grameenphone.,0
rishita rayana,5,2026-02-15 04:18:50,I request TO GP AUTHORITY IF YOU INTERNET PACK PRICE SOME REDUCE POSDIBLE WE ARE VERY CONVINCE.,0
Kornal Ray Arjun,5,2026-02-14 23:38:02,I al setiesfied,0
Engr Rk Kausar,4,2026-02-14 22:26:52,Good Experience.,0
Syed Md. Selim,1,2026-02-14 20:39:20,ekta star o khub dukkhe dilam ..,0
Noman “Noman khan” Islam,5,2026-02-14 19:57:18,off my waep saite,0
Tanvir Ahmed,5,2026-02-14 18:50:34,good 😩😩💋❤️‍🩹,0
Ridwanul hossine irfan,1,2026-02-14 17:32:04,Very expensive pricings,0
Salah Uddin Ahmed,5,2026-02-14 15:36:53,It's very useful and effective app,0
Atikur Rahman,1,2026-02-14 15:32:03,The worst discission in my life was purchasing this sim card.I cann't get any good offer in last 1.5 years.This is so horrible.,2
Linkon Ruhul,1,2026-02-14 14:19:52,"Worst app, no offer!",0
Family Matters Tips & Tricks,5,2026-02-14 14:14:16,Fantastic application. Very useful.,0
Shahalam Shawon,5,2026-02-14 13:27:00,very very good,0
Mojahid Hassan,3,2026-02-14 12:03:32,Please give me a better offer.,0
Syed Palash,1,2026-02-14 12:02:48,ধান্দাবাজের জনক গ্রামীণফোনের কলরেট।,0
Ms Facts & Fun,5,2026-02-14 12:02:27,দারুণ সব অফার আছে।,0
Uzzal Kumar,1,2026-02-14 11:37:36,too much high price,0
Tamim Islam,5,2026-02-14 11:11:39,Very Good Experience and it helps me a lot .. I really like the app . Thanks Grameenphone .,0
Imran Prodhan,5,2026-02-14 10:05:09,This app is very good and helpful,0
Mamunur Rashid,5,2026-02-14 08:50:12,Use full Nice to use,0
OBAIDUR RAHMAN,1,2026-02-14 00:00:38,week network,0
A G A M E R,2,2026-02-13 23:33:32,আপনাদের অ্যাপ এ সাবস্ক্রিপশন ফাংকশন টি ঠিক মতো কাজ করে না আর আপনাদের আরো কিছু সাবস্ক্রিপশন ফাংশন অ্যাড করা দরকার কেমন CRUNCHYROLL বা ওই রকম কিছু লাস্টলি একটাই কথা বলবো অনেক হতাশ হয়েছি 😞,0
Jannat Begum,5,2026-02-13 23:04:28,this is beri useful app,0
MD YEASIN MIAH,5,2026-02-13 20:37:58,Very good services,0
Md Parves Hossain,1,2026-02-13 20:11:21,"মাসে কইবার আপডেট আনেন? সব ও প্রয়োজনিয় আপডেট এনে এ্যাপ এ বাগ আনতেছেন, 😡",0
Md Ratan,5,2026-02-13 19:56:49,thank you my GP apps,0
Kohinoor Aktar,5,2026-02-13 17:47:09,very good app,0
Adrar Abdullah,5,2026-02-13 16:30:01,এই অ্যাপটা অনেক ভালো,0
Zahidul Islam,1,2026-02-13 15:32:33,আমার মাইজিপি অ্যাপটিতে কম টাকার এমবির অফার আসে না কম টাকার এমবি না অপর না আসলে আমরা এমবি মিনিট ভরতে পারবো না কম টাকায় দিন আমরা মধ্যবিত্ত কম টাকা এমবির অফার দিন,0
MD SHOPON KHAN,5,2026-02-13 12:51:03,Good software,0
tanjila molla,5,2026-02-13 12:39:02,Valo offer den,0
Tamim Mollah,1,2026-02-13 11:21:08,internet er onek dam faltu app,0
Md Moshiur Rahman,5,2026-02-13 11:16:59,gp free gift and offers are very interesting,1
Sm Shanto,5,2026-02-13 04:04:56,AWESOME ☞ $ ☜ LOVE'S,0
Erfan Hossain,1,2026-02-13 01:57:12,Just two words Robber and Thief,0
REJUAN AHMED,5,2026-02-13 00:10:28,I think should to decrease more internet price.,0
Md Sumon mia,1,2026-02-12 19:32:14,very bad grameen company,0
SHARIF SAMIUL ALAM,5,2026-02-12 16:18:21,best operator✨,0
Md Mahin Miah,5,2026-02-12 12:28:03,"জ জি চা াা়়্্জান্ক়োাজচ,চটচট রানা জলজ কাচা কাচ শাহা সাজা ্দেওয়ারচচ ্াজাা্াাক্্না,জা চলা জা াাাাাপাাা্চ্নাা ্্াাাাটাাজাকাা,াা্‌ ্জাকাণাাাাাাাাাাআাাাাাাাাাাাাাাাাাাাাাাাাজাআট়নজজা্্্তারক,জমজ াকা়া্াজনাচচরচাক",0
Arman Kawsar,1,2026-02-12 11:37:23,Too much expansive every offer,0
MD. Salahuddin Kader Chowdhury,5,2026-02-12 11:19:54,Till now i am at the satisfaction level.,0
Sharfaraj Ali Bin Hasan,5,2026-02-12 09:48:17,খুবি ভালো উদ্দেগ।,0
Muhammad Shahabuddin,5,2026-02-12 09:30:36,Think our Grameenpone company,0
Joynul Abidin,5,2026-02-12 09:22:06,best experience,0
AB Shakil,5,2026-02-12 00:29:35,"মাই জিপি অ্যাপ থেকে, দুটি নাম্বার লগইন করতে পারছি না",0
emon ff,2,2026-02-12 00:21:04,এখানে ভালো অফার নেই,0
Raju Fahim,5,2026-02-11 23:27:46,nice app my gp,0
Fakhre Nazim,4,2026-02-11 20:41:08,Need more and more budget friendly packages. GP Packages price are high but their network strength is good. Need more and more stronger network,7
Tahsin Tahsina Noor,1,2026-02-11 19:04:32,"এখানে ভাল এমবির অফার থাকেনা, এমনে সব গুলু ইজি....!",2
Sadik,5,2026-02-11 18:30:50,please add limitless Internet offers 🙂,0
design influence co,5,2026-02-11 18:29:21,alwaysgood experience,0
নীল জোস্নার কাব্য,1,2026-02-11 18:28:14,"ইউজেজ হিস্টোরি বা কল হিস্টোরিতে পুরো নাম্বার বা নাম আসে না,কারন সাথে মিনিট প্যাক লিখা থাকে,এখানে টাকা দিয়ে নাকি মিনিট প্যাক দিয়ে কথা বলতেছি সেটা দেখানোর প্রয়োজন নাই,পুরা নাম্বার দেখা প্রয়োজন আর ৭২ ঘন্টা আপডেট হতে সময় লাগে, যা অনেক লম্বা সময়,আরও অল্প সময়ে আপডেট দরকার,আর এক সাথে একাধিক ন্বামারে মাই জিপি ব্যবহার করতে পারি না,একটা দিলে অন্যটা লগ আউট করতে হয়",0
P.K.H. 41,5,2026-02-11 18:09:29,গ্রামীণ আমার শালা,0
Shamoly Khatun,5,2026-02-11 16:47:45,good service,0
MD DIDARUL 0133,2,2026-02-11 15:19:01,এমবির দাম বেসি অনেক,0
Zahangir Alam Akash,3,2026-02-11 13:44:50,Internet Prices So Much Expensive,0
RAKIB RR,3,2026-02-11 13:44:44,everything esy,1
Md Labib Hasan Official,5,2026-02-11 09:24:48,Beery Nice Offer,0
Ruhulamin Sheikh,1,2026-02-11 07:02:34,This app/sim is an absolute garbage 😡,0
MD Ibrahim Kholil,5,2026-02-11 01:39:46,really nice app,0
Munshi Traders,5,2026-02-11 01:29:00,Munshi Traders wow,0
Forida Yeasmin Tanne,3,2026-02-10 23:56:50,Good network. but price was too high! Plz provide internet at a reasonable rate!,0
তাজিরুল জব,5,2026-02-10 20:09:44,আলহামদুলিল্লাহ ভালো ❤️❤️❤️,0
Shewasheer Mohammad Sami,1,2026-02-10 20:03:11,Horrible experience can't access the app without internet which should've been bare minimum. also the prices are too high compared to other alternatives.,16
masudi begum,3,2026-02-10 19:27:39,calling rate so high to another mobile operator,0
Md.asadul Khan,3,2026-02-10 18:52:48,খুব ভালো অ্যাপ,0
Lisan Alom,5,2026-02-10 17:35:19,such a great app,0
Ma Ma,5,2026-02-10 17:12:49,99 পয়সা সার্ভিস অনেক ভালো ফ্রি দিচ্ছে তারা 😌😌,0
Kazi Mohammad Mosaddeque Hossain,4,2026-02-10 16:50:01,Not bad at all,0
Mst. Minara Rasel,5,2026-02-10 15:10:40,Very very good and helpful Apps,1
Ashai com,5,2026-02-10 14:05:26,good but hi amount charge,0
Julekha Julie,1,2026-02-10 13:00:42,too much hypocrisy,0
Md Mozammel Haq Roni,5,2026-02-10 09:14:10,too expensive package,0
62 Kamodda GPS HT Fatema Khatun,1,2026-02-10 08:46:43,high price🙅‍♀️,0
Mehnaz Sabrin Rafa,2,2026-02-10 08:26:03,"so cozy the internet package, try to lower the price please",0
Md Mak Zakir,5,2026-02-10 07:14:03,Better service,0
Md Ayub,1,2026-02-10 00:11:20,alhamdulillah,0
Sk Almina,1,2026-02-09 23:06:22,Zero Civic sense!,0
M Husain,2,2026-02-09 22:56:04,"miserable, total waste of time",0
Dulal Khan,4,2026-02-09 21:21:43,ঠিক ভাই বড়। কস কীথযথ্য্য‍‌। ঞঞোঙ,0
bilkis nahar,2,2026-02-09 20:50:10,i don't know why this app is too slow and sometimes this app makes mistakes. and unfortunately I don't like this app very much. but it is save.,12
Md Nayem,5,2026-02-09 20:35:39,this is good Apps,0
Ishrat jahan Shorna,1,2026-02-09 19:13:04,useless internet offers,0
Deloar,5,2026-02-09 17:51:17,best call rate,0
MD SHAHIDUL ISLAM,1,2026-02-09 17:27:16,very bad apps. lost my money.,0
sharmin,1,2026-02-09 16:40:56,ফোনে নেট না থাকলে এপস ওপেন হয় না,0
ASIF,2,2026-02-09 15:19:55,"All are good, but , The call rate is a bit high.",3
ShawkaT RubeL,5,2026-02-09 10:12:28,User friendly,0
M.R. ARMAN KHAN,5,2026-02-09 09:50:51,অনেক অনেক ভালো 🥰,0
MIK,5,2026-02-09 08:35:12,Good service 👍,0
MD. Abu Sadad,5,2026-02-09 07:13:30,Very nice service,0
Md Mazharul Islam,5,2026-02-09 06:23:16,Good working this apps,0
Mukta Akter,5,2026-02-09 00:52:04,"দারুন, কিন্তু এমবি কেনার সময় ফ্রী এপ সুবিধা দরকার।",0
Naim Tutul,5,2026-02-08 23:39:50,taka konate hobe not happy,0
maha sultana jabin,1,2026-02-08 23:26:23,offers are not suitable to costly to deal with,1
Zahangir Alom,5,2026-02-08 23:21:34,it is very good,0
Popy Akhter,5,2026-02-08 22:30:39,everything here is great,0
Mr. Akash,1,2026-02-08 22:17:15,আপনার সিস্টেম ভালো না অতিরিক্ত টাকা কেটে না আপনারা,0
