user_name,rating,review_date,review_text,thumbs_up,operator,category,sentiment,english_summary
A Google user,5,2026-09-25 10:30:00,so bioutiful app,0,Banglalink,General Appreciation / Other,Positive,The customer finds the app to be very beautiful.
A Google user,5,2026-09-25 10:18:25,very nice🥳 🥳🥳🥳,0,Banglalink,General Appreciation / Other,Positive,The customer expressed general satisfaction with the service.
A Google user,5,2026-09-25 09:48:17,very good app,0,Banglalink,General Appreciation / Other,Positive,The customer expresses that the app is very good.
A Google user,3,2026-09-25 09:12:43,"The app is good, but the complaint section is limited and lacks an ""Others"" category. As a result, we are forced to call 121 or email for unlisted issues. Also, there is no option for general feedback or suggestions, and there are frequent loading issues when opening the app even with active mobile data (MB). Please fix the loading problem and add an ""Others"" option as well as a feedback section in the upcoming updates.",0,Banglalink,App Login & Technical Bugs,Negative,The user reports frequent app loading issues and requests the addition of an 'Others' category and a general feedback section to the complaint module.
A Google user,5,2026-09-25 09:01:46,"nice app,,,and use full app",0,Banglalink,General Appreciation / Other,Positive,The customer finds the app nice and useful.
A Google user,5,2026-09-25 06:54:10,good sim & app,0,Banglalink,General Appreciation / Other,Positive,The customer expresses satisfaction with both the SIM card and the application.
A Google user,5,2026-09-25 03:40:55,it’s very good,0,Banglalink,General Appreciation / Other,Positive,The customer expresses general satisfaction with the service.
A Google user,5,2026-09-25 03:14:32,so beautiful,0,Banglalink,General Appreciation / Other,Positive,The customer expressed that the service or app is beautiful.
A Google user,5,2026-09-25 02:50:12,I have been using Banglalink SIM since the beginning and I also use X. I really like it.,0,Banglalink,General Appreciation / Other,Positive,The customer expresses long-term loyalty to Banglalink and satisfaction with their service.
A Google user,5,2026-09-25 01:00:58,It's a very good app for BL users,0,Banglalink,General Appreciation / Other,Positive,The customer expresses that the app is very good for Banglalink users.
A Google user,5,2026-09-25 00:00:53,sjddjdjdjjdjddjududud77d higgins ushsjedjedneodnddbedj 🤣r🤣😅❤️😅🙂😅e 😅🥲ws io 🙏ree 🙏ei😔🙏😔keiko 🙏😔i po,0,Banglalink,General Appreciation / Other,Neutral,The review consists of random keyboard mashing and emojis with no discernible meaning or specific feedback.
A Google user,1,2026-09-24 23:34:18,banglalink internet speed very very bad.,0,Banglalink,Network Speed & 4G Latency,Negative,The customer reports that the Banglalink internet speed is extremely poor.
A Google user,5,2026-09-24 22:56:23,very wonderful app,0,Banglalink,General Appreciation / Other,Positive,The customer expresses that the app is very wonderful.
A Google user,5,2026-09-24 22:07:08,আমি বাংলালিংক এর এই এপ ব্যবহার করে ভালোই লাগছে,0,Banglalink,General Appreciation / Other,Positive,The user is happy with using the Banglalink app.
A Google user,5,2026-09-24 21:35:44,very good sarbis🥰,0,Banglalink,General Appreciation / Other,Positive,The customer expresses that the service is very good.
A Google user,3,2026-09-24 20:07:00,banglalink fast,0,Banglalink,Network Speed & 4G Latency,Positive,The customer praises Banglalink for its fast network speed.
A Google user,5,2026-09-24 19:31:50,Very good app,0,Banglalink,General Appreciation / Other,Positive,The customer expresses satisfaction with the overall quality of the app.
A Google user,4,2026-09-24 19:12:13,good morning,0,Banglalink,General Appreciation / Other,Neutral,The user sent a standard morning greeting without providing specific feedback.
A Google user,1,2026-09-24 18:16:51,"খুবই বাজে নেটওয়ার্ক, সকল সার্ভিসের দামও অনেক বেশি, এক কথায় বাংলাদেশের সবচেয়ে বাজে অপারেটর!",16,Banglalink,Network Speed & 4G Latency,Negative,"The customer complains about the very poor network quality and high service prices, labeling the operator as the worst in Bangladesh."
A Google user,1,2026-09-24 15:30:57,বাংলালিংক এর মত ফালতু সিম আমি কখন ও দেখি নাই সুদু এমবি বা মিনিট এর দাম কম হলেই হবে না চলতেও হবে এবং কি এই সময় যখন আমি এই কথা গুলো লিখছি এখন ও ইমারজেন্সি উঠে আছে আরে ভাই এটা কেমন ফালতু সিম 😌 তারা বলছে হেল্প লাইন এ যোগাযোগ করতে কিন্তু তারা কোন উপকার ওই করতে পারে নাই আমার এখন ও নেট চলে না 😅 সিম কিনার আগে ভেবে কিনবেন,0,Banglalink,Network Speed & 4G Latency,Negative,"The user complains that the network is down with an emergency status, rendering the SIM useless despite low rates, and notes that customer support was unable to resolve the issue."
A Google user,5,2026-09-24 15:30:45,very good app,0,Banglalink,General Appreciation / Other,Positive,The customer expresses that the app is very good.
A Google user,5,2026-09-24 15:25:19,onek valo akta apps,0,Banglalink,General Appreciation / Other,Positive,The customer describes the app as very good.
A Google user,5,2026-09-24 13:46:15,"Darun offer,,",0,Banglalink,Offers & Data Packs,Positive,The customer finds the offers to be excellent.
A Google user,5,2026-09-24 11:55:21,this is very nice,0,Banglalink,General Appreciation / Other,Positive,The customer expresses that the service or app is very nice.
A Google user,5,2026-09-24 00:17:40,I love MyBL.,0,Banglalink,General Appreciation / Other,Positive,The customer expresses love for the MyBL app.
A Google user,5,2026-09-23 23:12:07,is a good apps for banglalink usear 👍,0,Banglalink,General Appreciation / Other,Positive,The customer considers the app to be good for Banglalink users.
A Google user,5,2026-09-23 23:09:31,Very good 🖤🫶,0,Banglalink,General Appreciation / Other,Positive,The customer expressed general satisfaction with the service.
A Google user,5,2026-09-23 22:16:36,Very good app,0,Banglalink,General Appreciation / Other,Positive,The customer expresses satisfaction with the overall quality of the app.
A Google user,5,2026-09-23 21:16:44,very helpful,0,Banglalink,General Appreciation / Other,Positive,The customer finds the service or app very helpful.
A Google user,5,2026-09-23 21:09:55,Mou Rahman Rahman wow,0,Banglalink,General Appreciation / Other,Positive,The customer expressed excitement and approval with a brief exclamation.
A Google user,4,2026-09-23 20:33:52,more reasonable offer want in 30 day pack,0,Banglalink,Offers & Data Packs,Neutral,The customer is requesting more reasonable pricing or better value for the 30-day data pack.
A Google user,5,2026-09-23 20:00:12,Riya Islam🇧🇩,0,Banglalink,General Appreciation / Other,Neutral,"The review consists only of a user's name and country flag, containing no specific feedback or operational issues."
A Google user,5,2026-09-23 19:46:23,Bangladesh fast network all time Banglalink sim my fast choice Banglalink & free fire no vpn Banglalink sim im so hepy,0,Banglalink,Network Speed & 4G Latency,Positive,The user praises Banglalink for having a fast network that allows them to play Free Fire without a VPN.
A Google user,5,2026-09-23 19:13:59,Thanks for MyBL,0,Banglalink,General Appreciation / Other,Positive,The user is expressing gratitude for the MyBL app.
A Google user,5,2026-09-23 19:01:24,Good service,0,Banglalink,General Appreciation / Other,Positive,The customer expresses satisfaction with the overall service quality.
A Google user,4,2026-09-23 16:40:23,its very good,0,Banglalink,General Appreciation / Other,Positive,The customer expresses that the service or app is very good.
A Google user,5,2026-09-23 16:36:52,ফ্রি ইন্টারনেট দেন আমাকে আপনার সফটওয়্যার ইউজ করি আমি মাইবেলা আপডেট দিয়ে প্রতিদিন একবার আর এক থেকে দুইজনরে আমি ডাউনলোড করে দেই মাইবেলা ঠিক আছে আমাকে ফ্রি ইন্টারনেট দিবেন ওকে,0,Banglalink,Offers & Data Packs,Neutral,"The user reports that the MyBL app is working well and they are helping others download it, but they are requesting free internet access in return."
A Google user,5,2026-09-23 15:35:32,I'm happy my bl,0,Banglalink,General Appreciation / Other,Positive,The customer expresses happiness with their Banglalink service.
A Google user,5,2026-09-23 15:34:05,very nice app,0,Banglalink,General Appreciation / Other,Positive,The customer expresses that the app is very nice.
A Google user,1,2026-09-23 13:13:04,"নেট আগের চেয়ে স্লো হই গেছে, যার কারনে সিম চেন্জ করার সিদ্ধান্ত নিয়ে নিয়েছি৷",0,Banglalink,Network Speed & 4G Latency,Negative,"The network has become slower than before, which has led the customer to decide to switch SIM cards."
A Google user,5,2026-09-23 12:52:53,"জন্য অনেক উপকার। it's a big deal, so I appreciate my BL BL app,,,,,,,,,,,,,,,,,,,,,,,,,,,,,,,,,,,,,,,,,,,,,,,,,,,,,,,,,,,,,,,,,,,,,,,,,,,,,,,,,,,,, ,,,,,,,,,,,,,,,,,,,,,,,,,,,,,,,,,,,,,,,,,,,,,,,,,,,,,,,,,,,,,,,,,,,,,,, 👍👍👍👍👍👍👍👍👍👍👍👍👍👍👍👍👍👍👍👍👍👍👍👍👍👍👍👍👍👍👍👍👍👍👍👍👍👍👍👍👍👍👍👍👍👍👍👍👍👍👍👍👍👍👍👍👍👍👍👍👍👍👍👍👍👍👍👍👍👍👍👍👍👍👍👍👍👍👍👍👍👍👍👍👍👍👍👍👍👍👍👍👍👍👍👍👍👍👍👍👍👍👍👍👍👍👍👍👍👍👍👍👍👍👍👍👍👍👍👍👍👍👍👍👍👍👍👍👍👍👍👍👍👍👍👍👍👍👍",0,Banglalink,General Appreciation / Other,Positive,"The customer expresses strong appreciation for the MyBL app, describing it as very useful and a big deal."
A Google user,5,2026-09-23 11:12:06,good apps optimized,0,Banglalink,General Appreciation / Other,Positive,The customer appreciates that the app is good and well-optimized.
A Google user,5,2026-09-23 10:02:38,best app for used,0,Banglalink,General Appreciation / Other,Positive,The customer considers the app to be the best for usage.
A Google user,5,2026-09-23 09:22:22,AMAZING NETWORKS for smooth communication with dear ones...,0,Banglalink,Network Speed & 4G Latency,Positive,The customer praises the network quality for enabling smooth communication.
A Google user,5,2026-09-23 05:47:43,Eta onek valo app,0,Banglalink,General Appreciation / Other,Positive,This is a very good app.
A Google user,5,2026-09-23 02:43:30,Banglalink network is too good,0,Banglalink,Network Speed & 4G Latency,Positive,The customer praises the quality of the Banglalink network.
A Google user,5,2026-09-22 23:45:31,such a great platform... ❤️,0,Banglalink,General Appreciation / Other,Positive,The customer expresses high satisfaction with the platform.
A Google user,5,2026-09-22 22:09:50,খুব ভালো নেটওয়ার্ক,0,Banglalink,Network Speed & 4G Latency,Positive,The customer states that the network is very good.
A Google user,4,2026-09-22 21:13:54,BL IS GOOD But price is high than others cell phone,0,Banglalink,General Appreciation / Other,Neutral,The customer acknowledges that Banglalink is good but notes that its prices are higher than other mobile operators.
A Google user,5,2026-09-22 21:09:12,অনেক ভালো সারভি আপনাদের,0,Banglalink,General Appreciation / Other,Positive,The customer states that your service is very good.
A Google user,5,2026-09-22 20:03:54,it's very helpful app,0,Banglalink,General Appreciation / Other,Positive,The customer finds the app very helpful.
A Google user,5,2026-09-22 19:55:52,thank you Banglalink,0,Banglalink,General Appreciation / Other,Positive,The customer is expressing gratitude to Banglalink.
A Google user,5,2026-09-22 18:02:44,very very good,0,Banglalink,General Appreciation / Other,Positive,The customer expresses high satisfaction with the service.
A Google user,5,2026-09-22 16:07:00,Best Networks,0,Banglalink,General Appreciation / Other,Positive,The customer expresses satisfaction with the quality of the network.
A Google user,4,2026-09-22 16:06:02,offer prices to much,0,Banglalink,Offers & Data Packs,Negative,The customer is complaining that the prices of the available offers are too high.
A Google user,5,2026-09-22 13:05:14,thank you for banglalink,0,Banglalink,General Appreciation / Other,Positive,The customer is expressing gratitude to Banglalink.
A Google user,4,2026-09-22 10:34:02,good service.,0,Banglalink,General Appreciation / Other,Positive,The customer expresses satisfaction with the overall service quality.
A Google user,5,2026-09-22 10:28:52,বাংলাদেশ এক নাম্বার my BL,0,Banglalink,General Appreciation / Other,Positive,The customer expresses that Banglalink is number one and praises the MyBL app.
A Google user,5,2026-09-22 09:16:54,Biplob Ahmeed অনেক ভালো সার্ভিস।,0,Banglalink,General Appreciation / Other,Positive,The customer states that the service is very good.
A Google user,5,2026-09-22 02:11:25,good performance,0,Banglalink,General Appreciation / Other,Positive,The customer is expressing satisfaction with the overall good performance.
A Google user,5,2026-09-21 23:27:12,Nice Sar vise,0,Banglalink,General Appreciation / Other,Positive,The customer expresses that the service is nice.
A Google user,5,2026-09-21 23:17:40,it's a very useful apps for ne,0,Banglalink,General Appreciation / Other,Positive,The customer finds the app very useful.
A Google user,1,2026-09-21 22:48:59,This is so much uncomfortable network i ever used. this is not for all the place its only for this area which is located around 500m of net tower. so much disgusting.,0,Banglalink,Network Speed & 4G Latency,Negative,"The customer complains that the network coverage is extremely limited, working only within 500 meters of the tower, and describes the experience as uncomfortable and disgusting."
A Google user,5,2026-09-21 19:38:05,অনেক সুন্দর এপ,0,Banglalink,General Appreciation / Other,Positive,The customer describes the app as very beautiful.
A Google user,5,2026-09-21 18:47:32,Good network,0,Banglalink,Network Speed & 4G Latency,Positive,The customer is satisfied with the quality of the network.
A Google user,5,2026-09-21 17:34:34,Nice apps ❤️,0,Banglalink,General Appreciation / Other,Positive,The customer expresses satisfaction with the app.
A Google user,5,2026-09-21 17:21:18,Good Service 👍,0,Banglalink,General Appreciation / Other,Positive,The customer expresses satisfaction with the overall service quality.
A Google user,5,2026-09-21 15:28:48,"I have been using it for ten years, very good service.",0,Banglalink,General Appreciation / Other,Positive,The customer has been using the service for ten years and finds it very good.
A Google user,5,2026-09-21 13:31:28,"bl offer ar spurve,,,network high speed to other network",0,Banglalink,Network Speed & 4G Latency,Positive,The customer appreciates the offers and states that the network speed is high compared to other networks.
A Google user,5,2026-09-21 11:52:14,Banglalink sim is best service of Bangladesh in our country.,0,Banglalink,General Appreciation / Other,Positive,The customer states that Banglalink provides the best service in Bangladesh.
A Google user,5,2026-09-21 09:26:21,ei apps to onek vlo .Ami onek upokar pelam.,0,Banglalink,General Appreciation / Other,Positive,The user states that the app is very good and they have found it very useful.
A Google user,5,2026-09-21 08:36:36,“Excellent app! Very easy to use and helpful. ❤️”,0,Banglalink,General Appreciation / Other,Positive,"The customer praises the app for being excellent, easy to use, and helpful."
A Google user,5,2026-09-21 08:27:39,নাইস কি বাবা,0,Banglalink,General Appreciation / Other,Positive,"The user expresses a casual positive sentiment, essentially saying 'Nice, what is this, dad?' or simply 'Nice, man.'"
A Google user,5,2026-09-21 04:10:33,"excellent performance, I wish your best future",0,Banglalink,General Appreciation / Other,Positive,The user expresses satisfaction with the service performance and offers well wishes for the future.
A Google user,4,2026-09-21 03:43:40,work full app great,0,Banglalink,General Appreciation / Other,Positive,The customer states that the app works perfectly and is great.
A Google user,3,2026-09-21 00:28:32,Overall Good,0,Banglalink,General Appreciation / Other,Positive,The customer expresses general satisfaction with the service.
A Google user,1,2026-09-21 00:00:46,faltu apps ekta banay rakhche,0,Banglalink,General Appreciation / Other,Negative,The user criticizes the app as being useless and unnecessary.
A Google user,5,2026-09-20 23:58:14,this app very very helpful,0,Banglalink,General Appreciation / Other,Positive,The customer finds the app very helpful.
A Google user,1,2026-09-20 23:33:26,Banglalink internet is to slow,0,Banglalink,Network Speed & 4G Latency,Negative,The customer complains that the Banglalink internet connection is too slow.
A Google user,5,2026-09-20 23:02:35,Bangladesh best sim,0,Banglalink,General Appreciation / Other,Positive,The customer expresses that Banglalink is the best SIM operator in Bangladesh.
A Google user,5,2026-09-20 20:26:05,nice and wonderful app.,0,Banglalink,General Appreciation / Other,Positive,"The customer expresses satisfaction with the app, describing it as nice and wonderful."
A Google user,1,2026-09-20 20:18:03,The network is extremly weak. Prices are getting higher every day but the connection is getting worse. If you are a gamer please choose something else.,0,Banglalink,Network Speed & 4G Latency,Negative,"The customer complains about weak network signals and worsening connection quality despite rising prices, advising gamers to choose a different provider."
A Google user,5,2026-09-20 18:53:06,best internet offer,0,Banglalink,Offers & Data Packs,Positive,The customer praises the quality of the internet offers.
A Google user,5,2026-09-20 18:08:27,very good apps,0,Banglalink,General Appreciation / Other,Positive,The customer expresses that the app is very good.
A Google user,5,2026-09-20 17:12:44,good app nice scarves,0,Banglalink,General Appreciation / Other,Positive,The user expresses general satisfaction with the app and mentions liking the scarves.
A Google user,5,2026-09-20 13:29:57,good network at present,0,Banglalink,Network Speed & 4G Latency,Positive,The customer is satisfied with the current network quality.
A Google user,1,2026-09-20 11:12:49,"Banglalink Grameen SIM has the same quality, their packages are very expensive, Banglalink's service cannot be good everywhere.",0,Banglalink,Offers & Data Packs,Negative,The customer complains that Banglalink's packages are very expensive and the service quality is inconsistent.
A Google user,5,2026-09-20 10:53:08,khoob Sundar,0,Banglalink,General Appreciation / Other,Positive,The customer expresses that the service or app is very beautiful and excellent.
A Google user,5,2026-09-20 09:58:18,vary beautiful app,0,Banglalink,General Appreciation / Other,Positive,The customer finds the app design very beautiful.
A Google user,5,2026-09-20 09:40:42,10 years lover,0,Banglalink,General Appreciation / Other,Positive,The customer expresses long-term loyalty to the service provider.
A Google user,5,2026-09-20 07:30:40,onak upokari,0,Banglalink,General Appreciation / Other,Positive,The user states that the service is very useful.
A Google user,5,2026-09-20 06:20:10,nice 💯 NN kupi,0,Banglalink,General Appreciation / Other,Positive,"The customer expresses satisfaction with the service, describing it as nice and good."
A Google user,5,2026-09-20 00:18:04,good network good gift ❤️,0,Banglalink,General Appreciation / Other,Positive,The customer expresses satisfaction with the network quality and received gifts.
A Google user,5,2026-09-19 23:23:30,good offers are in this app.,0,Banglalink,Offers & Data Packs,Positive,The customer appreciates the good offers available in the app.
A Google user,3,2026-09-19 22:55:49,BL Offer is so expensive than other operators. And literally no offer is there for lower class or lower middle class for example 30 days validity of lower min/ data package with lower price. this is much needed for cover a large group of people across the country. Despite having BL sim I use another sim operator for daily use because of the reasonable package I have mentioned above. This is my personal opinion. Please don't take it otherwise.,0,Banglalink,Offers & Data Packs,Negative,"The customer finds Banglalink's offers too expensive and lacking affordable long-term data packages for lower-income users, leading them to prefer a competitor for daily use."
A Google user,5,2026-09-19 22:33:21,so good h bootstrap,0,Banglalink,General Appreciation / Other,Positive,The user expresses that the service is very good.
A Google user,5,2026-09-19 22:19:42,Thank you MyBL,0,Banglalink,General Appreciation / Other,Positive,The customer is expressing gratitude to the MyBL app.
A Google user,5,2026-09-19 22:01:15,অনেক ভালো app খুব সহজ mb ও টাকা দেখা যায়,0,Banglalink,General Appreciation / Other,Positive,The user praises the app for being very easy to use and for clearly displaying MB and balance details.
A Google user,5,2026-09-19 21:41:18,মাই বিপিএল এপ সেরা ১,0,Banglalink,General Appreciation / Other,Positive,The user states that the MyBL app is the best.
A Google user,5,2026-09-19 20:29:25,Good performance,0,Banglalink,General Appreciation / Other,Positive,The customer is expressing satisfaction with the overall performance of the service.
A Google user,5,2026-09-19 20:03:20,Mr. Asraful ভালো,0,Banglalink,General Appreciation / Other,Positive,The customer is expressing positive sentiment by stating that Mr. Asraful is good.
A Google user,5,2026-09-19 18:51:34,i need des gift 🥺,0,Banglalink,Offers & Data Packs,Neutral,The user is requesting a data gift or data pack.
A Google user,5,2026-09-19 16:16:28,(.Rk.Mahedi.),0,Banglalink,General Appreciation / Other,Neutral,The review consists only of a user signature or name with no specific feedback content.
A Google user,5,2026-09-19 16:11:38,nice service bangla link,0,Banglalink,General Appreciation / Other,Positive,The customer expresses satisfaction with the overall service provided by Banglalink.
A Google user,5,2026-09-19 15:02:55,anek Bhalo activation store,0,Banglalink,General Appreciation / Other,Positive,The customer praises the quality of the activation stores.
A Google user,1,2026-09-19 14:24:49,"Very poor app optimisation and don't have dark mode which is very disgusting. The network coverage is very poor and price of packages are too high than the others. I have been using banglalink SIM for a long time, that is why I have a strong connection and Affection to banglalink. But day by day it is disappointing me. Eagerly waiting for the day when banglalink will provide high speed network connection affordable package price and smoother performance in my banglalink app.",0,Banglalink,App Login & Technical Bugs,Negative,"The user criticizes the app's poor optimization and lack of dark mode, while also expressing dissatisfaction with network coverage and high package prices despite their long-term loyalty."
A Google user,5,2026-09-19 14:12:41,এটা আনেক ভালো,0,Banglalink,General Appreciation / Other,Positive,The user states that this is very good.
A Google user,5,2026-09-19 13:21:46,thats good😘🥰,0,Banglalink,General Appreciation / Other,Positive,The customer expresses satisfaction with the service using positive emojis.
A Google user,5,2026-09-19 10:44:07,My accounts devise honor devlope very much appreciated,0,Banglalink,General Appreciation / Other,Positive,The customer expresses high appreciation for the development of their account device.
A Google user,5,2026-09-19 07:04:39,আলহামদুলিল্লাহ,0,Banglalink,General Appreciation / Other,Positive,"The customer expresses gratitude and praise, likely indicating satisfaction with the service."
A Google user,5,2026-09-18 23:33:30,Thank you for Banglalink app,0,Banglalink,General Appreciation / Other,Positive,The customer is expressing gratitude for the Banglalink app.
A Google user,5,2026-09-18 21:30:44,lovely experience,0,Banglalink,General Appreciation / Other,Positive,The customer expresses satisfaction with their overall experience.
A Google user,5,2026-09-18 20:55:13,it's varry nice app,0,Banglalink,General Appreciation / Other,Positive,The customer finds the app to be very nice.
A Google user,5,2026-09-18 20:27:35,Valo 30 Day offer,0,Banglalink,Offers & Data Packs,Positive,The customer expresses satisfaction with the 30-day offer.
A Google user,5,2026-09-18 17:49:39,all the best,0,Banglalink,General Appreciation / Other,Positive,The customer is expressing general well-wishes and positive sentiment.
A Google user,5,2026-09-18 14:45:08,My Banglalink app is so easy and so pretty,0,Banglalink,General Appreciation / Other,Positive,The customer finds the Banglalink app to be user-friendly and visually appealing.
A Google user,5,2026-09-18 14:16:32,"myBL app is useful, but the UI/UX needs a modern, clean, and professional redesign with easier navigation. Please make offers, prices, package details, and validity clearer. myBL should also introduce affordable monthly combo packages, including generous or unlimited internet with unlimited minutes at reasonable prices, similar to options available in India and Nepal. Please listen to customer feedback and bring these improvements in future updates.",1,Banglalink,Offers & Data Packs,Neutral,"The user suggests modernizing the app's UI and introducing affordable, unlimited monthly combo packages similar to those in neighboring countries."
A Google user,5,2026-09-18 13:45:06,প্লিজ স্টার্ট মি please is tell me,0,Banglalink,General Appreciation / Other,Neutral,The user is requesting assistance or information but provides no specific details about the issue.
A Google user,4,2026-09-18 13:07:11,its good for using,0,Banglalink,General Appreciation / Other,Positive,The customer finds the app good for general use.
A Google user,5,2026-09-18 12:38:37,বেস্ট অফার অ্যাপস,0,Banglalink,Offers & Data Packs,Positive,The customer praises the app for having the best offers.
A Google user,5,2026-09-18 11:34:55,nice application,0,Banglalink,General Appreciation / Other,Positive,The customer expresses satisfaction with the application.
A Google user,2,2026-09-18 11:04:23,sometimes net gone came in 10 second letter,1,Banglalink,Network Speed & 4G Latency,Negative,The user reports that the network frequently disconnects and takes about 10 seconds to reconnect.
A Google user,3,2026-09-18 06:52:29,"বাংলালিংক,, we needs mb within 10 taka",0,Banglalink,Offers & Data Packs,Neutral,The customer is requesting a data pack that provides MBs for 10 taka.
A Google user,5,2026-09-18 04:44:56,wow that's great 😃,0,Banglalink,General Appreciation / Other,Positive,The customer expressed general satisfaction and happiness.
A Google user,1,2026-09-18 03:54:38,Too much advertising,0,Banglalink,General Appreciation / Other,Negative,The customer is complaining about the excessive amount of advertising in the app.
A Google user,5,2026-09-17 23:14:55,খুবেইই ভালো একটা সিম,0,Banglalink,General Appreciation / Other,Positive,The customer states that the SIM card is very good.
A Google user,5,2026-09-17 23:04:11,"বাংলালিংক সব নেটওয়ার্কের থেকে সর্বোচ্চ ভালো নেটওয়ার্ক,,,,,",0,Banglalink,Network Speed & 4G Latency,Positive,The customer states that Banglalink has the best network compared to all other providers.
A Google user,4,2026-09-17 20:47:26,internet price need to reduce,1,Banglalink,Offers & Data Packs,Negative,The customer is requesting a reduction in internet prices.
A Google user,5,2026-09-17 20:37:35,thank you Bengali,0,Banglalink,General Appreciation / Other,Positive,The customer is expressing gratitude.
A Google user,3,2026-09-17 18:15:24,৩০ দিনের একটা অফার দিন কয়েন দিয়ে যেন কিনতে হয়,1,Banglalink,Offers & Data Packs,Neutral,The customer is requesting a 30-day offer that can be purchased using coins.
A Google user,5,2026-09-17 17:43:14,ধন্যবাদ প্রিয়,0,Banglalink,General Appreciation / Other,Positive,The customer is expressing gratitude and appreciation.
A Google user,1,2026-09-17 17:10:42,The Networking system is very bad. Call rate high.,0,Banglalink,Network Speed & 4G Latency,Negative,The customer complains about poor network quality and high call rates.
A Google user,5,2026-09-17 17:08:26,my account 10000 free,0,Banglalink,Billing & Airtime Deductions,Neutral,"The user is reporting that their account balance shows 10,000 free units."
A Google user,5,2026-09-17 17:00:02,সুন্দর আয়োজন সব,0,Banglalink,General Appreciation / Other,Positive,The customer appreciates the beautiful arrangement or setup.
A Google user,5,2026-09-17 16:53:58,so beautiful,0,Banglalink,General Appreciation / Other,Positive,The customer expressed that the service or app is beautiful.
A Google user,5,2026-09-17 14:27:38,esa wasa Ll),0,Banglalink,General Appreciation / Other,Neutral,The review consists of unintelligible text or gibberish with no discernible operational feedback.
A Google user,5,2026-09-17 13:38:49,Very good service.,0,Banglalink,General Appreciation / Other,Positive,The customer expresses satisfaction with the overall service quality.
A Google user,5,2026-09-17 11:35:03,good job aro valo offer pete chai,0,Banglalink,Offers & Data Packs,Positive,The user appreciates the current service but requests better offers.
A Google user,5,2026-09-17 11:22:13,very nice app,1,Banglalink,General Appreciation / Other,Positive,The customer expresses satisfaction with the overall quality of the app.
A Google user,5,2026-09-17 09:38:41,Mohammad Hasan ৫০ ১০০ তে এমবি প্যাকেজ দেওয়া হোক,0,Banglalink,Offers & Data Packs,Neutral,The customer is requesting a data package that offers 50 to 100 MB.
A Google user,2,2026-09-17 09:37:38,Sob area ta network pawya zay na.valo Kono offer nei,0,Banglalink,Network Speed & 4G Latency,Negative,The customer reports that the network is unavailable in their area and complains about the lack of good offers.
A Google user,5,2026-09-17 08:49:02,বাংলালিংকের কুইজ গুলো আমার কাছে খুব ভালো লাগে। এগুলো আনসার দিলে পয়েন্ট পাওয়া যায়। সে পয়েন্ট দিয়ে আবার এমবি নেওয়া যায়।,0,Banglalink,Offers & Data Packs,Positive,The customer enjoys Banglalink's quizzes which allow them to earn points that can be redeemed for MBs.
A Google user,5,2026-09-17 06:30:41,প্রতি নিয়ত নতুনের পথে,0,Banglalink,General Appreciation / Other,Positive,The customer expresses that the service is always on a new and positive path.
A Google user,5,2026-09-17 04:08:55,vry nice apps good apps plz give me md bonus,0,Banglalink,General Appreciation / Other,Positive,The user praises the app and requests a mobile data bonus.
A Google user,5,2026-09-16 23:44:26,আমাকে অ্যাপসে বোনাস দিবেন জিবি,0,Banglalink,Offers & Data Packs,Neutral,The customer is requesting a bonus data pack in gigabytes through the app.
A Google user,5,2026-09-16 23:22:11,varry good app,0,Banglalink,General Appreciation / Other,Positive,The customer rates the app as very good.
A Google user,5,2026-09-16 22:38:13,My BL apps Update Verry Good,0,Banglalink,General Appreciation / Other,Positive,The customer is expressing satisfaction with the recent update of the MyBL app.
A Google user,5,2026-09-16 22:13:07,it is vary nice phone balance check internet check and minute check best of bl sim,0,Banglalink,General Appreciation / Other,Positive,"The customer praises the app for its convenient features to check phone balance, internet, and minutes, calling it the best for BL SIM."
A Google user,5,2026-09-16 22:11:15,nice app my well,0,Banglalink,General Appreciation / Other,Positive,"The user expresses satisfaction with the app, describing it as nice and well-made."
A Google user,3,2026-09-16 20:14:32,netwark very slow,0,Banglalink,Network Speed & 4G Latency,Negative,The customer reports that the network speed is very slow.
A Google user,5,2026-09-16 19:26:09,internet not bad,1,Banglalink,Network Speed & 4G Latency,Positive,The customer states that the internet service is not bad.
A Google user,5,2026-09-16 19:02:29,Fast internet speed,0,Banglalink,Network Speed & 4G Latency,Positive,The customer is praising the fast internet speed.
A Google user,5,2026-09-16 18:53:25,very very good apps,0,Banglalink,General Appreciation / Other,Positive,The customer expresses that the app is very good.
A Google user,5,2026-09-16 18:13:13,good service,0,Banglalink,General Appreciation / Other,Positive,The customer expresses satisfaction with the overall service quality.
A Google user,1,2026-09-16 16:28:50,বালের নেট এত বাজে নেট স্পিড ঠিকমতো নেট চালানো যায় না খুব খারাপ একটা অবস্থা এই সিমের দ্বারা এসব আশা করা যায় না,0,Banglalink,Network Speed & 4G Latency,Negative,"The user complains that the network speed is very poor and unusable, expressing disappointment with the SIM's performance."
A Google user,5,2026-09-16 15:57:24,Very good job,0,Banglalink,General Appreciation / Other,Positive,The customer expresses satisfaction with the service.
A Google user,1,2026-09-16 13:59:08,মোবাইল রিচার্জ করলে 1-5 taka auto কেটে নেই customer service এ জানালে বলে নেট ইউজ হয়েছে।,0,Banglalink,Billing & Airtime Deductions,Negative,"The customer reports unauthorized automatic deductions of 1-5 taka after recharging, which customer service incorrectly attributes to network usage."
A Google user,5,2026-09-16 13:26:24,this is good,1,Banglalink,General Appreciation / Other,Positive,The customer expresses general satisfaction with the service.
A Google user,5,2026-09-16 10:21:23,Hi valo aucan,0,Banglalink,General Appreciation / Other,Neutral,The user is simply saying hello and asking how you are.
A Google user,1,2026-09-16 09:36:26,"I have been a loyal Banglalink user for a long time and it used to be my favorite network. However, the service quality has plummeted drastically recently. The network coverage and internet speed have become absolutely terrible, even right in the middle of the city indoors. It's completely frustrating to use now. Fix your network infrastructure, or you are going to lose all your long-time customers!",0,Banglalink,Network Speed & 4G Latency,Negative,"A long-time user reports a drastic decline in network coverage and internet speed, expressing frustration and warning of potential customer churn."
A Google user,5,2026-09-16 08:33:05,মাই বেল অ্যাপ অসাধারণ একটি অ্যাপস প্রত্যেক তিক্তক অনেক অনেক আনন্দিত বাংলালিংক সিমের সাথে থাকতে পেরে আমি করি আনন্দিত,0,Banglalink,General Appreciation / Other,Positive,The customer expresses that the MyBL app is excellent and they are very happy to be using a Banglalink SIM.
A Google user,5,2026-09-15 22:32:55,good service,0,Banglalink,General Appreciation / Other,Positive,The customer expresses satisfaction with the overall service quality.
A Google user,5,2026-09-15 21:08:04,good service,0,Banglalink,General Appreciation / Other,Positive,The customer expresses satisfaction with the overall service quality.
A Google user,4,2026-09-15 21:03:53,"Excellent app for Banglalink users! It makes buying packs, checking balance, and tracking history so easy and convenient. The user interface is clean, and the exclusive offers are great. Highly recommended!",2,Banglalink,General Appreciation / Other,Positive,"The user highly recommends the app for its clean interface and ease of use in managing packs, balance, and offers."
A Google user,5,2026-09-15 20:48:38,গুড নাইস বাংলালিংক গুড নেটওয়ার্ক,0,Banglalink,General Appreciation / Other,Positive,The customer praises Banglalink and its good network.
A Google user,1,2026-09-15 20:40:45,volte button doesn't work when my phone & sim support it,0,Banglalink,App Login & Technical Bugs,Negative,The user reports that the VoLTE toggle in the app is non-functional despite their device and SIM supporting the feature.
A Google user,5,2026-09-15 19:37:23,*Banglalink is my favourite sim..I always keep this sim slot 1..,0,Banglalink,General Appreciation / Other,Positive,The customer expresses that Banglalink is their favorite SIM and they always keep it in their primary slot.
A Google user,5,2026-09-15 18:58:16,very usefull app,0,Banglalink,General Appreciation / Other,Positive,The customer finds the app very useful.
A Google user,5,2026-09-15 18:57:25,Very good network,0,Banglalink,Network Speed & 4G Latency,Positive,The customer is satisfied with the quality of the network.
A Google user,5,2026-09-15 15:03:40,Really useful,0,Banglalink,General Appreciation / Other,Positive,The customer finds the app really useful.
A Google user,5,2026-09-15 12:37:30,beautiful 😍😍,0,Banglalink,General Appreciation / Other,Positive,The customer expressed positive sentiment with the word 'beautiful' and emojis.
A Google user,5,2026-09-15 11:58:28,lower quality service..5 start given for coin,0,Banglalink,General Appreciation / Other,Negative,The user complains about low service quality and mentions receiving a 5-star rating for a coin reward.
A Google user,5,2026-09-14 21:22:00,ok. fine.....,0,Banglalink,General Appreciation / Other,Neutral,"The customer provided a brief, non-specific response indicating general acceptance or lack of specific issues."
A Google user,5,2026-09-14 21:08:31,very fast network,1,Banglalink,Network Speed & 4G Latency,Positive,The customer reports that the network speed is very fast.
A Google user,5,2026-09-14 20:20:09,Useful app. ♥️♥️,1,Banglalink,General Appreciation / Other,Positive,The customer finds the app useful and expresses appreciation.
A Google user,5,2026-09-14 19:36:11,good sarvise but net slow,0,Banglalink,Network Speed & 4G Latency,Neutral,The customer appreciates the service but complains that the network speed is slow.
A Google user,5,2026-09-14 19:15:15,very nice apps,0,Banglalink,General Appreciation / Other,Positive,The customer expresses that the app is very nice.
A Google user,1,2026-09-14 18:50:22,unstable internet support I have ever seen in my life,0,Banglalink,Network Speed & 4G Latency,Negative,The customer complains about experiencing extremely unstable internet connectivity.
A Google user,5,2026-09-14 16:15:13,good service 💯,0,Banglalink,General Appreciation / Other,Positive,The customer expresses satisfaction with the overall service quality.
A Google user,5,2026-09-14 00:37:41,❤️‍🩹❤️‍🩹❤️‍🩹❤️‍🩹❤️‍🩹,0,Banglalink,General Appreciation / Other,Positive,The user expressed affection or support using heart emojis without providing specific textual feedback.
A Google user,1,2026-09-14 00:36:44,f**king net service,0,Banglalink,Network Speed & 4G Latency,Negative,The customer is expressing extreme frustration with the poor quality of the network service.
A Google user,5,2026-09-13 22:12:44,this app so good,0,Banglalink,General Appreciation / Other,Positive,The customer expresses that the app is very good.
A Google user,5,2026-09-13 22:08:15,nice good job,0,Banglalink,General Appreciation / Other,Positive,The customer expresses general satisfaction and compliments the service.
A Google user,5,2026-09-13 22:03:03,ভালো একটা এ্যাপস কম টাকায় Mb minute কেনা যায় আপনারা ব্যবহার করা যায়,0,Banglalink,Offers & Data Packs,Positive,The user appreciates the app for allowing them to purchase MBs and minutes at a low cost.
A Google user,5,2026-09-13 21:50:21,really helpful app,0,Banglalink,General Appreciation / Other,Positive,The customer finds the app to be very helpful.
A Google user,5,2026-09-13 21:26:03,মাই বাংলালিংক অ্যাপ বেস্ট অ্যাপ,0,Banglalink,General Appreciation / Other,Positive,The customer states that the My Banglalink app is the best app.
A Google user,5,2026-09-13 20:59:04,oppo a9 banlalink app no opan kew slyson den,0,Banglalink,App Login & Technical Bugs,Negative,The Banglalink app does not open on an Oppo A9 device.
A Google user,4,2026-09-13 20:49:14,very good app,0,Banglalink,General Appreciation / Other,Positive,The customer expresses that the app is very good.
A Google user,5,2026-09-13 20:39:35,nine mybl app🥀🥀,1,Banglalink,App Login & Technical Bugs,Negative,The user expresses dissatisfaction with the MyBL app using a negative emoji.
A Google user,2,2026-09-13 20:06:04,"MyBL very beautiful app in the Bangladesh, I like MyBL people like that MyBL ,",0,Banglalink,General Appreciation / Other,Positive,The user expresses that the MyBL app is very beautiful and popular among people in Bangladesh.
A Google user,2,2026-09-13 20:05:31,একদম ওয়েস্টেজ সিম কোম্পানি এক মিনিটে তিন টাকা কাটে ফোনে কথা বললে বাজে সিম বাজে সার্ভিস সব ধান্দাবজ।,0,Banglalink,Billing & Airtime Deductions,Negative,"The customer complains that the company deducts three taka per minute for calls, describing the service and company as useless and dishonest."
A Google user,5,2026-09-13 19:58:40,nice my bl apps love it,0,Banglalink,General Appreciation / Other,Positive,The user expresses satisfaction and love for the MyBL app.
A Google user,4,2026-09-13 19:57:24,Fast Internet Data MY BanglLink,0,Banglalink,Network Speed & 4G Latency,Positive,The customer is praising the fast internet data speeds provided by Banglalink.
A Google user,1,2026-09-13 17:58:38,baler Sim teen Ghar net payana,0,Banglalink,General Appreciation / Other,Neutral,The user states that they have three Baler SIMs at home and are paying for the internet.
A Google user,5,2026-09-13 17:50:00,"User friendly, easy to use & many more.",1,Banglalink,General Appreciation / Other,Positive,The user finds the app user-friendly and easy to use.
A Google user,5,2026-09-13 16:30:07,A very good app everything can be seen together works very well,1,Banglalink,General Appreciation / Other,Positive,The customer praises the app for its comprehensive features and smooth performance.
A Google user,5,2026-09-13 12:05:49,বিউটিফুল মাই ডিয়ার বাংলালিংক অ্যাপস। থ্যাঙ্কস মাই ডিয়ার ফ্রেন্ড বাংলালিংক,0,Banglalink,General Appreciation / Other,Positive,The customer expresses gratitude and appreciation for the Banglalink app.
A Google user,5,2026-09-13 09:12:22,very good apps,0,Banglalink,General Appreciation / Other,Positive,The customer expresses that the app is very good.
A Google user,5,2026-09-13 07:44:52,greet that was,0,Banglalink,General Appreciation / Other,Neutral,The user provided a brief greeting without specific feedback.
A Google user,5,2026-09-13 05:11:28,It's my first love,0,Banglalink,General Appreciation / Other,Positive,The user expresses strong affection and loyalty towards the service.
A Google user,5,2026-09-13 00:50:46,good sim is banglalink,0,Banglalink,General Appreciation / Other,Positive,The customer expresses that Banglalink is a good SIM provider.
A Google user,1,2026-09-13 00:07:52,the apps very helpful thanks for MYBL app💋💋💋,0,Banglalink,General Appreciation / Other,Positive,The customer expresses gratitude and finds the MyBL app very helpful.
A Google user,5,2026-09-12 23:38:48,অন্যান্য সাইডে এমবি দাম খুবই কম কিন্তু আপনাদের অ্যাপের দামটা একটু বেশি,0,Banglalink,Offers & Data Packs,Negative,The customer complains that the MB prices in the app are higher compared to other platforms.
A Google user,1,2026-09-12 16:07:43,আমি পাসওয়ার্ড দিয়ে কেনো লগিন করতে পারছি না ?,0,Banglalink,App Login & Technical Bugs,Negative,The user is unable to log in to the app using their password.
A Google user,3,2026-09-12 15:18:43,can i setup fnf number via the app?,0,Banglalink,App Login & Technical Bugs,Neutral,The user is inquiring whether it is possible to set up a Find My Friend number through the application.
A Google user,5,2026-09-12 14:46:48,খুব সুন্দর একটা,0,Banglalink,General Appreciation / Other,Positive,The customer describes the service or app as very nice.
A Google user,5,2026-09-12 10:25:06,bangali of the best,0,Banglalink,General Appreciation / Other,Positive,The customer expresses that Banglalink is the best.
A Google user,5,2026-09-12 10:16:29,আসসালামুয়ালাইকুম,0,Banglalink,General Appreciation / Other,Neutral,The user is simply greeting the support team with a standard Islamic salutation.
A Google user,5,2026-09-11 23:46:56,nice for everyone,0,Banglalink,General Appreciation / Other,Positive,The user expresses general satisfaction with the service.
A Google user,4,2026-09-11 23:34:28,service is very nich,1,Banglalink,General Appreciation / Other,Positive,The customer states that the service is very nice.
A Google user,5,2026-09-11 22:51:47,good network and good apps service,1,Banglalink,General Appreciation / Other,Positive,The customer is satisfied with both the network quality and the app service.
A Google user,5,2026-09-11 21:27:44,fast and esy,0,Banglalink,General Appreciation / Other,Positive,The customer finds the service fast and easy to use.
A Google user,5,2026-09-11 17:18:26,খুব বেশি ভালো,0,Banglalink,General Appreciation / Other,Positive,The customer states that the service is very good.
A Google user,5,2026-09-11 16:17:29,good sim ever i used,1,Banglalink,General Appreciation / Other,Positive,The customer expresses that this is the best SIM card they have ever used.
A Google user,5,2026-09-11 15:21:43,good Luck my BL app thanks for my bl app I am always using for my bill app so all Bangladesh using for my bell app thanks,1,Banglalink,General Appreciation / Other,Positive,The user expresses gratitude and loyalty for using the MyBL app to check their bills.
A Google user,5,2026-09-11 15:16:34,my bl awesome,0,Banglalink,General Appreciation / Other,Positive,The customer expresses that the MyBL app is awesome.
A Google user,5,2026-09-11 12:59:44,Good Performance,1,Banglalink,General Appreciation / Other,Positive,The customer is expressing satisfaction with the overall performance of the service.
A Google user,5,2026-09-11 12:40:29,app ta onek valo,0,Banglalink,General Appreciation / Other,Positive,The app is very good.
A Google user,3,2026-09-11 12:12:36,সেবা ভালো খুব ভালো আমিও বলি কিন্তু মানুষের কষ্টের টাকা পকেট কেটে নেন 😶 এখন সবকিছু এক্সপেন্সিভ হয়ে গেছে মিনিট হোক এমবি হোক 😏,0,Banglalink,Billing & Airtime Deductions,Negative,"The user states that while the service is good, the prices for minutes and data are now too expensive and feel like a burden on their pocket."
A Google user,5,2026-09-11 10:51:24,love banglalink,0,Banglalink,General Appreciation / Other,Positive,The customer expresses a general love for the Banglalink brand.
A Google user,5,2026-09-11 10:48:09,GoI goods online,0,Banglalink,General Appreciation / Other,Positive,The customer states that the service is good for online activities.
A Google user,5,2026-09-11 10:12:34,Tha Internet Price Is High,1,Banglalink,Offers & Data Packs,Negative,The customer is complaining that the internet prices are too high.
A Google user,5,2026-09-11 07:58:54,its perfect for bangladeshi user,0,Banglalink,General Appreciation / Other,Positive,The user finds the app perfectly suited for Bangladeshi users.
A Google user,1,2026-09-11 02:11:39,to expensive,0,Banglalink,Billing & Airtime Deductions,Negative,The customer finds the service or rates to be too expensive.
A Google user,5,2026-09-11 01:09:23,Banglink apps nc,0,Banglalink,App Login & Technical Bugs,Negative,The customer reports that the Banglalink app is not working.
A Google user,1,2026-09-11 00:11:30,myBL app support plz,0,Banglalink,App Login & Technical Bugs,Neutral,The user is requesting support for the MyBL app.
A Google user,5,2026-09-10 23:22:41,very nice apps,0,Banglalink,General Appreciation / Other,Positive,The customer expresses that the app is very nice.
A Google user,1,2026-09-10 21:07:01,বে/শ্য কোম্পানির নেট.,0,Banglalink,Network Speed & 4G Latency,Negative,The customer complains that the company's network is bad.
A Google user,5,2026-09-10 19:51:22,ভালো সার্ভিস,0,Banglalink,General Appreciation / Other,Positive,The customer is expressing satisfaction with the service.
A Google user,5,2026-09-10 18:16:18,speed quality 100%,0,Banglalink,Network Speed & 4G Latency,Positive,The customer rates the network speed and quality as perfect.
A Google user,5,2026-09-10 17:57:29,good app vhalo kaj kore darun offer 🎉🎊,0,Banglalink,General Appreciation / Other,Positive,The user praises the app for working well and having great offers.
A Google user,1,2026-09-10 17:35:27,21 বছর আগে আজকের এই দিনে বাংলালিংক নেটওয়ার্কে আপনার পথচলা শুরু। আমরা অত্যন্ত গর্বিত ও কৃতজ্ঞ আপনার সঙ্গে থাকতে পেরে। বাংলালিংক-এর সাথে থাকার জন্য ধন্যবাদ। ইন্টারনেট ৪ জিবি মেয়াদ ৩ দিন অথচ apps এ ডুকলে এমবি নাই,1,Banglalink,Offers & Data Packs,Negative,The user expresses gratitude for Banglalink's 21st anniversary but complains that their 4GB/3-day internet pack shows no remaining MBs in the app.
A Google user,5,2026-09-10 17:14:41,"this app is very useful for internet pack, also min pack❤️",0,Banglalink,Offers & Data Packs,Positive,The customer finds the app very useful for purchasing internet and minimum data packs.
A Google user,5,2026-09-10 17:07:51,বাংলালিংক সিম অনেক ভালো ফার্স্ট মেটার,0,Banglalink,General Appreciation / Other,Positive,The customer states that the Banglalink SIM is very good and is their first choice.
A Google user,5,2026-09-10 17:07:33,very good service,0,Banglalink,General Appreciation / Other,Positive,The customer expresses satisfaction with the overall service quality.
A Google user,1,2026-09-10 13:51:14,খুবই জঘন্য একটা কোম্পানি। অত্যন্ত বাজে সার্ভিস তাদের।এমবির দাম বেশি। বাটপার কোম্পানি।,0,Banglalink,Billing & Airtime Deductions,Negative,The customer describes the company as terrible and a 'robber' due to the high cost of data (MBs) and poor service.
A Google user,4,2026-09-10 11:12:42,আমি অ্যাপ এর মাধ্যমে মিনিট এবং ইন্টারনেট ক্রয় করি। দয়া করে আমাকে বলবেন বাংলালিংক অ্যাপ এ Flexiplan নামে একটি সেবা পাওয়া যেত। গ্রাহক তার পছন্দ মত মিনিট এবং ইন্টারনেট ক্রয় করতো। দুঃখের সাথে বলতে হচ্ছে আপনারা সেবাটি বন্ধ করেছেন কিন্তু কেন? কিন্তু গ্রামীণফোন এই সেবাটি ঠিকই চালু রেখেছে। তারা পারলে আপনারা পারবেন না কেন সমস্যাটা কোথায়?,0,Banglalink,Offers & Data Packs,Negative,"The customer is unhappy that Banglalink discontinued the Flexiplan service, which allowed flexible purchase of minutes and internet, while noting that Grameenphone still offers a similar feature."
A Google user,5,2026-09-10 11:11:54,Good experience.,0,Banglalink,General Appreciation / Other,Positive,The customer expressed satisfaction with their overall experience.
A Google user,1,2026-09-10 10:27:49,Worst app and worst customer care service. This app should be removed from play store. Contacted them several times but no solutions!,5,Banglalink,App Login & Technical Bugs,Negative,"The user strongly criticizes the app's performance and the lack of effective customer support, demanding its removal from the Play Store."
A Google user,2,2026-09-10 10:15:28,",π‌π® ৫ ''৬, ',। ,,৷৷, ,.,, িি, ৮,,যড?,, ৮, ,? ~,৷! ,.. x z,... ,,, .. &~.,,., X.. NW,Z2 ,.. ? b v. . /,. . ,, y th..... ~ , , wx,।,।,।৷, ,..,, ws q 88, োবি,ত,জ ৭ র্ছ। (, জ/১ ১ ৮।",0,Banglalink,General Appreciation / Other,Neutral,"The review consists of unintelligible characters and symbols, making it impossible to determine specific feedback or sentiment."
A Google user,5,2026-09-10 02:50:25,Bangladesh number 1 network company Banglalink.,0,Banglalink,General Appreciation / Other,Positive,The customer praises Banglalink as the number one network company in Bangladesh.
A Google user,5,2026-09-10 00:43:36,Good Parpames,0,Banglalink,General Appreciation / Other,Positive,The customer expresses that the service or product is good.
A Google user,2,2026-09-09 23:14:05,"ইন্টারফেস ভালো না , অনেক প্যাঁচালো",1,Banglalink,App Login & Technical Bugs,Negative,The user finds the app interface poor and overly complicated.
A Google user,5,2026-09-09 22:29:36,best app it is!!,1,Banglalink,General Appreciation / Other,Positive,The customer expresses that the app is the best.
A Google user,5,2026-09-09 22:01:11,So Nice Good Coing,1,Banglalink,General Appreciation / Other,Positive,"The customer expresses satisfaction with the service, describing it as nice and good."
A Google user,5,2026-09-09 20:26:04,khub valo laglo coin peye,0,Banglalink,General Appreciation / Other,Positive,The user is happy to have received coins.
A Google user,1,2026-09-09 18:45:54,volte doesn't work on m21,1,Banglalink,Network Speed & 4G Latency,Negative,The customer reports that VoLTE functionality is not working on their M21 device.
A Google user,5,2026-09-09 10:30:21,ভালো ভালো কমদামের বেশি ওফার দিবেন,0,Banglalink,Offers & Data Packs,Neutral,The customer requests that the provider offers more good and affordable deals.
A Google user,5,2026-09-09 10:29:18,"⭐⭐⭐⭐⭐ MyBL অ্যাপটি ব্যবহার করতে খুবই সহজ ও সুন্দর। রিচার্জ করা, ইন্টারনেট/মিনিট প্যাক কেনা, ব্যালেন্স ও ডাটা ব্যবহার চেক করা—সবকিছু এক জায়গা থেকেই করা যায়। অফারগুলোও সহজে দেখা যায় এবং অ্যাপের ইন্টারফেস বেশ সুন্দর ও ইউজার-ফ্রেন্ডলি। সব মিলিয়ে Banglalink-এর জন্য এটি একটি দারুণ অ্যাপ। আশা করি ভবিষ্যতে আরও ভালো অফার ও নতুন ফিচার যোগ হবে। 🧡📱",2,Banglalink,General Appreciation / Other,Positive,"The user highly praises the MyBL app for its user-friendly interface, ease of recharging, and convenient access to offers and balance checks."
A Google user,1,2026-09-09 10:12:38,আখখ্যখখ্যঠ্য,0,Banglalink,General Appreciation / Other,Neutral,The review consists of random keyboard characters with no discernible meaning or feedback.
A Google user,1,2026-09-08 12:00:53,"I’ve used Banglalink, and honestly, it’s the worst internet service I’ve ever experienced in my life. First of all, the internet packages are ridiculously expensive, and on top of that, the network isn’t even stable or good. It’s absolutely trash. For other things, the speed is somewhat acceptable, but when it comes to gaming, it’s a completely different story. The enemy can literally get behind me and kill me, and I don’t even realize it until I’m already dead.",0,Banglalink,Network Speed & 4G Latency,Negative,"The user complains about high data package costs and severe network instability, specifically citing high latency that makes online gaming unplayable."
A Google user,4,2026-09-08 08:57:23,There are currently no good bundle pack internet minute pack offers on the Banglalink app.,0,Banglalink,Offers & Data Packs,Negative,The customer is dissatisfied because the Banglalink app currently lacks good bundle pack offers for internet and minutes.
A Google user,5,2026-09-08 02:09:20,Simply The Best✨🙏🥰,0,Banglalink,General Appreciation / Other,Positive,The customer expresses high satisfaction and praise for the service.
A Google user,5,2026-09-08 01:08:10,op my bl my heart ❤️,0,Banglalink,General Appreciation / Other,Positive,The user expresses deep affection and appreciation for the MyBL app.
A Google user,5,2026-09-07 15:20:10,❤️‍🩹❤️‍🩹❤️‍🩹,0,Banglalink,General Appreciation / Other,Positive,The user expressed affection or support using heart emojis without providing specific operational feedback.
A Google user,5,2026-09-07 10:24:06,আমার দেখা সেরা একটা app এভাবেই এগিয়ে চলো আমরা আছি তোমার সাথে 🥰,0,Banglalink,General Appreciation / Other,Positive,"The user expresses that this is the best app they have seen and encourages the team to keep going, stating their support."
A Google user,5,2026-09-07 08:15:01,tnx banglanik,0,Banglalink,General Appreciation / Other,Positive,The customer is expressing gratitude to Banglalink.
A Google user,5,2026-09-06 21:26:40,Good Service,0,Banglalink,General Appreciation / Other,Positive,The customer expresses satisfaction with the overall service quality.
A Google user,5,2026-09-06 21:10:10,easy and user friendly,0,Banglalink,General Appreciation / Other,Positive,The user finds the app easy to use and user-friendly.
A Google user,3,2026-09-06 21:00:20,Package Rate Too Much High. Network Issue.,2,Banglalink,Offers & Data Packs,Negative,The customer complains that the data package rates are too high and mentions network issues.
A Google user,5,2026-09-06 18:06:29,ইব্রাহিম কান,0,Banglalink,General Appreciation / Other,Neutral,The review consists only of a name and contains no specific feedback or operational issues.
A Google user,5,2026-09-06 18:05:58,সিম চালো তাখা অবস্সায় মিস্ড কল আসলে সেটা এপ্সে দেখায়না সু করে না,0,Banglalink,App Login & Technical Bugs,Negative,"The app fails to display missed calls received on the active SIM, which is a significant technical flaw."
A Google user,2,2026-09-06 16:04:06,অ্যাপে ডার্ক মোড অপশন নিয়ে আসেন,1,Banglalink,App Login & Technical Bugs,Neutral,The customer is requesting the addition of a dark mode option to the app.
A Google user,5,2026-09-06 14:19:05,was usually using it for recharging quickly and the internet packages but recently when i recharged 96 tk using the app they automatically activated tofee subs though i checked very carefully while recharging that there wasn’t any offer for 96 tk. i reached customer support with all proof & screenshots but they carelessly provide no support also blame me for making odd amount recharges which contains no logic at all.,0,Banglalink,Billing & Airtime Deductions,Negative,"The user reports that a 96 Taka recharge automatically activated an unwanted 'tofee' subscription despite no such offer being selected, and customer support failed to resolve the issue while blaming the user."
A Google user,1,2026-09-06 11:16:07,আমার ফোন এ এই আপটি চালানো যাচ্ছে না,0,Banglalink,App Login & Technical Bugs,Negative,The user reports that they are unable to run the app on their phone.
A Google user,5,2026-09-06 07:42:49,hello Nice all user,0,Banglalink,General Appreciation / Other,Positive,The user is sending a general greeting to all users.
A Google user,5,2026-09-06 01:41:57,"MyBL অ্যাপটি ব্যবহার করা খুব সহজ। ব্যালেন্স, ডাটা ও মিনিট চেক করা এবং বিভিন্ন অফার নেওয়া খুবই সুবিধাজনক। ভালো সার্ভিসের জন্য ধন্যবাদ।",0,Banglalink,General Appreciation / Other,Positive,"The user finds the MyBL app very easy to use for checking balance and availing offers, and thanks the service provider."
A Google user,5,2026-09-06 01:34:17,i really love it,0,Banglalink,General Appreciation / Other,Positive,The customer expresses strong satisfaction with the service.
A Google user,5,2026-09-05 22:57:12,ভালো চলে খারাপ বলবো না তবে আমাদের এখানে ঘরের ভিতর টাওয়ার পাই না কিন্তু বাসার বাইরে ভালোই চলে,0,Banglalink,Network Speed & 4G Latency,Neutral,The user reports that the network works well outside the house but fails to receive a tower signal indoors.
A Google user,5,2026-09-05 22:37:27,My BL is the best sim,0,Banglalink,General Appreciation / Other,Positive,The customer expresses that MyBL is the best SIM.
A Google user,5,2026-09-05 21:59:22,Good Service 👍,0,Banglalink,General Appreciation / Other,Positive,The customer expresses satisfaction with the overall service quality.
A Google user,5,2026-09-05 21:10:14,very much for all your support,0,Banglalink,General Appreciation / Other,Positive,The customer expresses gratitude for the support received.
A Google user,5,2026-09-05 21:07:22,Nice apps MyBL,0,Banglalink,General Appreciation / Other,Positive,The customer expresses satisfaction with the MyBL app.
A Google user,5,2026-09-05 20:55:38,It really offered us a very attractive deal everyday 😉,0,Banglalink,Offers & Data Packs,Positive,The customer appreciates the attractive daily deals offered by the service.
A Google user,5,2026-09-05 20:34:09,ভাই আমার কাছে মনে হয় অনেক ভালো,0,Banglalink,General Appreciation / Other,Positive,The customer feels that the service or app is very good.
A Google user,4,2026-09-05 19:37:53,best app for Banglalink user for all offers,0,Banglalink,General Appreciation / Other,Positive,The user praises the app as the best option for Banglalink users to access all offers.
A Google user,5,2026-09-05 19:21:54,My BL Apps Very useful 🥰🥰,0,Banglalink,General Appreciation / Other,Positive,The customer finds the MyBL app very useful.
A Google user,5,2026-09-05 18:39:33,Very very good app 🤩🤩,0,Banglalink,General Appreciation / Other,Positive,The customer expresses high satisfaction with the app.
A Google user,5,2026-09-05 17:29:26,bal valo net dei na ektu pore pore chole jai dhur,0,Banglalink,Network Speed & 4G Latency,Negative,The network is not good and the connection drops frequently.
A Google user,5,2026-09-05 15:50:54,That's Awesome 😎,0,Banglalink,General Appreciation / Other,Positive,The customer expresses enthusiasm and satisfaction with the service.
A Google user,5,2026-09-05 14:32:26,very Helpful,0,Banglalink,General Appreciation / Other,Positive,The customer finds the service or app very helpful.
A Google user,5,2026-09-05 11:18:03,valo ache app,0,Banglalink,General Appreciation / Other,Positive,The customer states that the app is good.
A Google user,5,2026-09-05 06:22:10,md robiul khokan01921,0,Banglalink,General Appreciation / Other,Neutral,The review consists only of a name and phone number with no specific feedback content.
A Google user,5,2026-09-05 00:43:59,আচোদা কোম্পানি,0,Banglalink,General Appreciation / Other,Negative,The customer is insulting the company by calling it a 'scam company'.
A Google user,5,2026-09-04 20:55:25,love you banglalink 🥰🥰🥰,0,Banglalink,General Appreciation / Other,Positive,The customer expresses strong affection and appreciation for Banglalink.
A Google user,5,2026-09-04 19:09:17,good for bangali✌️✌️,0,Banglalink,General Appreciation / Other,Positive,The user expresses that the service is good for Bengali speakers.
A Google user,3,2026-09-04 18:40:12,sometime Network very very very week,0,Banglalink,Network Speed & 4G Latency,Negative,The customer reports that the network signal is frequently very weak.
A Google user,5,2026-09-04 18:17:46,Banglalink is the best network.,0,Banglalink,General Appreciation / Other,Positive,The customer expresses that Banglalink is the best network.
A Google user,5,2026-09-04 17:16:04,good network 🛜 but we need low offer price,0,Banglalink,Offers & Data Packs,Neutral,The user appreciates the good network quality but requests lower prices for data offers.
A Google user,5,2026-09-04 16:52:29,very nice apps,0,Banglalink,General Appreciation / Other,Positive,The customer expresses that the app is very nice.
A Google user,5,2026-09-04 16:01:56,very trusted platform,0,Banglalink,General Appreciation / Other,Positive,The customer expresses that the platform is very trusted.
A Google user,5,2026-09-04 15:40:51,fm bhut is best,0,Banglalink,General Appreciation / Other,Positive,The customer states that FM is very good.
A Google user,5,2026-09-04 15:13:59,is very hospitals,0,Banglalink,General Appreciation / Other,Neutral,The review consists of incoherent text that does not provide actionable feedback.
A Google user,5,2026-09-04 14:58:45,Nice network,0,Banglalink,Network Speed & 4G Latency,Positive,The customer expresses satisfaction with the quality of the network.
A Google user,5,2026-09-04 14:13:37,all the best,0,Banglalink,General Appreciation / Other,Positive,The customer is expressing general well-wishes and positive sentiment.
A Google user,5,2026-09-04 11:29:08,Good Network,0,Banglalink,Network Speed & 4G Latency,Positive,The customer is satisfied with the quality of the network.
A Google user,5,2026-09-04 10:51:15,very satisfy,0,Banglalink,General Appreciation / Other,Positive,The customer expresses high satisfaction with the service.
A Google user,2,2026-09-04 10:13:46,bad service High price internet,1,Banglalink,Offers & Data Packs,Negative,The customer complains about the high price of internet data packs and poor service quality.
A Google user,5,2026-09-04 09:28:55,this is very nice,0,Banglalink,General Appreciation / Other,Positive,The customer expresses that the service or app is very nice.
A Google user,5,2026-09-04 08:44:05,Masa-Allah... Alhamdulillah...,0,Banglalink,General Appreciation / Other,Positive,The user expresses gratitude and praise without mentioning specific technical or billing issues.
A Google user,5,2026-09-04 04:27:18,মাশাআল্লাহ অনেক ভালো একটা এপ,1,Banglalink,General Appreciation / Other,Positive,"The customer praises the app, stating it is very good."
A Google user,1,2026-09-04 03:48:53,"The Banglalink app interface and user experience are very good. However, Banglalink's network is extremely weak and not available everywhere. Even though their offers are good, the lack of network coverage everywhere creates significant issues in using them. I used to like Banglalink for its lifetime validity feature, which now seems to be ending. Perhaps another negative aspect is being added.",3,Banglalink,Network Speed & 4G Latency,Negative,The user praises the app interface and offers but criticizes the weak network coverage and the potential removal of the lifetime validity feature.
A Google user,5,2026-09-03 23:34:34,good apps. all futures good,0,Banglalink,General Appreciation / Other,Positive,The customer finds the app good and appreciates all its features.
A Google user,5,2026-09-03 22:02:56,vary good tray to that,0,Banglalink,General Appreciation / Other,Positive,The customer expresses that the service or app is very good.
A Google user,4,2026-09-03 21:53:02,logo not choice,0,Banglalink,App Login & Technical Bugs,Negative,The user reports that the app logo is not selectable or functioning correctly.
A Google user,5,2026-09-03 21:17:58,sera SIM Banglalink SIM,0,Banglalink,General Appreciation / Other,Neutral,The user is simply stating that they are using a Banglalink SIM card.
A Google user,5,2026-09-03 20:18:05,awesome app 🥰,0,Banglalink,General Appreciation / Other,Positive,The customer expresses that the app is awesome.
A Google user,5,2026-09-03 20:04:38,My favorite banglalink Sim,0,Banglalink,General Appreciation / Other,Positive,The customer expresses that Banglalink is their preferred SIM provider.
A Google user,5,2026-09-03 20:01:27,its good app,0,Banglalink,General Appreciation / Other,Positive,The customer expresses that the app is good.
A Google user,5,2026-09-03 19:45:26,Md Robiul Mia,0,Banglalink,General Appreciation / Other,Neutral,The input consists only of a customer name with no specific feedback content.
A Google user,5,2026-09-03 19:45:25,good Network,0,Banglalink,Network Speed & 4G Latency,Positive,The customer is praising the quality of the network.
A Google user,5,2026-09-03 19:22:50,every thing good,0,Banglalink,General Appreciation / Other,Positive,The customer expresses general satisfaction with the service.
A Google user,5,2026-09-03 19:07:59,gd facilities,0,Banglalink,General Appreciation / Other,Positive,The customer appreciates the good facilities provided by the service.
A Google user,5,2026-09-03 18:33:21,this app nice,0,Banglalink,General Appreciation / Other,Positive,The customer expresses that the app is nice.
A Google user,5,2026-09-03 17:28:41,"অনেক কাজের জিনিস,খুব ভালো অ্যাপ। মোবাইল ব্যালেন্স, এমবি ও মিনিট সব একসাথে দেখা যায়।",0,Banglalink,General Appreciation / Other,Positive,"The user finds the app very useful and appreciates that it allows them to view mobile balance, data, and minutes all in one place."
A Google user,5,2026-09-03 15:32:28,network good,0,Banglalink,Network Speed & 4G Latency,Positive,The customer reports that the network quality is good.
A Google user,5,2026-09-03 15:05:59,good network,0,Banglalink,Network Speed & 4G Latency,Positive,The customer is satisfied with the quality of the network.
A Google user,1,2026-09-03 13:12:50,625৫৬2৬৭22৬552৭2৫৫,1,Banglalink,General Appreciation / Other,Neutral,"The review consists of a string of mixed Bengali and English digits, likely a phone number or code, with no discernible feedback content."
A Google user,5,2026-09-03 13:04:53,আমার কাছে সবচেয়ে ভালো নেটওয়ার্ক বাংলাদেশ বাংলাদেশের বাংলালিংক সার্ভিস প্রিয় গ্রাহক আপনারা সবাই বাংলালিংক বেশি বেশি ব্যবহার করেন।,0,Banglalink,General Appreciation / Other,Positive,The customer praises Banglalink as having the best network in Bangladesh and encourages others to use the service.
A Google user,5,2026-09-03 12:39:56,Good service,0,Banglalink,General Appreciation / Other,Positive,The customer expresses satisfaction with the overall service quality.
A Google user,5,2026-09-03 10:58:10,very useful app,0,Banglalink,General Appreciation / Other,Positive,The customer finds the app very useful.
A Google user,3,2026-09-03 10:28:45,বাংলালিংক সিম অনেক ভালো কিন্তু এমবি তারাতাড়ি কাটে ওও মূল্য বেশি,0,Banglalink,Billing & Airtime Deductions,Negative,The customer finds the SIM good but complains that MBs are deducted quickly and the price is high.
A Google user,5,2026-09-03 10:23:50,please help me,0,Banglalink,General Appreciation / Other,Neutral,The user is requesting assistance without specifying a particular issue.
A Google user,5,2026-09-03 10:10:24,vary business and pawar full apps,0,Banglalink,App Login & Technical Bugs,Negative,The user reports that the app is full of bugs and errors.
A Google user,5,2026-09-03 08:38:02,Best SIM for Internet and Minute pack.,0,Banglalink,Offers & Data Packs,Positive,The customer praises the SIM for its internet and minute packs.
A Google user,5,2026-09-03 07:24:22,অনেক ভালো অ্যাপস,0,Banglalink,General Appreciation / Other,Positive,The customer states that the app is very good.
A Google user,5,2026-09-03 03:41:55,Very good app.,0,Banglalink,General Appreciation / Other,Positive,The customer expresses satisfaction with the overall quality of the app.
A Google user,5,2026-09-03 03:14:18,u r the best,0,Banglalink,General Appreciation / Other,Positive,The customer expresses high satisfaction and praise for the service.
A Google user,5,2026-09-03 01:16:43,very nice apps,0,Banglalink,General Appreciation / Other,Positive,The customer expresses that the app is very nice.
A Google user,5,2026-09-03 01:01:06,ANTOR SARDAR,0,Banglalink,General Appreciation / Other,Neutral,The review consists only of a name and contains no specific feedback or operational issues.
A Google user,5,2026-09-03 00:24:41,banglalink is good service,0,Banglalink,General Appreciation / Other,Positive,The customer expresses that Banglalink provides good service.
A Google user,5,2026-09-02 23:56:40,Best Oparator in Bangladesh,0,Banglalink,General Appreciation / Other,Positive,The customer considers Banglalink to be the best operator in Bangladesh.
A Google user,5,2026-09-02 23:45:02,Mahamoda Akhtar,0,Banglalink,General Appreciation / Other,Neutral,The review consists only of a customer name with no specific feedback or operational issue described.
A Google user,5,2026-09-02 22:24:05,not bad easily can choose any offers,2,Banglalink,Offers & Data Packs,Positive,The user finds the app acceptable and appreciates the ease of selecting various offers.
A Google user,5,2026-09-02 22:13:35,good beutiful,0,Banglalink,General Appreciation / Other,Positive,The customer expresses general satisfaction with the service.
A Google user,5,2026-09-02 21:11:01,good Service Commission,0,Banglalink,General Appreciation / Other,Positive,The customer expresses satisfaction with the service and commission.
A Google user,3,2026-09-02 20:14:15,আশরাফুল ইসলাম,0,Banglalink,General Appreciation / Other,Neutral,The review consists only of a customer name without any specific feedback or operational issue.
A Google user,4,2026-09-02 19:59:26,nice to apps,0,Banglalink,General Appreciation / Other,Positive,The customer finds the app nice to use.
A Google user,5,2026-09-02 19:49:22,it's very much good 👍,0,Banglalink,General Appreciation / Other,Positive,The customer expresses that the service is very good.
A Google user,5,2026-09-02 19:17:03,good experience,0,Banglalink,General Appreciation / Other,Positive,The customer reports a positive overall experience with the service.
A Google user,5,2026-09-02 17:42:06,best for bl sim,0,Banglalink,General Appreciation / Other,Positive,The customer expresses that the service is the best for their Banglalink SIM.
A Google user,1,2026-09-02 17:23:05,apps refresh is very timely,0,Banglalink,General Appreciation / Other,Positive,The customer appreciates that the app refreshes content in a timely manner.
A Google user,5,2026-09-02 16:16:44,50000 Orange Club,0,Banglalink,Offers & Data Packs,Neutral,"The user is inquiring about or referencing the 50,000 Orange Club offer."
A Google user,1,2026-09-02 14:50:17,bl app kono offer daka jy na plus nijar phone a ja koto tk balance asa oi ta daka jy nh agar app ta e vlo chilo akhon MC Ra pora faltu baniya falsa Hala Ra sob insurance ar business krtase ei apps a MC,0,Banglalink,App Login & Technical Bugs,Negative,"The user complains that the app fails to display offers and balance, and criticizes the app for being a useless platform for unnecessary services like insurance and business."
A Google user,5,2026-09-02 14:24:48,good service,0,Banglalink,General Appreciation / Other,Positive,The customer expresses satisfaction with the overall service quality.
A Google user,5,2026-09-02 14:19:23,I think BL operators is the best,0,Banglalink,General Appreciation / Other,Positive,The customer expresses that Banglalink operators are the best.
A Google user,1,2026-09-02 13:29:26,f**king net service.,0,Banglalink,Network Speed & 4G Latency,Negative,The customer is expressing extreme frustration with the quality of the network service.
A Google user,5,2026-09-02 13:28:49,good love 💕💕💕💕,0,Banglalink,General Appreciation / Other,Positive,The customer expresses general satisfaction and affection for the service.
A Google user,5,2026-09-02 10:45:28,এই একটি ব্যবহার করে আমার অনেক উপকার হয়েছে,1,Banglalink,General Appreciation / Other,Positive,The user states that using this service has been very beneficial to them.
A Google user,4,2026-09-02 09:57:50,sabbir Hossain hsh shy rgen sbcs judge turn feud nne unity would ensure their that held one United used,0,Banglalink,General Appreciation / Other,Neutral,"The review consists of incoherent text and unrelated words, making it impossible to determine specific telecom feedback."
A Google user,5,2026-09-02 09:55:44,দেখনি তুমি আমায়-😅❤️‍🩹 #capcut #foryou #bdtiktokofficial🇧🇩,0,Banglalink,General Appreciation / Other,Neutral,The user posted a social media caption with hashtags unrelated to telecom services.
A Google user,5,2026-09-02 09:23:05,♥️♥️♥️best♥️♥️♥️,0,Banglalink,General Appreciation / Other,Positive,The customer expresses strong satisfaction with the service using hearts and the word 'best'.
A Google user,5,2026-09-02 08:56:18,trustable sim,0,Banglalink,General Appreciation / Other,Positive,The customer expresses that the SIM card is trustworthy.
A Google user,5,2026-09-02 07:59:26,আস্সালামুআলাইকুম,0,Banglalink,General Appreciation / Other,Neutral,The user is simply greeting the support team with a standard Islamic salutation.
A Google user,5,2026-09-02 06:06:05,আপনাদের স্যাটেলাইট ভিত্তিক নেটওয়ার্ক পরিষেবা কবে চালু হবে?,0,Banglalink,General Appreciation / Other,Neutral,The customer is inquiring about the launch date of the satellite-based network service.
A Google user,4,2026-09-02 04:09:48,valo tbe arektu valo korte hbe,0,Banglalink,General Appreciation / Other,Neutral,The app is good but needs further improvement.
A Google user,5,2026-09-02 02:18:01,গেমার াুুজসমস রগহটাজএ য়ৃুস,0,Banglalink,Network Speed & 4G Latency,Negative,The user reports that the network is very slow and unstable for gaming.
A Google user,5,2026-09-02 00:29:21,great SIM ever in bd,0,Banglalink,General Appreciation / Other,Positive,The customer expresses that this is the best SIM card available in Bangladesh.
A Google user,5,2026-09-01 22:37:20,very good app,0,Banglalink,General Appreciation / Other,Positive,The customer expresses that the app is very good.
A Google user,5,2026-09-01 22:02:32,আমি এই অ্যাপসটা ব্যবহার করে অনেক সুবিধা পেয়েছি,0,Banglalink,General Appreciation / Other,Positive,The customer has found great convenience in using this app.
A Google user,5,2026-09-01 21:50:26,supper mybl app download koro sobai🥰🥰,0,Banglalink,General Appreciation / Other,Positive,The user recommends downloading the MyBL app to everyone.
A Google user,4,2026-09-01 21:33:02,very nice 👍 .,0,Banglalink,General Appreciation / Other,Positive,The customer expressed general satisfaction with a brief positive comment.
A Google user,5,2026-09-01 21:00:38,"My experience with Banglalink’s network and internet service has been quite good. Most of the time, the internet speed is good and the call quality is also satisfactory. They offer a variety of internet and minute packages, so it’s easy to choose a package according to your needs. The customer service is also fairly good. Overall, Banglalink is a good and reliable option for me among the mobile operators in Bangladesh. 👍📱",7,Banglalink,General Appreciation / Other,Positive,"The customer expresses overall satisfaction with Banglalink's network speed, call quality, package variety, and customer service."
A Google user,5,2026-09-01 19:09:51,very useful.,0,Banglalink,General Appreciation / Other,Positive,The customer finds the app very useful.
A Google user,1,2026-09-01 16:32:26,not good at all,0,Banglalink,General Appreciation / Other,Negative,The customer expresses general dissatisfaction with the service without specifying a particular issue.
A Google user,5,2026-09-01 16:12:32,it's what you'd expect,0,Banglalink,General Appreciation / Other,Neutral,The customer states that the service is average and meets basic expectations without any specific complaints or praise.
A Google user,5,2026-09-01 13:28:01,good services,0,Banglalink,General Appreciation / Other,Positive,The customer expresses satisfaction with the overall service quality.
A Google user,5,2026-09-01 12:24:49,"it's an amazing app for bl users, everything in one app",0,Banglalink,General Appreciation / Other,Positive,The user praises the app as an amazing all-in-one solution for Banglalink users.
A Google user,5,2026-09-01 01:04:20,its realy comfortable....❤️❤️❤️,0,Banglalink,General Appreciation / Other,Positive,The customer finds the app experience very comfortable and expresses satisfaction.
A Google user,5,2026-09-01 00:33:03,good service,0,Banglalink,General Appreciation / Other,Positive,The customer expresses satisfaction with the overall service quality.
A Google user,5,2026-09-01 00:14:19,Bangladesh and best app Network,0,Banglalink,General Appreciation / Other,Positive,The customer praises the app as the best in Bangladesh with good network performance.
A Google user,5,2026-08-31 23:37:19,best app for everything,1,Banglalink,General Appreciation / Other,Positive,The customer expresses that the app is the best for all their needs.
A Google user,5,2026-08-31 22:43:08,thank you good app,0,Banglalink,General Appreciation / Other,Positive,The user expresses gratitude and satisfaction with the app.
A Google user,4,2026-08-31 22:28:32,Bundle packages rate should be fixed.,1,Banglalink,Offers & Data Packs,Neutral,The customer suggests that the pricing for bundle packages should be standardized or corrected.
A Google user,5,2026-08-31 21:58:03,This app is really Awesome ❤️,0,Banglalink,General Appreciation / Other,Positive,The customer expresses that the app is really awesome.
A Google user,5,2026-08-31 21:10:14,amazing application thank you for my bl app,0,Banglalink,General Appreciation / Other,Positive,The customer expresses gratitude and praises the MyBL application as amazing.
A Google user,5,2026-08-31 21:06:49,very good app,0,Banglalink,General Appreciation / Other,Positive,The customer expresses that the app is very good.
A Google user,5,2026-08-31 20:50:33,GOOD SERVICE ALWAYS... BUT HIGH CHARGE TOO!😵‍💫,0,Banglalink,Billing & Airtime Deductions,Negative,The user acknowledges good service but complains about high charges.
A Google user,5,2026-08-31 20:32:43,nice performance,0,Banglalink,General Appreciation / Other,Positive,The customer is expressing satisfaction with the overall performance of the service or app.
A Google user,5,2026-08-31 19:45:18,nice internet,1,Banglalink,Network Speed & 4G Latency,Positive,The customer is satisfied with the quality of the internet service.
A Google user,5,2026-08-31 18:37:12,Sadharan app,0,Banglalink,General Appreciation / Other,Neutral,The user describes the app as ordinary or average.
A Google user,5,2026-08-31 17:48:05,it's good for me,0,Banglalink,General Appreciation / Other,Positive,The customer expresses general satisfaction with the service.
A Google user,5,2026-08-31 17:23:03,very helpful apps,0,Banglalink,General Appreciation / Other,Positive,The customer finds the app very helpful.
A Google user,5,2026-08-31 16:39:21,Bangla link SIM network is so good.,0,Banglalink,General Appreciation / Other,Positive,The customer praises the quality of the Banglalink SIM network.
A Google user,2,2026-08-31 16:25:38,I am very saddened that this app does not have the FNF system like other apps do.,2,Banglalink,App Login & Technical Bugs,Negative,The user is disappointed that the app lacks a Forgot Number Feature (FNF) system available in other applications.
A Google user,5,2026-08-31 14:02:22,good service,0,Banglalink,General Appreciation / Other,Positive,The customer expresses satisfaction with the overall service quality.
A Google user,5,2026-08-31 06:08:19,অনেক ভালো app,0,Banglalink,General Appreciation / Other,Positive,The customer states that the app is very good.
A Google user,4,2026-08-31 05:58:31,good Banglalink,0,Banglalink,General Appreciation / Other,Positive,The customer expresses general satisfaction with Banglalink.
A Google user,5,2026-08-31 02:51:25,good service,0,Banglalink,General Appreciation / Other,Positive,The customer expresses satisfaction with the overall service quality.
A Google user,3,2026-08-31 01:57:05,apps is good but network system is not so good in my areas,1,Banglalink,Network Speed & 4G Latency,Negative,The user finds the app good but complains about poor network quality in their area.
A Google user,5,2026-08-31 01:51:24,it's a great app! i reccomend itto everyone,1,Banglalink,General Appreciation / Other,Positive,The user expresses high satisfaction with the app and recommends it to others.
A Google user,5,2026-08-31 01:00:54,really Good 👍,0,Banglalink,General Appreciation / Other,Positive,The customer expresses general satisfaction with the service.
A Google user,5,2026-08-31 00:23:34,best mobile sim ever,0,Banglalink,General Appreciation / Other,Positive,The customer expresses that this is the best mobile SIM they have ever used.
A Google user,5,2026-08-30 23:54:18,good sarvish,0,Banglalink,General Appreciation / Other,Positive,The customer expresses satisfaction with the service.
A Google user,5,2026-08-30 23:43:20,I am so happy,0,Banglalink,General Appreciation / Other,Positive,The customer expresses general happiness without specifying a particular service issue.
A Google user,5,2026-08-30 23:26:50,good experience,0,Banglalink,General Appreciation / Other,Positive,The customer reports having a good experience with the service.
A Google user,5,2026-08-30 22:17:33,"It is very important aps,, and very helful aps",0,Banglalink,General Appreciation / Other,Positive,The customer finds the app very important and helpful.
A Google user,5,2026-08-30 19:04:29,Network problem everything is good,0,Banglalink,Network Speed & 4G Latency,Negative,The user reports network issues despite stating that other aspects are good.
A Google user,5,2026-08-30 18:16:10,very nice app,0,Banglalink,General Appreciation / Other,Positive,The customer expresses that the app is very nice.
A Google user,5,2026-08-30 17:32:57,very simple and easy to operate,4,Banglalink,General Appreciation / Other,Positive,The user finds the app very simple and easy to operate.
A Google user,5,2026-08-30 15:21:08,very useful app,0,Banglalink,General Appreciation / Other,Positive,The customer finds the app very useful.
A Google user,5,2026-08-30 15:00:41,অনেক ভালো একটা অ্যাপস,0,Banglalink,General Appreciation / Other,Positive,The customer describes the app as very good.
A Google user,4,2026-08-30 14:39:28,মোটামুটি চলে। ফ্ল্যাক্সি প্ল্যান টা আবার আনা উচিৎ।,0,Banglalink,Offers & Data Packs,Neutral,"The service is average, but the user suggests bringing back the Flexi plan."
A Google user,5,2026-08-30 14:35:43,Play store best app Sim,0,Banglalink,General Appreciation / Other,Positive,The user rates the app as the best on the Play Store.
A Google user,5,2026-08-30 12:46:42,very good app,0,Banglalink,General Appreciation / Other,Positive,The customer expresses that the app is very good.
A Google user,5,2026-08-30 12:42:54,good app lonely today,0,Banglalink,General Appreciation / Other,Positive,The user expresses that the app is good but feels lonely today.
A Google user,5,2026-08-30 12:38:10,very good 👍🏻,0,Banglalink,General Appreciation / Other,Positive,The customer expressed general satisfaction with the service.
A Google user,4,2026-08-30 06:43:07,it easy to use,0,Banglalink,General Appreciation / Other,Positive,The customer finds the app easy to use.
A Google user,5,2026-08-30 04:07:19,tk beshi kate,0,Banglalink,Billing & Airtime Deductions,Negative,The customer complains that the app deducts too much money.
A Google user,5,2026-08-29 23:30:35,very useful appps for users,0,Banglalink,General Appreciation / Other,Positive,The customer finds the app very useful for users.
A Google user,5,2026-08-29 23:29:19,All the best..,1,Banglalink,General Appreciation / Other,Positive,The customer is offering general well-wishes without specific feedback on services.
A Google user,5,2026-08-29 23:18:43,You can easily buy bundle packs from the Banglalink app. It's amazing.,1,Banglalink,Offers & Data Packs,Positive,The customer finds it easy and amazing to purchase bundle packs through the Banglalink app.
A Google user,5,2026-08-29 23:01:05,Very Very good MybL app,0,Banglalink,General Appreciation / Other,Positive,The customer expresses high satisfaction with the MyBL app.
A Google user,5,2026-08-29 21:34:04,very help full app,0,Banglalink,General Appreciation / Other,Positive,The customer finds the app very helpful.
A Google user,5,2026-08-29 21:18:36,This apps is my life very heplfully think,0,Banglalink,General Appreciation / Other,Positive,The user expresses that the app is essential to their life and very helpful.
A Google user,5,2026-08-29 20:13:55,অ্যাপ রেফার বোনাস,0,Banglalink,Offers & Data Packs,Neutral,The user is inquiring about or mentioning the app referral bonus.
A Google user,5,2026-08-29 19:32:25,it is excellent way to earn,0,Banglalink,General Appreciation / Other,Positive,The customer expresses that the app is an excellent way to earn rewards.
A Google user,5,2026-08-29 19:24:57,Outstanding SIM,0,Banglalink,General Appreciation / Other,Positive,The customer expresses high satisfaction with their SIM card service.
A Google user,5,2026-08-29 19:19:43,thanks Bhai refer system korar jonno Ami 50 GB porjonnoto,0,Banglalink,Offers & Data Packs,Positive,The user thanks Banglalink for the referral system and mentions receiving 50 GB of data.
A Google user,5,2026-08-29 19:17:40,এই app থেকে অনেক কম দামে MB পাওয়া যায় অনেক কিছু গিপ্ট পাওয়া যায় কিছু কিছু MB ফ্রীতে দেয় আর দেরি না করে লগিং করে ফেলুন,0,Banglalink,Offers & Data Packs,Positive,"The user recommends the app for getting cheap MBs, gifts, and free data, encouraging others to log in."
A Google user,5,2026-08-29 19:10:00,good but pahare khubi joghonno !,0,Banglalink,General Appreciation / Other,Neutral,The user finds the service good but notes that it was very slow initially.
A Google user,5,2026-08-29 17:52:11,my bl app this is best operator network,1,Banglalink,General Appreciation / Other,Positive,The customer praises the MyBL app and identifies Banglalink as the best operator network.
A Google user,5,2026-08-29 17:44:06,একটা সেরা 👍👍👍🥰,0,Banglalink,General Appreciation / Other,Positive,The customer expresses that it is the best service with positive emojis.
A Google user,5,2026-08-29 17:15:06,best app mybl,0,Banglalink,General Appreciation / Other,Positive,The customer expresses that the MyBL app is the best.
A Google user,1,2026-08-29 15:40:30,very easy and helpful,0,Banglalink,General Appreciation / Other,Positive,The user finds the app very easy to use and helpful.
A Google user,5,2026-08-29 14:45:13,best apps for banglalink,0,Banglalink,General Appreciation / Other,Positive,The user expresses that the app is one of the best for Banglalink.
A Google user,5,2026-08-29 13:33:33,this app very usefull☺️❤️,1,Banglalink,General Appreciation / Other,Positive,The customer finds the app very useful and expresses satisfaction.
A Google user,5,2026-08-29 13:10:40,Why am I not getting any coins when I purchase my current internet package?,0,Banglalink,Offers & Data Packs,Negative,The user is inquiring why they are not receiving coins as a reward for purchasing their current internet package.
A Google user,5,2026-08-29 13:03:39,it's good apps for everything else,1,Banglalink,General Appreciation / Other,Positive,The customer finds the app to be good for general purposes.
A Google user,3,2026-08-29 12:31:03,Mb er dam to dam na sonar deam,0,Banglalink,General Appreciation / Other,Positive,The user expresses that the mobile phone is not just a device but a precious treasure.
A Google user,5,2026-08-29 12:24:30,good For app,0,Banglalink,General Appreciation / Other,Positive,The customer expresses satisfaction with the app.
A Google user,5,2026-08-29 12:11:05,"Im Used The Banglalink 3 year, And Service Is Better",1,Banglalink,General Appreciation / Other,Positive,The customer has been using Banglalink for three years and finds the service to be better.
A Google user,5,2026-08-29 12:03:18,vary good app,0,Banglalink,General Appreciation / Other,Positive,The customer rates the app as very good.
A Google user,1,2026-08-29 11:42:25,internet price is high,1,Banglalink,Offers & Data Packs,Negative,The customer is complaining that the internet prices are too high.
A Google user,1,2026-08-29 11:32:13,farlto akta sim na ase Kono network. na ase app a Valo offer,1,Banglalink,Offers & Data Packs,Negative,The customer complains that there is no network for their SIM and no good offers available in the app.
A Google user,5,2026-08-29 11:28:41,good good service,0,Banglalink,General Appreciation / Other,Positive,The customer expresses satisfaction with the overall service quality.
A Google user,5,2026-08-29 10:36:35,nice and easy-going,1,Banglalink,General Appreciation / Other,Positive,The user finds the service or app experience pleasant and easy to use.
A Google user,3,2026-08-29 10:36:25,ki rag korla😁😁,0,Banglalink,General Appreciation / Other,Positive,The customer is playfully asking for a reward or gift.
A Google user,5,2026-08-29 09:26:31,very good app,0,Banglalink,General Appreciation / Other,Positive,The customer expresses that the app is very good.
A Google user,4,2026-08-29 08:08:40,good morning guruwar very nice app,1,Banglalink,General Appreciation / Other,Positive,The user is expressing positive appreciation for the app.
A Google user,5,2026-08-29 06:10:10,‌fantastic app,0,Banglalink,General Appreciation / Other,Positive,The customer expresses that the app is fantastic.
A Google user,5,2026-08-29 01:21:39,Very good app,1,Banglalink,General Appreciation / Other,Positive,The customer expresses satisfaction with the overall quality of the app.
A Google user,5,2026-08-29 00:51:03,very good app.,1,Banglalink,General Appreciation / Other,Positive,The customer expresses that the app is very good.
A Google user,5,2026-08-28 23:30:05,best network speed all the places,0,Banglalink,Network Speed & 4G Latency,Positive,The customer praises the consistent and fast network speed across all locations.
A Google user,5,2026-08-28 23:20:59,good Service,0,Banglalink,General Appreciation / Other,Positive,The customer expresses satisfaction with the overall service quality.
A Google user,1,2026-08-28 23:05:41,শহীদ সোহরাওয়ার্দী মেডিকেল কলেজ হাসপাতালে নেটওয়ার্ক সমস্যা,1,Banglalink,Network Speed & 4G Latency,Negative,The customer reported network issues at Shahid Suhrawardy Medical College Hospital.
A Google user,4,2026-08-28 23:05:40,easy to used,1,Banglalink,General Appreciation / Other,Positive,The user finds the app easy to use.
A Google user,5,2026-08-28 22:30:34,মান্থলি মিনিটের দাম বাড়ছে আর মিনিট কমছে। মান্থলি মিনিট এর দামটা যদি কমানো যেত তাহলে একটু ভালো হতো থ্যাংক ইউ এভরিথিং,1,Banglalink,Billing & Airtime Deductions,Negative,"The customer complains that the price of monthly minutes is increasing while the quantity is decreasing, and requests a price reduction."
A Google user,5,2026-08-28 22:29:30,very Helpful,0,Banglalink,General Appreciation / Other,Positive,The customer finds the service or app very helpful.
A Google user,4,2026-08-28 22:24:10,Need some upgrade but good,0,Banglalink,General Appreciation / Other,Neutral,The customer suggests the app needs upgrades but finds it generally good.
A Google user,5,2026-08-28 22:12:11,nice network,0,Banglalink,Network Speed & 4G Latency,Positive,The customer is expressing satisfaction with the quality of the network.
A Google user,5,2026-08-28 22:02:20,very good 👍😊,0,Banglalink,General Appreciation / Other,Positive,The customer expresses general satisfaction with the service.
A Google user,5,2026-08-28 20:15:08,খুব ভালো banglalink,0,Banglalink,General Appreciation / Other,Positive,The customer expresses that Banglalink is very good.
A Google user,5,2026-08-28 19:25:08,Best Internet best performance,1,Banglalink,Network Speed & 4G Latency,Positive,The customer praises the excellent internet speed and performance.
A Google user,5,2026-08-28 19:11:12,Very nice pic bro 💪😎.,0,Banglalink,General Appreciation / Other,Positive,The user is complimenting a picture shared in the app.
A Google user,5,2026-08-28 18:54:00,tiis is great full app,0,Banglalink,General Appreciation / Other,Positive,The customer expresses that the app is great.
A Google user,5,2026-08-28 16:57:30,অনেক ভালো একটি অ্যাপ,0,Banglalink,General Appreciation / Other,Positive,The customer describes the app as very good.
A Google user,4,2026-08-28 16:04:25,I am satisfied but Internet & minutes Prize may be very high Between Robi or airtel,5,Banglalink,Offers & Data Packs,Neutral,The user is generally satisfied but notes that the cost of internet and minute prizes is higher compared to competitors Robi and Airtel.
A Google user,5,2026-08-28 16:02:07,good good very good,0,Banglalink,General Appreciation / Other,Positive,The customer expresses general satisfaction with the service.
A Google user,2,2026-08-28 15:51:09,Banglalink Best Sim,0,Banglalink,General Appreciation / Other,Positive,The customer expresses that Banglalink is the best SIM provider.
A Google user,5,2026-08-28 15:37:06,Very Very Good Apps,0,Banglalink,General Appreciation / Other,Positive,"The customer expresses high satisfaction with the app, describing it as very good."
A Google user,5,2026-08-28 14:33:29,"The app. was supposed to be helpful but instead, it is full of bugs and takes away a lot of my time! *Edit: The issues have been resolved.",11,Banglalink,App Login & Technical Bugs,Neutral,"The user initially complained about the app being buggy and time-consuming, but later updated the review to confirm that the issues have been resolved."
A Google user,1,2026-08-28 12:53:47,খুব দাম ইন্টারনেটের 😡😠,1,Banglalink,Billing & Airtime Deductions,Negative,The customer is complaining that the internet is very expensive.
A Google user,4,2026-08-28 12:51:24,network should be more improved. And internet package rate also call rate should decrease.,3,Banglalink,Network Speed & 4G Latency,Negative,The customer requests improvements to network quality and a reduction in internet package and call rates.
A Google user,5,2026-08-28 12:22:51,for coin rating 5 stat 😮‍💨😳,0,Banglalink,General Appreciation / Other,Positive,The user gave a 5-star rating for the coin feature.
A Google user,5,2026-08-28 12:10:18,nice softwares,0,Banglalink,General Appreciation / Other,Positive,The customer expresses satisfaction with the quality of the software.
A Google user,5,2026-08-28 09:06:08,very nice app ☺️👍,0,Banglalink,General Appreciation / Other,Positive,"The customer expresses satisfaction with the app, describing it as very nice."
A Google user,5,2026-08-28 09:05:09,ভালো কাজ করে,0,Banglalink,General Appreciation / Other,Positive,The app works well.
A Google user,5,2026-08-28 08:59:30,good and love it,0,Banglalink,General Appreciation / Other,Positive,The customer expresses satisfaction and affection for the service.
A Google user,5,2026-08-28 07:47:02,Best service👍,0,Banglalink,General Appreciation / Other,Positive,The customer expresses satisfaction with the overall service quality.
A Google user,5,2026-08-28 07:25:34,খুব ভালো খুব সুন্দর নেটওয়ার্ক আমি খুব খুশি এমন নেটওয়ার্ক পেয়ে,0,Banglalink,General Appreciation / Other,Positive,The customer is very happy and appreciates the excellent network quality.
A Google user,5,2026-08-28 01:17:43,good service 💯,0,Banglalink,General Appreciation / Other,Positive,The customer expresses satisfaction with the overall service quality.
A Google user,5,2026-08-28 01:12:20,ভালো অ্যাপ 😃😃,0,Banglalink,General Appreciation / Other,Positive,The customer expresses that the app is good.
A Google user,5,2026-08-28 00:34:01,Banglalink offer & netowark is very joss,0,Banglalink,General Appreciation / Other,Positive,The customer praises Banglalink's offers and network quality as being very good.
A Google user,5,2026-08-28 00:17:13,the gerat apps,0,Banglalink,General Appreciation / Other,Positive,The customer states that the app is great.
A Google user,5,2026-08-27 23:34:15,Very goods apps,0,Banglalink,General Appreciation / Other,Positive,The customer expresses that the app is very good.
A Google user,1,2026-08-27 23:31:32,So bad network coverage in my house,1,Banglalink,Network Speed & 4G Latency,Negative,The customer is complaining about poor network coverage at their home.
A Google user,1,2026-08-27 22:03:49,offer is very expensive.,2,Banglalink,Offers & Data Packs,Negative,The customer finds the available offers to be too expensive.
A Google user,5,2026-08-27 21:04:01,good খুব সুন্দর সুন্দর অফার দেয় এখানে,0,Banglalink,Offers & Data Packs,Positive,The customer appreciates the very nice offers provided on the platform.
A Google user,1,2026-08-27 20:00:49,গত ২২ তারিখ কাস্টমার সেন্টার থেকে নেয়া সিম অন করে দেখি সেই সিম এ বিকাশ নগদ সব খোলা নগদে তো সেই সিম টা রেস্ট্রিক করা অথচ আমাকে সেন্টার এর মহিলা বলেছিল এই সিম দিয়ে সব করতে পারবেন ড্রাইভিং লাইসেন্স বাদে একটা সিম কিনে যদি সেই সিম পিছনে এটা ওটা করতে গিয়ে হয়রানি হয় তখন কি করবো বলেন পরে আমি অ্যাপ থেকে নিউ সিম অর্ডার করি ২৩ তারিখ সেটাও ক্যান্সেল হয় ২৬ তারিখ সেদিন আবারও অর্ডার করি অথচ সেটাও পাচ্ছিনা এখনও এদিকে সার্ভিস সেন্টারে কল দিলে তারা কিছুই বলতে পারে না। এতগুলো কর্মচারী তাহলে আছে কিসের জন্য?!,0,Banglalink,General Appreciation / Other,Negative,"The customer is frustrated that a new SIM card obtained from a service center has restricted financial services (bKash/Nagad) contrary to staff assurances, and subsequent attempts to order a replacement via the app have been cancelled or undelivered."
A Google user,5,2026-08-27 19:51:04,বালের অফার দেই আমার ভালো কুন অফার নাই 😡,0,Banglalink,Offers & Data Packs,Negative,The customer is angry because they are not receiving any good offers.
A Google user,5,2026-08-27 19:49:27,"Good network coverage affordable packages and smooth apyp experience. Using Banglalink for 4 years, happy with the service.",2,Banglalink,General Appreciation / Other,Positive,"The customer expresses satisfaction with Banglalink's network coverage, affordable packages, and smooth app experience after four years of usage."
A Google user,5,2026-08-27 19:11:38,"MyBL APPS is a very good app that everyone can use. Those who have a Banglalink SIM should definitely use the Banglalink app; then you will get amazing offers like minute offers, internet offers, and call rate offers. I am also using it; you should too to get amazing offers.",1,Banglalink,Offers & Data Packs,Positive,"The user recommends the MyBL app to other Banglalink customers, highlighting its availability of attractive minute, internet, and call rate offers."
A Google user,5,2026-08-27 18:17:10,খুবই ভালো 😇😇,0,Banglalink,General Appreciation / Other,Positive,The customer expresses that the service is very good.
A Google user,5,2026-08-27 17:25:59,অনেক ভালো সার্ভিস,0,Banglalink,General Appreciation / Other,Positive,The customer states that the service is very good.
A Google user,5,2026-08-27 17:00:56,1gb free dile valo hoto..🌚,0,Banglalink,Offers & Data Packs,Neutral,The customer suggests that providing 1GB of free data would be a good improvement.
A Google user,5,2026-08-27 15:56:00,best network for Bengali,0,Banglalink,General Appreciation / Other,Positive,The customer praises the network as the best for Bengali users.
A Google user,5,2026-08-27 13:09:22,good apo otp,0,Banglalink,App Login & Technical Bugs,Positive,The user reports that the OTP feature in the app is working well.
A Google user,5,2026-08-27 12:45:44,explain good job from banglalink,1,Banglalink,General Appreciation / Other,Positive,The customer is expressing appreciation and praising Banglalink for doing a good job.
A Google user,5,2026-08-27 12:44:28,every pack price is too high compared to other sims brand,5,Banglalink,Offers & Data Packs,Negative,The customer complains that the prices of all data packs are too high compared to other telecom brands.
A Google user,5,2026-08-27 12:37:34,Very good app,1,Banglalink,General Appreciation / Other,Positive,The customer expresses satisfaction with the overall quality of the app.
A Google user,5,2026-08-27 11:40:52,is the best app in bd,1,Banglalink,General Appreciation / Other,Positive,The customer states that this is the best app in Bangladesh.
A Google user,5,2026-08-27 09:40:37,nice one app,1,Banglalink,General Appreciation / Other,Positive,The customer expresses satisfaction with the app.
A Google user,5,2026-08-27 09:31:01,I am very happy 😀,1,Banglalink,General Appreciation / Other,Positive,The customer expresses general happiness without specifying a particular service issue.
A Google user,5,2026-08-27 04:05:38,nice and so good,1,Banglalink,General Appreciation / Other,Positive,The customer expresses general satisfaction with the service.
A Google user,5,2026-08-27 01:45:35,"রিচার্জ করলে একটা কয়েন গিফ পাওয়া জায়, এই কয়েন ব্যাবহার করে আবার কিছু সুবিধাও পাওয়া জায়, আমাদের গ্রাহকদের জন্য বাংলালিং এতো সুন্দর পরিকল্পনা করে আমাদের পাশে আছে এর জন্ন্যে বাংলালিংকে অসংখ্য ধন্যবাদ",1,Banglalink,General Appreciation / Other,Positive,"The customer expresses gratitude for Banglalink's customer-centric initiatives, such as receiving coins as gifts upon recharging and using them for additional benefits."
A Google user,5,2026-08-27 01:24:43,Good luck 👍😊,1,Banglalink,General Appreciation / Other,Positive,The customer is offering well wishes and positive encouragement.
A Google user,5,2026-08-27 00:33:07,অনেক উপকার পেয়েছি mybl,0,Banglalink,General Appreciation / Other,Positive,The customer states that they have benefited greatly from the MyBL app.
A Google user,5,2026-08-26 23:12:56,joss interface,0,Banglalink,App Login & Technical Bugs,Negative,"The user describes the app interface as 'joss' (likely a typo for 'joke' or 'jagged'), indicating dissatisfaction with the user experience design."
A Google user,5,2026-08-26 23:09:25,app is very easy,1,Banglalink,General Appreciation / Other,Positive,The customer finds the app very easy to use.
A Google user,5,2026-08-26 22:40:33,সুন্দর অ্যাপ,0,Banglalink,General Appreciation / Other,Positive,The customer describes the app as beautiful.
A Google user,5,2026-08-26 21:07:03,i like you ❤️‍🩹 good service and mini offers and Very Save,3,Banglalink,Offers & Data Packs,Positive,The customer appreciates the good service and cost-effective mini offers.
A Google user,5,2026-08-26 19:59:09,nice app easy use,1,Banglalink,General Appreciation / Other,Positive,The customer finds the app nice and easy to use.
A Google user,4,2026-08-26 19:30:10,30 days deal are good but price is little bit high.,7,Banglalink,Offers & Data Packs,Neutral,The customer finds the 30-day data deals good but considers the pricing slightly high.
A Google user,5,2026-08-26 18:50:30,all time good service,1,Banglalink,General Appreciation / Other,Positive,The customer expresses that the service has always been good.
A Google user,5,2026-08-26 18:22:08,Banglalink is one of the most popular and used sim of Bangladesh and my favourite.,1,Banglalink,General Appreciation / Other,Positive,The customer expresses that Banglalink is their favorite and one of the most popular SIMs in Bangladesh.
A Google user,5,2026-08-26 18:16:03,গুড খুব ভালো,0,Banglalink,General Appreciation / Other,Positive,The customer expresses that the service is good and very nice.
A Google user,1,2026-08-26 12:35:07,"Cheating app with useless support! Yesterday I ranked 9th (Score: 286) in Cricket Bash game. As per your rule, top 20 players get 1GB free internet. Today it reset, but I got nothing! Your customer care is totally dead. No reply on Messenger. MyBL live chat takes forever & messages don't even show up due to huge bugs. It's impossible to reach an agent. Stop making fake promises, fix this buggy app & credit my 1GB internet now!",6,Banglalink,Offers & Data Packs,Negative,The user is angry that they did not receive the promised 1GB free internet reward for ranking in the top 20 of the Cricket Bash game and complains about the inability to reach customer support due to app bugs.
A Google user,1,2026-08-26 09:47:37,FNF অপশন উঠাই নিছে। just worst version. as soon as possible add this option.,2,Banglalink,App Login & Technical Bugs,Negative,The user complains that the FNF option is missing in the latest app version and requests its immediate restoration.
A Google user,5,2026-08-26 07:20:45,সেই ভালো একটা এপস এমবির অফার💋💋😄,0,Banglalink,Offers & Data Packs,Positive,The customer praises the app for having good MB offers.
A Google user,1,2026-08-25 17:36:49,very bad apps,1,Banglalink,App Login & Technical Bugs,Negative,The customer expresses strong dissatisfaction with the overall quality of the application.
A Google user,1,2026-08-25 15:20:32,mybl app = my baal app ✅️✅️✅️✅️✅️✅️,0,Banglalink,General Appreciation / Other,Positive,"The user expresses strong satisfaction with the MyBL app, comparing it favorably to a child's app for its simplicity."
A Google user,1,2026-08-25 09:15:35,"banagladesh er sob theke slow network, please keo niben na pagla Marka ekta sim ,mb scame kore dei majhe majhe ,and network ekdom baje bolle cole ,my opinion robi,Airtel, and grammen",0,Banglalink,Network Speed & 4G Latency,Negative,"The user complains that Banglalink has the slowest network in Bangladesh, frequently disconnects, and recommends competitors like Robi, Airtel, and Grameenphone instead."
A Google user,1,2026-08-24 22:22:05,"বাংলালিংক আমার টাকা অন্যায় ও অবৈধ ভাবে কেটে নিয়েছে আজ ৩ মাস হলো। কয়েকবার অভিযোগ জানানোর পর টাকা ফেরত দেবে বলেও ফেরত দেয়নি। এখন অভিযোগ স্টাটাস ক্লোজড করে দিয়েছে চুপিসারে। কি পরিমান হারামী, এখন এপ্স থেকেও কোন কমপ্লেইন লজ করা যাচ্ছেনা! মানে ওয়েট করছে যে আমি কবে ভুলে যাবো আর টাকাটা মেরে দিবে!হারামীর দল",0,Banglalink,Billing & Airtime Deductions,Negative,"The customer reports an illegal deduction of money three months ago which was not refunded despite complaints, and notes that the app now prevents them from logging new complaints."
A Google user,1,2026-08-24 14:09:22,this sim is very bad,0,Banglalink,General Appreciation / Other,Negative,The customer expresses general dissatisfaction with the SIM card.
A Google user,2,2026-08-24 09:48:13,8 8 8 8 উত্যাইটি।,0,Banglalink,General Appreciation / Other,Neutral,"The user provided a repetitive string of numbers and a single word, likely indicating a test or spam entry with no specific operational feedback."
A Google user,5,2026-08-24 01:28:34,এমবি থাকতেও কোনো কাজ করে না কেমন সিম এই টা ভাই,1,Banglalink,Network Speed & 4G Latency,Negative,The customer complains that the SIM card does not work at all despite having an active MB (MyBL) account.
A Google user,1,2026-08-22 17:20:43,cheater number one,0,Banglalink,General Appreciation / Other,Negative,The customer is expressing strong dissatisfaction by labeling the service as a cheater.
A Google user,5,2026-08-21 21:17:44,nice banglalink service,0,Banglalink,General Appreciation / Other,Positive,The customer expresses satisfaction with Banglalink's overall service.
A Google user,1,2026-08-21 17:23:44,"third class network, app everything. disgusting😡",0,Banglalink,Network Speed & 4G Latency,Negative,The customer expresses extreme dissatisfaction with the poor network quality and app performance.
A Google user,1,2026-08-21 15:13:44,bad app. bl assistant don’t work. bad sim. autocratic cut mb. very bad app.,0,Banglalink,App Login & Technical Bugs,Negative,The user reports that the BL assistant feature is not working and complains about the app's overall poor performance and data deduction issues.
A Google user,5,2026-08-21 05:16:00,very good and helpful 💯☺️☺️,0,Banglalink,General Appreciation / Other,Positive,The customer finds the service very good and helpful.
A Google user,3,2026-08-21 00:33:40,"Alhamdulillah it's good. In short, all the other SIM companies' offers are available at a slightly cheaper price than this. However, it would be better if the offers were available at a more affordable price. For example - 10 GB for 100 taka for one month, 20 GB for 200 taka for one month. Such offers should be given to the customer. Then it would be much better.",8,Banglalink,Offers & Data Packs,Neutral,"The user appreciates the app but suggests that data offers should be more affordable compared to competitors, specifically requesting lower prices for larger data volumes."
A Google user,1,2026-08-20 22:18:59,আমার ধনের অ্যাপ।ধনের নেটওয়ার্ক খানকির পলারা বালের নেট দেয়,1,Banglalink,Network Speed & 4G Latency,Negative,The user complains that the network is very slow and provides poor service.
A Google user,1,2026-08-20 14:40:10,এই বাটপার গ্রুপ কোন ধরনের অনুমতি না নিয়ে সার্ভিস চালু করে টাকা কেটে নেয়। এক জন থেকে ২ টাকা কাটলে ৪ কোটি গ্রাহক থেকে মোট ৮ কোটি টাকা এক মুহুর্তে এদের ইনকাম হয়। পরে অভিযোগ দিলে আমাদের ভুলে নাকি সার্ভিস চালু হয়েছে।,1,Banglalink,Billing & Airtime Deductions,Negative,"The customer complains about unauthorized service activation and subsequent airtime deductions, noting that the company dismisses complaints by claiming it was a user error."
A Google user,1,2026-08-20 11:28:17,"Bought a gift packs with no option to send it as gift ,which instead came to my own account. Is it not scam what is ?",2,Banglalink,Offers & Data Packs,Negative,"The customer purchased a gift pack but it was credited to their own account instead of being sent as a gift, which they perceive as a scam."
A Google user,1,2026-08-20 10:46:16,abal Marka banglalink service 1min a 10 bar net jay Ashe . game khelle onno sim use Koro 👍,0,Banglalink,Network Speed & 4G Latency,Negative,"The customer complains that Banglalink's network is very slow, dropping to 1 bar within a minute, forcing them to use a different SIM for gaming."
A Google user,1,2026-08-19 17:59:27,ফালতু কোম্পানি এমবির অনেক বেশি দাম,0,Banglalink,Billing & Airtime Deductions,Negative,The customer complains that the company is useless and MBs are very expensive.
A Google user,5,2026-08-18 12:47:23,সব কিছু আল্লাহর উপর ছেড়ে দিলাম,1,Banglalink,General Appreciation / Other,Neutral,"The user states that they have left everything to God, indicating a passive acceptance of the situation without specific technical or billing complaints."
A Google user,5,2026-08-18 11:31:29,very nice app,0,Banglalink,General Appreciation / Other,Positive,The customer expresses satisfaction with the overall quality of the app.
A Google user,4,2026-08-18 10:52:22,ইন্টারনেট এর দাম কম করলে ভালো হয়,0,Banglalink,Offers & Data Packs,Neutral,The customer suggests that lowering the price of internet data would be beneficial.
A Google user,5,2026-08-18 09:48:38,nice app.its realy good.,0,Banglalink,General Appreciation / Other,Positive,The customer expresses that the app is nice and really good.
A Google user,4,2026-08-18 08:43:43,🥰🥰🥰👍👍👍🥰👍👍👍👍👍👍👍👍👍👍👍👍👍🥰🥰🥰🥰👍👍👍👍👍🥰🥰অনেক ভালো 👍👍🥰🥰🥰🥰🥰🥰🥰🥰🥰🥰,0,Banglalink,General Appreciation / Other,Positive,The customer expresses strong satisfaction and praise for the service using emojis and the phrase 'very good'.
A Google user,5,2026-08-18 02:23:57,bad for VoLTE,0,Banglalink,Network Speed & 4G Latency,Negative,The user reports that the VoLTE service is performing poorly.
A Google user,3,2026-08-18 02:17:52,high cost internet packages for student Can't afford more than 300tk monthly daily 1GB need but 20GB isn't enough for 30 days I'm sorry I understand that everything is $ not cheaper nowdays but I hope team will do something for students ASAP tyvm mybl,2,Banglalink,Offers & Data Packs,Negative,"The customer finds the internet packages too expensive for students, noting that 20GB is insufficient for a month and requesting more affordable options."
A Google user,5,2026-08-18 01:57:50,wonderful network,1,Banglalink,Network Speed & 4G Latency,Positive,The customer expresses satisfaction with the quality of the network.
A Google user,5,2026-08-17 23:52:29,নেটওয়ার্ক সিস্টেম অনেক ভালো বিভিন্ন একটি ব্যবহার করে আমি অনেক সুবিধা পাচ্ছি,0,Banglalink,Network Speed & 4G Latency,Positive,The network system is very good and I am getting a lot of benefits from using it.
A Google user,4,2026-08-17 23:35:04,বাংলালিংক অনেক ভালো একটা app,0,Banglalink,General Appreciation / Other,Positive,The customer states that Banglalink is a very good app.
A Google user,5,2026-08-17 23:27:44,আমাকে এমবি দাও,0,Banglalink,Offers & Data Packs,Neutral,The user is requesting MBs (data) to be provided to them.
A Google user,5,2026-08-17 23:07:00,"বাংলালিংক অ্যাপটি শুধু রিচার্জ বা ইন্টারনেট প্যাক কেনার জন্যই নয়, বরং এতে থাকা ইসলামিক জ্ঞান চর্চা, কুরআন ও হাদিস পড়ার চমৎকার ফিচারটি আমার মতো মুসলিম ব্যবহারকারীদের জন্য এক অনন্য পাওয়া। মোবাইল সেবার পাশাপাশি দৈনন্দিন ইবাদত ও ইসলামিক তথ্য জানার এমন সুন্দর উদ্যোগের জন্য ৫/৫ স্টার প্রাপ্য। জাজাকাল্লাহ খাইরান!",0,Banglalink,General Appreciation / Other,Positive,"The user highly praises the app's unique Islamic features, such as Quran and Hadith access, and awards it 5 stars for this initiative."
A Google user,5,2026-08-17 22:09:31,একা খুব ভালো,0,Banglalink,General Appreciation / Other,Positive,The user states that the service is very good.
A Google user,1,2026-08-17 22:03:09,"At present you are increasing the price of MB in this Banglalink network service especially in Bangladesh, you are reducing the price of MB Another thing is, why do you put a time limit on the internet? Is it a waste product? If you don't use the internet within the specified time, where does it go? I'll use it whenever I want.🫵😡",5,Banglalink,Offers & Data Packs,Negative,The customer is angry about increasing MB prices and the imposition of time limits on internet data usage.
A Google user,1,2026-08-17 21:52:51,"Those who are from rural areas, please don't buy any internet package in banglalink sim. That is the worst Internet I have ever used in my life. GP is far better than bl. boycott bl for god sake guys.",0,Banglalink,Network Speed & 4G Latency,Negative,The user strongly advises rural customers to avoid Banglalink due to extremely poor internet quality compared to competitors.
A Google user,5,2026-08-17 19:29:14,good service,0,Banglalink,General Appreciation / Other,Positive,The customer expresses satisfaction with the overall service quality.
A Google user,5,2026-08-17 19:16:17,Very Good App,0,Banglalink,General Appreciation / Other,Positive,The customer expresses satisfaction with the overall quality of the app.
A Google user,4,2026-08-17 16:48:21,Appe Add Number system chalu Koren. Robi appe motu chalu Koren.,0,Banglalink,App Login & Technical Bugs,Negative,"The user reports that the 'Add Number' feature in the app is not working, unlike the Robi app."
A Google user,5,2026-08-17 15:23:23,to much high price,0,Banglalink,Billing & Airtime Deductions,Negative,The customer complains that the prices are too high.
A Google user,5,2026-08-17 14:42:38,network not so bad,1,Banglalink,Network Speed & 4G Latency,Neutral,The customer states that the network performance is acceptable but not exceptional.
A Google user,5,2026-08-17 14:20:06,"বাংলালিংক সব জায়গায় নেটওয়ার্ক পায় না তাই নেটওয়ার্ক দিয়ে সার্ভিস ভালো করবেন ধন্যবাদ,",1,Banglalink,Network Speed & 4G Latency,Neutral,The customer notes that Banglalink network coverage is not available everywhere and requests service improvements.
A Google user,5,2026-08-17 12:47:36,Good 17 Aug 2026,0,Banglalink,General Appreciation / Other,Positive,The customer provided a brief positive rating without specific details.
A Google user,5,2026-08-17 12:28:50,this good apps,0,Banglalink,General Appreciation / Other,Positive,The customer expresses that the app is good.
A Google user,5,2026-08-17 09:10:53,Really very good app,0,Banglalink,General Appreciation / Other,Positive,The customer expresses that the app is really very good.
A Google user,5,2026-08-17 08:43:13,মাসাআল্লাহ অনেক সুন্দর এবং ভালো,0,Banglalink,General Appreciation / Other,Positive,The customer expresses that the service is very beautiful and good.
A Google user,5,2026-08-17 08:06:25,it's really 🙂,0,Banglalink,General Appreciation / Other,Positive,"The customer expressed a positive sentiment with a brief, informal comment."
A Google user,5,2026-08-17 07:46:22,অসাম স্পিড এখানে চলে আসুন বাংলালিংকে।আর দেরি নয়।,0,Banglalink,Network Speed & 4G Latency,Negative,The customer is urging Banglalink to improve the slow network speed in their area without further delay.
A Google user,3,2026-08-17 00:00:40,apps are so good but in our village network is so poor,1,Banglalink,Network Speed & 4G Latency,Neutral,The user appreciates the app but reports poor network connectivity in their village.
A Google user,5,2026-08-16 23:39:20,We need superfast network all over Bangladesh,0,Banglalink,Network Speed & 4G Latency,Neutral,The customer is requesting faster network coverage across the entire country.
A Google user,5,2026-08-16 22:52:35,helpful apps,0,Banglalink,General Appreciation / Other,Positive,The customer finds the app to be helpful.
A Google user,5,2026-08-16 21:51:26,অনেক সুন্দর একটা সফটওয়্যার,0,Banglalink,General Appreciation / Other,Positive,The customer describes the software as very beautiful and expresses appreciation for it.
A Google user,5,2026-08-16 20:54:54,very good app,0,Banglalink,General Appreciation / Other,Positive,The customer expresses that the app is very good.
A Google user,3,2026-08-16 19:59:56,this apps packages are too expensive..,1,Banglalink,Offers & Data Packs,Negative,The customer finds the data packages offered in the app to be too expensive.
A Google user,5,2026-08-16 19:46:51,good network,0,Banglalink,Network Speed & 4G Latency,Positive,The customer is satisfied with the quality of the network.
A Google user,5,2026-08-16 19:34:21,1nambar Network,0,Banglalink,General Appreciation / Other,Positive,The customer considers Banglalink to be the number one network.
A Google user,5,2026-08-16 19:26:37,very nice 🙂🙂,0,Banglalink,General Appreciation / Other,Positive,The customer expressed general satisfaction with the service.
A Google user,5,2026-08-16 17:32:26,most expensive apps in the bangladesh,0,Banglalink,General Appreciation / Other,Negative,The customer complains that the app is the most expensive in Bangladesh.
A Google user,5,2026-08-16 17:04:11,Excellent ❤️❤️❤️❤️❤️,0,Banglalink,General Appreciation / Other,Positive,The customer expressed high satisfaction with the service using the word 'Excellent' and heart emojis.
A Google user,5,2026-08-16 14:27:52,এটি একটি ভালো অ্যাপস,0,Banglalink,General Appreciation / Other,Positive,The customer states that this is a good app.
A Google user,5,2026-08-16 10:26:24,this is best app,0,Banglalink,General Appreciation / Other,Positive,The customer expresses that the app is the best.
A Google user,5,2026-08-16 06:58:43,এখানে একবার প্রেস করলে সেটি ইনপুট বক্সে পেস্ট হবে,0,Banglalink,App Login & Technical Bugs,Neutral,The user notes that pressing a button once pastes the content into the input box.
A Google user,1,2026-08-15 23:38:05,"সাম্প্রতিক আপডেটের পর অ্যাপ বারবার ক্র্যাশ করছে, ব্যবহার করা কষ্টকর হয়ে যাচ্ছে। ব্যালেন্স ট্রান্সফার বা প্যাকেজ কেনার সময় বারবার এরর দেখাচ্ছে। কাস্টমার সাপোর্ট রেসপন্স খুবই ধীর, দ্রুত সমাধান প্রয়োজন। নেটওয়ার্ক তথ্য সঠিকভাবে দেখায় না, আপডেট প্রয়োজন। এক কথায় এদের সার্ভিস একদম ফালতু",0,Banglalink,App Login & Technical Bugs,Negative,"The app frequently crashes and shows errors during transactions after a recent update, accompanied by slow customer support and inaccurate network information."
A Google user,5,2026-08-15 21:50:31,good and useful app👍.,0,Banglalink,General Appreciation / Other,Positive,The customer finds the app good and useful.
A Google user,5,2026-08-15 21:13:29,Best service provider,0,Banglalink,General Appreciation / Other,Positive,The customer expresses that Banglalink is the best service provider.
A Google user,5,2026-08-15 20:34:48,good service,0,Banglalink,General Appreciation / Other,Positive,The customer expresses satisfaction with the overall service quality.
A Google user,5,2026-08-15 19:11:33,wonderful app,0,Banglalink,General Appreciation / Other,Positive,The customer expresses satisfaction with the app.
A Google user,5,2026-08-15 18:48:19,banglalink best,0,Banglalink,General Appreciation / Other,Positive,The customer expresses that Banglalink is the best.
A Google user,5,2026-08-15 18:12:23,Using the app offers access to many deals and provides numerous benefits.,4,Banglalink,Offers & Data Packs,Positive,The user appreciates the app for providing access to various deals and benefits.
A Google user,5,2026-08-15 17:29:20,this a good app for minutes and internet offers,0,Banglalink,Offers & Data Packs,Positive,The user finds the app useful for accessing minutes and internet offers.
A Google user,5,2026-08-15 17:20:09,this is really good nk,0,Banglalink,General Appreciation / Other,Positive,The customer expresses that the service or app is really good.
A Google user,5,2026-08-15 11:44:53,my bl app is very good .it use is very easy,2,Banglalink,General Appreciation / Other,Positive,The customer finds the MyBL app very good and easy to use.
A Google user,5,2026-08-15 06:52:08,"this is apps good working , banglalink better experience",0,Banglalink,General Appreciation / Other,Positive,The customer appreciates that the app is working well and provides a better experience with Banglalink.
A Google user,5,2026-08-15 01:06:45,very very good and helpful apps,0,Banglalink,General Appreciation / Other,Positive,The customer finds the app to be very good and helpful.
A Google user,3,2026-08-15 00:36:31,the price of all packs are too high...,1,Banglalink,Offers & Data Packs,Negative,The customer complains that the prices of all available data packs are too high.
A Google user,4,2026-08-15 00:24:16,good but data offer boring,0,Banglalink,Offers & Data Packs,Neutral,The user finds the app good but considers the available data offers to be uninteresting.
A Google user,5,2026-08-14 23:18:53,অনেক ভালো একটি এপ,0,Banglalink,General Appreciation / Other,Positive,The customer describes the app as very good.
A Google user,5,2026-08-14 22:52:29,এটা খুব ভালো,0,Banglalink,General Appreciation / Other,Positive,The customer states that the service or app is very good.
A Google user,1,2026-08-14 20:27:34,very very bad offer,0,Banglalink,Offers & Data Packs,Negative,The customer is expressing strong dissatisfaction with the quality or value of a specific offer.
A Google user,5,2026-08-14 20:05:52,দারুণ সার্ভিস,0,Banglalink,General Appreciation / Other,Positive,The customer praises the service as excellent.
A Google user,5,2026-08-14 16:59:34,very nice app,0,Banglalink,General Appreciation / Other,Positive,The customer expresses satisfaction with the overall quality of the app.
A Google user,5,2026-08-14 16:49:42,My Family & Me All Members Are Banglalink Users I Love All Time Banglalink,0,Banglalink,General Appreciation / Other,Positive,The user expresses that their entire family uses Banglalink and that they love the service at all times.
A Google user,5,2026-08-14 13:41:00,Banglalink is my first choice and best servicer sim,0,Banglalink,General Appreciation / Other,Positive,The customer expresses that Banglalink is their preferred and best service provider.
A Google user,5,2026-08-14 12:55:45,very good app,0,Banglalink,General Appreciation / Other,Positive,The customer expresses that the app is very good.
A Google user,1,2026-08-14 12:02:37,faltu service. network issue,0,Banglalink,Network Speed & 4G Latency,Negative,The customer describes the service as useless due to network issues.
A Google user,5,2026-08-14 08:12:27,it's cool network & I'm interested,0,Banglalink,General Appreciation / Other,Positive,The customer finds the network cool and expresses interest in the service.
A Google user,1,2026-08-14 07:52:06,গলাকাটা ব্যবসায় জিপিকেও ছাড়িয়ে গেছে,0,Banglalink,General Appreciation / Other,Positive,The user states that Gola Kata has surpassed Jipeko in the business.
A Google user,1,2026-08-14 06:08:10,এই এপ্লিকেশন টি ভালো না । এখানে কোনো ভালো অফার নেই । এই এপ্লিকেশন টির সার্ভিস ভালো না ।,0,Banglalink,Offers & Data Packs,Negative,The user states that the application is poor because it lacks good offers and has bad service.
A Google user,5,2026-08-14 05:58:37,alhamdulillah,0,Banglalink,General Appreciation / Other,Positive,The customer expresses gratitude or satisfaction with the service.
A Google user,5,2026-08-14 01:02:07,khub Valo service bl apps a,0,Banglalink,General Appreciation / Other,Positive,The customer states that the service and the BL app are very good.
A Google user,5,2026-08-13 23:14:20,this is a best app in Bangladesh,0,Banglalink,General Appreciation / Other,Positive,The customer considers this to be the best app in Bangladesh.
A Google user,5,2026-08-13 21:24:06,tnq banlalink,0,Banglalink,General Appreciation / Other,Positive,The customer is expressing gratitude to Banglalink.
A Google user,5,2026-08-13 19:39:36,Best apps for bl,0,Banglalink,General Appreciation / Other,Positive,The user expresses that the app is the best for Banglalink.
A Google user,5,2026-08-13 19:27:56,namiya vkhub valo,0,Banglalink,General Appreciation / Other,Positive,The user states that the network coverage is good.
A Google user,5,2026-08-13 17:23:55,বাংলালিংকে এমবি কিনে ভালো লাগে🥰 এমবির দাম আর একটু কমালে ভালো হয়,0,Banglalink,Offers & Data Packs,Neutral,The user enjoys buying MBs from Banglalink but suggests that the price should be reduced further.
A Google user,1,2026-08-13 15:53:38,I can't open it 😒,0,Banglalink,App Login & Technical Bugs,Negative,The user is unable to open the application.
A Google user,5,2026-08-13 14:58:55,very nice offer,0,Banglalink,Offers & Data Packs,Positive,The customer is expressing satisfaction with a specific promotional offer.
A Google user,5,2026-08-13 14:27:59,"It,s Awesome App",0,Banglalink,General Appreciation / Other,Positive,The customer expresses that the app is awesome.
A Google user,5,2026-08-13 14:14:57,wow very good apps,0,Banglalink,General Appreciation / Other,Positive,The customer expresses that the app is very good.
A Google user,4,2026-08-13 10:50:53,it’s too goot from another sim company,0,Banglalink,General Appreciation / Other,Positive,The customer states that the service is very good compared to another SIM company.
A Google user,4,2026-08-13 10:38:59,app good but app logo...... looking no,0,Banglalink,App Login & Technical Bugs,Neutral,The user finds the app good but notes that the logo looks unappealing.
A Google user,5,2026-08-13 09:56:19,বাংলালিংক সব সময় ইন্টারনেটের দাম কম থাকে,0,Banglalink,Offers & Data Packs,Positive,The customer appreciates that Banglalink always offers low internet prices.
A Google user,5,2026-08-13 09:25:17,my bl my apps🥀🏵️,0,Banglalink,General Appreciation / Other,Neutral,"The user simply mentions the MyBL app with decorative emojis, providing no specific feedback or complaint."
A Google user,5,2026-08-13 07:38:09,good service 👍,0,Banglalink,General Appreciation / Other,Positive,The customer expresses satisfaction with the overall service quality.
A Google user,5,2026-08-13 02:35:55,alhamdulillah ♥️,0,Banglalink,General Appreciation / Other,Positive,The customer expresses gratitude and satisfaction with the service.
A Google user,5,2026-08-13 02:19:25,Bangla link one of the best network of our country,0,Banglalink,General Appreciation / Other,Positive,The customer praises Banglalink as having one of the best networks in the country.
A Google user,5,2026-08-13 00:43:20,best service,0,Banglalink,General Appreciation / Other,Positive,The customer expresses satisfaction with the overall service quality.
A Google user,5,2026-08-12 23:56:09,this app Very much,0,Banglalink,General Appreciation / Other,Positive,The customer expresses that they like the app very much.
A Google user,1,2026-08-12 23:45:40,the login has issues. otp and password doesn't work.,1,Banglalink,App Login & Technical Bugs,Negative,The user reports that the app login is failing because both OTP and password authentication are not working.
A Google user,5,2026-08-12 21:59:47,very nice app,0,Banglalink,General Appreciation / Other,Positive,The customer expresses satisfaction with the overall quality of the app.
A Google user,5,2026-08-12 21:31:21,beautiful 🥰🥰🥰,0,Banglalink,General Appreciation / Other,Positive,The customer expressed general satisfaction and appreciation with positive emojis.
A Google user,5,2026-08-12 20:32:50,best service,1,Banglalink,General Appreciation / Other,Positive,The customer expresses satisfaction with the overall service quality.
A Google user,5,2026-08-12 20:01:49,nice network,0,Banglalink,Network Speed & 4G Latency,Positive,The customer is expressing satisfaction with the quality of the network.
A Google user,5,2026-08-12 18:42:26,this apps is a very beautiful apps,0,Banglalink,General Appreciation / Other,Positive,The customer compliments the visual design of the app.
A Google user,4,2026-08-12 16:19:01,very good network in Dhaka area,0,Banglalink,Network Speed & 4G Latency,Positive,The customer reports that the network quality is very good in the Dhaka area.
A Google user,5,2026-08-12 16:18:55,So far so good,0,Banglalink,General Appreciation / Other,Positive,The customer is satisfied with the service so far.
A Google user,5,2026-08-12 15:41:30,খুবই ভালো আছি,0,Banglalink,General Appreciation / Other,Positive,The customer states that they are doing very well.
A Google user,5,2026-08-12 15:31:23,২জিবি এমবি হাওলাদ দেন,0,Banglalink,Offers & Data Packs,Negative,The customer is complaining that they were charged for 2GB of data.
A Google user,5,2026-08-12 14:09:32,goods service,0,Banglalink,General Appreciation / Other,Positive,The customer expresses satisfaction with the overall service quality.
A Google user,5,2026-08-12 14:05:42,it's easy to use,1,Banglalink,General Appreciation / Other,Positive,The customer finds the app easy to use.
A Google user,5,2026-08-12 13:45:21,that's very essential...,0,Banglalink,General Appreciation / Other,Positive,The customer states that the feature or service is very essential.
A Google user,5,2026-08-12 09:44:31,very good app,0,Banglalink,General Appreciation / Other,Positive,The customer expresses that the app is very good.
A Google user,3,2026-08-12 03:13:26,খুবই ভালো একটা কোম্পানি,0,Banglalink,General Appreciation / Other,Positive,The customer describes the company as very good.
A Google user,5,2026-08-12 01:55:48,good service bl...,0,Banglalink,General Appreciation / Other,Positive,The customer expresses satisfaction with the overall service provided by Banglalink.
A Google user,5,2026-08-12 01:24:39,best Internet,0,Banglalink,Network Speed & 4G Latency,Positive,The customer praises the quality of the internet service.
A Google user,5,2026-08-11 23:55:41,I'm a Robi user but i Shift for Banglalink the reason i's Banglalink offer super best🤍,1,Banglalink,Offers & Data Packs,Positive,The user switched from Robi to Banglalink because of its superior offers.
A Google user,5,2026-08-11 22:14:51,My Best BL sim,0,Banglalink,General Appreciation / Other,Positive,The customer expresses that their Banglalink SIM is their favorite.
A Google user,4,2026-08-11 21:08:02,খুব ভালো । আর একটু এমবি টা একটু কম টাকায় করে দেওয়া যায় না,0,Banglalink,Offers & Data Packs,Positive,The user appreciates the service but suggests reducing the price per MB for data packs.
A Google user,5,2026-08-11 20:57:45,User friendly App,0,Banglalink,General Appreciation / Other,Positive,The user finds the app to be user-friendly.
A Google user,5,2026-08-11 20:41:45,It's very good apps,0,Banglalink,General Appreciation / Other,Positive,The customer expresses that the app is very good.
A Google user,5,2026-08-11 19:57:49,my bl apps just amazing,0,Banglalink,General Appreciation / Other,Positive,The customer expresses that the MyBL app is amazing.
A Google user,5,2026-08-11 16:22:42,Banglalink.. best of Bangladesh,0,Banglalink,General Appreciation / Other,Positive,The customer expresses that Banglalink is the best in Bangladesh.
A Google user,5,2026-08-11 15:36:08,"নেটের দাম অনেক বেশি, নেট খুব স্লো চলে, এভাবে চলতে থাকলে আমরা নেট কিনে চালাতে পারবো না, নেটের দাম কমাতে হবে নেটের সার্ভিস ভালো করতে হবে, দ্বিতীয় কথা হচ্ছে, এমবি মিনিট পরবর্তী মাসে অ্যাড হয় না কেন, এভাবে চলতে থাকলে বাংলালিংকে আর এমবি কিনবো না, এমবির দাম অনেক বেশি হয়ে গেছে নেট সার্ভিস ভালো করতে হবে, এমবি ছাড়া অ্যাপস এ ঢোকা যাচ্ছে না, এমবি ছাড়া যদি এই অ্যাপস এ না ঢুকতে পারি তাহলে অ্যাপস থেকে এমবি কিভাবে কিনব, আশা করি আমার কথা বুঝতে পারছেন এমবি ছাড়া যেন এস ব্যবহার করা যায় সেই পদক্ষেপ নিবেন🫡",0,Banglalink,Network Speed & 4G Latency,Negative,"The customer complains about high data costs and slow network speeds, and requests that the app be usable without consuming MBs to avoid a catch-22 situation."
A Google user,5,2026-08-11 14:29:57,I just love this app,0,Banglalink,General Appreciation / Other,Positive,The customer expresses strong satisfaction and love for the app.
A Google user,5,2026-08-11 12:37:10,very good apk,0,Banglalink,General Appreciation / Other,Positive,The customer rates the application as very good.
A Google user,5,2026-08-11 12:18:28,best apps thnkyou banglalink,0,Banglalink,General Appreciation / Other,Positive,The customer expresses gratitude and praises the app as the best.
A Google user,5,2026-08-11 11:58:20,good and app,0,Banglalink,General Appreciation / Other,Positive,The customer expresses that the app is good.
A Google user,5,2026-08-11 07:19:01,good service,0,Banglalink,General Appreciation / Other,Positive,The customer expresses satisfaction with the overall service quality.
A Google user,5,2026-08-11 06:33:46,alhamdulillah,0,Banglalink,General Appreciation / Other,Positive,The customer expresses gratitude or satisfaction with the service.
A Google user,5,2026-08-11 00:18:24,"best app and SIM.,,,,",0,Banglalink,General Appreciation / Other,Positive,The customer expresses that the app and SIM are the best.
A Google user,5,2026-08-10 23:29:53,good service,0,Banglalink,General Appreciation / Other,Positive,The customer expresses satisfaction with the overall service quality.
A Google user,5,2026-08-10 22:51:36,Good for Everyone.,0,Banglalink,General Appreciation / Other,Positive,The customer expresses general satisfaction with the service.
A Google user,1,2026-08-10 22:45:31,পার্সোনাল একাউন্ট,0,Banglalink,General Appreciation / Other,Neutral,The user simply mentioned 'Personal Account' without providing specific feedback or context.
A Google user,5,2026-08-10 22:03:29,not good for intranet pakags,0,Banglalink,Offers & Data Packs,Negative,The customer is dissatisfied with the available internet packages.
A Google user,5,2026-08-10 20:59:10,আপ টি আনেক ভালো,0,Banglalink,General Appreciation / Other,Positive,The user states that the app is very good.
A Google user,5,2026-08-10 20:12:35,এটা একটি খুব ভালো একটি,0,Banglalink,General Appreciation / Other,Positive,The customer states that this is a very good one.
A Google user,5,2026-08-10 19:45:51,best software mybL for Banglalink,0,Banglalink,General Appreciation / Other,Positive,The user expresses that the MyBL app is the best software for Banglalink.
A Google user,5,2026-08-10 18:14:56,good network,0,Banglalink,Network Speed & 4G Latency,Positive,The customer is satisfied with the quality of the network.
A Google user,5,2026-08-10 16:29:33,app working great.,0,Banglalink,General Appreciation / Other,Positive,The customer is expressing satisfaction with the overall performance of the app.
A Google user,5,2026-08-10 14:42:34,nice nice nice 👍👍👍👍👍👍👍👍👍👍👍 u,0,Banglalink,General Appreciation / Other,Positive,The customer expressed general satisfaction with the service using repeated positive words and emojis.
A Google user,5,2026-08-10 14:11:24,vey nice app,0,Banglalink,General Appreciation / Other,Positive,The customer finds the app very nice.
A Google user,5,2026-08-10 13:17:59,ওয়াও সত্যি এটা অনেক কার্যকারী,0,Banglalink,General Appreciation / Other,Positive,"The user expresses surprise and praise, stating that the service is truly very effective."
A Google user,5,2026-08-10 12:23:30,this app is Very good,0,Banglalink,General Appreciation / Other,Positive,The customer expresses that the app is very good.
A Google user,5,2026-08-10 11:53:55,my experience was good with them.happy journey,0,Banglalink,General Appreciation / Other,Positive,The customer had a good experience and wishes the company well.
A Google user,5,2026-08-10 10:26:47,অ্যাপটি সত্যিই অনেক ভালো এবং ব্যবহার করতেও সহজ। এর ফিচারগুলো খুব সুন্দরভাবে কাজ করে এবং এখন পর্যন্ত কোনো বড় সমস্যা পাইনি। ডেভেলপারদের ধন্যবাদ এত ভালো একটি অ্যাপ তৈরি করার জন্য।,0,Banglalink,General Appreciation / Other,Positive,"The user praises the app for being easy to use, having well-functioning features, and lacking major issues."
A Google user,1,2026-08-10 08:31:17,"3rd class operator in bangladesh, stay away from this garbage, no network, no customer support. They just don't care about their own clients/customers. And the app is just useless, pushing unnecessary notification every 1 hour and buggy.",11,Banglalink,App Login & Technical Bugs,Negative,"The user criticizes the operator for poor network and support, specifically highlighting that the app is buggy and sends excessive unnecessary notifications."
A Google user,4,2026-08-10 01:44:10,my banglalink app to esim convert process add koren,0,Banglalink,App Login & Technical Bugs,Neutral,The customer is inquiring about the process to convert their Banglalink app to eSIM.
A Google user,5,2026-08-09 23:48:01,Good Service,0,Banglalink,General Appreciation / Other,Positive,The customer expresses satisfaction with the overall service quality.
A Google user,5,2026-08-09 23:05:26,myBL is very best app,0,Banglalink,General Appreciation / Other,Positive,The user expresses that the MyBL app is excellent.
A Google user,1,2026-08-09 22:28:31,বাংলালিংক কি সমস্যা হয়ে দাঁড়িয়েছে। সিম রানিং থাকা অবস্থায় যায় কেউ কল দিলে বন্ধ দেখায়।,1,Banglalink,Network Speed & 4G Latency,Negative,"The customer reports that their active Banglalink SIM shows as disconnected when receiving calls, indicating a network connectivity issue."
A Google user,5,2026-08-09 22:28:01,Best app the banglalink,0,Banglalink,General Appreciation / Other,Positive,The customer expresses that the Banglalink app is the best.
A Google user,4,2026-08-09 21:24:25,performance is 👍 but old is gold,0,Banglalink,General Appreciation / Other,Positive,The customer appreciates the current performance but expresses a preference for the old system or features.
A Google user,5,2026-08-09 21:14:46,Network signal Excellent 👌,0,Banglalink,Network Speed & 4G Latency,Positive,The customer is praising the excellent network signal quality.
A Google user,5,2026-08-09 19:37:42,banglalink internet price hi,0,Banglalink,Offers & Data Packs,Neutral,The customer is inquiring about the pricing of Banglalink internet services.
A Google user,5,2026-08-09 17:04:12,অসাধারণ একটি অ্যাপ,0,Banglalink,General Appreciation / Other,Positive,The customer describes the app as wonderful.
A Google user,5,2026-08-09 16:32:18,Excellent Apps,0,Banglalink,General Appreciation / Other,Positive,The customer expresses satisfaction with the quality of the app.
A Google user,5,2026-08-09 16:16:08,good for you,0,Banglalink,General Appreciation / Other,Positive,The user expresses general satisfaction with the service.
A Google user,5,2026-08-09 15:59:39,great keep it up,0,Banglalink,General Appreciation / Other,Positive,The customer expresses satisfaction and encourages the company to maintain their current performance.
A Google user,1,2026-08-09 15:46:13,useless trash 🗑️,0,Banglalink,General Appreciation / Other,Negative,The customer expresses extreme dissatisfaction by calling the service useless trash.
A Google user,5,2026-08-09 12:22:11,❤️❤️❤️❤️❤️❤️❤️,0,Banglalink,General Appreciation / Other,Positive,The user expressed strong satisfaction using multiple heart emojis.
A Google user,1,2026-08-09 11:50:37,please uninstalled this app.,0,Banglalink,App Login & Technical Bugs,Negative,The customer has uninstalled the application.
A Google user,5,2026-08-09 11:24:12,I.m happy my bl,0,Banglalink,General Appreciation / Other,Positive,The customer expresses happiness with the MyBL app.
A Google user,5,2026-08-09 08:58:35,amazing 😍 app,0,Banglalink,General Appreciation / Other,Positive,The customer expresses high satisfaction with the app.
A Google user,5,2026-08-09 08:47:55,আমার দেখা সেরা একটা সিম এটা,0,Banglalink,General Appreciation / Other,Positive,The customer states that this is the best SIM card they have ever seen.
A Google user,5,2026-08-09 08:01:02,my bl is so useful app,0,Banglalink,General Appreciation / Other,Positive,The customer finds the MyBL app very useful.
A Google user,5,2026-08-09 03:29:29,আলহামদুলিল্লাহ অনেক কম খরচে বেশি অফার,0,Banglalink,Offers & Data Packs,Positive,The customer is grateful for receiving many offers at a very low cost.
A Google user,5,2026-08-09 01:05:31,good help full,0,Banglalink,General Appreciation / Other,Positive,The customer finds the service or app helpful.
A Google user,5,2026-08-08 23:39:37,now bl is best for my area,0,Banglalink,General Appreciation / Other,Positive,The customer states that Banglalink is currently the best network provider for their specific area.
A Google user,5,2026-08-08 21:22:37,this app is Very good,0,Banglalink,General Appreciation / Other,Positive,The customer expresses that the app is very good.
A Google user,5,2026-08-08 20:58:02,"কম অফার দেন কেন, আরো বেশি বেশি কম টাকায় অফার দিবেন",0,Banglalink,Offers & Data Packs,Negative,The customer is complaining about the lack of affordable offers and requesting more low-cost data packages.
A Google user,5,2026-08-08 20:56:18,best app in the Bangladesh,0,Banglalink,General Appreciation / Other,Positive,The customer considers this the best app in Bangladesh.
A Google user,5,2026-08-08 20:56:10,best service all the best,0,Banglalink,General Appreciation / Other,Positive,The customer expresses satisfaction with the service and offers well-wishes.
A Google user,5,2026-08-08 15:01:02,Banglalink company is so nice but package price very high.. that's it 👍,2,Banglalink,Offers & Data Packs,Neutral,The customer appreciates the company but finds the data package prices to be too high.
A Google user,5,2026-08-08 14:53:23,Very Satisfying,0,Banglalink,General Appreciation / Other,Positive,The customer expresses high satisfaction with the service.
A Google user,5,2026-08-08 14:50:05,Good opportunity,0,Banglalink,General Appreciation / Other,Positive,The customer expresses a positive sentiment regarding a good opportunity.
A Google user,5,2026-08-08 10:52:10,"হ্যাঁ, ভালো। ধন্যবাদ।",0,Banglalink,General Appreciation / Other,Positive,The customer confirms that the service is good and expresses gratitude.
A Google user,5,2026-08-08 10:28:34,First service,0,Banglalink,General Appreciation / Other,Neutral,The customer is noting that this is their first time using the service.
A Google user,5,2026-08-08 10:28:05,অ্যাপস কেন লগইন হচ্ছে না সমস্যা কোথায় মন ভালো না,0,Banglalink,App Login & Technical Bugs,Negative,The user is frustrated because the app is not logging in and they are unsure of the cause.
A Google user,5,2026-08-08 03:56:21,Nice Application,0,Banglalink,General Appreciation / Other,Positive,The customer expresses satisfaction with the application.
A Google user,4,2026-08-07 23:21:26,good best for our ariya,0,Banglalink,General Appreciation / Other,Positive,The customer expresses that the service is good and the best for their area.
A Google user,1,2026-08-07 23:08:56,App is good but offers are expensive,3,Banglalink,Offers & Data Packs,Neutral,The user finds the app functional but considers the pricing of the available offers to be too high.
A Google user,5,2026-08-07 22:59:21,super apps the apps of Best apps ❤️,0,Banglalink,General Appreciation / Other,Positive,The user expresses strong satisfaction and calls it the best app.
A Google user,5,2026-08-07 20:54:52,very good app and good service,0,Banglalink,General Appreciation / Other,Positive,The customer expresses satisfaction with the app and the overall service quality.
A Google user,5,2026-08-07 20:20:59,Excellent Apps,0,Banglalink,General Appreciation / Other,Positive,The customer expresses satisfaction with the quality of the app.
A Google user,1,2026-08-07 19:59:03,The king of call drop,0,Banglalink,Network Speed & 4G Latency,Negative,The user complains that the network frequently drops calls.
A Google user,5,2026-08-07 18:52:29,great easy and useful,0,Banglalink,General Appreciation / Other,Positive,"The customer finds the app great, easy to use, and useful."
A Google user,5,2026-08-07 18:47:15,very good service,0,Banglalink,General Appreciation / Other,Positive,The customer expresses satisfaction with the overall service quality.
A Google user,4,2026-08-07 17:44:15,verry good App,0,Banglalink,General Appreciation / Other,Positive,The customer expresses that the app is very good.
A Google user,5,2026-08-07 16:48:57,everything is good,1,Banglalink,General Appreciation / Other,Positive,The customer expresses general satisfaction with the service.
A Google user,5,2026-08-07 15:17:07,মাই ফেভারি বাংলালিংক,0,Banglalink,General Appreciation / Other,Positive,The customer states that Banglalink is their favorite.
A Google user,5,2026-08-07 14:41:15,good Network good service,0,Banglalink,General Appreciation / Other,Positive,The customer is expressing satisfaction with the network quality and overall service.
A Google user,5,2026-08-07 13:16:55,খুবই ভালো সার্ভিস শুধুমাত্র ইন্টারনেটের দাম বেশি আমার মনে হয় এটা কোম্পানির মাথায় রেখে ইউজারদেরকে আরো বেটার সার্ভিস দেওয়া উচিত,0,Banglalink,Offers & Data Packs,Negative,The user appreciates the service but complains that internet prices are too high and suggests the company should offer better rates.
A Google user,5,2026-08-07 13:02:00,nice app fom Bangladesh mybl,0,Banglalink,General Appreciation / Other,Positive,The user expresses that the MyBL app from Bangladesh is nice.
A Google user,5,2026-08-07 11:01:31,অনেক ভালো। বাংলাদেশ আপনারা অনেক উন্নতি করছেন। তাই আমি অনেক খুশি।,0,Banglalink,General Appreciation / Other,Positive,The customer expresses satisfaction and happiness with the significant improvements made by the company in Bangladesh.
A Google user,5,2026-08-07 08:11:04,its Really Awesome!,0,Banglalink,General Appreciation / Other,Positive,The customer expresses that the service or app is really awesome.
A Google user,5,2026-08-06 23:30:11,very good app,0,Banglalink,General Appreciation / Other,Positive,The customer expresses that the app is very good.
A Google user,5,2026-08-06 23:28:37,Mybl Best App,0,Banglalink,General Appreciation / Other,Positive,The customer expresses that the MyBL app is the best.
A Google user,5,2026-08-06 23:14:55,খুব ভালো এইটা,0,Banglalink,General Appreciation / Other,Positive,The customer states that the service or app is very good.
A Google user,5,2026-08-06 21:58:41,Prince SAGOR good,0,Banglalink,General Appreciation / Other,Positive,The customer expressed a positive sentiment by stating 'good'.
A Google user,5,2026-08-06 21:16:08,this app is good,0,Banglalink,General Appreciation / Other,Positive,The customer expresses that the app is good.
A Google user,5,2026-08-06 20:06:22,Excellent one indeed,1,Banglalink,General Appreciation / Other,Positive,The customer expresses high satisfaction with the service.
A Google user,5,2026-08-06 19:29:16,Offer is awesome,0,Banglalink,Offers & Data Packs,Positive,The customer expresses that the offer is excellent.
A Google user,1,2026-08-06 18:43:22,Very bad experience 😕😞,0,Banglalink,General Appreciation / Other,Negative,The customer expresses a very bad experience without specifying the underlying issue.
A Google user,5,2026-08-06 18:07:25,very effective this service,0,Banglalink,General Appreciation / Other,Positive,The customer finds the service to be very effective.
A Google user,5,2026-08-06 16:27:07,great service,0,Banglalink,General Appreciation / Other,Positive,The customer expresses satisfaction with the overall service quality.
A Google user,5,2026-08-06 15:58:12,verry good my bl,0,Banglalink,General Appreciation / Other,Positive,The customer expresses that the MyBL app is very good.
A Google user,5,2026-08-06 13:09:31,best natowark,0,Banglalink,General Appreciation / Other,Positive,The customer praises the network quality as the best.
A Google user,5,2026-08-06 13:05:38,vary good my bl appa,0,Banglalink,General Appreciation / Other,Positive,The customer states that the MyBL app is very good.
A Google user,5,2026-08-06 12:12:58,"There are always good offers, and the network connection is better than others.",2,Banglalink,General Appreciation / Other,Positive,The customer appreciates the frequent good offers and states that the network connection is superior to competitors.
A Google user,5,2026-08-06 05:56:27,Lucky my transaction 😁😉😁😁,0,Banglalink,General Appreciation / Other,Positive,The customer expresses happiness and satisfaction with a successful transaction.
A Google user,5,2026-08-06 05:28:38,বাংলালিংক সিম ভালো।,0,Banglalink,General Appreciation / Other,Positive,The customer states that the Banglalink SIM is good.
A Google user,5,2026-08-06 02:49:53,good network banglalink,0,Banglalink,Network Speed & 4G Latency,Positive,The customer praises the quality of Banglalink's network.
A Google user,4,2026-08-06 00:08:40,purai baje ekta operator..,0,Banglalink,General Appreciation / Other,Negative,The customer describes the operator as a complete fraud.
A Google user,5,2026-08-05 21:03:14,this is a good app,0,Banglalink,General Appreciation / Other,Positive,The customer expresses that the app is good.
A Google user,5,2026-08-05 20:59:30,usefull apps,0,Banglalink,General Appreciation / Other,Positive,The customer finds the app useful.
A Google user,5,2026-08-05 20:43:52,Need confirm internet commitment,0,Banglalink,Offers & Data Packs,Neutral,The user is requesting confirmation regarding their internet commitment plan.
A Google user,5,2026-08-05 20:19:56,"nice Apps,,,,,,",0,Banglalink,General Appreciation / Other,Positive,The customer expresses satisfaction with the app.
A Google user,5,2026-08-05 18:50:16,"This app is very useful and easy to use. It has many helpful features, and it is very effective for us. I also like the games in this app. I earn coins every day by playing them, which makes the app more fun and enjoyable. Thank you for creating such a wonderful app!",5,Banglalink,General Appreciation / Other,Positive,"The user praises the app's ease of use, helpful features, and the fun of earning coins through games."
A Google user,5,2026-08-05 16:53:13,very nice app,0,Banglalink,General Appreciation / Other,Positive,The customer expresses satisfaction with the overall quality of the app.
A Google user,5,2026-08-05 16:31:53,খুব ভালো অ্যাপস।,0,Banglalink,General Appreciation / Other,Positive,The customer describes the app as very good.
A Google user,5,2026-08-05 15:09:24,বাংলালিংক অ্যাপ বাংলাদেশের সবচেয়ে সেরা,0,Banglalink,General Appreciation / Other,Positive,The customer states that the Banglalink app is the best in Bangladesh.
A Google user,5,2026-08-05 12:52:30,well well well,0,Banglalink,General Appreciation / Other,Neutral,"The user provided a vague, non-specific response without detailing any operational issues or feedback."
A Google user,4,2026-08-05 12:51:31,very good app 👍,0,Banglalink,General Appreciation / Other,Positive,"The customer expresses satisfaction with the app, describing it as very good."
A Google user,1,2026-08-05 11:41:46,ফালতু সিম 😡😡😡🤬😡😡,0,Banglalink,General Appreciation / Other,Negative,The customer expresses extreme frustration by calling the SIM useless.
A Google user,5,2026-08-05 10:40:50,very nice and useful,0,Banglalink,General Appreciation / Other,Positive,The customer finds the app very nice and useful.
A Google user,5,2026-08-05 09:30:23,খুব ভালো লাগে,0,Banglalink,General Appreciation / Other,Positive,The customer expresses that they really like the service or app.
A Google user,5,2026-08-05 01:49:51,app has not any problem.,1,Banglalink,General Appreciation / Other,Positive,The customer states that the app is functioning without any issues.
A Google user,5,2026-08-04 21:26:09,"offer valo dei na.ager moto tobe Gp, robi thekeo 100 gun valo offer dei Banglalink",1,Banglalink,Offers & Data Packs,Negative,The customer complains that Banglalink's offers are poor compared to competitors like Grameenphone and Robi.
A Google user,5,2026-08-04 19:38:29,"As a Banglalink user, I am very happy, thank you.",1,Banglalink,General Appreciation / Other,Positive,The user expresses satisfaction with Banglalink services and thanks the company.
A Google user,1,2026-08-04 19:37:42,rabis company. I recharge 399 taka from my naged account and they give me 5 gb and 150 minutes but the problem is I didn't buy it. I recharge my account to top up and they robery my money. total useless and very bed system.,16,Banglalink,Billing & Airtime Deductions,Negative,"The customer reports that a 399 Taka recharge was incorrectly converted into a data and call bundle instead of airtime, resulting in an unauthorized deduction of funds."
A Google user,5,2026-08-04 19:09:52,good service,1,Banglalink,General Appreciation / Other,Positive,The customer expresses satisfaction with the overall service quality.
A Google user,1,2026-08-04 15:53:51,আমার ভুদার নেট,0,Banglalink,Network Speed & 4G Latency,Negative,The customer complains that the network is very slow.
A Google user,5,2026-08-04 13:13:29,This is very Best apps.,0,Banglalink,General Appreciation / Other,Positive,The customer expresses that the app is very good.
A Google user,5,2026-08-04 12:01:59,My best friend 😍,1,Banglalink,General Appreciation / Other,Positive,The user expresses strong affection and satisfaction with the service or app.
A Google user,5,2026-08-04 11:48:12,Free 10000coin,0,Banglalink,Offers & Data Packs,Positive,"The user is reporting or requesting a free offer of 10,000 coins."
A Google user,5,2026-08-04 10:35:09,very nice app work,0,Banglalink,General Appreciation / Other,Positive,The customer finds the app to be very nice and functional.
A Google user,4,2026-08-04 08:34:26,need improvement of network coverage.,0,Banglalink,Network Speed & 4G Latency,Negative,The customer is requesting improvements to the network coverage.
A Google user,5,2026-08-04 08:21:55,"ধন্যবাদ, আপনাদের এপ টি সুন্দর কাজ করে☺️",0,Banglalink,General Appreciation / Other,Positive,"Thank you, your app works beautifully."
A Google user,5,2026-08-04 04:18:31,this is very good app,0,Banglalink,General Appreciation / Other,Positive,The customer expresses that the app is very good.
A Google user,5,2026-08-04 01:03:22,best offer er sera,0,Banglalink,Offers & Data Packs,Positive,The customer considers the current offers to be the best.
A Google user,5,2026-08-04 00:50:12,Good Service,0,Banglalink,General Appreciation / Other,Positive,The customer is expressing satisfaction with the overall service quality.
A Google user,5,2026-08-03 22:37:45,ইদানিং নেটের দাম একটু বাইরে গেছে। আগের অনেক বেশি,0,Banglalink,Billing & Airtime Deductions,Negative,The user complains that the cost of internet has recently increased significantly compared to before.
A Google user,5,2026-08-03 22:36:12,good service,0,Banglalink,General Appreciation / Other,Positive,The customer expresses satisfaction with the overall service quality.
A Google user,1,2026-08-03 22:11:02,very very very very very very very very very very very very very very very very very very very very very very very very very very very very very very very very very very very very very very very very very very very very very very very very very very very very very very very very very very very very very very very very very very very very very very very very very very very very very very very very very very very very very very very very very very very very very very very very very very bad,0,Banglalink,General Appreciation / Other,Negative,The customer expressed extreme dissatisfaction without specifying a particular service issue.
A Google user,5,2026-08-03 21:52:47,Very handy app. makes it easier to purchase internet & offers❤️,2,Banglalink,General Appreciation / Other,Positive,The customer finds the app very handy and appreciates how it simplifies the process of purchasing internet and offers.
A Google user,1,2026-08-03 20:49:57,জি আলহামদুলিল্লাহ অনেক ভালো পারফোমেস দেয়,0,Banglalink,General Appreciation / Other,Positive,The customer expresses gratitude and states that the service performance is very good.
A Google user,5,2026-08-03 20:10:21,good application,0,Banglalink,General Appreciation / Other,Positive,The customer expresses satisfaction with the application.
A Google user,1,2026-08-03 19:13:17,"বাংলালিংকের ইন্টারনেট সেবায় আমি খুবই হতাশ। যেকোনো অনলাইন গেম খেলার সময় বারবার নেটওয়ার্ক বিচ্ছিন্ন হয়ে যায়, ফলে গেম খেলা অসম্ভব হয়ে পড়ে। অথচ  অন্য অ্যাপ ব্যবহার করলে ইন্টারনেট চালু থাকে, যদিও মাঝেমধ্যে অনেক ধীর হয়ে যায়। এই সমস্যার কারণে অনলাইন গেমিংয়ের অভিজ্ঞতা খুবই খারাপ। আশা করি বাংলালিংক কর্তৃপক্ষ দ্রুত এই নেটওয়ার্ক সমস্যার স্থায়ী সমাধান করবে। আর নাহলে বাংলালিংক সিমটি আমার বন্ধ করতে",0,Banglalink,Network Speed & 4G Latency,Negative,"The user is highly disappointed with frequent network disconnections and slow speeds that make online gaming impossible, threatening to cancel their SIM if the issue is not resolved."
A Google user,5,2026-08-03 19:09:06,good application,0,Banglalink,General Appreciation / Other,Positive,The customer expresses satisfaction with the application.
A Google user,1,2026-08-03 16:29:50,After long time they just add and then removed customize flexi plan.,2,Banglalink,Offers & Data Packs,Negative,The customer is dissatisfied because the customizable Flexi plan was added and then subsequently removed after a long wait.
A Google user,3,2026-08-03 15:09:28,Good / medium,0,Banglalink,General Appreciation / Other,Neutral,The customer rates the service as good or medium.
A Google user,5,2026-08-03 12:56:50,রবি সিম এবং mybl এ অনকে কম টাকায় ভালো ভালো অফার পাওয়া যায়🤷‍♂️,0,Banglalink,Offers & Data Packs,Positive,The user states that Rabi SIM and the MyBL app provide good offers at low prices.
A Google user,5,2026-08-03 12:28:04,It’s a very useful app.,0,Banglalink,General Appreciation / Other,Positive,The customer finds the app very useful.
A Google user,5,2026-08-03 11:54:16,Rb Sobuz অসাধারণ,0,Banglalink,General Appreciation / Other,Positive,The customer expresses that Rb Sobuz is excellent.
A Google user,5,2026-08-03 11:44:17,just awesome,0,Banglalink,General Appreciation / Other,Positive,The customer expresses high satisfaction with the service.
A Google user,5,2026-08-03 11:24:53,very nice app,1,Banglalink,General Appreciation / Other,Positive,The customer expresses that the app is very nice.
A Google user,5,2026-08-03 11:20:49,network Problem,0,Banglalink,Network Speed & 4G Latency,Negative,The customer is reporting a problem with the network.
A Google user,5,2026-08-03 10:36:31,great operator,0,Banglalink,General Appreciation / Other,Positive,The customer expresses general satisfaction with the operator.
A Google user,5,2026-08-03 10:00:35,good vitar best,0,Banglalink,General Appreciation / Other,Positive,"The customer expresses satisfaction with the service, describing it as good and the best."
A Google user,3,2026-08-03 09:29:20,nice experience with bl app,0,Banglalink,General Appreciation / Other,Positive,The user expresses satisfaction with their overall experience using the BL app.
A Google user,4,2026-08-03 09:04:08,want netwark in every location and more fast Internet.,0,Banglalink,Network Speed & 4G Latency,Neutral,The customer requests improved network coverage in all locations and faster internet speeds.
A Google user,1,2026-08-03 08:28:24,not smooth run Sometime hang.,1,Banglalink,App Login & Technical Bugs,Negative,The user reports that the app is not running smoothly and occasionally hangs.
A Google user,1,2026-08-03 08:19:09,প্রতি মাসে বান্ডিল প্যাকের মেয়াদ শেষ হওয়ার কয়েকদিন আগে থেকে নিয়মিত ম্যাসেজ দেওয়া হতো। এই মাসে কোনো ম্যাসেজই দেওয়া হলোনা। সকালে দেখি মেয়াদ শেষ হওয়ার কারণে ৭০০ জিবি + ৩০০০ মিনিটের অধিক ব্যালেন্স উধাও। আজ থেকে বাংলালিংক ব্যবহার বাদ দিলাম।,0,Banglalink,Offers & Data Packs,Negative,"The customer is angry that they did not receive the usual expiration reminder for their bundle pack, resulting in the loss of 700GB and 3000 minutes of balance, and has decided to stop using Banglalink."
A Google user,5,2026-08-03 06:22:46,এই সিম গুলো ব্যবহার করে আমি খুবই খুশি,0,Banglalink,General Appreciation / Other,Positive,The customer expresses being very happy with using these SIM cards.
A Google user,5,2026-08-03 02:06:02,মাঝে মধ্যে সমস্যা করে এমনিতে ভালো চলে,0,Banglalink,App Login & Technical Bugs,Neutral,The app generally works well but experiences occasional technical issues.
A Google user,5,2026-08-03 00:54:38,good network,0,Banglalink,Network Speed & 4G Latency,Positive,The customer is satisfied with the quality of the network.
A Google user,5,2026-08-02 23:21:04,Mybl Bangladesh vest network,0,Banglalink,Network Speed & 4G Latency,Neutral,The user mentions the MyBL app and the network in Bangladesh without providing specific details or a clear sentiment.
A Google user,5,2026-08-02 23:17:34,ভালো মোটামুটি,0,Banglalink,General Appreciation / Other,Neutral,The user describes the service as good and moderate.
A Google user,2,2026-08-02 22:58:09,my offer is very poor,2,Banglalink,Offers & Data Packs,Negative,The customer is dissatisfied with the quality or value of the current offers.
A Google user,5,2026-08-02 22:51:44,good Banglalink,0,Banglalink,General Appreciation / Other,Positive,The customer expresses general satisfaction with Banglalink.
A Google user,5,2026-08-02 19:23:55,very good service,1,Banglalink,General Appreciation / Other,Positive,The customer expresses satisfaction with the overall service quality.
A Google user,5,2026-08-02 19:02:29,very good service!,1,Banglalink,General Appreciation / Other,Positive,The customer expresses satisfaction with the overall service quality.
A Google user,5,2026-08-02 17:55:49,Good Opinion,0,Banglalink,General Appreciation / Other,Positive,The customer expresses a positive opinion about the service.
A Google user,5,2026-08-02 17:30:16,nice app very useful ❤️,0,Banglalink,General Appreciation / Other,Positive,The customer finds the app nice and very useful.
A Google user,5,2026-08-02 17:11:46,very good app,1,Banglalink,General Appreciation / Other,Positive,The customer expresses that the app is very good.
A Google user,5,2026-08-02 11:14:04,thank you for everything,1,Banglalink,General Appreciation / Other,Positive,The customer is expressing gratitude for the service.
A Google user,5,2026-08-02 08:17:57,onk sundor network,0,Banglalink,General Appreciation / Other,Positive,The customer describes the network as very good.
A Google user,1,2026-08-02 04:11:45,ইন্টারনেটের দাম বেশি।,0,Banglalink,Billing & Airtime Deductions,Negative,The customer complains that the internet price is too high.
A Google user,5,2026-08-01 23:49:40,it's satisfying and helpful 😃,0,Banglalink,General Appreciation / Other,Positive,The customer finds the service satisfying and helpful.
A Google user,5,2026-08-01 19:29:36,Wonderful full app.Best helpfull,0,Banglalink,General Appreciation / Other,Positive,The customer expresses that the app is wonderful and very helpful.
A Google user,5,2026-08-01 19:15:23,অসাধারণ খুবই সুন্দর,0,Banglalink,General Appreciation / Other,Positive,The customer expresses that the service is wonderful and very beautiful.
A Google user,4,2026-08-01 18:50:18,Very help full app,1,Banglalink,General Appreciation / Other,Positive,The customer finds the app very helpful.
A Google user,5,2026-08-01 16:04:42,good and smooth,0,Banglalink,General Appreciation / Other,Positive,The customer finds the service to be good and smooth.
A Google user,5,2026-08-01 15:20:53,very good ❤️,0,Banglalink,General Appreciation / Other,Positive,The customer expresses general satisfaction with the service.
A Google user,5,2026-08-01 15:19:43,Banlalink should decrease Internet cost for customers!,1,Banglalink,Offers & Data Packs,Negative,The customer requests that Banglalink reduce the cost of internet services.
A Google user,5,2026-08-01 14:45:41,very bed and good 😁,0,Banglalink,General Appreciation / Other,Neutral,The customer provided a contradictory and vague review stating the service is both very bad and good.
A Google user,5,2026-08-01 14:05:05,it's a very useful app and i really empress,2,Banglalink,General Appreciation / Other,Positive,The customer finds the app very useful and expresses high satisfaction.
A Google user,5,2026-08-01 13:47:16,"ভালো না দাম বেশি নেয় এমবির খালি ,😅🙂❌",0,Banglalink,Billing & Airtime Deductions,Negative,The user complains that the service is not good because it charges a high price for very little data.
A Google user,5,2026-08-01 12:35:39,বাংলাদেশে বাংলালিংক সেরা,0,Banglalink,General Appreciation / Other,Positive,The customer states that Banglalink is the best in Bangladesh.
A Google user,1,2026-08-01 08:36:15,no good offers for me 🤧,3,Banglalink,Offers & Data Packs,Negative,The customer is dissatisfied because they are not receiving any suitable offers.
A Google user,5,2026-08-01 02:39:33,আনেক সুন্দর বাংলালিংক,0,Banglalink,General Appreciation / Other,Positive,The customer expresses that Banglalink is very good.
A Google user,5,2026-08-01 02:14:36,very good apo,0,Banglalink,General Appreciation / Other,Positive,The customer rates the app as very good.
A Google user,5,2026-08-01 01:04:25,ভালো অফার দেন,0,Banglalink,Offers & Data Packs,Positive,The customer appreciates the good offers provided.
A Google user,4,2026-07-31 23:28:00,good service,0,Banglalink,General Appreciation / Other,Positive,The customer expresses satisfaction with the overall service quality.
A Google user,5,2026-07-31 20:11:05,it is a very beautiful apps for every banglalink users,1,Banglalink,General Appreciation / Other,Positive,The user describes the app as very beautiful and suitable for all Banglalink users.
A Google user,5,2026-07-31 19:39:45,It's really good i loves there performance,0,Banglalink,General Appreciation / Other,Positive,The customer expresses satisfaction with the overall performance of the service.
A Google user,5,2026-07-31 18:55:13,"Great App,Very Useful",0,Banglalink,General Appreciation / Other,Positive,The customer finds the app great and very useful.
A Google user,5,2026-07-31 18:41:28,My Bangla Aps Onek Valo,0,Banglalink,General Appreciation / Other,Positive,The customer states that the MyBL app is very good.
A Google user,5,2026-07-31 18:24:14,Amazing my banglalink apps and operator,0,Banglalink,General Appreciation / Other,Positive,The customer expresses high satisfaction with the MyBL app and the operator.
A Google user,4,2026-07-31 17:42:37,অনেক ভালো সাইট,0,Banglalink,General Appreciation / Other,Positive,The customer states that the site is very good.
A Google user,5,2026-07-31 15:55:22,best best best 😄,0,Banglalink,General Appreciation / Other,Positive,The customer expresses high satisfaction with the service.
A Google user,5,2026-07-31 15:46:09,best service,0,Banglalink,General Appreciation / Other,Positive,The customer expresses satisfaction with the overall service quality.
A Google user,4,2026-07-31 14:09:07,সব কিছু এক জায়গায়। প্রতিদিনের অফার আপডেট পাওয়া যাবে।,0,Banglalink,Offers & Data Packs,Positive,The user appreciates that all services are centralized and daily offers are updated in the app.
A Google user,4,2026-07-31 13:04:50,যদি ইন্টারনেট শেষ হয়ে যায় তাহলে অন্তত ১০০এম বি বোনাস অথবা লোন দিলে খুব ভাল হয়। না হলে টাকা থাকা সত্ত্বেও বেকায়দায় পড়ে যাই।,0,Banglalink,Offers & Data Packs,Neutral,The customer suggests providing a 100MB bonus or loan when internet data runs out to avoid being stranded despite having balance.
A Google user,5,2026-07-31 09:52:57,Super Fast App,1,Banglalink,General Appreciation / Other,Positive,The customer praises the app for being very fast.
A Google user,5,2026-07-31 08:55:15,সবকিছু ঠিক আছে কিন্তু মিনিটে 3 টাকা কাটে এটা কমাতে হবে,0,Banglalink,Billing & Airtime Deductions,Negative,The user states that everything is fine but requests a reduction in the per-minute call rate of 3 Taka.
A Google user,5,2026-07-31 08:15:17,কম দামে অনেক এমবি পাওয়া যায় তাই এটা ভালো আর খারাপ দিকটা হলো সেই এমবির ম্যাথ থাকে ও এমবি ম্যাথ না থাকলে খুবই ভালো হবে,0,Banglalink,Offers & Data Packs,Neutral,The user appreciates the high data volume for the low price but suggests that removing the data cap would make the offer even better.
A Google user,5,2026-07-31 07:23:28,very nice app,0,Banglalink,General Appreciation / Other,Positive,The customer expresses that the app is very nice.
A Google user,5,2026-07-31 06:36:39,wow this app,0,Banglalink,General Appreciation / Other,Positive,The user expresses surprise and positive sentiment about the app.
A Google user,5,2026-07-31 03:20:35,Very good App,0,Banglalink,General Appreciation / Other,Positive,The customer expresses satisfaction with the overall quality of the app.
A Google user,5,2026-07-31 01:30:55,banglalink network speed is very good,1,Banglalink,Network Speed & 4G Latency,Positive,The customer states that the Banglalink network speed is very good.
A Google user,5,2026-07-31 00:46:43,1gb bonus plz,0,Banglalink,Offers & Data Packs,Neutral,The customer is requesting a 1GB data bonus.
A Google user,5,2026-07-30 21:51:49,banglalink good sim company,0,Banglalink,General Appreciation / Other,Positive,The customer expresses that Banglalink is a good SIM company.
A Google user,5,2026-07-30 20:58:09,Bd best mobile app,0,Banglalink,General Appreciation / Other,Positive,The user considers this to be the best mobile app in Bangladesh.
A Google user,5,2026-07-30 20:45:05,overall good,0,Banglalink,General Appreciation / Other,Positive,The customer expresses general satisfaction with the service.
A Google user,5,2026-07-30 19:53:01,Its very helpful for every contest.,0,Banglalink,General Appreciation / Other,Positive,The user finds the app very helpful for participating in contests.
A Google user,5,2026-07-30 19:41:58,good app but sms rate is over,2,Banglalink,Billing & Airtime Deductions,Neutral,The user finds the app good but considers the SMS rates to be too high.
A Google user,1,2026-07-30 19:27:12,এমবি দেখাও ৬ জিবি ৯৯ টাকা নেয়ার পর ৩ জিবি দেও।এই বাটপারি কবে থেকে চালু করছেন ভালো চান তো আমার এমবি ফেরত দেন,0,Banglalink,Billing & Airtime Deductions,Negative,"The customer is complaining that they were charged 99 Taka for 6GB but only received 3GB, and is demanding a refund for the discrepancy."
A Google user,5,2026-07-30 19:24:31,Smooth network,0,Banglalink,Network Speed & 4G Latency,Positive,The customer reports that the network connection is smooth.
A Google user,5,2026-07-30 19:24:03,সবথেকে বাংলালিংক এগিয়ে আছে আলিফ ঢাকা শহরের নেটটা একটু কম চলে,1,Banglalink,Network Speed & 4G Latency,Neutral,"The user notes that while Banglalink is leading, the network speed in Dhaka city is somewhat slow."
A Google user,5,2026-07-30 19:15:50,good for sarvice,0,Banglalink,General Appreciation / Other,Positive,The customer expresses satisfaction with the overall service quality.
A Google user,1,2026-07-30 18:56:10,sobi valo but onake tk kate 😐 1 mint 45 sc kotha bolse 7tk 85 poisa kaita nice 🙂 purai Robber😑,0,Banglalink,Billing & Airtime Deductions,Negative,"The user complains that a 1-minute 45-second call cost 7.85 Taka, describing the billing as a robbery."
A Google user,5,2026-07-30 18:54:25,BL also gives good and budget friendly deals,3,Banglalink,Offers & Data Packs,Positive,The customer appreciates that Banglalink provides good and affordable deals.
A Google user,5,2026-07-30 18:36:59,"অনেক সাজানো গোছানো,তাই অনেক সুন্দর লাগে।",0,Banglalink,General Appreciation / Other,Positive,The user finds the app very well-organized and aesthetically pleasing.
A Google user,5,2026-07-30 17:57:16,খুব পছন্দের একটা app এটা আমার খুব পছন্দ হয়েছে,0,Banglalink,General Appreciation / Other,Positive,The customer expresses that they really like the app.
A Google user,5,2026-07-30 17:29:10,বোকা বোকা না,0,Banglalink,General Appreciation / Other,Negative,The user is expressing frustration by calling the service or staff foolish.
A Google user,5,2026-07-30 17:09:34,My bl is bast offer app,0,Banglalink,Offers & Data Packs,Positive,The user states that the MyBL app has the best offers.
A Google user,5,2026-07-30 16:42:22,very good service,0,Banglalink,General Appreciation / Other,Positive,The customer expresses satisfaction with the overall service quality.
A Google user,5,2026-07-30 14:47:53,"এটা অনেক ভালো একটি ওয়েবসাইট। এই এ্যাপ দিয়ে ফ্রী কয়েন ব্যবহার করে অনেক এমবি নেওয়া যায়,,এটি সত্যিই অসাধারণ একটি এ্যাপ।",1,Banglalink,Offers & Data Packs,Positive,The user praises the app for allowing them to earn free coins and redeem them for significant data MBs.
A Google user,1,2026-07-30 14:31:02,নেটওয়ার্ক স্পিড ও নর্মাল বাজে অফার একদম লো কোয়ালিটি অফার অনেক দাম এমবির,0,Banglalink,Network Speed & 4G Latency,Negative,The user complains that the network speed is normal but the data offers are low quality and expensive.
A Google user,5,2026-07-30 14:17:53,this app very good,0,Banglalink,General Appreciation / Other,Positive,The customer expresses that the app is very good.
A Google user,5,2026-07-30 13:52:17,something is better than nothing,0,Banglalink,General Appreciation / Other,Neutral,"The customer expresses a lukewarm acceptance of the service, implying it is acceptable despite potential shortcomings."
A Google user,5,2026-07-30 13:10:23,this is are helpful,0,Banglalink,General Appreciation / Other,Positive,The customer finds the service or app helpful.
A Google user,5,2026-07-30 12:46:49,it's a good app I'm get many offers in this app,1,Banglalink,Offers & Data Packs,Positive,The user appreciates the app for providing numerous offers.
A Google user,5,2026-07-30 09:26:43,very good offer,0,Banglalink,Offers & Data Packs,Positive,The customer is expressing satisfaction with a specific promotional offer.
A Google user,5,2026-07-30 09:23:21,good service for Network and everything,0,Banglalink,Network Speed & 4G Latency,Positive,The customer is satisfied with the network service and overall experience.
A Google user,5,2026-07-30 09:19:45,ভালো কিছু লিখতে পারলাম আগে রেট কমান,0,Banglalink,General Appreciation / Other,Neutral,The user states they cannot write anything good and suggests lowering the rates.
A Google user,5,2026-07-30 07:58:16,good usual app,0,Banglalink,General Appreciation / Other,Positive,The customer expresses satisfaction with the app's standard performance.
A Google user,1,2026-07-30 06:25:50,Berry good app,0,Banglalink,General Appreciation / Other,Positive,The customer expresses that the app is very good.
A Google user,5,2026-07-30 01:56:47,good.............,0,Banglalink,General Appreciation / Other,Positive,The customer expressed general satisfaction with the service.
A Google user,5,2026-07-30 01:22:26,this app is very good and so cule,0,Banglalink,General Appreciation / Other,Positive,The customer finds the app very good and cool.
A Google user,5,2026-07-29 22:47:28,"প্রেস করে হোল্ড করলে পিন, পেস্ট এবং ডিলিট করার অপশন আসবে",1,Banglalink,App Login & Technical Bugs,Neutral,The user suggests that long-pressing a field should reveal options to paste or delete the PIN.
A Google user,5,2026-07-29 22:22:36,nice app for Android,0,Banglalink,General Appreciation / Other,Positive,The user expresses satisfaction with the app's performance on Android devices.
A Google user,5,2026-07-29 22:22:02,Best service,0,Banglalink,General Appreciation / Other,Positive,The customer expresses satisfaction with the overall service quality.
A Google user,5,2026-07-29 21:19:19,good for Internet,0,Banglalink,Network Speed & 4G Latency,Positive,The customer finds the internet service to be good.
A Google user,5,2026-07-29 20:38:39,বান্ডেল প্যাকেজ এর দাম আরো অনেক কমানো উচিত।,1,Banglalink,Offers & Data Packs,Negative,The customer suggests that the prices of bundle packages should be reduced further.
A Google user,5,2026-07-29 20:17:23,এটা অনেক উপকারী একটা অ্যাপ যা আমাদের অনেক সহায্য করে ঢ়ে কোনোও সময় এমবি বা রিচাজ করতে পারি আর অনেক ভালো নেটনেটওয়ার্ক পাওয়া যা অনেক ভালো ভালো আফার আসে যা আমার বাজেট ভিতর৷,1,Banglalink,General Appreciation / Other,Positive,The user finds the app very useful for easy recharging and praises the good network coverage and budget-friendly offers.
A Google user,1,2026-07-29 19:57:53,"Bug Title: Minutes Deduction Priority Incorrect – Higher Validity Pack Used Before Expiring Pack Description: যে মিনিট প্যাকটির মেয়াদ আগে শেষ হওয়ার কথা, সেটি আগে ব্যবহার (deduct) হওয়ার কথা। কিন্তু স্ক্রিনশট অনুযায়ী দেখা যাচ্ছে, বেশি মেয়াদের প্যাক থেকে আগে মিনিট কাটা হচ্ছে, যার ফলে কম মেয়াদের প্যাক এক্সপায়ার হয়ে যাচ্ছে। Steps to Reproduce: একাধিক মিনিট প্যাক একসাথে অ্যাক্টিভ রাখুন (ভিন্ন ভিন্ন expiry date সহ) কল করুন কোন প্যাক থেকে মিনিট কাটছে তা পর্যবেক্ষণ করুন",0,Banglalink,Billing & Airtime Deductions,Negative,"The system incorrectly deducts minutes from packs with longer validity periods before those with shorter ones, causing the expiring packs to be wasted."
A Google user,5,2026-07-29 19:16:01,I love bl app,0,Banglalink,General Appreciation / Other,Positive,The customer expresses love for the BL app.
A Google user,5,2026-07-29 18:14:26,this is awesome,0,Banglalink,General Appreciation / Other,Positive,The customer expresses general satisfaction with the service.
A Google user,3,2026-07-29 18:01:54,Sob jai gai net pai na Network Sommosa,0,Banglalink,Network Speed & 4G Latency,Negative,The customer complains that they cannot get internet access anywhere due to poor network quality.
A Google user,5,2026-07-29 17:07:30,অনেক সুন্দর একটা এপছ এখানে আমরা সব ধরনের সহযোগিতা পাই,1,Banglalink,General Appreciation / Other,Positive,The customer praises the app as very nice and states that they receive all kinds of support here.
A Google user,5,2026-07-29 15:16:11,অনেক ভালো এই এপ্চটা,0,Banglalink,General Appreciation / Other,Positive,The user expresses that the app is very good.
A Google user,5,2026-07-29 14:22:25,This is very well,0,Banglalink,General Appreciation / Other,Positive,The customer expresses general satisfaction with the service.
A Google user,5,2026-07-29 12:49:19,The app is very useful.,1,Banglalink,General Appreciation / Other,Positive,The customer finds the app very useful.
A Google user,5,2026-07-29 12:23:14,জিবি ৪ এমবি ফ্রিতে দিয়েন,0,Banglalink,Offers & Data Packs,Neutral,The customer is inquiring about or stating that they are receiving 4MB of data for free.
A Google user,5,2026-07-29 11:47:39,best service,0,Banglalink,General Appreciation / Other,Positive,The customer expresses satisfaction with the overall service quality.
A Google user,5,2026-07-29 10:28:03,বাংলালিংকের মতো ফালতু সিম আপাতত বাংলাদেশে নাই। ভালো কোনো বান্ডেল অফার নাই। নেটওয়ার্ক সমস্যা। কীভাবে মানুষের টাকা মেড়ে খাবে সেই ধান্ধায় আছে এই সিম কোম্পানি।,0,Banglalink,Network Speed & 4G Latency,Negative,"The customer criticizes Banglalink for having no good bundle offers, network problems, and being focused on extracting money from users."
A Google user,5,2026-07-29 10:20:53,valo offer nai,0,Banglalink,Offers & Data Packs,Negative,The customer is complaining that there are no good offers available.
A Google user,5,2026-07-29 08:28:04,"hi, Banglink.",0,Banglalink,General Appreciation / Other,Neutral,The user is simply greeting the service.
A Google user,1,2026-07-29 07:01:34,চ্যাটের অ্যাপ,0,Banglalink,General Appreciation / Other,Neutral,The user mentioned the chat app feature without providing specific feedback or sentiment.
A Google user,5,2026-07-29 02:04:14,very nine app,0,Banglalink,General Appreciation / Other,Positive,The customer expresses that the app is very nice.
A Google user,5,2026-07-29 00:39:07,nice and Thanks,0,Banglalink,General Appreciation / Other,Positive,The customer expresses gratitude and satisfaction with the service.
A Google user,2,2026-07-28 23:29:18,"মাই রবি অ্যাপে Usage History-তে শুধু সফল কল বা যেগুলোতে চার্জ কেটেছে সেগুলো দেখা যায়। কিন্তু কোনো নম্বরে ডায়াল করার পর যদি কথা না হয় (রিং হয়ে কেটে যায়) কিংবা মিসড কল থাকে, সেগুলোর কোনো হিস্ট্রি এখানে দেখায় না। বাংলালিংক অ্যাপে এই সুবিধাটি থাকলেও রবি অ্যাপে নেই। দয়া করে অ্যাপের পরবর্তী আপডেটে এই ফিচারটি যুক্ত করুন যাতে সব ধরনের আউটগোয়িং এবং ইনকামিং কলের সঠিক হিস্ট্রি দেখা যায়।""plz plz plz এটা অনেক মানুষ চায়",0,Banglalink,App Login & Technical Bugs,Neutral,"The user requests the addition of a feature to display missed and failed call history in the app, noting that this functionality is currently missing compared to competitors."
A Google user,5,2026-07-28 21:51:56,bappy Kazi আনে ভালো এপ,0,Banglalink,General Appreciation / Other,Positive,The customer states that Bappy Kazi has a good app.
A Google user,5,2026-07-28 20:24:56,This is good,0,Banglalink,General Appreciation / Other,Positive,The customer expresses general satisfaction with the service.
A Google user,5,2026-07-28 18:54:24,best network bl sim,0,Banglalink,General Appreciation / Other,Positive,The customer praises Banglalink for having the best network.
A Google user,5,2026-07-28 17:17:44,fri intarnet,0,Banglalink,Network Speed & 4G Latency,Negative,The customer is complaining that the internet is slow.
A Google user,5,2026-07-28 17:06:07,good application,0,Banglalink,General Appreciation / Other,Positive,The customer expresses satisfaction with the application.
A Google user,5,2026-07-28 15:38:12,good service,0,Banglalink,General Appreciation / Other,Positive,The customer expresses satisfaction with the overall service quality.
A Google user,5,2026-07-28 15:35:45,Charge of every minute is very high,2,Banglalink,Billing & Airtime Deductions,Negative,The customer complains that the per-minute call charges are excessively high.
A Google user,4,2026-07-28 15:25:44,need to improve service,0,Banglalink,General Appreciation / Other,Negative,The customer requests an improvement in the overall service quality.
A Google user,5,2026-07-28 14:59:51,This is the best.,0,Banglalink,General Appreciation / Other,Positive,The customer expresses that the service or app is the best.
A Google user,5,2026-07-28 13:10:55,MyBl app is amazing,0,Banglalink,General Appreciation / Other,Positive,The customer expresses that the MyBL app is amazing.
A Google user,5,2026-07-28 11:11:11,great this app for Banglalink sim,0,Banglalink,General Appreciation / Other,Positive,The customer expresses satisfaction with the Banglalink app.
A Google user,5,2026-07-28 10:51:27,good for me. this app sapot me,0,Banglalink,General Appreciation / Other,Positive,The customer finds the app helpful and supportive for their needs.
A Google user,5,2026-07-28 10:07:10,Very nice app 😊😊 tnx my bl😊,2,Banglalink,General Appreciation / Other,Positive,The customer expresses satisfaction and thanks for the MyBL app.
A Google user,5,2026-07-28 09:56:21,good service,0,Banglalink,General Appreciation / Other,Positive,The customer expresses satisfaction with the overall service quality.
A Google user,2,2026-07-28 09:31:36,this app doesn't open anymore,0,Banglalink,App Login & Technical Bugs,Negative,The user reports that the application is no longer opening.
A Google user,5,2026-07-28 08:22:31,The good app,0,Banglalink,General Appreciation / Other,Positive,The customer expresses that the app is good.
A Google user,5,2026-07-28 03:20:45,Most valuable app for me,0,Banglalink,General Appreciation / Other,Positive,The customer considers the app to be the most valuable tool for them.
A Google user,5,2026-07-28 02:34:36,onk vlo apps ❤️❤️ tnx to,0,Banglalink,General Appreciation / Other,Positive,The customer expresses that the app is very good and thanks the team.
A Google user,5,2026-07-28 02:14:21,overall quality good,0,Banglalink,General Appreciation / Other,Positive,The customer rates the overall quality of the service as good.
A Google user,5,2026-07-28 01:10:01,thanks for good support,0,Banglalink,General Appreciation / Other,Positive,The customer is expressing gratitude for the good support received.
A Google user,5,2026-07-28 00:16:46,অনেক ভালো এটা মাই বি এল,0,Banglalink,General Appreciation / Other,Positive,The customer states that the MyBL app is very good.
A Google user,5,2026-07-28 00:10:58,good Einternet Weser,0,Banglalink,Network Speed & 4G Latency,Positive,The customer is expressing satisfaction with the speed of their internet connection.
A Google user,5,2026-07-27 23:43:59,"A beautiful app for Banglalink, everything is available here",1,Banglalink,General Appreciation / Other,Positive,The customer praises the app as beautiful and notes that all necessary services are available within it.
A Google user,5,2026-07-27 22:17:59,excellent excellent & excellent...,0,Banglalink,General Appreciation / Other,Positive,The customer expressed high satisfaction by repeating the word 'excellent'.
A Google user,5,2026-07-27 22:05:45,"Internet price onek besi...Aita Banglalink er theke asa kori nai, Gp Sim a internet price bl er theke kom...",2,Banglalink,Offers & Data Packs,Negative,The customer complains that Banglalink's internet prices are significantly higher than those of Grameenphone.
A Google user,5,2026-07-27 21:05:11,good veri good sarbis,0,Banglalink,General Appreciation / Other,Positive,The customer is expressing that the service is very good.
A Google user,5,2026-07-27 20:18:05,my app ceuil,0,Banglalink,App Login & Technical Bugs,Negative,The user reports that their app is not working.
A Google user,5,2026-07-27 20:15:51,অনেক ভালো অ্যাপ,0,Banglalink,General Appreciation / Other,Positive,The customer states that the app is very good.
A Google user,5,2026-07-27 19:08:41,that's really good app,1,Banglalink,General Appreciation / Other,Positive,The customer expresses that the app is really good.
A Google user,5,2026-07-27 15:51:22,thank you my mybl,0,Banglalink,General Appreciation / Other,Positive,The user is expressing gratitude to the MyBL app.
A Google user,5,2026-07-27 14:46:36,বাংলালিংক MyBL অ্যাপ সত্যিই দারুণ! গ্রাহকদের জন্য সব ধরনের সেবা এক জায়গায় পাওয়া সহজ করার কারণে এটি বেশ জনপ্রিয়।,1,Banglalink,General Appreciation / Other,Positive,The customer praises the MyBL app for being excellent and popular due to its convenience in providing all services in one place.
A Google user,5,2026-07-27 14:23:12,verry usefull Apps,0,Banglalink,General Appreciation / Other,Positive,The customer finds the app very useful.
A Google user,5,2026-07-27 13:08:07,so beautiful app😁😅,0,Banglalink,General Appreciation / Other,Positive,The customer finds the app design beautiful and expresses satisfaction.
A Google user,5,2026-07-27 12:30:02,বাংলালিংক সিম কোম্পানি বাংলাদেশের জন্য একটা ঐতিহাসিক সিক কোম্পানি,0,Banglalink,General Appreciation / Other,Positive,The customer describes Banglalink as a historic and significant telecom company for Bangladesh.
A Google user,5,2026-07-27 11:17:56,Helpful app for BL users,1,Banglalink,General Appreciation / Other,Positive,The user finds the app helpful for Banglalink users.
A Google user,5,2026-07-27 10:52:57,that's good. I use this app a long time. feel very good. also this app provides a lot of shortcut which very necessary our daily life.,3,Banglalink,General Appreciation / Other,Positive,"The user expresses long-term satisfaction with the app, highlighting its useful daily shortcuts."
A Google user,5,2026-07-27 10:23:58,my BL best app 💚,1,Banglalink,General Appreciation / Other,Positive,The user expresses that the MyBL app is the best.
A Google user,5,2026-07-27 06:23:09,this is really nice app,0,Banglalink,General Appreciation / Other,Positive,The customer expresses that the app is really nice.
A Google user,5,2026-07-27 00:20:43,very nice apps,0,Banglalink,General Appreciation / Other,Positive,The customer expresses that the app is very nice.
A Google user,5,2026-07-27 00:12:16,it is Very useful,0,Banglalink,General Appreciation / Other,Positive,The customer finds the app very useful.
A Google user,3,2026-07-27 00:11:55,বাংলালিংক অ্যাপসে কুইজ খেলার অপশনটি বন্ধ কেন? জানতে পারি কি,0,Banglalink,App Login & Technical Bugs,Neutral,The customer is inquiring why the quiz option in the Banglalink app is currently disabled.
A Google user,5,2026-07-26 22:42:15,I am satisfied.,0,Banglalink,General Appreciation / Other,Positive,The customer expresses general satisfaction with the service.
A Google user,5,2026-07-26 21:25:20,net it’s very good,0,Banglalink,Network Speed & 4G Latency,Positive,The customer states that the network is very good.
A Google user,5,2026-07-26 20:13:20,good app and vryfast,0,Banglalink,General Appreciation / Other,Positive,The customer praises the app for being good and very fast.
A Google user,5,2026-07-26 19:25:39,বাংলালিংক মানেই বেশি বেশি,0,Banglalink,General Appreciation / Other,Positive,The customer expresses that Banglalink is simply the best.
A Google user,5,2026-07-26 17:31:20,very helpful,0,Banglalink,General Appreciation / Other,Positive,The customer finds the service or app very helpful.
A Google user,5,2026-07-26 16:21:59,it's a most strongest app with mybl,0,Banglalink,General Appreciation / Other,Positive,"The user expresses strong appreciation for the MyBL app, calling it the strongest."
A Google user,5,2026-07-26 15:58:34,this app very good,0,Banglalink,General Appreciation / Other,Positive,The customer expresses that the app is very good.
A Google user,4,2026-07-26 15:36:46,গ্রামীন এর থেকে এমবির দাম কম।,0,Banglalink,General Appreciation / Other,Positive,The user states that MyBL's pricing is lower than Grameenphone's.
A Google user,5,2026-07-26 15:15:36,নাইস বাংলালিংক অ্যাপস,0,Banglalink,General Appreciation / Other,Positive,The customer expresses that the Banglalink app is nice.
A Google user,5,2026-07-26 14:21:56,অনেক ভালো একটা এপ এইটা,0,Banglalink,General Appreciation / Other,Positive,The customer states that this is a very good app.
A Google user,5,2026-07-26 14:10:26,very helpful app,0,Banglalink,General Appreciation / Other,Positive,The customer finds the app very helpful.
A Google user,5,2026-07-26 14:07:17,good and good,0,Banglalink,General Appreciation / Other,Positive,The customer expresses general satisfaction with the service.
A Google user,5,2026-07-26 11:35:02,অনেক ভালো বাংলা লিগ এফ,0,Banglalink,General Appreciation / Other,Positive,The customer expresses that Banglalink is very good.
A Google user,5,2026-07-26 11:13:45,best offers available 🥰,0,Banglalink,Offers & Data Packs,Positive,The customer is happy with the best offers available in the app.
A Google user,4,2026-07-26 09:34:26,develop network coverage,0,Banglalink,Network Speed & 4G Latency,Neutral,The customer is requesting improvements to the network coverage.
A Google user,5,2026-07-26 07:38:31,good experience,0,Banglalink,General Appreciation / Other,Positive,The customer reports having a good experience with the service.
A Google user,5,2026-07-26 03:48:00,extraordinary,0,Banglalink,General Appreciation / Other,Positive,The customer expressed that the service or experience is extraordinary.
A Google user,5,2026-07-26 00:40:09,thanks for your,0,Banglalink,General Appreciation / Other,Positive,The customer is expressing gratitude for the service.
A Google user,5,2026-07-26 00:15:25,strong network,0,Banglalink,Network Speed & 4G Latency,Positive,The customer praises the strength of the network coverage.
A Google user,5,2026-07-25 23:26:31,verry nice one,0,Banglalink,General Appreciation / Other,Positive,The customer expresses that the service or app is very nice.
A Google user,5,2026-07-25 23:13:40,Low rate Sim,0,Banglalink,General Appreciation / Other,Positive,The customer appreciates the low rates offered by the SIM.
A Google user,5,2026-07-25 22:31:39,very good service,0,Banglalink,General Appreciation / Other,Positive,The customer expresses satisfaction with the overall service quality.
A Google user,5,2026-07-25 19:46:48,good app. 👍👍,1,Banglalink,General Appreciation / Other,Positive,The customer expresses satisfaction with the app.
A Google user,5,2026-07-25 19:05:51,It is good and inexpensive.,3,Banglalink,General Appreciation / Other,Positive,The customer finds the service to be good and affordable.
A Google user,5,2026-07-25 18:14:11,Bangladesh app is very good,0,Banglalink,General Appreciation / Other,Positive,The customer expresses that the Bangladesh app is very good.
A Google user,1,2026-07-25 16:42:30,this is really amazing,0,Banglalink,General Appreciation / Other,Positive,The customer expresses that the service or app is really amazing.
A Google user,3,2026-07-25 16:38:52,natowork varey bad,0,Banglalink,Network Speed & 4G Latency,Negative,The customer reports that the network performance is very poor.
A Google user,5,2026-07-25 16:27:15,খুব ভালো একটা এপ আমি অনেক এমবি ফ্রী পেয়ে ছী আরো পয়েন্ট,0,Banglalink,Offers & Data Packs,Positive,The user praises the app for providing free MBs and points.
A Google user,5,2026-07-25 15:36:24,Banglalink sim very good service,0,Banglalink,General Appreciation / Other,Positive,The customer expresses satisfaction with the overall service quality of the Banglalink SIM.
A Google user,5,2026-07-25 15:13:44,it's good apps,0,Banglalink,General Appreciation / Other,Positive,The customer expresses that the app is good.
A Google user,5,2026-07-25 13:20:27,অসাধারণ ভালোবাসা রইল সব সময়,0,Banglalink,General Appreciation / Other,Positive,The customer expresses that they have wonderful love and affection for the service at all times.
A Google user,5,2026-07-25 12:40:35,call rate is too high.,1,Banglalink,Billing & Airtime Deductions,Negative,The customer is complaining that the call rates are excessively high.
A Google user,5,2026-07-25 10:36:13,Very Very Good,0,Banglalink,General Appreciation / Other,Positive,The customer expresses high satisfaction with the service.
A Google user,5,2026-07-25 08:15:20,"good, not bad",0,Banglalink,General Appreciation / Other,Positive,"The customer expresses a generally positive opinion, stating that the service is good and not bad."
A Google user,5,2026-07-25 07:22:55,বাংলালিংক অনেক সুন্দর একটা সিম। এর সাথে থাকতে পেরে আমি আনন্দিত,2,Banglalink,General Appreciation / Other,Positive,The customer expresses happiness and appreciation for having a Banglalink SIM.
A Google user,1,2026-07-25 02:05:17,network coverage is not very good,3,Banglalink,Network Speed & 4G Latency,Negative,The customer reports that the network coverage is poor.
A Google user,5,2026-07-25 00:55:10,"very much,, for banglalik",0,Banglalink,General Appreciation / Other,Positive,The user expresses strong appreciation for Banglalink.
A Google user,5,2026-07-25 00:14:06,খুব ভালো সিম বাংলালিংক,0,Banglalink,General Appreciation / Other,Positive,The customer states that the Banglalink SIM is very good.
A Google user,5,2026-07-24 23:32:06,nice bangalink app,0,Banglalink,General Appreciation / Other,Positive,The customer expresses satisfaction with the Banglalink app.
A Google user,5,2026-07-24 23:14:22,খুব ভালো বাংলালিংক সিম,0,Banglalink,General Appreciation / Other,Positive,The customer expresses that the Banglalink SIM is very good.
A Google user,5,2026-07-24 23:03:56,এটি অনেক ভালো,0,Banglalink,General Appreciation / Other,Positive,The customer states that the service or app is very good.
A Google user,4,2026-07-24 22:10:33,Give more reasonable offer and Give more smooth experience,4,Banglalink,Offers & Data Packs,Neutral,The customer requests more reasonable offers and a smoother user experience.
A Google user,5,2026-07-24 22:10:24,Excellent Network Excellent App,1,Banglalink,General Appreciation / Other,Positive,The customer is expressing satisfaction with both the network quality and the app experience.
A Google user,5,2026-07-24 18:50:54,this app good is,1,Banglalink,General Appreciation / Other,Positive,The customer states that the app is good.
A Google user,5,2026-07-24 18:36:10,It's really good.... and easy to use,3,Banglalink,General Appreciation / Other,Positive,The customer finds the app really good and easy to use.
A Google user,5,2026-07-24 18:19:04,I am satisfied use this sim🇧🇩🇧🇩,0,Banglalink,General Appreciation / Other,Positive,The customer expresses satisfaction with using the SIM card.
A Google user,5,2026-07-24 17:38:27,my BL app super,0,Banglalink,General Appreciation / Other,Positive,The customer expresses that the MyBL app is excellent.
A Google user,1,2026-07-24 16:40:36,ফালতু নেট গেম খেলানো যায় না ফালতু ফালতু ফালতু ফালতু ফালতু,0,Banglalink,Network Speed & 4G Latency,Negative,The user complains that the network is useless and cannot support online gaming.
A Google user,5,2026-07-24 13:59:37,Good for everything,0,Banglalink,General Appreciation / Other,Positive,The customer expresses general satisfaction with the app's overall performance.
A Google user,5,2026-07-24 13:59:00,great app for its users.,0,Banglalink,General Appreciation / Other,Positive,"The user expresses satisfaction with the app, describing it as great for its users."
A Google user,1,2026-07-24 12:56:39,"অনেক দাম, কিন্তু সারভিজ ভালো না।।।",0,Banglalink,General Appreciation / Other,Negative,The customer complains that the service is expensive but the quality is poor.
A Google user,5,2026-07-24 11:27:09,অনেক ভালো লাগছে,0,Banglalink,General Appreciation / Other,Positive,The customer is expressing that they are enjoying the service very much.
A Google user,5,2026-07-24 10:57:10,so amazing bl app. 🥰,0,Banglalink,General Appreciation / Other,Positive,The customer expresses that the BL app is amazing.
A Google user,5,2026-07-24 10:23:20,good service,0,Banglalink,General Appreciation / Other,Positive,The customer expresses satisfaction with the overall service quality.
A Google user,5,2026-07-24 09:38:32,it is a best app in the world,0,Banglalink,General Appreciation / Other,Positive,The customer expresses that the app is the best in the world.
A Google user,5,2026-07-24 09:34:16,nice app ☺️💯,1,Banglalink,General Appreciation / Other,Positive,"The customer expresses satisfaction with the app, describing it as nice."
A Google user,5,2026-07-24 09:05:54,It’s good app,1,Banglalink,General Appreciation / Other,Positive,The customer expresses that the app is good.
A Google user,5,2026-07-24 08:44:27,myBl app service very good,0,Banglalink,General Appreciation / Other,Positive,The customer expresses that the MyBL app service is very good.
A Google user,5,2026-07-24 08:40:39,very usefully apps,0,Banglalink,General Appreciation / Other,Positive,The customer finds the app very useful.
A Google user,5,2026-07-24 08:16:07,Best of bl network,0,Banglalink,General Appreciation / Other,Positive,The customer expresses that the Banglalink network is the best.
A Google user,5,2026-07-24 04:24:44,নেটওয়ার্ক থাকছে ঠিক ভাবে সেটাপ করাতে চাই,0,Banglalink,Network Speed & 4G Latency,Neutral,The customer wants the network to be set up properly so that it remains stable.
A Google user,5,2026-07-23 23:43:17,it's very important full apps an very helpfull 💖💖,1,Banglalink,General Appreciation / Other,Positive,The customer finds the app very important and helpful.
A Google user,5,2026-07-23 22:53:35,MD RIFAT My favorite app,0,Banglalink,General Appreciation / Other,Positive,The customer expresses that the app is their favorite.
A Google user,5,2026-07-23 22:52:01,Exactly Nice 👍 and efficient,0,Banglalink,General Appreciation / Other,Positive,The customer finds the service nice and efficient.
A Google user,5,2026-07-23 22:04:49,নেটওয়ার্ক সার্ভিস টা ভালো,0,Banglalink,Network Speed & 4G Latency,Positive,The network service is good.
A Google user,5,2026-07-23 21:02:38,really beautiful app,0,Banglalink,General Appreciation / Other,Positive,The customer compliments the app's design as really beautiful.
A Google user,1,2026-07-23 20:56:38,bad network 🛜😔,1,Banglalink,Network Speed & 4G Latency,Negative,The customer is complaining about poor network quality.
A Google user,5,2026-07-23 20:28:13,খুব ভালো বাংলালিংক অ্যাপ অসাধারণ,0,Banglalink,General Appreciation / Other,Positive,The customer praises the Banglalink app as very good and excellent.
A Google user,5,2026-07-23 17:27:47,nice app for bl-comunity,0,Banglalink,General Appreciation / Other,Positive,The user expresses that the app is nice for the Banglalink community.
A Google user,1,2026-07-23 14:15:39,"what a boring app in the playstore,",0,Banglalink,General Appreciation / Other,Negative,The user finds the app boring and unengaging.
A Google user,5,2026-07-23 11:27:57,খুব ভালোএপস🇧🇩👍,0,Banglalink,General Appreciation / Other,Positive,The customer expresses that the app is very good.
A Google user,1,2026-07-22 12:46:31,একটুও ভালো না কেও ডাউনলোড করবেন না,0,Banglalink,General Appreciation / Other,Negative,The user states that the app is not good at all and advises others not to download it.
A Google user,5,2026-07-22 12:44:46,বড়দিকে নকতনউৎসব ব ব,1,Banglalink,General Appreciation / Other,Neutral,The review consists of incoherent text or typos that do not convey a clear operational issue or sentiment.
A Google user,5,2026-07-22 10:07:54,i can't find the daily task to earn coins. it's already been 3 days like this. what's going on???,1,Banglalink,App Login & Technical Bugs,Negative,The user reports that the daily task feature for earning coins has been missing for three days.
A Google user,3,2026-07-21 18:23:38,Why did you guys remove all the free coin collecting quizzes and spins??😭 My friends used to feel jealous of this and wanted to join BL for that feature 😞 Why? Why? Why did you exclude that? 😭,2,Banglalink,Offers & Data Packs,Negative,"The user is upset about the removal of free coin collecting quizzes and spins, which they considered a key feature for attracting friends to Banglalink."
A Google user,1,2026-07-21 18:13:43,too much bad😡 all of prices is high.,2,Banglalink,Offers & Data Packs,Negative,The customer is dissatisfied because they find the prices of the available offers to be too high.
A Google user,1,2026-07-21 16:26:23,আমার ফোন এ এই আপটি চালানো যাচ্ছে না,0,Banglalink,App Login & Technical Bugs,Negative,The user reports that they are unable to run the app on their phone.
A Google user,1,2026-07-21 09:58:23,"The recent update made the app worse. Previously, I could collect many coins daily, but that option has disappeared. It was one of the best features of the app. Please bring back the daily coin rewards. ⭐☆☆☆",10,Banglalink,App Login & Technical Bugs,Negative,"The user is unhappy that a recent app update removed the daily coin collection feature, which they considered a key benefit."
A Google user,1,2026-07-21 03:05:09,আমার বাসার Wifi দিয়ে MyBl App log in করতে পারছি না।App onen করলে Logo এসে আটকে থাকে।যে কোন সিমের Data দিয়ে App open হয়।বাসার সবার মোবাইলে MyBl app Wifi + Data দুটো চলে আমার মোবাইলে শুধু চলে না কেন। আগে তো ঠিক চলত।এখন চলছে না সমস্যার সমাধান করুন।হেল্পলাইন থেকে ফোন দিয়ে সমস্যা জেনে Technical Team জানিয়েছে আর খবর নাই এখনো।,1,Banglalink,App Login & Technical Bugs,Negative,"The user reports that the MyBL app fails to load on their home Wi-Fi, freezing at the logo, while it works fine on mobile data and other family members' devices, and notes that the issue has not been resolved despite contacting the helpline."
A Google user,1,2026-07-20 19:31:35,বাংলালিংক টাউট বাটপার চুর,0,Banglalink,General Appreciation / Other,Negative,The user expresses frustration by stating that Banglalink is a total waste of money.
A Google user,5,2026-07-20 18:51:04,my device cantt download,0,Banglalink,Network Speed & 4G Latency,Negative,The user reports that their device is unable to download content.
A Google user,2,2026-07-20 17:25:27,The homepage design is so messy! This should be clean and precise.,7,Banglalink,App Login & Technical Bugs,Negative,The user complains that the app's homepage design is messy and lacks precision.
A Google user,4,2026-07-20 00:36:55,we want this app background black,1,Banglalink,App Login & Technical Bugs,Neutral,The user is requesting a dark mode or black background option for the app interface.
A Google user,1,2026-07-19 21:30:50,বর্তমান সময়ে সবচেয়ে বাটপার কোম্পানি হলো বাংলালিংক,0,Banglalink,General Appreciation / Other,Negative,The customer claims that Banglalink is currently the worst company.
A Google user,1,2026-07-19 14:56:00,this apps internet pak are so very cost,1,Banglalink,Offers & Data Packs,Negative,The customer complains that the internet packages available in the app are very expensive.
A Google user,1,2026-07-19 00:18:22,bring back my plan service 🥵🥵🥵🥵,0,Banglalink,Offers & Data Packs,Negative,The customer is requesting the restoration of a previously available plan or service.
A Google user,1,2026-07-18 21:52:13,"— Revoo বাইকগুলোর ব্যাটারি সাধারণত “Chilwee” ব্র্যান্ডের হয় এমনটা নয়। Revoo ব্যাটারিগুলো সাধারণত Graphene ব্যাটারি ব্যবহার করে, যা শক্তি, সার্ভিস ও মাইলেজে ভালো পারফরম্যান্স দেয়। 👉 অনেক ডেভেলপিং মার্কেটে কিছু বাইক ব্র্যান্ড “Chilwee” ব্যাটারি ব্যবহার করে, Use the edit icon to pin, add or delete clips.Tap on a clip to paste it in the text box. কিন্তু Revoo-র ব্যাটারি সেই ব্র্যান্ড নির্ভর নয় — বরং অনেকটাই উন্নত প্রযুক্তির ব্যাটারি যাতে ভালো ব্যাকআপ ও লাইফ থাকে।",0,Banglalink,General Appreciation / Other,Neutral,"The review discusses the battery technology of Revoo electric bikes, which is unrelated to Banglalink telecom services."
A Google user,5,2026-07-18 13:40:44,Use full and easy and fast for buying,3,Banglalink,General Appreciation / Other,Positive,"The user finds the app full-featured, easy, and fast to use for purchasing services."
A Google user,5,2026-07-18 00:21:38,"আগে প্রতিদিন লগইন বোনসস হিসেবে ২৫ এম্বি ফ্রি দিতে মাই বিএল এপে। এখন কি এটা দেওয়া হয়, অনুগ্রহ করে জানাবেন প্লিজ",0,Banglalink,Offers & Data Packs,Neutral,The user is inquiring whether the previous daily login bonus of 25MB free data is still available in the MyBL app.
A Google user,1,2026-07-17 09:09:55,একেবারে খারাপ অ্যাপ বারবার শুধু গিলিজ হয় ঠিক করার বেলায় নেই,0,Banglalink,App Login & Technical Bugs,Negative,The app is very bad as it keeps freezing repeatedly and there is no way to fix it.
A Google user,5,2026-07-17 02:38:25,good service,1,Banglalink,General Appreciation / Other,Positive,The customer expresses satisfaction with the overall service quality.
A Google user,2,2026-07-16 22:27:26,why I can't use widget for balance? there is no widget. i am upset.,0,Banglalink,App Login & Technical Bugs,Negative,The user is frustrated because the balance widget is missing or not functioning in the app.
A Google user,1,2026-07-16 20:29:51,"আগে ২৯ টাকায় তিনদিন,৩৯ টাকায় পাঁচদিন।এখন মিনিট দেয় ২৪ ঘন্টার।এত বাজে অবস্থা এখন কোন রিচার্জ করে শান্তি নাই।এত বাজে সার্ভিস আর ব্যবহার করতে ইচ্ছা করে না।",0,Banglalink,Offers & Data Packs,Negative,"The customer is dissatisfied with the recent changes to recharge packages, noting that the previous 3-day and 5-day options have been replaced by 24-hour validity, making the service feel inferior and discouraging further use."
A Google user,1,2026-07-16 16:57:16,Add the Myplan Again,0,Banglalink,Offers & Data Packs,Neutral,The customer is requesting the re-introduction of a specific plan or data pack.
A Google user,1,2026-07-16 16:34:11,a notir betar net kew nibi na. chudanir net dey. sauyomanir mao chodane taka.,0,Banglalink,Network Speed & 4G Latency,Negative,"The user complains that the network is only available in their area, while others receive poor service, and sarcastically suggests the CEO should be punished for the bad service."
A Google user,2,2026-07-16 11:49:36,"কোনো মিনি প্যাক নাই, রিজেনেবল প্রাইসে সার্ভিস কেনার মতো এপে তেমন কিছুই পেলাম না।",0,Banglalink,Offers & Data Packs,Negative,The user is dissatisfied because the app lacks mini packs and affordable renewable service options.
A Google user,1,2026-07-16 02:42:26,Motherchod. Direct সুদ Khay. 20 taka emergency Nile 2.78 taka সুদ নেয়. kew download ba sim kina theke birotho thakun,1,Banglalink,Billing & Airtime Deductions,Negative,"The user is angry about the high interest charged on an emergency loan, stating that 2.78 taka was deducted as interest on a 20 taka loan."
A Google user,3,2026-07-15 19:41:08,this app is not good not bad average,0,Banglalink,General Appreciation / Other,Neutral,"The customer rates the app as average, stating it is neither good nor bad."
A Google user,5,2026-07-15 11:38:46,coin Dito age.kintu akhon ar dei na,0,Banglalink,Offers & Data Packs,Negative,"The customer states that they used to receive coins previously, but they are no longer being provided."
A Google user,5,2026-07-15 09:30:04,Good working,0,Banglalink,General Appreciation / Other,Positive,The customer is expressing satisfaction with the app's functionality.
A Google user,5,2026-07-15 04:20:21,unbelievable,0,Banglalink,General Appreciation / Other,Negative,The customer expressed strong dissatisfaction with the service using a single negative adjective.
A Google user,5,2026-07-15 03:40:43,good service banglalink,0,Banglalink,General Appreciation / Other,Positive,The customer expresses satisfaction with Banglalink's overall service.
A Google user,1,2026-07-15 02:30:22,Stop scamming! I have bought a 96 tk toffee vip pack. In the pack it was told all premium content access in toffee. but I can't see the world cup matches which is also a premium content.,11,Banglalink,Offers & Data Packs,Negative,The customer is complaining that the 96 Taka Toffee VIP pack does not provide access to World Cup matches as advertised.
A Google user,1,2026-07-15 01:03:59,most weak network ever. disgusting.,0,Banglalink,Network Speed & 4G Latency,Negative,The customer complains that the network is extremely weak and expresses strong dissatisfaction.
A Google user,4,2026-07-14 23:34:55,Many good apps for Banglalink SIM users,1,Banglalink,General Appreciation / Other,Positive,The user expresses appreciation for the variety of useful applications available for Banglalink SIM users.
A Google user,5,2026-07-14 23:22:38,ইটা একটা ফালতু,0,Banglalink,General Appreciation / Other,Negative,The customer describes the app as useless.
A Google user,5,2026-07-14 22:08:32,good service,0,Banglalink,General Appreciation / Other,Positive,The customer expresses satisfaction with the overall service quality.
A Google user,5,2026-07-14 21:25:07,ভালো বাংলালিংক অ্যাপস,1,Banglalink,General Appreciation / Other,Positive,The customer expresses that the Banglalink app is good.
A Google user,5,2026-07-14 18:12:13,This aps very col,0,Banglalink,App Login & Technical Bugs,Negative,The customer reports that the app is very slow.
A Google user,4,2026-07-14 17:27:49,very help full,0,Banglalink,General Appreciation / Other,Positive,The customer finds the service or app very helpful.
A Google user,5,2026-07-14 15:56:04,good sarvice,0,Banglalink,General Appreciation / Other,Positive,The customer is expressing satisfaction with the overall service quality.
A Google user,5,2026-07-14 15:20:07,so butiful app,0,Banglalink,General Appreciation / Other,Positive,The customer finds the app to be beautiful.
A Google user,1,2026-07-14 14:41:15,This app is a useless. The price of every pack is very high. The services are not so good. They should make a fixed price for every package.,3,Banglalink,Offers & Data Packs,Negative,"The user criticizes the app for having expensive data packs and poor service, suggesting that fixed pricing should be implemented."
A Google user,5,2026-07-14 12:46:54,good websait,0,Banglalink,General Appreciation / Other,Positive,The customer expresses that the website is good.
A Google user,5,2026-07-14 10:53:29,it's good apps. everybody used it. network is absolutely beautiful ❤️.,2,Banglalink,General Appreciation / Other,Positive,The user praises the app's popularity and describes the network quality as excellent.
A Google user,5,2026-07-14 09:10:30,খুব ভালো অ্যাপস এটা,0,Banglalink,General Appreciation / Other,Positive,The customer states that the app is very good.
A Google user,4,2026-07-14 08:51:58,Good service,0,Banglalink,General Appreciation / Other,Positive,The customer expresses satisfaction with the overall service quality.
A Google user,5,2026-07-14 08:43:11,So beautiful,0,Banglalink,General Appreciation / Other,Positive,The customer expressed that the service or app is beautiful.
A Google user,5,2026-07-14 08:24:46,good service,0,Banglalink,General Appreciation / Other,Positive,The customer expresses satisfaction with the overall service quality.
A Google user,5,2026-07-14 08:09:38,nice app❤️❤️❤️,0,Banglalink,General Appreciation / Other,Positive,The user expresses satisfaction with the app using positive emojis.
A Google user,4,2026-07-14 07:39:30,This app is very good,0,Banglalink,General Appreciation / Other,Positive,The customer expresses that the app is very good.
A Google user,5,2026-07-14 06:26:49,Very nice app,0,Banglalink,General Appreciation / Other,Positive,The customer expresses satisfaction with the overall quality of the app.
A Google user,5,2026-07-14 06:25:30,banglalink best,0,Banglalink,General Appreciation / Other,Positive,The customer expresses that Banglalink is the best.
A Google user,5,2026-07-14 03:54:01,thanks for the day,0,Banglalink,General Appreciation / Other,Positive,The customer is expressing gratitude for a pleasant day.
A Google user,5,2026-07-14 02:28:20,best mobile network is Bangladesh 🛜 thank you banglalink company and all banglalink network user 👍🫶,1,Banglalink,General Appreciation / Other,Positive,The customer expresses gratitude and praises Banglalink as the best mobile network in Bangladesh.
A Google user,2,2026-07-14 01:20:10,বেশী ভালো না এপস slow,0,Banglalink,App Login & Technical Bugs,Negative,The user complains that the app is slow and not very good.
A Google user,5,2026-07-14 00:23:58,fast network,1,Banglalink,Network Speed & 4G Latency,Positive,The customer is praising the fast network speed.
A Google user,5,2026-07-14 00:14:29,tnx may bl app,0,Banglalink,General Appreciation / Other,Positive,The customer is expressing gratitude for the MyBL app.
A Google user,5,2026-07-14 00:12:14,beautiful network service,0,Banglalink,Network Speed & 4G Latency,Positive,The customer praises the quality of the network service.
A Google user,5,2026-07-13 22:24:22,thank you so much,0,Banglalink,General Appreciation / Other,Positive,The customer is expressing gratitude.
A Google user,5,2026-07-13 21:28:32,best apps in Bangladesh,0,Banglalink,General Appreciation / Other,Positive,The user considers the app to be one of the best in Bangladesh.
A Google user,5,2026-07-13 19:13:35,good apps my bl,0,Banglalink,General Appreciation / Other,Positive,The user expresses satisfaction with the MyBL app.
A Google user,5,2026-07-13 18:52:38,buitfull apps,0,Banglalink,General Appreciation / Other,Positive,The customer describes the app as useful.
A Google user,5,2026-07-13 18:26:22,অসাধারণ একটা আপস,0,Banglalink,General Appreciation / Other,Positive,The customer describes the app as wonderful.
A Google user,5,2026-07-13 18:24:06,really good apps,0,Banglalink,General Appreciation / Other,Positive,The customer expresses that the app is really good.
A Google user,5,2026-07-13 16:34:56,"আমি মনে করি, বাংলালিংকসহ বিভিন্ন অ্যাপ বা সেবা ব্যবহার করার সময় হঠাৎ করে স্ক্রিনে ""OK"" বা ""Cancel"" ধরনের পপ-আপ দেখানো উচিত নয়। অনেক সময় ব্যবহারকারী বুঝে ওঠার আগেই ভুলবশত ""OK"" চাপ দিয়ে ফেলেন, ফলে অপ্রয়োজনীয় ভ্যালু-অ্যাডেড সার্ভিস (VAS) চালু হয়ে যায় এবং মোবাইল ব্যালেন্স থেকে টাকা কেটে নেওয়া হয়। এ ধরনের সেবা চালু করার জন্য পপ-আপ দেখানোর পরিবর্তে, আগ্রহী গ্রাহকদের এসএমএস, অ্যাপ বা অফিসিয়াল মেনুর মাধ্যমে স্পষ্টভাবে সম্মতি দেওয়ার সুযোগ রাখা উচিত। এতে ব্যবহারকারীরা বিভ্রান্ত হবেন না এবং অনি",0,Banglalink,Billing & Airtime Deductions,Negative,The user complains that accidental clicks on pop-up dialogs lead to unwanted Value-Added Service (VAS) activations and unauthorized deductions from their mobile balance.
A Google user,2,2026-07-13 14:56:35,আমাদের এলাকায় নেটওয়ার্ক পাইনা আমরা একটা টাওয়ার চাই,0,Banglalink,Network Speed & 4G Latency,Negative,The customer reports a lack of network coverage in their area and requests the installation of a new tower.
A Google user,5,2026-07-13 12:50:24,আমি যেন ১ জিবি এমবি পাই,0,Banglalink,Offers & Data Packs,Neutral,The customer is inquiring about receiving 1 GB of data.
A Google user,5,2026-07-13 12:07:24,Always Allah 🥰,0,Banglalink,General Appreciation / Other,Positive,The user expresses gratitude and affection towards Allah.
A Google user,5,2026-07-13 12:04:48,সার্ভিস ভালো চাই,0,Banglalink,General Appreciation / Other,Neutral,The customer is requesting good service.
A Google user,5,2026-07-13 10:15:48,Thanks for supper offer and everything.,0,Banglalink,Offers & Data Packs,Positive,The customer expresses gratitude for the super offer and overall service.
A Google user,5,2026-07-13 07:53:06,very helpful MyBL APP,0,Banglalink,General Appreciation / Other,Positive,The customer finds the MyBL app very helpful.
A Google user,5,2026-07-13 01:59:18,gd & help full app for banglalink company...thanks....,0,Banglalink,General Appreciation / Other,Positive,"The customer finds the app good and helpful, expressing gratitude to the company."
A Google user,3,2026-07-13 00:16:03,live chat very slow,0,Banglalink,App Login & Technical Bugs,Negative,The customer reports that the live chat feature in the app is running very slowly.
A Google user,2,2026-07-12 22:41:31,"পরবর্তী সময়ে এই ধরণের ভুলগুলো করবেন না। যে অফারগুলো দেখানো হয় ঠিক সেই অফারগুলো সেই অফারগুলোই দিয়েন এবং অন্য কোনো অফার দেবেন না। জিবি এত দ্রুত কাটবেন না, ধীরে ধীরে কাটুন।",6,Banglalink,Offers & Data Packs,Negative,"The customer complains that the app displays incorrect offers and data is deducted too quickly, requesting that only the advertised offers be provided and data usage be slower."
A Google user,5,2026-07-12 22:34:37,good app otb,0,Banglalink,General Appreciation / Other,Positive,The customer expresses that the app is good overall.
A Google user,5,2026-07-12 17:17:43,this app verye important in your bl.,0,Banglalink,General Appreciation / Other,Positive,The customer states that the app is very important for their Banglalink service.
A Google user,5,2026-07-12 16:25:29,বাংলা ভাষায় বলতে পারি নাই,0,Banglalink,General Appreciation / Other,Neutral,The user states that they cannot speak in the Bengali language.
A Google user,5,2026-07-12 15:03:42,very wonderfull helpfull app,0,Banglalink,General Appreciation / Other,Positive,The customer finds the app very wonderful and helpful.
A Google user,5,2026-07-12 14:26:57,বাংলালিংক সিমথেকে অনেক সুবিধা পাওয়া যায়,0,Banglalink,General Appreciation / Other,Positive,The customer states that they receive many benefits from their Banglalink SIM.
A Google user,5,2026-07-12 14:19:33,just wow 😲😲😳,0,Banglalink,General Appreciation / Other,Positive,The user expressed surprise and amazement without providing specific details.
A Google user,5,2026-07-12 13:00:18,Very good my bl apps,0,Banglalink,General Appreciation / Other,Positive,The customer expresses satisfaction with the MyBL app.
A Google user,5,2026-07-12 10:53:47,it's really good,0,Banglalink,General Appreciation / Other,Positive,The customer expresses general satisfaction with the service.
A Google user,5,2026-07-12 08:10:28,BL is realy good service provide.,0,Banglalink,General Appreciation / Other,Positive,The customer states that Banglalink is a really good service provider.
A Google user,5,2026-07-12 06:44:15,my banglalink,0,Banglalink,General Appreciation / Other,Neutral,The user simply stated their carrier name without providing specific feedback.
A Google user,5,2026-07-11 21:01:42,"best app, higar app, hugar network🥵",0,Banglalink,General Appreciation / Other,Positive,The user praises the app and network as the best.
A Google user,5,2026-07-11 20:47:01,ব্যবহার করার সহজ। তবে মেয়াদ লেখার অক্ষর ও সংখ্যার অক্ষরের সাইজ বড় বোল্ট ও ডিপ কালার করতে হবে,0,Banglalink,App Login & Technical Bugs,Neutral,"The user finds the app easy to use but suggests increasing the font size and using bolder, deeper colors for the validity period text."
A Google user,5,2026-07-11 20:09:36,"really, it's very helpful and supportive app",1,Banglalink,General Appreciation / Other,Positive,The customer finds the app very helpful and supportive.
A Google user,5,2026-07-11 18:35:20,good banglalink,0,Banglalink,General Appreciation / Other,Positive,The customer expresses general satisfaction with Banglalink.
A Google user,5,2026-07-11 18:27:51,Best apps i have seen ever❤️🔥,0,Banglalink,General Appreciation / Other,Positive,The user expresses that this is the best app they have ever seen.
A Google user,5,2026-07-11 17:21:13,This Is Amazing App 😻,0,Banglalink,General Appreciation / Other,Positive,The customer expresses that the app is amazing.
A Google user,1,2026-07-11 16:40:29,price disturbingly high... I mean i cant buy anything because I cant afford it.. ridiculous even a few days ago.the price was barely reasonable but now im quitting,5,Banglalink,Billing & Airtime Deductions,Negative,The customer is complaining that prices have become unaffordable and are quitting the service.
A Google user,5,2026-07-11 16:24:44,there is no facility to run MyBl app without data. if it could be solved it would be great.,1,Banglalink,App Login & Technical Bugs,Negative,The user reports that the MyBL app cannot be accessed without an active data connection and requests a fix for this limitation.
A Google user,5,2026-07-11 14:39:06,well managed,0,Banglalink,General Appreciation / Other,Positive,The customer expresses satisfaction with the overall management of the service.
A Google user,3,2026-07-11 14:12:24,ভালো না এইটা অন্য টাও ভালো না আগের বারসন খুব মিস করি সেখানে 10টাকায় 5 জিপি নিতাম,0,Banglalink,Offers & Data Packs,Negative,"The user is dissatisfied with the current app and data offers, expressing nostalgia for a previous version that allowed purchasing 5GB of data for 10 Taka."
A Google user,3,2026-07-11 13:28:54,good but need more improvement,0,Banglalink,General Appreciation / Other,Neutral,The user finds the service acceptable but suggests that further improvements are needed.
A Google user,5,2026-07-11 12:25:15,"Recommendation for Banglalink Dear Banglalink Team, Banglalink is one of the best mobile operators in Bangladesh. I have been using Banglalink for a long time and I really appreciate your attractive offers and good customer service. However, I have noticed that the network coverage is not strong in many areas. I kindly request you to improve the network coverage and signal quality so that customers can enjoy a better experience. I hope you will consider this suggestion and take the necessary",17,Banglalink,Network Speed & 4G Latency,Positive,The customer appreciates Banglalink's offers and service but requests improvements in network coverage and signal quality.
A Google user,5,2026-07-11 11:00:21,very beautiful app,0,Banglalink,General Appreciation / Other,Positive,The customer compliments the visual design of the app.
A Google user,5,2026-07-11 09:12:05,I Like It Banglalink App,0,Banglalink,General Appreciation / Other,Positive,The user expresses satisfaction with the Banglalink app.
A Google user,5,2026-07-11 05:37:43,Very Nice Alcho Good,0,Banglalink,General Appreciation / Other,Positive,The customer expresses that the service or app is very nice and good.
A Google user,1,2026-07-11 03:04:32,"they gave me 30 days free of toffee premium with 18GB internet for a month. but when I started playing the world cup in toffee app, it says it's premium content😡",1,Banglalink,Offers & Data Packs,Negative,"The user is frustrated because their free Toffee Premium offer did not grant access to World Cup matches, which were still labeled as premium content."
A Google user,5,2026-07-11 02:05:36,Bangladesh free MB good banglalink apps,0,Banglalink,General Appreciation / Other,Positive,The customer appreciates the free MBs and the Banglalink app.
A Google user,5,2026-07-10 22:07:29,damn well bonuses,0,Banglalink,Offers & Data Packs,Positive,The customer is expressing satisfaction with the bonuses received.
A Google user,5,2026-07-10 21:11:27,very very nice MyBL apps good,0,Banglalink,General Appreciation / Other,Positive,The customer expresses that the MyBL app is very nice and good.
A Google user,4,2026-07-10 20:33:52,low price mobile data it is the best,1,Banglalink,Offers & Data Packs,Positive,"The customer praises the low price of mobile data, calling it the best."
A Google user,5,2026-07-10 20:19:35,Amma ke 5gb MP3,0,Banglalink,Offers & Data Packs,Neutral,The user is inquiring about or requesting a 5GB MP3 data pack for their mother.
A Google user,5,2026-07-10 20:03:27,supper application is ware amazing,0,Banglalink,General Appreciation / Other,Positive,The customer expresses that the application is super and amazing.
A Google user,5,2026-07-10 18:55:17,like this app,0,Banglalink,General Appreciation / Other,Positive,The customer expresses a positive opinion about the app.
A Google user,5,2026-07-10 17:00:50,MyBL sim bast sim 🥰🥰,0,Banglalink,General Appreciation / Other,Positive,The customer expresses that the MyBL SIM is the best.
A Google user,5,2026-07-10 15:21:04,Users friendly app,0,Banglalink,General Appreciation / Other,Positive,The user finds the app to be user-friendly.
A Google user,5,2026-07-10 14:49:48,অসাধারণ পারফরম্যান্স,0,Banglalink,General Appreciation / Other,Positive,The customer praises the excellent performance.
A Google user,5,2026-07-10 12:58:57,Very Good App,0,Banglalink,General Appreciation / Other,Positive,The customer expresses satisfaction with the overall quality of the app.
A Google user,5,2026-07-10 12:22:05,the service was very helpful,0,Banglalink,General Appreciation / Other,Positive,The customer expressed that the service provided was very helpful.
A Google user,1,2026-07-10 11:00:21,baler net baler sim ekdom baje internet connection,0,Banglalink,Network Speed & 4G Latency,Negative,The customer complains that the network and SIM card have very poor internet connectivity.
A Google user,5,2026-07-10 10:52:55,very good app,0,Banglalink,General Appreciation / Other,Positive,The customer expresses that the app is very good.
A Google user,5,2026-07-10 10:46:24,ভালই সব মিলিয়ে,0,Banglalink,General Appreciation / Other,Positive,The customer is satisfied with the overall experience.
A Google user,5,2026-07-10 09:07:52,good experience,0,Banglalink,General Appreciation / Other,Positive,The customer reports having a good experience with the service.
A Google user,5,2026-07-10 02:20:20,"বাংলাদেশের সবচেয়ে জনপ্রিয় ও নির্ভরযোগ্য সিম কোম্পানি বাংলালিংক, এই এপস টা অনেক ভালো এবং বেস্ট কোয়ালিটি অফার দেয়।",0,Banglalink,General Appreciation / Other,Positive,The customer praises Banglalink as the most popular and reliable SIM company in Bangladesh and commends the app for its high quality and best offers.
A Google user,1,2026-07-10 02:11:31,faltu network faltu atto tai faltu Dhaka e moddheo net chalano jai na faltu ..,0,Banglalink,Network Speed & 4G Latency,Negative,The customer complains that the network is useless and does not work even in the middle of Dhaka.
A Google user,4,2026-07-09 23:50:15,nice this app,0,Banglalink,General Appreciation / Other,Positive,The customer expresses satisfaction with the app.
A Google user,5,2026-07-09 22:02:42,very Wonderful,0,Banglalink,General Appreciation / Other,Positive,The customer expressed that the service is very wonderful.
A Google user,5,2026-07-09 20:27:35,Veri good app my bl,0,Banglalink,General Appreciation / Other,Positive,The customer expresses that the MyBL app is very good.
A Google user,5,2026-07-09 19:04:13,nice service,0,Banglalink,General Appreciation / Other,Positive,The customer expresses satisfaction with the overall service quality.
A Google user,5,2026-07-09 19:01:06,it is good to use but internet price is too expensive to buy.and some aria have to poor internet connection like a one video wach makes me dissa pointed.,6,Banglalink,Network Speed & 4G Latency,Negative,The user finds the internet price too expensive and is disappointed by poor connection quality in some areas that disrupts video streaming.
A Google user,1,2026-07-09 17:49:10,"Dear Banglalink Support Team, ​I am writing to report an issue regarding the user interface (UI) of my MyBL app. ​Recently, after interacting with the RYZE service/app, the interface of my MyBL app has completely changed. Previously, I could easily see my main balance, remaining internet data, and minutes directly on the home screen. ​However, the current interface only shows entertainment, games, and utility options, and the option to view balance or purchase regular internet/minute packs is co",14,Banglalink,App Login & Technical Bugs,Negative,"The user reports that the MyBL app interface changed unexpectedly after using the RYZE service, hiding essential balance and data purchase options."
A Google user,5,2026-07-09 17:38:58,বাংলালিংক অ্যাপস খুব সুন্দর ওটার লাগে সবাই জয়েন করুন,0,Banglalink,General Appreciation / Other,Positive,The customer praises the Banglalink app as very nice and encourages everyone to join.
A Google user,5,2026-07-09 14:31:04,bl internet is very gd network compani,0,Banglalink,Network Speed & 4G Latency,Positive,The customer praises the quality of the internet network provided by the company.
A Google user,5,2026-07-09 12:29:47,it's very helpful,0,Banglalink,General Appreciation / Other,Positive,The customer finds the service or app very helpful.
A Google user,5,2026-07-09 11:32:53,বাংলালিংক এর অ্যাপসটা সুপার,0,Banglalink,General Appreciation / Other,Positive,The customer praises the Banglalink app as being super.
A Google user,5,2026-07-09 11:22:13,আমি এই অ্যাপসের সার্ভিস পাচ্ছিনা,0,Banglalink,App Login & Technical Bugs,Negative,The user is unable to access the services provided by the app.
A Google user,5,2026-07-09 09:27:18,so bountifully app,0,Banglalink,General Appreciation / Other,Positive,The user expresses that the app is bountiful or generous.
A Google user,4,2026-07-09 09:23:08,বাংলালিংকে ধন্যবাদ 🥰 বাংলাদেশের বাংলা লিংক আসার কারণে আমরা কম রেটে ফোনে কথা বলতে পেরেছিলাম।,0,Banglalink,General Appreciation / Other,Positive,The customer thanks Banglalink for enabling affordable phone calls in Bangladesh.
A Google user,5,2026-07-09 06:11:54,This Is The Best App👌,1,Banglalink,General Appreciation / Other,Positive,The customer expresses that the app is the best.
A Google user,5,2026-07-09 04:12:45,বাংলালিংক নের্ট বাংলাদেশের সেরা নেটওয়ার্ক ঝড় বৃষ্টি তুফানে নেট চালানো হয় সহজে দারুন নের্টঅনেক অনেক ধন্যবাদ বাংলালিংক কোম্পানিকে🇧🇩👑💥🎷,0,Banglalink,General Appreciation / Other,Positive,The customer praises Banglalink as the best network in Bangladesh for maintaining connectivity even during severe weather conditions.
A Google user,2,2026-07-09 02:16:05,too many ads,0,Banglalink,App Login & Technical Bugs,Negative,The user is complaining about the excessive number of advertisements displayed within the application.
A Google user,5,2026-07-09 00:55:26,I am really satisfy to use Bangla link,1,Banglalink,General Appreciation / Other,Positive,The customer expresses satisfaction with using Banglalink.
A Google user,5,2026-07-09 00:27:39,good but price is high,2,Banglalink,Offers & Data Packs,Neutral,The user finds the service good but considers the pricing to be too high.
A Google user,5,2026-07-08 23:43:29,ভালো মানের নেটওয়ার্ক,0,Banglalink,Network Speed & 4G Latency,Positive,The customer praises the good quality of the network.
A Google user,5,2026-07-08 22:03:50,ফ্রেবারিট সিম,0,Banglalink,General Appreciation / Other,Neutral,The user mentions their favorite SIM card.
A Google user,5,2026-07-08 21:41:09,সব যায়গায় নেট এর রাজা বাংলালিংক।,0,Banglalink,General Appreciation / Other,Positive,The customer praises Banglalink as the king of network coverage in all areas.
A Google user,5,2026-07-08 21:29:27,বাংলালিংক সবার সেরা,0,Banglalink,General Appreciation / Other,Positive,The customer states that Banglalink is the best for everyone.
A Google user,5,2026-07-08 19:52:23,The Best Minute Pack & Internet Pack..,0,Banglalink,Offers & Data Packs,Positive,The customer praises the quality of the available minute and internet data packs.
A Google user,4,2026-07-08 19:26:02,nice service providers Bangladesh.,0,Banglalink,General Appreciation / Other,Positive,The customer expresses general satisfaction with the service provider in Bangladesh.
A Google user,5,2026-07-08 18:38:22,free 🆓 Wikipedia & fb lite,0,Banglalink,Offers & Data Packs,Positive,The customer is highlighting the availability of free access to Wikipedia and Facebook Lite.
A Google user,5,2026-07-08 17:18:27,"I'm human, I don't know, so I just gave them Star ✨",0,Banglalink,General Appreciation / Other,Neutral,The user provided a generic star rating without specific feedback regarding the app or services.
A Google user,5,2026-07-08 13:36:07,good network,0,Banglalink,Network Speed & 4G Latency,Positive,The customer is satisfied with the quality of the network.
A Google user,5,2026-07-08 13:10:19,my BL beast sim,0,Banglalink,General Appreciation / Other,Neutral,The user is referring to the MyBL Beast SIM plan without providing specific feedback or complaints.
A Google user,5,2026-07-08 12:28:40,সব ঠিক আছে কিন্তু ইন্টারনেট এর দাম বেশি অনেক,0,Banglalink,Billing & Airtime Deductions,Negative,"Everything is fine, but the internet charges are too high."
A Google user,5,2026-07-08 11:38:18,আপনাদের অ্যাপ অনেক ভালো লাগছে,0,Banglalink,General Appreciation / Other,Positive,The customer is expressing that they really like your app.
A Google user,3,2026-07-08 10:32:25,it's all over good,0,Banglalink,General Appreciation / Other,Positive,The customer expresses that everything is working well.
A Google user,5,2026-07-08 08:49:08,অনেক সুবিধা জনক একটি অ্যাপস অসংখ্য ধন্যবাদ বাংলালিংক,0,Banglalink,General Appreciation / Other,Positive,The customer expresses gratitude and describes the app as very beneficial.
A Google user,5,2026-07-08 07:10:45,goods service in Dhaka City,0,Banglalink,General Appreciation / Other,Positive,The customer reports that the service is good in Dhaka City.
A Google user,5,2026-07-08 01:53:05,Good Banglalink,0,Banglalink,General Appreciation / Other,Positive,The customer expresses general satisfaction with Banglalink.
A Google user,5,2026-07-08 01:49:01,Cool App and faster networking service,1,Banglalink,General Appreciation / Other,Positive,The customer praises the app's quality and the speed of the network service.
A Google user,1,2026-07-07 22:13:04,so bad internet issue. i have 30GB internet but i can't properly see in world cup matches. so irritated.!,4,Banglalink,Network Speed & 4G Latency,Negative,The user is frustrated because their 30GB data allowance is insufficient for smooth streaming of World Cup matches due to poor internet quality.
A Google user,5,2026-07-07 19:48:38,MyBL app is very nice and it's feature just wow,1,Banglalink,General Appreciation / Other,Positive,The customer expresses high satisfaction with the MyBL app and its features.
A Google user,5,2026-07-07 19:21:12,এম‌বি এবং মি‌নিট প‌্যা‌কেজ গু‌লো রেট কমা‌তে হ‌বে,0,Banglalink,Offers & Data Packs,Negative,The customer suggests that the rates for MB and minute packages should be reduced.
A Google user,5,2026-07-07 16:35:25,very gorgeous app,0,Banglalink,General Appreciation / Other,Positive,The customer compliments the visual design of the app.
A Google user,5,2026-07-07 16:24:42,Expreans realy gd,0,Banglalink,General Appreciation / Other,Positive,The customer expresses that the experience is really good.
A Google user,5,2026-07-07 16:21:09,very good service provider,0,Banglalink,General Appreciation / Other,Positive,The customer expresses satisfaction with the overall service quality.
A Google user,5,2026-07-07 14:36:01,"net speed slow, internet price very very high 😔",0,Banglalink,Network Speed & 4G Latency,Negative,The customer complains that the network speed is slow and the internet pricing is excessively high.
A Google user,1,2026-07-07 13:24:41,I was usually using it for recharging quickly and the internet packages but recently when i recharged 96 tk using the app they automatically activated tofee subs though i checked very carefully while recharging that there wasn’t any offer for 96 tk. i reached customer support with all proof & screenshots but they carelessly provide no support also blame me for making odd amount recharges which contains no logic at all. quitting forever.,24,Banglalink,Billing & Airtime Deductions,Negative,"The user is frustrated that a 96 tk recharge automatically activated an unwanted subscription despite no such offer being selected, and customer support failed to resolve the issue."
A Google user,4,2026-07-07 10:32:32,unlimited internet package price is too much high. need 5GB/10GB/15GB/20GB unlimited validity internet package.,4,Banglalink,Offers & Data Packs,Negative,The customer finds the unlimited internet package price too high and requests specific data volume packages with unlimited validity.
A Google user,5,2026-07-07 03:03:06,that's very goods app,0,Banglalink,General Appreciation / Other,Positive,The customer expresses that the app is very good.
A Google user,5,2026-07-07 02:40:49,My bl apps is best,0,Banglalink,General Appreciation / Other,Positive,The customer expresses that the MyBL app is the best.
A Google user,1,2026-07-07 01:34:27,amr orange club er coin gula automatic koi chole jay? onik bar hoice eta. onik gula joma korar por sudden Dekhi nai. and history te lekha used. but Ami used e Kori nai. nije nije chole jay faltu.,0,Banglalink,App Login & Technical Bugs,Negative,The user reports a recurring technical bug where Orange Club coins are automatically deducted and marked as used in the history without their consent.
A Google user,5,2026-07-06 21:41:32,অনেক ভালো এবং উপুকারি,0,Banglalink,General Appreciation / Other,Positive,The customer finds the service very good and useful.
A Google user,5,2026-07-06 21:06:10,Good and helpful apps,0,Banglalink,General Appreciation / Other,Positive,The customer finds the app to be good and helpful.
A Google user,5,2026-07-06 19:59:23,love for my BL,0,Banglalink,General Appreciation / Other,Positive,The user expresses affection and appreciation for the MyBL app.
A Google user,5,2026-07-06 16:01:09,best service,0,Banglalink,General Appreciation / Other,Positive,The customer expresses satisfaction with the overall service quality.
A Google user,5,2026-07-06 15:40:11,offer is friendly,0,Banglalink,Offers & Data Packs,Positive,The customer finds the available offers to be friendly and appealing.
A Google user,4,2026-07-06 15:21:08,"it’s good app,",0,Banglalink,General Appreciation / Other,Positive,The customer expresses that the app is good.
A Google user,5,2026-07-06 13:26:32,"khub valo akti app , sobar bebohar kora uchit",0,Banglalink,General Appreciation / Other,Positive,The user describes the app as very good and recommends that everyone should use it.
A Google user,5,2026-07-06 10:14:02,good service,0,Banglalink,General Appreciation / Other,Positive,The customer expresses satisfaction with the overall service quality.
A Google user,5,2026-07-06 09:44:04,Best Network,0,Banglalink,Network Speed & 4G Latency,Positive,The customer praises the quality of the network.
A Google user,4,2026-07-06 09:02:01,অফার এর দাম কম হলে ভালো হতো,0,Banglalink,Offers & Data Packs,Neutral,The customer suggests that the prices of the offers should be lower.
A Google user,5,2026-07-06 04:22:59,so nice app download this is my life partner for me,0,Banglalink,General Appreciation / Other,Positive,"The user expresses strong satisfaction with the app, calling it a life partner."
A Google user,1,2026-07-06 03:58:54,app is vary vart bad,0,Banglalink,App Login & Technical Bugs,Negative,The customer states that the app is very bad.
A Google user,5,2026-07-06 01:57:37,best network,0,Banglalink,Network Speed & 4G Latency,Positive,The customer praises the quality of the network.
A Google user,2,2026-07-06 01:37:00,অনেককে বাজে হয়ে গেছে আপনি বিপদ,0,Banglalink,General Appreciation / Other,Negative,The user expresses frustration that the service has become bad and is causing trouble.
A Google user,5,2026-07-06 00:06:34,it's very good,0,Banglalink,General Appreciation / Other,Positive,The customer expresses general satisfaction with the service.
A Google user,5,2026-07-05 23:21:05,great service,0,Banglalink,General Appreciation / Other,Positive,The customer expressed satisfaction with the overall service quality.
A Google user,1,2026-07-05 22:07:57,"worst app ever. worst offer. very bad network system. I lost 400 tk. later it says for Google , team blah blah . but it wasn't there when I was buying , bad service ever ugggh I'm regretting now .",10,Banglalink,Billing & Airtime Deductions,Negative,The user reports losing 400 Taka due to a billing error or failed transaction and expresses strong dissatisfaction with the service and network.
A Google user,5,2026-07-05 21:49:27,network devolop korte hobe,0,Banglalink,Network Speed & 4G Latency,Negative,The customer states that the network needs to be developed or improved.
A Google user,3,2026-07-05 21:02:56,it works good,0,Banglalink,General Appreciation / Other,Positive,The customer reports that the app is functioning well.
A Google user,5,2026-07-05 20:58:48,Best Apps For Bl User,0,Banglalink,General Appreciation / Other,Positive,The user rates the app as one of the best for Banglalink users.
A Google user,5,2026-07-05 20:31:30,আমার দেখা সেরা অ্যাপ,0,Banglalink,General Appreciation / Other,Positive,The customer states that this is the best app they have ever seen.
A Google user,5,2026-07-05 17:54:00,b l coins survice facilities is vary good.,0,Banglalink,General Appreciation / Other,Positive,The customer states that the BL coins service facilities are very good.
A Google user,5,2026-07-05 14:25:59,it’s very good apps,0,Banglalink,General Appreciation / Other,Positive,The customer expresses that the app is very good.
A Google user,5,2026-07-05 12:56:52,good for gift me,0,Banglalink,General Appreciation / Other,Positive,The customer expresses that the service or app is good for gifting purposes.
A Google user,5,2026-07-05 10:38:59,very helpful.,0,Banglalink,General Appreciation / Other,Positive,The customer finds the service or app very helpful.
A Google user,5,2026-07-05 10:27:36,BL mane burst,0,Banglalink,General Appreciation / Other,Neutral,"The user states that BL means burst, likely referring to a specific data pack or network feature."
A Google user,1,2026-07-05 10:17:06,i use coin to buy internet but i didn't get internet and coin gone 👺👺👺👺,0,Banglalink,Billing & Airtime Deductions,Negative,The customer reports that their coins were deducted for an internet purchase but the service was not activated.
A Google user,1,2026-07-05 10:09:40,can't even open the app,1,Banglalink,App Login & Technical Bugs,Negative,The user is unable to open the application.
A Google user,5,2026-07-05 02:09:52,thanks Bengal ink,0,Banglalink,General Appreciation / Other,Positive,The user is expressing gratitude to Banglalink.
A Google user,5,2026-07-05 00:12:25,This app is very good.,0,Banglalink,General Appreciation / Other,Positive,The customer expresses that the app is very good.
A Google user,5,2026-07-05 00:08:52,if previous mb balance are added and duration not less than 30 days.it will be nice think,0,Banglalink,Offers & Data Packs,Neutral,The customer suggests that previous MB balances should be carried over and that data pack durations should be at least 30 days.
A Google user,5,2026-07-04 23:02:58,I'm with Banglalink since last 27 years.As a service Providers of telecommunications in Bangladesh it has grown so smooth way that i am happy with their various features that give me much interest with them and never regret. Go ahead and hope for the best Banglalink.,3,Banglalink,General Appreciation / Other,Positive,"A long-time customer of 27 years expresses satisfaction with Banglalink's smooth growth and features, stating they have no regrets and wish the company well."
A Google user,5,2026-07-04 22:13:26,orange club এ coin দিয়ে মিনিট কেনার ব্যবস্থা করলে উপকৃত হব,0,Banglalink,Offers & Data Packs,Neutral,The customer suggests implementing a feature to purchase minutes using Orange Club coins.
A Google user,5,2026-07-04 20:56:20,good apps .. wonderful feature,0,Banglalink,General Appreciation / Other,Positive,The customer expresses satisfaction with the app's quality and features.
A Google user,5,2026-07-04 18:03:15,বাংলালিংক কোনো নেটওয়ার্ক পাওয়া যায় না আমাদের এলাকায় খুব বাজে একটা সমস্যার ভিতরে থাকি কোন ইন্টারনেট চালাতে পারি না এমন কি ফোনে ভালো করে কথাও বলতে পারিনা যদি ও কাস্টমার কেয়ারের কাছে ফোন দিয়ে জানানো হয় তাহলে তারা বলে যে আপনারা প্লেন মোড অন অফ করেন তাহলে ঠিক হয়ে যাবে। আমি জানাতে চাই যে আমাদের এলাকার ইন্টারন্যাশনাল সম্পর্কে একটু ভালো করে খুঁটিনাটি করে সমস্যাটা সমাধান করুন আমরা ঠিকানা বরিশাল পিরোজপুর মঠবাড়িয়া বড় মাছুয়া সমস্যাটা আমাদের বড় মাসুয়া এখানে বাংলালিংক নেটওয়া,0,Banglalink,Network Speed & 4G Latency,Negative,"The customer reports a complete lack of network coverage and inability to make calls or use the internet in their area (Mathbaria, Pirojpur), criticizing customer care for offering ineffective troubleshooting advice."
A Google user,1,2026-07-04 17:48:48,আমার আর্ন করা পয়েন্ট গুলো কেন কেটে নেওয়া হলো এর জবাব চাই ? কি জন্য কাটা হবে ? এর পেছনে দীর্ঘ সময় ব্যয় করেছে অনেক ইন্টারনেট খরচ করেছে । এর ভক্তুকি আমি চাই! এবং আমি এর সঠিক তদন্ত করতে চাই ।,2,Banglalink,Billing & Airtime Deductions,Negative,"The customer is demanding an explanation and investigation into why their earned points were deducted, citing the significant time and internet costs invested to earn them."
A Google user,5,2026-07-04 17:35:18,good for use,0,Banglalink,General Appreciation / Other,Positive,The customer finds the app good for use.
A Google user,1,2026-07-04 11:44:17,"সব ঠিক আছে, একটাই সম্যস্যা mybl অ্যাপসটি অফলাইন হলে অনেক সুবিধা হতো।",0,Banglalink,App Login & Technical Bugs,Neutral,The user is satisfied with the service but suggests that the MyBL app should have offline functionality for greater convenience.
A Google user,5,2026-07-04 10:57:12,very awesome app,0,Banglalink,General Appreciation / Other,Positive,The customer expresses that the app is very awesome.
A Google user,1,2026-07-04 10:13:45,পুরো ফালতু service । আজকে সকালে ঘুম থেকে উঠে দেখি আমার ২১ লক্ষ coin এর জায়গায় ৫০ হাজার coin । কোনো কারণ ছাড়াই নাই । আবার service center massage দেওয়ার পর ও কোনো response দেয় না। 😡 । জঘন্যতম service । আবার coin history তে দেখায় ২১ লক্ষ coin নাকি আমি use করে ফেলছি। কত বড় প্রতারণা করে 😡,0,Banglalink,Billing & Airtime Deductions,Negative,The user reports an unexplained massive deduction of coins from their account and complains about the lack of response from the service center.
A Google user,5,2026-07-04 08:53:21,এই আপ টা অনেক সুন্দর আপ ‌। এই আপ থেকে আমি অনেক অফার কিনেছি আমার মনে হয় এই আটটি আপনার ফোনের সেরা। আপ হতে পারে । বিস্যাস করে শুধু আগে 1বার ডাউনলোড করুণ ফোনে দেখবেন আপনার ও ভালো লাগবে আমাদের পরিবারে সবার ফোনে এই আপ রয়েছে এখানে পাবেন অফার অরেনজ ক্লাব থেকে কয়েন যা দিয়ে এমবি মিনিট আরো অনেক কিছু কিনতে পারবেন । কেউ কেউ আমাকে দালাল বলবেন কিন্তূ না এটা খুব অসাধারণ আপ । চাইলে এটা ডাউনলোড করতে পারেন। 😊😊😊😊😊😊😊😊😊😊😊😊,0,Banglalink,General Appreciation / Other,Positive,"The user highly recommends the app, praising its offers and Orange Club coin system, and encourages others to download it."
A Google user,5,2026-07-04 08:05:02,very nice very nice,0,Banglalink,General Appreciation / Other,Positive,The customer expresses general satisfaction with the service.
A Google user,5,2026-07-04 04:24:17,Nice proses and good sistemes,0,Banglalink,General Appreciation / Other,Positive,The customer appreciates the smooth process and good system.
A Google user,5,2026-07-04 02:20:21,Helpful app thanks,0,Banglalink,General Appreciation / Other,Positive,The customer expresses gratitude and finds the app helpful.
A Google user,5,2026-07-04 01:59:32,BL app is very good performance,0,Banglalink,General Appreciation / Other,Positive,The customer states that the BL app has very good performance.
A Google user,5,2026-07-03 23:25:03,All In One App. Excellent work.,4,Banglalink,General Appreciation / Other,Positive,The customer praises the app for being an all-in-one solution and commends the quality of work.
A Google user,5,2026-07-03 20:41:15,Ashan Eshan I said to this is a amazing app,0,Banglalink,General Appreciation / Other,Positive,The user expresses that the app is amazing.
A Google user,5,2026-07-03 14:39:40,Very good app and easy to use.,3,Banglalink,General Appreciation / Other,Positive,The customer finds the app very good and easy to use.
A Google user,5,2026-07-03 14:16:54,খুব সুন্দর এপস,0,Banglalink,General Appreciation / Other,Positive,The customer describes the app as very nice.
A Google user,5,2026-07-03 14:16:41,Very much minimalistic app,1,Banglalink,General Appreciation / Other,Positive,The customer appreciates the app's minimalistic design.
A Google user,5,2026-07-03 13:01:19,Superb App.... I love My BL App sooo much,0,Banglalink,General Appreciation / Other,Positive,The customer expresses strong satisfaction and love for the MyBL app.
A Google user,5,2026-07-03 10:29:34,A Really good app,0,Banglalink,General Appreciation / Other,Positive,The customer expresses that the app is really good.
A Google user,5,2026-07-03 06:14:30,its good idea.🍎,0,Banglalink,General Appreciation / Other,Positive,The customer expresses that the idea is good.
A Google user,5,2026-07-03 04:07:27,Very good app's,0,Banglalink,General Appreciation / Other,Positive,The customer expresses that the app is very good.
A Google user,5,2026-07-03 02:08:57,very nice MyBL,0,Banglalink,General Appreciation / Other,Positive,The customer expresses that the MyBL app is very nice.
A Google user,5,2026-07-02 22:10:25,amazing network,0,Banglalink,Network Speed & 4G Latency,Positive,The customer praises the quality of the network.
A Google user,5,2026-07-02 20:55:35,"আমি আমার জন্মের পর থেকে, যখন থেকে বুঝতে পারি তখন থেকে দেখছি আমার ফুল ফ্যামিলি.. বাংলালিংকের সঙ্গে আছে.. ধন্যবাদ banglalink সিম কে.. এবং আরো আশা করি ভালো ভালো সার্ভিস আমাদের জন্য নিয়ে আসবে..",0,Banglalink,General Appreciation / Other,Positive,"The customer expresses long-term loyalty to Banglalink, thanking the company for its service and hoping for continued improvements."
A Google user,5,2026-07-02 20:18:19,nice graphics and access,0,Banglalink,General Appreciation / Other,Positive,The customer appreciates the app's nice graphics and ease of access.
A Google user,1,2026-07-02 18:50:40,"my BL plan removed, another citycell incoming..",0,Banglalink,Offers & Data Packs,Negative,"The user is complaining that their MyBL plan was removed and they are receiving calls from a competitor, Citycell."
A Google user,5,2026-07-02 18:46:13,my bl sim is best,0,Banglalink,General Appreciation / Other,Positive,The customer expresses that their MyBL SIM is the best.
A Google user,5,2026-07-02 18:05:28,Bl apps is very helpful!,0,Banglalink,General Appreciation / Other,Positive,The customer finds the BL app very helpful.
A Google user,5,2026-07-02 16:18:59,My BL is a best app in my coutry,0,Banglalink,General Appreciation / Other,Positive,The customer considers the MyBL app to be the best in their country.
A Google user,3,2026-07-02 16:01:58,"It's a good sim forever but it's service is so highly recommend.. Mb, minutes boundle pack is so expensive... That's my problem in my daily life . I can't handle this too much offer price ... So I request you that plz stop so much prices in the package. Otherwise it's networking system is so good , any one can use anywhere this network easily. that's why I like to use this sim by the over price of bound pack ...",12,Banglalink,Offers & Data Packs,Negative,The customer praises the network quality but complains that the data and minute bundle packages are too expensive.
A Google user,1,2026-07-02 15:47:59,"not open,or taking so much time ,or need time 1 hour.",1,Banglalink,App Login & Technical Bugs,Negative,"The app is not opening or is taking excessively long, up to an hour, to load."
A Google user,4,2026-07-02 15:11:41,"Not seeing without MB , offer is limited. So all is good.",3,Banglalink,Offers & Data Packs,Neutral,"The user notes that the offer is limited and does not include free MBs, but concludes that everything is acceptable."
A Google user,5,2026-07-02 14:29:13,nice app wow am am very happy use a mybl app,0,Banglalink,General Appreciation / Other,Positive,The user expresses happiness and satisfaction with using the MyBL app.
A Google user,4,2026-07-02 13:26:27,good experience,0,Banglalink,General Appreciation / Other,Positive,The customer reports having a good experience with the service.
A Google user,5,2026-07-02 12:14:38,Best for ever!,1,Banglalink,General Appreciation / Other,Positive,The customer expresses that the service is the best ever.
A Google user,5,2026-07-02 06:48:52,I use the MyBL app for all my daily tasks.,1,Banglalink,General Appreciation / Other,Positive,The customer uses the MyBL app for all their daily tasks.
A Google user,5,2026-07-02 02:43:41,নেক্সট আপডেট টা উন্নত করা যায় যেমন বাংলালিংক যদি নিজের ব্যান্ড এর প্রিপেইড কার্ড মাস্টার কার্ড মানে কি যে কোন কিছু পেমেন্ট করার জন্য । বাংলালিংক আরো ভালো বিসনেজ করতে পারে । লিংকবাংলা এই টাইপ্সের ভিসা/ মাস্টার প্রিপেইড আর উত্তোলনের ব্যবস্থা সম্ভব করা হয় । তাহলে অন্য দেশের মতো ইন্টারনেট ভিত্তিক কাজ করতে শিক্ষিতমহলে উন্মাদনা বাড়বে । এটা শুধু একটা আইডিয়া শুধু একটা ধারণা ছেড়ে নিতে পারেন কার্যকরী ধারণ,0,Banglalink,General Appreciation / Other,Neutral,The user suggests that Banglalink should introduce prepaid Visa/Mastercard payment options to enhance business capabilities and user engagement.
A Google user,5,2026-07-02 02:22:23,Eazy use nice product🤘,3,Banglalink,General Appreciation / Other,Positive,The customer finds the product easy to use and expresses satisfaction with it.
A Google user,1,2026-07-02 01:00:53,"vowifi সেবাটি MyBL এ্যাপে এড করে দেওয়া হোক VOTE কল এর মতো, যাতে যে কেউ সহজে এ্যাপ থেকে অন অপ করতে পারে",0,Banglalink,App Login & Technical Bugs,Neutral,"The user suggests adding a feature to the MyBL app to easily activate VoWiFi, similar to the VOTE call option."
A Google user,5,2026-07-01 22:56:27,Bangla link best mobile network,0,Banglalink,General Appreciation / Other,Positive,The customer expresses that Banglalink is the best mobile network.
A Google user,5,2026-07-01 21:08:42,খুব ভালো এ্যপস এটা,0,Banglalink,General Appreciation / Other,Positive,The customer states that the app is very good.
A Google user,5,2026-07-01 19:53:45,very good app 👍,0,Banglalink,General Appreciation / Other,Positive,"The customer expresses satisfaction with the app, describing it as very good."
A Google user,2,2026-07-01 19:40:25,"I am disappointed with Banglalink's call charges. I spoke for only about 6 minutes, but more than ৳20 was deducted from my balance. This has happened several times, and the pricing does not seem transparent. Customers deserve a clear explanation of how call charges are calculated. I hope Banglalink improves its billing system and provides fair, transparent pricing for all users.",3,Banglalink,Billing & Airtime Deductions,Negative,"The customer is dissatisfied with high and opaque call charges, noting that a 6-minute call deducted over 20 Taka from their balance."
A Google user,5,2026-07-01 18:34:00,very nice app 👍,0,Banglalink,General Appreciation / Other,Positive,The customer expresses satisfaction with the app's overall quality.
A Google user,5,2026-07-01 17:42:49,loveee ts app,0,Banglalink,General Appreciation / Other,Positive,The user expresses strong affection for the app.
A Google user,5,2026-07-01 17:42:29,ভালো অ্যাপ কিন্তু আরও কিসু ফিচার অ্যাড করতে হবে ।যেমন বিভিন্ন ডাটা বা মিনিট প্যাক কিনা থাকলে সেটা অ্যাপ এর মাধ্যমে সাময়িক ভাবে বন্ধ করা এবং ওন করার ফিচার দেওয়া।,0,Banglalink,Offers & Data Packs,Neutral,The user appreciates the app but requests a feature to temporarily pause or activate data and minute packs.
A Google user,5,2026-07-01 12:07:36,it's a very nice app thank you Bangla link 🫶🏻🫶🏻🫶🏻💝,1,Banglalink,General Appreciation / Other,Positive,The customer expresses gratitude and praises the app as very nice.
A Google user,5,2026-07-01 10:35:22,it's a good sim service company,0,Banglalink,General Appreciation / Other,Positive,The customer expresses satisfaction with the overall SIM service provided by the company.
A Google user,3,2026-07-01 10:09:54,বাংলালিংক ভালো অফার পাওয়া যায় না,0,Banglalink,Offers & Data Packs,Negative,The customer complains that good offers are not available on Banglalink.
A Google user,5,2026-07-01 09:49:11,এখানে মিনিট কেনার সুবিধা চাই বআমরা,0,Banglalink,Offers & Data Packs,Neutral,The customer is requesting the availability of a facility to purchase minutes on the platform.
A Google user,1,2026-07-01 09:11:40,"Dhon er service, Hedar banglalink",0,Banglalink,General Appreciation / Other,Positive,The customer praises the service and expresses strong support for Banglalink.
A Google user,5,2026-07-01 07:27:39,Better in Bangladesh,0,Banglalink,General Appreciation / Other,Positive,The customer expresses that the service is better in Bangladesh.
A Google user,5,2026-07-01 07:20:34,best app my bl,0,Banglalink,General Appreciation / Other,Positive,The customer expresses that the MyBL app is the best.
A Google user,5,2026-07-01 07:12:12,very very good,0,Banglalink,General Appreciation / Other,Positive,The customer expresses high satisfaction with the service.
A Google user,5,2026-07-01 06:39:34,best service resenevele package thanks Banglalink for being with me,0,Banglalink,General Appreciation / Other,Positive,The customer expresses gratitude for the best service and reserved packages provided by Banglalink.
A Google user,5,2026-07-01 06:33:25,BANGLAKINK SIM AMAZING,0,Banglalink,General Appreciation / Other,Positive,The customer expresses that the Banglalink SIM is amazing.
A Google user,5,2026-07-01 03:58:16,আমার অনেক পছন্দের বাংলালিংক অ্যাপ সার্ভিস,0,Banglalink,General Appreciation / Other,Positive,The customer expresses that they really like the Banglalink app service.
A Google user,5,2026-07-01 02:35:03,nice helpful app,0,Banglalink,General Appreciation / Other,Positive,The customer finds the app to be nice and helpful.
A Google user,5,2026-07-01 01:35:44,good service,0,Banglalink,General Appreciation / Other,Positive,The customer expresses satisfaction with the overall service quality.
A Google user,5,2026-06-30 23:23:13,berry good internet,0,Banglalink,Network Speed & 4G Latency,Positive,The customer is satisfied with the quality of the internet service.
A Google user,5,2026-06-30 23:09:33,That's Amazing 🤩,0,Banglalink,General Appreciation / Other,Positive,The customer expresses high satisfaction with the service.
A Google user,5,2026-06-30 20:45:04,Nice working the MyBL app,0,Banglalink,General Appreciation / Other,Positive,The customer expresses satisfaction with the overall functionality of the MyBL app.
A Google user,5,2026-06-30 20:31:41,banglallink love 🥰,0,Banglalink,General Appreciation / Other,Positive,The customer expresses affection and love for the Banglalink brand.
A Google user,5,2026-06-30 19:16:32,nice and good app,0,Banglalink,General Appreciation / Other,Positive,"The user expresses satisfaction with the app, describing it as nice and good."
A Google user,5,2026-06-30 18:59:17,Very good service,0,Banglalink,General Appreciation / Other,Positive,The customer expresses satisfaction with the overall service quality.
A Google user,1,2026-06-30 18:06:43,Horrible app. Please save yourself from such frustration and inconvenience by not using this network,10,Banglalink,General Appreciation / Other,Negative,"The user expresses strong dissatisfaction with the app, advising others to avoid the network due to frustration and inconvenience."
A Google user,4,2026-06-30 16:58:16,খুবই উপকারী একটা অ্যাপ,0,Banglalink,General Appreciation / Other,Positive,The customer finds the app very useful.
A Google user,5,2026-06-30 13:59:46,I'm so happy and satisfied with mybl..,0,Banglalink,General Appreciation / Other,Positive,The customer expresses happiness and satisfaction with the MyBL app.
A Google user,5,2026-06-30 13:59:03,It’s Very Good,0,Banglalink,General Appreciation / Other,Positive,The customer expresses that the service or app is very good.
A Google user,5,2026-06-30 13:40:26,khub valo apps,0,Banglalink,General Appreciation / Other,Positive,The customer states that the app is very good.
A Google user,5,2026-06-30 10:20:21,The app is best..,1,Banglalink,General Appreciation / Other,Positive,The customer expresses that the app is excellent.
A Google user,5,2026-06-30 10:15:19,দারুণ একটা কথা,1,Banglalink,General Appreciation / Other,Positive,The customer describes the service or experience as wonderful.
A Google user,5,2026-06-30 05:24:20,Md Nasir Awesome,0,Banglalink,General Appreciation / Other,Positive,The customer expressed satisfaction by calling the service awesome.
A Google user,5,2026-06-30 04:19:43,Very good app. Easy to use and recharge is fast. Highly recommended!,9,Banglalink,General Appreciation / Other,Positive,"The customer praises the app for being easy to use and having fast recharge capabilities, recommending it highly."
A Google user,5,2026-06-30 01:53:29,‌thats a very good apps,0,Banglalink,General Appreciation / Other,Positive,The customer expresses that the app is very good.
A Google user,5,2026-06-29 23:21:14,very good 👍👍 this app,0,Banglalink,General Appreciation / Other,Positive,"The customer expresses satisfaction with the app, describing it as very good."
A Google user,5,2026-06-29 22:54:15,"wwooww, amazing",0,Banglalink,General Appreciation / Other,Positive,The user expresses strong enthusiasm and satisfaction with the service.
A Google user,1,2026-06-29 20:23:51,ki dhoner Update disos re vai MB nibo j oi option e khuija paitasi na 🤬,0,Banglalink,App Login & Technical Bugs,Negative,The user is frustrated because they cannot find the option to purchase MBs after an app update.
A Google user,1,2026-06-29 19:26:21,bad movment this site,0,Banglalink,App Login & Technical Bugs,Negative,The user reports that the website or app is moving poorly or experiencing technical lag.
A Google user,5,2026-06-29 19:15:15,very Nice and good this app,0,Banglalink,General Appreciation / Other,Positive,The customer expresses that the app is very nice and good.
A Google user,5,2026-06-29 18:46:11,"It's a very nice app, I'm feeling a lot of benefits by using MB in it.",2,Banglalink,General Appreciation / Other,Positive,"The user expresses satisfaction with the app, stating that they are benefiting greatly from using it."
A Google user,5,2026-06-29 18:10:12,আমার প্রিয় সিম,0,Banglalink,General Appreciation / Other,Positive,The customer expresses affection for their SIM card.
A Google user,5,2026-06-29 13:12:48,mybl onek baloi💝💝,0,Banglalink,General Appreciation / Other,Positive,The user expresses that the MyBL app is very good.
A Google user,5,2026-06-29 12:27:31,"gd app, i love this app so much",0,Banglalink,General Appreciation / Other,Positive,The user expresses strong satisfaction and love for the app.
A Google user,5,2026-06-29 09:12:21,অল্প টাকায় ভালো অফার,0,Banglalink,Offers & Data Packs,Positive,The customer appreciates the good offers available at a low price.
A Google user,1,2026-06-29 06:37:38,Can you guys give us some low rate Internet package please under 100 money.,0,Banglalink,Offers & Data Packs,Neutral,The customer is requesting the introduction of a low-cost internet package priced under 100 taka.
A Google user,5,2026-06-29 05:56:10,Awesome ❤️❤️,0,Banglalink,General Appreciation / Other,Positive,The customer expressed general satisfaction with the service.
A Google user,5,2026-06-29 01:13:42,great service banglalink network,0,Banglalink,General Appreciation / Other,Positive,The customer expresses satisfaction with the overall service and network quality of Banglalink.
A Google user,5,2026-06-29 01:03:42,সুন্দর পছন্দ,0,Banglalink,General Appreciation / Other,Positive,The customer expresses that the service or app is a beautiful choice.
A Google user,5,2026-06-29 00:56:50,"all Bangladesh all people Banglalink network, I love Banglalink ♥️",0,Banglalink,General Appreciation / Other,Positive,The customer expresses love for Banglalink and its network across Bangladesh.
A Google user,5,2026-06-28 21:22:41,So beautiful,0,Banglalink,General Appreciation / Other,Positive,The customer expressed positive sentiment by describing the service or app as beautiful.
A Google user,5,2026-06-28 20:03:45,Very excellent relationship,0,Banglalink,General Appreciation / Other,Positive,The customer expresses high satisfaction with the overall relationship and service.
A Google user,5,2026-06-28 19:01:24,টঙ্গী বিসিক এ ভালো নেট থাকে না,0,Banglalink,Network Speed & 4G Latency,Negative,The network quality is poor in Tongi BSEC.
A Google user,5,2026-06-28 15:53:14,Fantastic performance and awesome activity. I have tried a lot of network but among of them Banglalink is the best for their commitment. Always we get clear network system and call rate. So i feel very proud as a member of Banglalink family. wish you all the best Banglalink.,12,Banglalink,General Appreciation / Other,Positive,"The customer expresses pride in being a Banglalink member, praising the network's clear signal, call rates, and overall commitment compared to other providers."
A Google user,1,2026-06-28 14:15:45,মাশাল্লাহ অনেক ভালো বাংলালিংক সিম অফার গুলো অনেক ভালো,0,Banglalink,Offers & Data Packs,Positive,The customer praises the quality of Banglalink's SIM offers.
A Google user,5,2026-06-28 13:00:46,its an amazing apps! It's very helpful for me,1,Banglalink,General Appreciation / Other,Positive,The customer finds the app amazing and very helpful.
A Google user,5,2026-06-28 12:46:21,network week,0,Banglalink,Network Speed & 4G Latency,Neutral,"The user mentions the network week, likely referring to network performance or a specific promotional period."
A Google user,5,2026-06-28 05:18:42,Every time I want to log in into the app it says something went wrong and to click the forget password and log in with new password. I have done this at least 20 time but it says the same thing please help me as soon as possible,19,Banglalink,App Login & Technical Bugs,Negative,The user is unable to log in due to a recurring error requiring repeated password resets despite multiple attempts.
A Google user,5,2026-06-28 04:25:27,very good app,0,Banglalink,General Appreciation / Other,Positive,The customer expresses that the app is very good.
A Google user,5,2026-06-28 04:13:34,nice offer good deal 🤝,0,Banglalink,Offers & Data Packs,Positive,The customer appreciates the attractive pricing and value of the current offers.
A Google user,5,2026-06-28 00:29:13,could be better network service,0,Banglalink,Network Speed & 4G Latency,Negative,The customer suggests that the network service quality needs improvement.
A Google user,4,2026-06-28 00:16:35,khubi valo onek valo,0,Banglalink,General Appreciation / Other,Positive,The customer states that the service is very good.
A Google user,5,2026-06-27 23:50:50,বাংলালিংক অনেক সুন্দর,0,Banglalink,General Appreciation / Other,Positive,The customer expresses that Banglalink is very good.
A Google user,5,2026-06-27 17:05:05,good network good responsibility,0,Banglalink,General Appreciation / Other,Positive,The customer praises the network quality and the company's sense of responsibility.
A Google user,5,2026-06-27 13:39:49,you are best,0,Banglalink,General Appreciation / Other,Positive,The customer expresses general praise for the service.
A Google user,5,2026-06-27 09:06:11,extraordinary app....,0,Banglalink,General Appreciation / Other,Positive,"The customer expresses high satisfaction with the app, describing it as extraordinary."
A Google user,4,2026-06-27 09:04:24,helpful apps,0,Banglalink,General Appreciation / Other,Positive,The customer finds the app to be helpful.
A Google user,5,2026-06-27 08:53:25,it is bary r,0,Banglalink,General Appreciation / Other,Neutral,The user states that the service is very good.
A Google user,5,2026-06-27 03:15:39,best apps and sim,0,Banglalink,General Appreciation / Other,Positive,The customer expresses that the app and SIM service are the best.
A Google user,5,2026-06-27 03:07:50,অসাধারণ অনেক ভালো,0,Banglalink,General Appreciation / Other,Positive,The customer describes the service as wonderful and very good.
A Google user,5,2026-06-27 02:55:36,very good app 👍,0,Banglalink,General Appreciation / Other,Positive,"The customer expresses satisfaction with the app, describing it as very good."
A Google user,5,2026-06-27 01:08:50,Good service for all Bangli people ❤️,0,Banglalink,General Appreciation / Other,Positive,The customer expresses appreciation for the service provided to all Bangladeshi people.
A Google user,4,2026-06-27 00:06:01,Bl app better,0,Banglalink,General Appreciation / Other,Positive,The customer expresses that the BL app is good.
A Google user,5,2026-06-26 22:59:58,Thank you banglalink,0,Banglalink,General Appreciation / Other,Positive,The customer is expressing gratitude to Banglalink.
A Google user,5,2026-06-26 20:57:26,Good service,0,Banglalink,General Appreciation / Other,Positive,The customer expresses satisfaction with the overall service quality.
A Google user,5,2026-06-26 20:08:48,is a good app,0,Banglalink,General Appreciation / Other,Positive,The customer states that the app is good.
A Google user,5,2026-06-26 20:04:47,very useful apps,0,Banglalink,General Appreciation / Other,Positive,The customer finds the app very useful.
A Google user,5,2026-06-26 19:47:51,this app is the best app,0,Banglalink,General Appreciation / Other,Positive,The user expresses that the app is the best.
A Google user,5,2026-06-26 18:58:45,good service,0,Banglalink,General Appreciation / Other,Positive,The customer expresses satisfaction with the overall service quality.
A Google user,5,2026-06-26 13:53:45,very useful and best offer,1,Banglalink,Offers & Data Packs,Positive,The customer finds the available offers very useful and the best.
A Google user,5,2026-06-26 10:22:36,"Excellent app with amazing internet offers. Banglalink provides affordable and valuable packages. My only suggestion is to improve network stability, especially during long power outages when the network sometimes becomes unavailable. Also, please expand network coverage and improve internet speed in all areas, as some places still have weak or no Banglalink signal. If these issues are solved, Banglalink will be the best. Thank you!",26,Banglalink,Network Speed & 4G Latency,Positive,"The user praises the app's affordable offers but requests improvements in network stability, coverage, and speed during outages."
A Google user,1,2026-06-26 09:54:56,Internet offer is very expensive.,3,Banglalink,Offers & Data Packs,Negative,The customer finds the internet data offers to be too expensive.
A Google user,5,2026-06-26 08:13:06,This app too helpful,0,Banglalink,General Appreciation / Other,Positive,The customer finds the app very helpful.
A Google user,5,2026-06-26 07:23:16,Awesome my bl App,0,Banglalink,General Appreciation / Other,Positive,The customer expresses that the MyBL app is awesome.
A Google user,4,2026-06-26 06:53:20,get more than surprised offer,0,Banglalink,Offers & Data Packs,Positive,The customer is pleasantly surprised by the offers available.
A Google user,5,2026-06-26 02:56:51,nice app all so good,0,Banglalink,General Appreciation / Other,Positive,"The customer expresses satisfaction with the app, stating that everything is good."
A Google user,1,2026-06-26 00:26:21,English: SMS package prices should be reduced. Charging 150 Taka for only 500 SMS does not make sense. Banglalink keeps increasing SMS prices unnecessarily. There is no reason for SMS packages to be so expensive.,17,Banglalink,Offers & Data Packs,Negative,The customer complains that SMS package prices are too high and should be reduced.
A Google user,5,2026-06-25 23:08:08,একটি খুব ফাইন,0,Banglalink,General Appreciation / Other,Positive,The customer describes the service as very fine.
A Google user,4,2026-06-25 22:49:00,Good app for BL users,0,Banglalink,General Appreciation / Other,Positive,The user expresses satisfaction with the app's usability for Banglalink customers.
A Google user,5,2026-06-25 22:21:20,মাশাল্লাহ খুব সুন্দর,0,Banglalink,General Appreciation / Other,Positive,The user expresses high praise and appreciation for the service or app.
A Google user,5,2026-06-25 19:50:02,good service,0,Banglalink,General Appreciation / Other,Positive,The customer expresses satisfaction with the overall service quality.
A Google user,1,2026-06-25 19:40:28,so bad the worst network,0,Banglalink,Network Speed & 4G Latency,Negative,The customer expresses strong dissatisfaction with the poor network quality.
A Google user,5,2026-06-25 19:32:06,very good and necessary app,0,Banglalink,General Appreciation / Other,Positive,The customer finds the app very good and necessary.
A Google user,5,2026-06-25 18:16:59,very good app,0,Banglalink,General Appreciation / Other,Positive,The customer expresses that the app is very good.
A Google user,5,2026-06-25 17:34:51,powerfull network,0,Banglalink,Network Speed & 4G Latency,Positive,The customer praises the strength and power of the network.
A Google user,5,2026-06-25 12:38:17,best app ever.,0,Banglalink,General Appreciation / Other,Positive,"The user expresses high satisfaction, calling the app the best ever."
A Google user,5,2026-06-25 07:16:02,I love Banglalink,0,Banglalink,General Appreciation / Other,Positive,The customer expresses general love and satisfaction with Banglalink.
A Google user,5,2026-06-25 07:12:40,i have received nice offer,1,Banglalink,Offers & Data Packs,Positive,The customer received a nice offer.
A Google user,1,2026-06-25 06:10:54,Worst network in Bangladesh,0,Banglalink,Network Speed & 4G Latency,Negative,The customer claims that Banglalink has the worst network in Bangladesh.
A Google user,5,2026-06-25 02:00:25,I always with this apk...&..i love it olso....,1,Banglalink,General Appreciation / Other,Positive,The user expresses consistent usage and love for the app.
A Google user,5,2026-06-25 01:41:35,Nice app verry gd options,0,Banglalink,General Appreciation / Other,Positive,The customer finds the app nice and appreciates its good options.
A Google user,5,2026-06-25 00:57:48,Good Old Sim,0,Banglalink,General Appreciation / Other,Positive,The customer expresses positive sentiment regarding their SIM card.
A Google user,5,2026-06-25 00:17:05,Maximum best service,0,Banglalink,General Appreciation / Other,Positive,The customer expresses that the service is the best.
A Google user,4,2026-06-24 23:10:32,this app very halpfull,0,Banglalink,General Appreciation / Other,Positive,The customer finds the app very helpful.
A Google user,5,2026-06-24 22:16:48,assalamualaikum,0,Banglalink,General Appreciation / Other,Neutral,The user is simply greeting the support team with a standard Islamic salutation.
A Google user,5,2026-06-24 19:41:34,অ্যাপসটি খুব ভালো,0,Banglalink,General Appreciation / Other,Positive,The app is very good.
A Google user,5,2026-06-24 19:30:06,wow experience,0,Banglalink,General Appreciation / Other,Positive,The customer expressed that their experience was wonderful.
A Google user,5,2026-06-24 18:46:50,nice to see the new coaen,0,Banglalink,General Appreciation / Other,Positive,The customer expresses appreciation for seeing the new content.
A Google user,5,2026-06-24 17:40:31,app not good running,0,Banglalink,App Login & Technical Bugs,Negative,The user reports that the application is not running properly.
A Google user,5,2026-06-24 15:25:14,Everything is fear&lovely,0,Banglalink,General Appreciation / Other,Positive,The customer expresses that everything is wonderful and lovely.
A Google user,1,2026-06-24 15:02:53,ভাই বাংলালিংক একেবারে ফালতু কেউ বাংলালিংক সিম কিনলে না এবং ব্যবহার করেন না। আরে ভাই 30 টাকা একদিনের মধ্যে আমি মাত্র 10 সেকেন্ড কথা বলছিলাম টাকা কাটছিল 70 পয়সা তারপরে ভাই আমি কিছু করি নাই তারপর তুমি আমার একাউন্টে 30 টাকা থেকে আসে 13 টাকা ফালতু আপনি যদি বেশি টাকা নেন তাহলে আপনার সবটা কাইটা নিবে প্লিজ দয়া করে কিভাবে ডাউনলোড করুন এক নাম্বারে ফালতু। সুদী ডাউনলোড মানে আছে তাহলে শুধুমাত্র ফ্রি এমবির জন্য ব্যবহার করুন।,0,Banglalink,Billing & Airtime Deductions,Negative,"The user complains about unfair airtime deductions where 30 Taka was reduced to 13 Taka after only 10 seconds of calling, and strongly advises others not to use Banglalink."
A Google user,1,2026-06-24 14:09:19,The worst app is not working properly😑,2,Banglalink,App Login & Technical Bugs,Negative,The customer reports that the app is not functioning correctly.
A Google user,5,2026-06-24 10:49:45,Banglalink sim internet খুব ভালো।,0,Banglalink,Network Speed & 4G Latency,Positive,The customer states that Banglalink SIM internet is very good.
A Google user,1,2026-06-24 10:09:43,এরা একদম বাজে অপারেটর।।প্যাকেজ কিনলে সময় মতো দ্রুত প্যাকেজ এড হয় না।প্যাকেজের দাম তুলনামুলক বেশি।।কল রেট বেশি।।কাস্টমার সার্ভিস একদম বাজে,0,Banglalink,Offers & Data Packs,Negative,"The customer complains that data packages are not activated promptly, are relatively expensive, and that call rates and customer service are poor."
A Google user,5,2026-06-24 08:08:38,hi vary nice app,0,Banglalink,General Appreciation / Other,Positive,The customer expresses that the app is very nice.
A Google user,5,2026-06-24 03:58:44,this is good and it's safe us a valuable time.,0,Banglalink,General Appreciation / Other,Positive,The customer finds the service good and appreciates that it saves them valuable time.
A Google user,5,2026-06-24 02:58:56,darun my bl apps,0,Banglalink,General Appreciation / Other,Positive,The customer expresses that the MyBL app is excellent.
A Google user,2,2026-06-24 02:31:13,"ভালো কোনো অফার নাই,এম্বির কম টাকায়",0,Banglalink,Offers & Data Packs,Negative,The customer complains that there are no good offers available for buying MBs at a low price.
A Google user,5,2026-06-23 23:13:53,thanks for offer,0,Banglalink,Offers & Data Packs,Positive,The customer is expressing gratitude for a promotional offer.
A Google user,5,2026-06-23 23:13:26,Have to increase Network ability in Rural area of Noakhali including Subarnachar Upazilla Health Complex area. Thanks ❤️,1,Banglalink,Network Speed & 4G Latency,Neutral,"The customer requests improved network coverage in the rural areas of Noakhali, specifically around the Subarnachar Upazilla Health Complex."
A Google user,5,2026-06-23 22:55:24,very good offer,1,Banglalink,Offers & Data Packs,Positive,The customer is expressing satisfaction with a specific promotional offer.
A Google user,5,2026-06-23 21:43:59,Robin Sarkar good,0,Banglalink,General Appreciation / Other,Positive,The customer is expressing positive feedback regarding a person named Robin Sarkar.
A Google user,5,2026-06-23 21:16:02,বাংলালিংক এর সার্ভিস খুবই ভালো আমি কয়েক বছর যাবত এর সাথে রয়েছি। আর আমার বাবা প্রায় ১৫ বসর বাংলালিংক সিম ব্যবহার করে।,0,Banglalink,General Appreciation / Other,Positive,"The customer expresses long-term loyalty and satisfaction with Banglalink's service, noting they and their father have been using the network for many years."
A Google user,5,2026-06-23 19:22:43,amar alakay best netoyak Banglalink netoyark,0,Banglalink,General Appreciation / Other,Positive,The customer states that Banglalink is the best network operator for them.
A Google user,1,2026-06-23 18:57:49,It is not good service,0,Banglalink,General Appreciation / Other,Negative,The customer expresses general dissatisfaction with the service quality.
A Google user,5,2026-06-23 17:08:32,Best Network app,0,Banglalink,General Appreciation / Other,Positive,The customer expresses satisfaction with the network application.
A Google user,5,2026-06-23 09:39:25,good service,0,Banglalink,General Appreciation / Other,Positive,The customer expresses satisfaction with the overall service quality.
A Google user,5,2026-06-23 06:20:00,best GB offer mobile phone,0,Banglalink,Offers & Data Packs,Positive,The customer praises the best GB data offer available for mobile phones.
A Google user,5,2026-06-23 05:01:43,This app is very useful,0,Banglalink,General Appreciation / Other,Positive,The customer finds the app very useful.
A Google user,5,2026-06-23 04:22:06,My lover banglalink,0,Banglalink,General Appreciation / Other,Positive,The user expresses affection and loyalty towards Banglalink.
A Google user,3,2026-06-23 02:41:33,"When I was a new user, I used to get many benefits and great internet offers at low prices. But as time goes by and I become a long-time user, those benefits seem to disappear. Loyal customers who have stayed with the service for years should also receive attractive offers and rewards. Existing users deserve appreciation just as much as new users.",24,Banglalink,Offers & Data Packs,Negative,The user complains that long-term loyal customers no longer receive the attractive offers and benefits that new users enjoy.
A Google user,5,2026-06-23 02:07:17,my favorite Bangla link sm,0,Banglalink,General Appreciation / Other,Positive,The user expresses that Banglalink is their favorite network.
A Google user,5,2026-06-23 01:28:02,"nice app ☺️☺️ 𝐄𝐃𝐈𝐓: Wow Banglalink has replied me, thank you very much, I am your regular customer, your offer is very organized and beautiful, but our network here is low Location : Division : Chittagong. District: Chadpur Thana: Matlab Uttor Municipality: Chengarchar Bazar Village: Jivgao Meanwhile, the network is very low, that's why I can't use your services properly, thanks Banglalink.",4,Banglalink,Network Speed & 4G Latency,Neutral,"The customer appreciates the app and offers but reports poor network coverage in their specific location in Chittagong, which hinders their ability to use services properly."
A Google user,5,2026-06-22 23:41:56,এই হাঙ্কির পোলারা পাইছিস নাকি? একটা কল রিসিভ করতে ১০ মিনিট লাগে,0,Banglalink,Network Speed & 4G Latency,Negative,The user complains that it takes 10 minutes to receive a single call due to poor network performance.
A Google user,4,2026-06-22 22:16:16,very Very nice good Thanks 👍,0,Banglalink,General Appreciation / Other,Positive,The customer expresses general satisfaction and gratitude.
A Google user,5,2026-06-22 21:55:30,good Bangla link network,0,Banglalink,General Appreciation / Other,Positive,The customer expresses satisfaction with the quality of the Banglalink network.
A Google user,4,2026-06-22 21:52:45,"Very nice app, but sometimes this apps server were down",0,Banglalink,App Login & Technical Bugs,Neutral,The user appreciates the app but reports occasional server downtime issues.
A Google user,5,2026-06-22 21:33:09,nice service,0,Banglalink,General Appreciation / Other,Positive,The customer expresses satisfaction with the overall service quality.
A Google user,5,2026-06-22 21:26:34,nice facility,0,Banglalink,General Appreciation / Other,Positive,The customer expresses satisfaction with the app's features.
A Google user,5,2026-06-22 21:26:21,it’s vary good,0,Banglalink,General Appreciation / Other,Positive,The customer expresses that the service is very good.
A Google user,5,2026-06-22 21:17:06,good service,0,Banglalink,General Appreciation / Other,Positive,The customer expresses satisfaction with the overall service quality.
A Google user,5,2026-06-22 20:28:46,Internet Speed,0,Banglalink,Network Speed & 4G Latency,Neutral,The customer is referencing internet speed performance.
A Google user,4,2026-06-22 20:03:29,i am fill so happy,0,Banglalink,General Appreciation / Other,Positive,The customer expresses that they are very happy.
A Google user,5,2026-06-22 19:13:41,My BL is the ultimate digital companion; its seamless experience makes it an absolute masterpiece.,7,Banglalink,General Appreciation / Other,Positive,The user praises the MyBL app as a seamless and excellent digital companion.
A Google user,2,2026-06-22 17:05:57,ভালো একটা এপ,0,Banglalink,General Appreciation / Other,Positive,The customer describes the app as good.
A Google user,3,2026-06-22 16:39:07,great service.,0,Banglalink,General Appreciation / Other,Positive,The customer expresses satisfaction with the overall service quality.
A Google user,5,2026-06-22 16:33:06,Network system very slow than GP,0,Banglalink,Network Speed & 4G Latency,Negative,The customer complains that the network system is very slow compared to GP.
A Google user,5,2026-06-22 13:55:29,bokacoda marka net speed,0,Banglalink,Network Speed & 4G Latency,Negative,The customer complains that the network speed is very slow.
A Google user,5,2026-06-22 12:25:21,Good apps Number 1 netowark,0,Banglalink,General Appreciation / Other,Positive,The customer praises the app as the best and compliments the network quality.
A Google user,5,2026-06-22 10:45:01,its really a good apps,0,Banglalink,General Appreciation / Other,Positive,The customer expresses that the app is really good.
A Google user,5,2026-06-22 08:21:10,very good apps,0,Banglalink,General Appreciation / Other,Positive,The customer expresses that the app is very good.
A Google user,5,2026-06-22 04:47:07,good app😭😭😭😭,0,Banglalink,General Appreciation / Other,Positive,The user expresses that the app is good.
A Google user,2,2026-06-22 03:48:16,not working on realme rmx3830... android 14,0,Banglalink,App Login & Technical Bugs,Negative,The app is not functioning on a Realme device running Android 14.
A Google user,5,2026-06-22 03:17:06,খুব বাজে ভাবে এপপ্স টা কাজ করে! আপডেট করা যাছছে না!!!প্লিজ হেল্প মী🌹,0,Banglalink,App Login & Technical Bugs,Negative,"The app is functioning very poorly and cannot be updated, so the user is requesting help."
A Google user,1,2026-06-21 20:21:55,internet price is so high,0,Banglalink,Offers & Data Packs,Negative,The customer is complaining that the internet prices are too high.
A Google user,1,2026-06-21 19:54:57,"The worst SIM network in the world, this network is not suitable for playing online games, PUBG or Clash Royale, it suddenly disconnects, a very bad banglalink SIM. 👎👎👎",13,Banglalink,Network Speed & 4G Latency,Negative,The user complains that the Banglalink network is unsuitable for online gaming due to frequent sudden disconnections.
A Google user,5,2026-06-21 17:55:02,alhamdulillah,0,Banglalink,General Appreciation / Other,Positive,The customer expresses gratitude and satisfaction with the service.
A Google user,1,2026-06-21 15:11:32,"এতো বাজে অবস্থা , টাকা দিয়ে এমবি কিনি আপনারা দেখি এমনি দাম শুধু বাড়াচ্ছেন, খুবই বাজে অবস্থা",0,Banglalink,Billing & Airtime Deductions,Negative,"The customer is complaining about the high cost of data and frequent price increases, describing the situation as very bad."
A Google user,5,2026-06-21 13:31:14,thank you my banglalink,0,Banglalink,General Appreciation / Other,Positive,The customer is expressing gratitude to Banglalink.
A Google user,1,2026-06-21 11:24:27,আমার nid দিয়ে সবগুলো বাংলালিংক সিমের পুরো নাম্বার এপ এ দেখার ফিচার চায়।,0,Banglalink,App Login & Technical Bugs,Neutral,The user requests a feature to view the full numbers of all Banglalink SIMs linked to their NID within the app.
A Google user,5,2026-06-21 11:05:51,very helpful APP,1,Banglalink,General Appreciation / Other,Positive,The customer finds the app very helpful.
A Google user,5,2026-06-21 10:54:30,An excellent app ⚡ for Banglalink sim users.,1,Banglalink,General Appreciation / Other,Positive,The user praises the app as excellent for Banglalink SIM users.
A Google user,5,2026-06-21 10:02:43,এমবি কিনা জাই না,0,Banglalink,General Appreciation / Other,Neutral,The user is asking if the MB (data) is good or not.
A Google user,5,2026-06-21 00:45:54,best of luck Banglalink,1,Banglalink,General Appreciation / Other,Positive,The customer is wishing Banglalink good luck.
A Google user,5,2026-06-21 00:03:22,১০০০ কয়েন পেয়েছি,0,Banglalink,Offers & Data Packs,Positive,The customer received 1000 coins.
A Google user,5,2026-06-20 22:45:28,verry good app,0,Banglalink,General Appreciation / Other,Positive,The customer expresses that the app is very good.
A Google user,1,2026-06-20 22:34:02,এটা একটা বালের এপপ যেখানে আর্জেন্টিনার এর খেলা হলে নোটিফিকেশন আসে কিন্তু ব্রাজিল এর খেলা আসলে তা আসে না তাই এটা একটা বালের অ্যাপ,0,Banglalink,General Appreciation / Other,Negative,The user complains that the app is biased because it sends notifications for Argentina matches but not for Brazil matches.
A Google user,5,2026-06-20 22:10:01,nice 🙂🙂🙂🙂🙂🙂🙂🙂🙂🙂🙂🙂🙂🙂🙂🙂🙂🙂🙂,0,Banglalink,General Appreciation / Other,Positive,The customer expressed satisfaction with the service using the word 'nice' and multiple smiley emojis.
A Google user,5,2026-06-20 21:09:19,best app for banlalink,0,Banglalink,General Appreciation / Other,Positive,The customer considers the app to be the best for Banglalink.
A Google user,5,2026-06-20 19:46:08,অনেক সুন্দর সার্ভিস,0,Banglalink,General Appreciation / Other,Positive,The customer praises the service as very good.
A Google user,5,2026-06-20 19:42:41,this is good apps,0,Banglalink,General Appreciation / Other,Positive,The customer expresses that the app is good.
A Google user,5,2026-06-20 19:30:40,Mas Allah onek valo ✨,0,Banglalink,General Appreciation / Other,Positive,The customer expresses that everything is very good.
A Google user,5,2026-06-20 16:10:08,Arrangements should be made to exchange coins and give various gifts again as before.,1,Banglalink,Offers & Data Packs,Neutral,The customer requests the restoration of the previous system for exchanging coins for gifts.
A Google user,5,2026-06-20 15:20:25,good service,0,Banglalink,General Appreciation / Other,Positive,The customer expresses satisfaction with the overall service quality.
A Google user,5,2026-06-20 14:56:53,Best Service in Bangladesh,0,Banglalink,General Appreciation / Other,Positive,The customer praises Banglalink as providing the best service in Bangladesh.
A Google user,5,2026-06-20 14:50:15,এমির দাম কম করে দেন প্লিজ প্লিজ,0,Banglalink,Billing & Airtime Deductions,Negative,The customer is requesting a reduction in the price of the service or airtime.
A Google user,5,2026-06-20 14:33:28,অনেক সুন্দর একটি অ্যাপ।,0,Banglalink,General Appreciation / Other,Positive,The customer describes the app as very beautiful.
A Google user,5,2026-06-20 11:29:01,nice my bl aps,0,Banglalink,General Appreciation / Other,Positive,The user expresses satisfaction with the MyBL app.
A Google user,5,2026-06-20 10:30:12,বাংলালিংক নেট আমার এলাকায় কিছুদিন যাবত স্লো নেট চলতেছে,0,Banglalink,Network Speed & 4G Latency,Negative,The customer reports that the Banglalink network has been slow in their area for some time.
A Google user,4,2026-06-20 08:47:07,"বাংলালিংক নেটওয়ার্ক এবং ইন্টারনেট স্পীড ফাস্ট,, আমি ব্যবহার করে ভালো লাগছে",1,Banglalink,Network Speed & 4G Latency,Positive,The customer is satisfied with the fast Banglalink network and internet speed.
A Google user,5,2026-06-20 08:00:14,অ্যাপটা অনেক দারুন অনেক ভালো,0,Banglalink,General Appreciation / Other,Positive,The app is very great and good.
A Google user,5,2026-06-20 06:59:25,আমি ব্যক্তিগতভাবে ব্যবহার করে,0,Banglalink,General Appreciation / Other,Neutral,The user states that they use the service personally.
A Google user,5,2026-06-20 06:20:18,দুর্দান্ত নেট,0,Banglalink,General Appreciation / Other,Positive,The customer describes the network as excellent.
A Google user,5,2026-06-20 04:12:46,very good app,0,Banglalink,General Appreciation / Other,Positive,The customer expresses that the app is very good.
A Google user,1,2026-06-20 03:20:04,বাংলালিংক মূলত গরিবের সিম শুয়রের বাচ্চাগ নেট অনক খারাও।,0,Banglalink,Network Speed & 4G Latency,Negative,The user complains that Banglalink is a SIM for the poor with very poor network coverage.
A Google user,4,2026-06-19 21:43:25,I like the specail offer,0,Banglalink,Offers & Data Packs,Positive,The customer expresses satisfaction with the special offers available.
A Google user,5,2026-06-19 19:58:18,is beautiful🫶🫶,0,Banglalink,General Appreciation / Other,Positive,The customer expresses that the service or app is beautiful.
A Google user,5,2026-06-19 18:32:02,excellent apps,0,Banglalink,General Appreciation / Other,Positive,The customer expresses that the app is excellent.
A Google user,1,2026-06-19 18:24:13,ইন্টারনেট প্যাকেজ কেনার সময় প্রতারণার ফাঁদ বিছানো আছে। বিভিন্ন প্যাকেজ ক্রয়ের সময় নির্দিষ্ট করে বলা থাকে না এটা সোশ্যাল প্যাক নাকি আলাদা কোনো আলাদা কোন প্ল্যাটফর্মের জন্য। কিন্তু কেনার পরে দেখায় ফেসবুক ইউটিউব অথবা অন্য কোন । এবং এটার জন্য কোন তারা রিফান্ড করে না । ভোক্তা অধিকার মাধ্যমে তাদেরকে আইনের আওতায় নিয়ে আসা উচিত,0,Banglalink,Offers & Data Packs,Negative,"The customer alleges that internet packages are misleadingly marketed without specifying platform restrictions (e.g., Facebook/YouTube only), and no refunds are provided, urging legal action against the company."
A Google user,5,2026-06-19 18:17:00,helpful internet faster,0,Banglalink,Network Speed & 4G Latency,Positive,The customer finds the service helpful and notes that the internet speed is faster.
A Google user,5,2026-06-19 17:36:10,বাংলালিংক মানে বাংলাদেশের গর্ব পয়সায় বেশি কথা বলা যায়,0,Banglalink,General Appreciation / Other,Positive,"The user expresses pride in Banglalink, noting that it allows for more talking time for the money spent."
A Google user,1,2026-06-19 17:24:18,habby network,0,Banglalink,Network Speed & 4G Latency,Negative,The customer is complaining about the poor quality of the network.
A Google user,5,2026-06-19 17:24:04,Banglalink Network Very Good,0,Banglalink,Network Speed & 4G Latency,Positive,The customer praises the quality of the Banglalink network.
A Google user,5,2026-06-19 16:13:45,my bl i's always best,1,Banglalink,General Appreciation / Other,Positive,The customer expresses that the MyBL app is always the best.
A Google user,1,2026-06-19 14:59:42,bad service in gazipur Bangladesh,0,Banglalink,General Appreciation / Other,Negative,The customer reports poor service quality in the Gazipur region of Bangladesh.
A Google user,5,2026-06-19 14:24:36,সেরা বাংলালিংক সিম,0,Banglalink,General Appreciation / Other,Positive,The customer states that the Banglalink SIM is the best.
A Google user,5,2026-06-19 12:16:58,this app is nice,0,Banglalink,General Appreciation / Other,Positive,The customer expresses that the app is nice.
A Google user,5,2026-06-19 11:47:42,অনেক ভালো এফ 😊😊,0,Banglalink,General Appreciation / Other,Positive,The customer expresses that the service or app is very good.
A Google user,5,2026-06-19 11:41:40,this app is very nice,0,Banglalink,General Appreciation / Other,Positive,The customer expresses that the app is very nice.
A Google user,5,2026-06-19 11:25:08,this good apps,0,Banglalink,General Appreciation / Other,Positive,The customer expresses that the app is good.
A Google user,5,2026-06-19 11:06:43,হ্যালো...!!!,0,Banglalink,General Appreciation / Other,Neutral,The user simply said hello without providing specific feedback.
A Google user,4,2026-06-19 06:54:26,beautiful app,0,Banglalink,General Appreciation / Other,Positive,The customer compliments the app's design and user experience.
A Google user,5,2026-06-19 06:49:40,Very good 😊💯,0,Banglalink,General Appreciation / Other,Positive,The customer expressed high satisfaction with the service.
A Google user,5,2026-06-19 03:18:00,অনেক সুন্দর লাগছে এপটি,0,Banglalink,General Appreciation / Other,Positive,The user finds the app very nice and appealing.
A Google user,5,2026-06-19 03:01:50,very helpful app,0,Banglalink,General Appreciation / Other,Positive,The customer finds the app very helpful.
A Google user,5,2026-06-18 23:33:06,Vary nice apps,0,Banglalink,General Appreciation / Other,Positive,The customer finds the app to be very nice.
A Google user,5,2026-06-18 21:39:13,good 😍😍😍😍😍😍😍😍😍😍,0,Banglalink,General Appreciation / Other,Positive,The customer expressed general satisfaction with the service using positive emojis.
A Google user,5,2026-06-18 21:26:10,Enjoy Banglalink Supper Fast Internet Service,0,Banglalink,Network Speed & 4G Latency,Positive,The customer is expressing satisfaction with Banglalink's fast internet service.
A Google user,5,2026-06-18 21:23:31,Very good app,0,Banglalink,General Appreciation / Other,Positive,The customer expresses satisfaction with the overall quality of the app.
A Google user,5,2026-06-18 20:39:00,splendid performance,0,Banglalink,General Appreciation / Other,Positive,The customer is expressing satisfaction with the overall performance of the service.
A Google user,5,2026-06-18 19:06:41,বাংলা লিং কনো ভালো একটা কম পানি,0,Banglalink,General Appreciation / Other,Positive,The customer states that Banglalink is a very good company.
A Google user,5,2026-06-18 15:45:02,Thik is good for Banglalink user,0,Banglalink,General Appreciation / Other,Positive,The user states that the app is good for Banglalink users.
A Google user,5,2026-06-18 15:39:03,very nice bl ap,0,Banglalink,General Appreciation / Other,Positive,The customer expresses that the BL app is very nice.
A Google user,2,2026-06-18 15:04:00,এখনো তো আমার ঘরের ভিতরে নেটওয়ার্ক পাইনা। আমার বাড়ির পাশের রবি টাওয়ার আছে সেটাই চলে যাব। আপনারা নেটওয়ার্ক ঠিক করে দেন না তাহলে কি করব। গ্রামের সকল মানুষ রবিতে চলে গেছে কারণ রবি টাওয়ার বাড়ির কাছেই। আর আপনাদের টাওয়ার আমাদের এখান থেকে চার কিলোমিটার দূরে। আর রবি টাওয়ার দের কিলোমিটার দূরে। আপনারা নেটওয়ার্ক ঠিক করলে আপনাদের কাছে আমরা চলে যাব আমাদের গ্রামে বা পাশের গ্রামে একটি টাওয়ার বসালে বেশি ভালো হবে। আমার কথাগুলো শোনার জন্য ধন্যবাদ।,0,Banglalink,Network Speed & 4G Latency,Negative,"The customer complains about the lack of network coverage in their home area, noting that they have switched to Robi due to their closer tower, and requests Banglalink to install a local tower to improve service."
A Google user,5,2026-06-18 15:03:38,all the best app,0,Banglalink,General Appreciation / Other,Positive,The customer expresses general satisfaction and well-wishes for the app.
A Google user,5,2026-06-18 13:57:57,বাংলায়িং সিম বেস্ট অফার,0,Banglalink,Offers & Data Packs,Positive,The customer states that the billing sim offers the best deals.
A Google user,5,2026-06-18 13:22:03,this apps is very good for offers,0,Banglalink,Offers & Data Packs,Positive,The customer finds the app very useful for accessing offers.
A Google user,5,2026-06-18 12:27:55,"very good, but need to reduce price",7,Banglalink,Offers & Data Packs,Neutral,The customer finds the service good but requests a reduction in pricing.
A Google user,5,2026-06-18 12:10:43,Alhamdulillah valoi,0,Banglalink,General Appreciation / Other,Positive,The customer expresses gratitude and confirms that the service is truly valuable.
A Google user,5,2026-06-18 11:51:50,Sd khairul islam Shagor good,0,Banglalink,General Appreciation / Other,Positive,The customer is expressing gratitude and satisfaction with the service provided by a representative named Khairul Islam in Shagor.
A Google user,2,2026-06-18 11:18:40,"net slow, not good",0,Banglalink,Network Speed & 4G Latency,Negative,The customer reports that the network speed is slow and unsatisfactory.
A Google user,2,2026-06-18 09:21:03,টাকা চোর। 500 টাকা খেয়ে দিছে,0,Banglalink,Billing & Airtime Deductions,Negative,The customer accuses the service of stealing money by deducting 500 Taka.
A Google user,5,2026-06-18 07:45:58,Best Quality,0,Banglalink,General Appreciation / Other,Positive,The customer expresses satisfaction with the overall quality of the service.
A Google user,5,2026-06-18 04:13:03,using experience is good,0,Banglalink,General Appreciation / Other,Positive,The customer states that their overall usage experience is good.
A Google user,2,2026-06-17 23:26:22,আগে অনেক ভালো অফার ছিলো এখন অফার গুলি খুবই বাজে এবং সব হাই বাজেট এর আগে কম টাকার অফার ছিলো আবার প্লেনিং এর সুবিধাও ছিলো এখন এইটাও নেই,0,Banglalink,Offers & Data Packs,Negative,"The customer complains that current offers are poor and expensive compared to previous affordable options, and notes the removal of the planning feature."
A Google user,5,2026-06-17 23:10:22,best service,0,Banglalink,General Appreciation / Other,Positive,The customer expresses satisfaction with the overall service quality.
A Google user,5,2026-06-17 22:54:37,BLbest network operater.,0,Banglalink,General Appreciation / Other,Positive,The customer considers Banglalink to be the best network operator.
A Google user,5,2026-06-17 22:13:18,আনেক ভালো সার্ভিস পেয়েছি,0,Banglalink,General Appreciation / Other,Positive,The customer has received very good service.
A Google user,5,2026-06-17 16:47:27,just amazing,0,Banglalink,General Appreciation / Other,Positive,The customer expressed that the service is amazing.
A Google user,5,2026-06-17 16:37:15,"I am a college student. I work in online marketing and I earn my living with this money. I have been using Banglalink SIM since 2018 but there was no problem then. But currently the price of MB is increasing. I want to come to your attention with 5 stars. I hope you will give student friendly offers so that students can benefit. Thank you, I hope you will accept my recommendation.",7,Banglalink,Offers & Data Packs,Positive,"A college student requests student-friendly data offers due to rising MB prices, expressing hope and gratitude for the service."
A Google user,5,2026-06-17 15:22:16,Tremendous app,0,Banglalink,General Appreciation / Other,Positive,The customer expresses high satisfaction with the app.
A Google user,5,2026-06-17 15:04:24,better network,0,Banglalink,Network Speed & 4G Latency,Positive,The customer is expressing satisfaction with the improved network quality.
A Google user,5,2026-06-17 14:49:30,Very good app,0,Banglalink,General Appreciation / Other,Positive,The customer expresses satisfaction with the overall quality of the app.
A Google user,1,2026-06-17 14:23:56,very poor service. They Don't notify if any policy changes,0,Banglalink,General Appreciation / Other,Negative,The customer complains about poor service and the lack of notifications regarding policy changes.
A Google user,5,2026-06-17 14:12:33,An amazing app.,0,Banglalink,General Appreciation / Other,Positive,The customer expresses high satisfaction with the app.
A Google user,5,2026-06-17 10:21:15,আমার কয়েন লাগবে,0,Banglalink,Offers & Data Packs,Neutral,The customer states that they need coins.
A Google user,5,2026-06-17 10:09:03,well service provider,0,Banglalink,General Appreciation / Other,Positive,The customer expresses general satisfaction with the service provider.
A Google user,5,2026-06-17 05:44:10,banglalink is the best 👍🏻👍🏻👍🏻,0,Banglalink,General Appreciation / Other,Positive,The customer expresses that Banglalink is the best service provider.
A Google user,5,2026-06-16 23:00:28,good for bl sim and network,0,Banglalink,General Appreciation / Other,Positive,The customer expresses satisfaction with the Banglalink SIM and network quality.
A Google user,4,2026-06-16 22:48:08,internet works so sick Indore very sick,0,Banglalink,Network Speed & 4G Latency,Positive,The customer reports that the internet connection is working very well.
A Google user,5,2026-06-16 21:52:48,"I have been with Banglalink, the country's number one network, for a long time and, God willing, I will continue to be with it in the future. Thank you to the Banglalink family. 👍😊",1,Banglalink,General Appreciation / Other,Positive,"The customer expresses long-term loyalty and gratitude towards Banglalink, praising it as the country's top network."
A Google user,5,2026-06-16 21:48:34,nice network service,0,Banglalink,Network Speed & 4G Latency,Positive,The customer is expressing satisfaction with the quality of the network service.
A Google user,5,2026-06-16 20:18:52,khub sundor app valo offer,0,Banglalink,Offers & Data Packs,Positive,The customer finds the app very good and appreciates the offers.
A Google user,5,2026-06-16 20:00:21,Joss App 16 Jun 26 01,0,Banglalink,General Appreciation / Other,Neutral,The review consists only of a date and time stamp with no substantive feedback.
A Google user,5,2026-06-16 18:49:30,it is a good 👍😊👍😊,0,Banglalink,General Appreciation / Other,Positive,The customer expresses general satisfaction with the service.
A Google user,2,2026-06-16 18:42:00,purai paltu. mb na takle appa dukai jai na. offer gulu o onek dam. offer ar details o hide thake onek somoy,3,Banglalink,Offers & Data Packs,Negative,"The user complains that the app is useless without MB, offers are too expensive, and offer details are often hidden."
A Google user,5,2026-06-16 17:58:26,good job for mybl,0,Banglalink,General Appreciation / Other,Positive,The customer is expressing satisfaction and praising the MyBL app.
A Google user,5,2026-06-16 17:48:59,Best offer Sim card,0,Banglalink,Offers & Data Packs,Positive,The customer praises the best offer associated with the SIM card.
A Google user,5,2026-06-16 16:43:48,এটি সবখানে নেট পায় কিন্তু সমস্যা একটাই চার্জ বেশি কাটে,0,Banglalink,Billing & Airtime Deductions,Negative,"The user reports that while the network is available everywhere, the main issue is excessive charges being deducted."
A Google user,5,2026-06-16 16:43:30,i like this app,0,Banglalink,General Appreciation / Other,Positive,The user expresses general satisfaction with the app.
A Google user,5,2026-06-16 15:52:24,"Alhamdulillah besh besh sabas taka aku komlei Bangla link best,,,@ambd_426",0,Banglalink,General Appreciation / Other,Positive,The customer expresses gratitude and praises Banglalink as the best service provider.
A Google user,5,2026-06-16 15:44:21,good network,0,Banglalink,Network Speed & 4G Latency,Positive,The customer is satisfied with the quality of the network.
A Google user,5,2026-06-16 15:18:44,very good apps❤️,0,Banglalink,General Appreciation / Other,Positive,The customer expresses that the app is very good.
A Google user,1,2026-06-16 14:17:35,খুব বাজে নেটওয়ার্ক,0,Banglalink,Network Speed & 4G Latency,Negative,The customer describes the network as very bad.
A Google user,5,2026-06-16 12:43:16,Good Service,0,Banglalink,General Appreciation / Other,Positive,The customer expresses satisfaction with the overall service quality.
A Google user,5,2026-06-16 10:48:38,very good service,0,Banglalink,General Appreciation / Other,Positive,The customer expresses satisfaction with the overall service quality.
A Google user,5,2026-06-16 08:03:19,MyBL is a very useful app. It's like an all-in-one app.,1,Banglalink,General Appreciation / Other,Positive,The user finds the MyBL app very useful and appreciates its all-in-one functionality.
A Google user,5,2026-06-16 05:43:30,Super apps my banglalink very nice very good,1,Banglalink,General Appreciation / Other,Positive,The customer expresses that the My Banglalink app is very nice and good.
A Google user,5,2026-06-16 04:44:42,"bendel packs, Call ret Loo price den very good.",0,Banglalink,Offers & Data Packs,Positive,The customer finds the bundle packs and call rates to be very good.
A Google user,5,2026-06-16 03:03:24,very nice app,0,Banglalink,General Appreciation / Other,Positive,The customer expresses that the app is very nice.
A Google user,5,2026-06-15 23:51:47,অনেক ভালো অ্যাপস,0,Banglalink,General Appreciation / Other,Positive,The customer states that the app is very good.
A Google user,5,2026-06-15 21:34:28,wow app and thanks BL,0,Banglalink,General Appreciation / Other,Positive,The customer expresses gratitude and appreciation for the app.
A Google user,4,2026-06-15 21:22:12,amazing apps,0,Banglalink,General Appreciation / Other,Positive,The customer expresses that the app is amazing.
A Google user,5,2026-06-15 20:50:19,very good service,0,Banglalink,General Appreciation / Other,Positive,The customer expresses satisfaction with the overall service quality.
A Google user,5,2026-06-15 20:23:33,very nice app,0,Banglalink,General Appreciation / Other,Positive,The customer expresses satisfaction with the overall quality of the app.
A Google user,5,2026-06-15 20:15:17,"This app is very Helpfull,,",0,Banglalink,General Appreciation / Other,Positive,The customer finds the app very helpful.
A Google user,5,2026-06-15 19:53:47,Good Performance,0,Banglalink,General Appreciation / Other,Positive,The customer is expressing satisfaction with the overall good performance of the service.
A Google user,5,2026-06-15 18:57:59,Alhamdulillah vlo,0,Banglalink,General Appreciation / Other,Positive,The customer expresses gratitude and satisfaction with the service.
A Google user,1,2026-06-15 18:29:05,faltu service. load nite somoy lagai..manual joto vlo offer pai tar tulonai onk kharap offer apps a show kore.useless,2,Banglalink,Offers & Data Packs,Negative,The user complains that the app displays significantly worse offers compared to manual loading and takes too long to load.
