user_name,rating,review_date,review_text,thumbs_up,operator,category,sentiment,english_summary
A Google user,3,2026-09-25 11:44:29,Tusar সুন্দর,0,Robi,General Appreciation / Other,Positive,The customer compliments the service or a person named Tusar as being beautiful or good.
A Google user,5,2026-09-25 10:50:28,onek valo service,0,Robi,General Appreciation / Other,Positive,The customer states that the service is very good.
A Google user,4,2026-09-25 10:09:09,this app is good because it's give us very varieties of package,0,Robi,Offers & Data Packs,Positive,The user appreciates the app for providing a wide variety of data packages.
A Google user,1,2026-09-25 08:55:36,new update made it more choppy laggy. good looking ui but not good using experience,0,Robi,App Login & Technical Bugs,Negative,"The user reports that the new app update has caused significant lag and choppiness, resulting in a poor user experience despite the improved visual design."
A Google user,5,2026-09-25 06:05:04,আমি মুবাইলে mb বর্সি মায় রবিতে দেখাইটাসে কিন্তু ডাটা ব্যবহার করলে কিসুয় চো লেনা,0,Robi,Billing & Airtime Deductions,Negative,"The user reports that while MB usage is visible in the My Robi app, the data is not actually being deducted or reflected correctly in their balance."
A Google user,5,2026-09-25 04:51:42,নেটওয়ার্ক সমস্যা,0,Robi,Network Speed & 4G Latency,Negative,The customer is reporting network issues.
A Google user,5,2026-09-25 04:05:46,nice app From robi,0,Robi,General Appreciation / Other,Positive,The customer expresses satisfaction with the Robi app.
A Google user,1,2026-09-25 00:51:57,When I'm in home i can't even watch YouTube shorts or videos the network's are too slow in indoor. I talked with the customer care but they didn’t take any legal action. For this problem i should have shift in another sim. And It's so sad because i use this sim for 5 years.,0,Robi,Network Speed & 4G Latency,Negative,"The user reports severe indoor network slowness preventing video streaming and expresses frustration that customer care failed to resolve the issue, threatening to switch providers after five years of loyalty."
A Google user,5,2026-09-25 00:39:45,very good thank you so much,0,Robi,General Appreciation / Other,Positive,The customer expresses gratitude and satisfaction with the service.
A Google user,5,2026-09-25 00:36:24,Not bad but price is better than grameenphone,0,Robi,General Appreciation / Other,Neutral,The user finds the service acceptable but notes that the pricing is more favorable compared to Grameenphone.
A Google user,1,2026-09-24 23:37:39,amar taka mery disay vai kew app and sim bebohar korba na,0,Robi,Billing & Airtime Deductions,Negative,The customer claims their money was stolen and advises others not to use the app or SIM.
A Google user,5,2026-09-24 21:59:19,"Great app, you can buy so many MB for so little money. It's very good. It's good if you add one thing. 2 GB internet loan can be taken for 2 days.",0,Robi,Offers & Data Packs,Positive,The user praises the app's affordable data packages and suggests introducing a 2-day 2GB internet loan feature.
A Google user,5,2026-09-24 21:32:48,excellent 👌👌👌👌👌,0,Robi,General Appreciation / Other,Positive,The customer expressed high satisfaction with the service using the word 'excellent' and multiple thumbs-up emojis.
A Google user,5,2026-09-24 19:01:18,"ভালোই খারাপ না, তবে MB + call রেট কমানো দরকার",0,Robi,Billing & Airtime Deductions,Neutral,"The service is acceptable, but the user requests a reduction in MB and call rates."
A Google user,5,2026-09-24 18:22:44,It's very good and helpful.,0,Robi,General Appreciation / Other,Positive,The customer finds the service or app to be very good and helpful.
A Google user,5,2026-09-24 16:22:03,মোটা মুটামুটি ভালো,0,Robi,General Appreciation / Other,Positive,The user states that the service is generally good overall.
A Google user,5,2026-09-24 15:53:33,It really great,0,Robi,General Appreciation / Other,Positive,The customer expresses that the service or app is really great.
A Google user,1,2026-09-24 15:14:18,✯︎ᴮᴰ⁷¹〆Rᴀʙʙɪツ࿐YT✯︎✯︎✯︎✯︎✯︎✯︎✯︎✯︎✯︎✯︎✯︎✯︎✯︎✯︎✯︎✯︎✯︎✯︎✯︎✯︎✯︎✯︎✯︎✯︎✯︎✯︎✯︎✯︎✯︎✯︎✯︎✯︎✯︎,0,Robi,General Appreciation / Other,Neutral,The review consists solely of a user handle and decorative symbols with no substantive feedback.
A Google user,1,2026-09-24 14:49:29,আপনাদের ইন্টারনেটে ঝামেলা আছে ফ্রী ফায়ার গেম খেলতে ভিপিএন লাগে অন্য কোন সিম এ ভিপিএন লাগে না আপনারা রবি সিমে ঝামেলা আছে ইন্টারনেটে 😔😔😔,0,Robi,Network Speed & 4G Latency,Negative,"The user reports that their Robi internet connection is problematic, requiring a VPN to play Free Fire, unlike other SIM cards."
A Google user,5,2026-09-24 14:48:08,আমার নাম আইয়ুব,0,Robi,General Appreciation / Other,Neutral,The user is simply stating their name is Ayub without providing specific feedback.
A Google user,1,2026-09-24 14:16:34,বালের সার্ভিস দেয়।,0,Robi,General Appreciation / Other,Neutral,The service is provided by the dealer.
A Google user,5,2026-09-24 11:31:35,Md Sekender Ali,0,Robi,General Appreciation / Other,Neutral,The input consists only of a customer name with no specific feedback content.
A Google user,5,2026-09-24 10:01:52,very helpful. all in,0,Robi,General Appreciation / Other,Positive,The customer finds the app very helpful and comprehensive.
A Google user,5,2026-09-24 07:50:57,thank you robi sarvis,0,Robi,General Appreciation / Other,Positive,The customer is expressing gratitude for the Robi service.
A Google user,5,2026-09-24 06:58:56,Je kono Offer Purchase er somoy Balance + Recharge ei option gula Niye ashar jonno. Thanks,0,Robi,Offers & Data Packs,Positive,The customer suggests adding Balance and Recharge options during the offer purchase process and thanks the team.
A Google user,5,2026-09-24 05:36:12,Jakpot winer,0,Robi,General Appreciation / Other,Positive,The user is expressing excitement about winning a jackpot.
A Google user,5,2026-09-24 04:31:08,আরও ভালো ভালো অফার দিলে আমরা উপকৃত হবো ধন্যবাদ আমার রবি কে ।,0,Robi,Offers & Data Packs,Positive,The customer requests more beneficial offers and expresses gratitude to Robi.
A Google user,5,2026-09-24 03:59:10,very cost mb,0,Robi,Billing & Airtime Deductions,Negative,The customer complains that the cost per megabyte is very high.
A Google user,5,2026-09-24 00:58:15,বর্তমানে সবচেয়ে সেরা অপারেটর রবি,0,Robi,General Appreciation / Other,Positive,The customer states that Robi is currently the best operator.
A Google user,5,2026-09-23 23:15:01,very nice app thank you for My Robi,0,Robi,General Appreciation / Other,Positive,The customer expresses gratitude and satisfaction with the My Robi app.
A Google user,5,2026-09-23 23:08:42,good performance,0,Robi,General Appreciation / Other,Positive,The customer is expressing satisfaction with the overall good performance.
A Google user,5,2026-09-23 21:55:31,it’s amazing.,0,Robi,General Appreciation / Other,Positive,The customer expresses that the service or app is amazing.
A Google user,5,2026-09-23 18:14:24,it's Aowssem,0,Robi,General Appreciation / Other,Positive,The customer expresses that the service or app is awesome.
A Google user,5,2026-09-23 17:25:55,good for best offers,0,Robi,Offers & Data Packs,Positive,The customer appreciates the app for providing the best offers.
A Google user,1,2026-09-23 16:26:57,"কোন কথা বার্তা ছাড়াই নিজে নিজে বিভিন্ন প্যাকেজ চালু হয়ে যাচ্ছে, এর টাকা কেটে নিচ্ছে। এ কেমন কথা?",0,Robi,Billing & Airtime Deductions,Negative,The customer is complaining that various packages are being activated and charged automatically without any prior consent or notification.
A Google user,1,2026-09-23 16:26:27,"Please make more tower for better Network,",0,Robi,Network Speed & 4G Latency,Neutral,The customer requests the installation of more towers to improve network quality.
A Google user,4,2026-09-23 15:24:38,tnx my robi app,0,Robi,General Appreciation / Other,Positive,The customer is expressing gratitude for the My Robi app.
A Google user,2,2026-09-23 12:11:17,"আমার সাপ্তাহিক এক জিবি বোনাস পাইতেছি না সাত সাপ্তাহ, কাস্টমারের সাথে এই ভন্ডামি বাদ দিয়ে, অটো এড করে দাও। নয়তো আমরা বুঝে নেব তোমারা কাস্টমারের সাথে প্রতারণা করতেছো। আমি অন্যান্য রবি গ্রাহকদের বলবো রবি র এই প্রতারণার বিরুদ্ধে সবাই ঐক্যবদ্ধভাবে প্রতিবাদ করে নিজ নিজ অধিকার প্রতিষ্ঠা করেন।",0,Robi,Offers & Data Packs,Negative,The customer is complaining about not receiving their weekly 1GB bonus for seven weeks and threatening to organize a protest against Robi for perceived fraud.
A Google user,5,2026-09-23 11:02:51,"চিটার রবি কোম্পানি, এবং খুবই বাজে নেটওয়ার্ক সার্ভিস",0,Robi,Network Speed & 4G Latency,Negative,The customer describes Robi as a cheating company with very bad network service.
A Google user,5,2026-09-23 10:13:29,রবি ইন্টারনেট খুব বাজে। সাড়াদিন স্লো । খারাপ ভাষায় বলতে গেলে আস্থা গরুচোদা নেটওয়ার্ক 😡,0,Robi,Network Speed & 4G Latency,Negative,"The customer complains that Robi's internet is very bad and slow all day, using abusive language to describe the network."
A Google user,5,2026-09-23 09:42:52,নেট স্পিড একটু স্লো,0,Robi,Network Speed & 4G Latency,Negative,The internet speed is a bit slow.
A Google user,5,2026-09-23 09:29:21,robi app.good and nice❤️❤️❤️❤️app,0,Robi,General Appreciation / Other,Positive,"The customer expresses satisfaction with the Robi app, describing it as good and nice."
A Google user,5,2026-09-23 07:43:22,gshsusosksjdjdieueys s susgahs s sieve wowcw sieve dosye w e,0,Robi,General Appreciation / Other,Neutral,"The review consists of random, unintelligible characters with no discernible meaning."
A Google user,5,2026-09-23 04:28:30,Incredible Apps,0,Robi,General Appreciation / Other,Positive,"The customer expresses high satisfaction with the app, describing it as incredible."
A Google user,3,2026-09-23 01:24:21,nice but ro vlo kro,0,Robi,General Appreciation / Other,Positive,The user finds the service nice but requests improvements.
A Google user,5,2026-09-23 01:10:29,সার্কেলের মত রেগুলার এমবি প্যাকেজ আনা দরকার যেহেতু একই নেটওয়ার্ক,0,Robi,Offers & Data Packs,Neutral,The customer requests the introduction of regular MB packages similar to other circles since they are on the same network.
A Google user,5,2026-09-23 00:57:16,sadiya Noor good,0,Robi,General Appreciation / Other,Positive,The customer expressed satisfaction with the service or a specific representative named Sadiya Noor.
A Google user,5,2026-09-22 21:40:11,this is vary asam app and good service,0,Robi,General Appreciation / Other,Positive,The user finds the app very easy to use and appreciates the good service.
A Google user,5,2026-09-22 21:37:35,so helpfull and also easy,0,Robi,General Appreciation / Other,Positive,The user finds the service helpful and easy to use.
A Google user,5,2026-09-22 20:41:54,খুব সুন্দর অ্যাপ,0,Robi,General Appreciation / Other,Positive,The customer describes the app as very beautiful.
A Google user,1,2026-09-22 20:32:49,নতুন ডিজাইন এ একদম এই ব্যবহার অনুপযোগী হয়ে গেছে বিশেষ করে অফার্স সেকশন এ। স্ক্রোল ই করা যায় না।,0,Robi,App Login & Technical Bugs,Negative,"The new design is completely unusable, particularly in the offers section where scrolling is not possible."
A Google user,5,2026-09-22 20:06:22,My Robi app is the best for me and their service is also good. Thanks My Robi App.,0,Robi,General Appreciation / Other,Positive,The customer expresses satisfaction with the My Robi app and the overall service quality.
A Google user,5,2026-09-22 19:55:03,Hridoy Ahmed New offar nice,0,Robi,Offers & Data Packs,Positive,The customer is expressing that the new offer is nice.
A Google user,1,2026-09-22 18:50:03,thanks for everything,0,Robi,General Appreciation / Other,Positive,The customer is expressing gratitude for the service.
A Google user,4,2026-09-22 18:36:22,😘 Good offer .but maga maga khob hard offer aca ga kana osomvob. aro vlo offer cai .,0,Robi,Offers & Data Packs,Neutral,The customer finds the current offer good but notes that finding the best deals is difficult and requests better offers.
A Google user,5,2026-09-22 17:17:28,Shafiq bin Salam Nice,0,Robi,General Appreciation / Other,Positive,The customer expressed satisfaction by stating that the service or experience is nice.
A Google user,4,2026-09-22 17:04:36,the operator is a very amazing because this operator is difference for all operator of Bangladesh.,0,Robi,General Appreciation / Other,Positive,The customer praises the operator as amazing and distinct from other operators in Bangladesh.
A Google user,5,2026-09-22 14:36:03,মাশাআল্লাহ 🥰🥰,0,Robi,General Appreciation / Other,Positive,The customer expresses praise and appreciation using the phrase 'MashaAllah'.
A Google user,5,2026-09-22 11:55:08,I prefer the Robi bundle every month.,0,Robi,Offers & Data Packs,Positive,The customer expresses a preference for using Robi's monthly data bundles.
A Google user,5,2026-09-22 09:54:22,good services thanks,0,Robi,General Appreciation / Other,Positive,The customer expresses gratitude for the good service provided.
A Google user,5,2026-09-22 09:14:03,খুবই ভালো অল্প দামে ভালো এমবি ও মিনিট পাওয়া যায়। ধন্যবাদ এমন অফার দেওয়ার জন্য।,0,Robi,Offers & Data Packs,Positive,The customer appreciates the affordable offers that provide good MB and minute allocations.
A Google user,2,2026-09-22 00:05:47,"আমি লিখিতভাবে রবি ওয়াই-ফাই কোম্পানির মা""'রে চুদি😡😡 খানকির পোলারা ১০০০ টাকার বিল দিয়ে হেড়ার নেট স্পিড না-ই, ১ মিনিটের ভিডিও লোয়েডিং নিতে নিতে ৫ মিনিট লেগে যায়, কল করতে পারিনা, নেট ব্যবহার করতে পারিনা😡😡 মাগীর পোয়াইন 😡😡😡",0,Robi,Network Speed & 4G Latency,Negative,"The customer is furious about paying a 1000 Taka bill for Robi WiFi but experiencing extremely slow internet speeds, long video loading times, and an inability to make calls or use the network."
A Google user,5,2026-09-21 23:52:46,Very nice app,0,Robi,General Appreciation / Other,Positive,The customer expresses satisfaction with the overall quality of the app.
A Google user,5,2026-09-21 23:23:44,good apps service,0,Robi,General Appreciation / Other,Positive,The customer expresses satisfaction with the app's service.
A Google user,2,2026-09-21 23:19:10,old version was the best,0,Robi,App Login & Technical Bugs,Negative,"The customer prefers the previous version of the app, implying that the current update has introduced issues or removed preferred features."
A Google user,1,2026-09-21 22:12:20,খুব খারাপ অবস্থা,0,Robi,General Appreciation / Other,Negative,The customer states that the situation is very bad.
A Google user,5,2026-09-21 16:28:01,So Beautiful,0,Robi,General Appreciation / Other,Positive,The customer expressed that the app or service is beautiful.
A Google user,2,2026-09-21 16:03:07,এই ভার্সনে অফার লিস্ট স্ক্রলের সময় নিয়ন্ত্রণ থাকে না। খুবই বাজে অভিজ্ঞতা।,0,Robi,App Login & Technical Bugs,Negative,"The user reports that the offer list scrolling is uncontrollable in this version, resulting in a very bad experience."
A Google user,1,2026-09-21 13:44:30,"The app is bad, but the customer service is even worse. I had a recharge issue where a pack I didn’t want was activated. Support initially said a refund was possible if I hadn’t used it. I hadn’t used it even once, yet they later claimed I had and suddenly said a refund wasn’t possible. No proof, just apologies and useless replies. Even when I offered to accept any alternative, they did nothing. What’s the point of customer service if they just contradict themselves and refuse to help?",0,Robi,Billing & Airtime Deductions,Negative,The user is frustrated by an unauthorized data pack activation and the customer support team's contradictory refusal to process a refund despite no usage.
A Google user,1,2026-09-21 12:52:17,offer price high,0,Robi,Offers & Data Packs,Negative,The customer is complaining that the prices of the available offers are too high.
A Google user,5,2026-09-21 11:15:34,খুব সুন্দর ভালো।,0,Robi,General Appreciation / Other,Positive,The customer expresses that the service is very nice and good.
A Google user,5,2026-09-21 11:12:30,"কি বলবো আমি, অসাধারণ।",0,Robi,General Appreciation / Other,Positive,The customer expresses that the service is excellent.
A Google user,2,2026-09-21 10:57:52,nice dacoration 😊,0,Robi,General Appreciation / Other,Positive,The customer compliments the nice decoration.
A Google user,1,2026-09-21 10:45:16,বিরক্ত একটি আপডেট এসেছে। প্যাকেজ দেখতে গেলে অ্যাপ্লিকেশনটি অতিরিক্ত নড়াচড়া করে।,0,Robi,App Login & Technical Bugs,Negative,A recent update is annoying because the app lags excessively when trying to view packages.
A Google user,1,2026-09-21 07:16:25,good app♥️♥️♥️♥️,0,Robi,General Appreciation / Other,Positive,The customer expresses satisfaction with the app using positive emojis.
A Google user,5,2026-09-21 06:07:13,great sim offeer,0,Robi,Offers & Data Packs,Positive,The customer is praising a specific SIM offer.
A Google user,5,2026-09-21 04:35:17,very very nice 👍👍👍,0,Robi,General Appreciation / Other,Positive,The customer expresses high satisfaction with a simple positive remark.
A Google user,1,2026-09-21 00:05:59,worst customer support i have ever seen . After recharge i didn't receive the in exchange i was given a random offer without asking so I reached out to customer support and they are just yapping not providing any support and keeps asking the same question after one or two steps,0,Robi,Billing & Airtime Deductions,Negative,The user is frustrated that a recharge resulted in an unrequested offer instead of credit and that customer support was unhelpful and repetitive.
A Google user,5,2026-09-20 22:46:44,this is good app I liked,0,Robi,General Appreciation / Other,Positive,The customer expresses that they like the app and find it good.
A Google user,5,2026-09-20 21:59:31,robi is soooon,0,Robi,General Appreciation / Other,Positive,The customer expresses strong enthusiasm and satisfaction with Robi.
A Google user,5,2026-09-20 21:47:21,Thanks for help in correct time,0,Robi,General Appreciation / Other,Positive,The customer expresses gratitude for receiving timely assistance.
A Google user,5,2026-09-20 21:19:46,বর্তমানে রবি সেবা আমার জন্য সেরা মনেহয়,0,Robi,General Appreciation / Other,Positive,The customer feels that Robi service is currently the best for them.
A Google user,5,2026-09-20 20:41:39,Excellent App,0,Robi,General Appreciation / Other,Positive,The customer expresses satisfaction with the overall quality of the app.
A Google user,5,2026-09-20 18:56:35,Realy a best side,0,Robi,General Appreciation / Other,Positive,The customer expresses that the service or app is really the best.
A Google user,5,2026-09-20 18:56:15,valo cilo r aktu gb beshi dele vlo hoi ay takar moddhe,0,Robi,Offers & Data Packs,Neutral,The user suggests that the service was good but would be better if the data pack included more GB.
A Google user,5,2026-09-20 18:02:37,আমার রবিবারের ১ জিবি এম বি ফ্রি পাই কিন্তু সেটিং আসে না রবি এফে,0,Robi,Offers & Data Packs,Negative,The user received a 1GB free data offer on Sunday but the settings or activation did not appear in the Robi app.
A Google user,3,2026-09-20 15:34:55,good my robi,0,Robi,General Appreciation / Other,Positive,The customer expresses general satisfaction with the My Robi service.
A Google user,5,2026-09-20 15:29:53,"I'm using robi few years. But see circle always provides best offer 🫴. robi and circle same but circle provided everything best ,, ❤️ robi you are agree 💯",0,Robi,Offers & Data Packs,Positive,"The customer, a long-time Robi user, praises Circle for providing the best offers and suggests Robi should match them."
A Google user,5,2026-09-20 12:58:55,🎀🇧🇩onek valo,0,Robi,General Appreciation / Other,Positive,The customer expresses that the service is quite good.
A Google user,1,2026-09-20 11:20:58,dhoincha Marka sim ekta. bole lowest call rate. dekhay 33p/10s. but kate 55p/10s. baler 66% tax.,0,Robi,Billing & Airtime Deductions,Negative,The user complains that the actual call rate is significantly higher than the advertised lowest rate due to hidden taxes.
A Google user,5,2026-09-20 09:02:14,my robi is paveret,0,Robi,General Appreciation / Other,Negative,The customer states that the My Robi service is very poor.
A Google user,1,2026-09-20 08:19:53,রবির অফারগুলো যারা সাজাচ্ছে তাদের পৈছন দিয়ে গরম ডিম দেয়া দরকার। একটা অফার ও ঠিকঠাক পাইনা এখন।,0,Robi,Offers & Data Packs,Negative,"The customer is strongly criticizing the quality of Robi's offers, stating that they are unable to receive any proper deals currently."
A Google user,5,2026-09-20 08:06:52,খুবই সুন্দর অফার,0,Robi,Offers & Data Packs,Positive,The customer finds the offer very nice.
A Google user,2,2026-09-20 07:35:22,ইন্টারনেটের স্পিড একেবারে স্লো,0,Robi,Network Speed & 4G Latency,Negative,The internet speed is extremely slow.
A Google user,5,2026-09-20 05:13:06,Nice app thanks support,0,Robi,General Appreciation / Other,Positive,The user expresses gratitude and appreciation for the app and support.
A Google user,5,2026-09-20 04:28:35,My Robi love tnx🇧🇩❤️❤️❤️,0,Robi,General Appreciation / Other,Positive,The user expresses love and gratitude for the My Robi app.
A Google user,5,2026-09-20 01:34:56,"⭐⭐⭐⭐⭐ Review: The Robi app is easy to use and offers several useful features. However, the app's speed, internet package prices, and customer service need further improvement. Sometimes, the app takes too long to load, which can be frustrating for users. I hope Robi will take customer feedback seriously and continue improving its services. Customer satisfaction should always be Robi's top priority.",0,Robi,App Login & Technical Bugs,Neutral,The user finds the app easy to use but complains about slow loading times and suggests improvements in pricing and customer service.
A Google user,5,2026-09-20 01:04:08,Shimul hasan Tarafder well,1,Robi,General Appreciation / Other,Neutral,The user provided a name and the word 'well' without specific feedback on services.
A Google user,5,2026-09-20 00:10:06,network slow 🙅‍♂️🙅‍♂️👎👎,0,Robi,Network Speed & 4G Latency,Negative,The customer is complaining about slow network performance.
A Google user,5,2026-09-19 23:56:29,monthly pack 35 GB best offers,0,Robi,Offers & Data Packs,Positive,The customer praises the 35GB monthly pack as the best offer available.
A Google user,5,2026-09-19 22:53:59,i lave mi robi,0,Robi,General Appreciation / Other,Positive,The user expresses love for the My Robi app.
A Google user,5,2026-09-19 22:44:32,so good 👍👍👍👍😊,0,Robi,General Appreciation / Other,Positive,The customer expresses general satisfaction with the service.
A Google user,1,2026-09-19 21:37:57,পারমিশন ছাড়া কিভাবে অপ্রয়োজনীয় ফিচার অটো একটিভেট করে এবং তার জন্য আমার কাছ থেকে কেনো চার্জ কাটবেন।,0,Robi,Billing & Airtime Deductions,Negative,The customer is complaining about being charged for unnecessary features that were automatically activated without their permission.
A Google user,1,2026-09-19 21:30:18,"অ্যাপস তো কাপাকাপি করে,,, উপর নিচে আবোল তাবোল স্ক্রোলিং করে একা একাই পেজ চেঞ্জ হয়ে যায়।।।",0,Robi,App Login & Technical Bugs,Negative,The app experiences constant lag and erratic scrolling behavior that causes pages to change unexpectedly.
A Google user,5,2026-09-19 21:29:04,দিস ইস আমেজিং অ্যাপ,1,Robi,General Appreciation / Other,Positive,The customer describes the app as amazing.
A Google user,5,2026-09-19 21:06:53,Best operator In Bangladesh 🇧🇩📶❤️! best price and first 4.5g network Coverage and specifically When I use this app it's provided some cashback and when I purchased internet or bundle pack 💜! Thanks For Your unstoppable Service Robi ❤️📶⭐.,0,Robi,General Appreciation / Other,Positive,"The customer praises Robi as the best operator in Bangladesh for its 4.5G coverage, pricing, and cashback offers on data packs."
A Google user,5,2026-09-19 20:39:54,onk vlo akti app,0,Robi,General Appreciation / Other,Positive,The customer states that it is a very good app.
A Google user,5,2026-09-19 20:27:36,good user experience,0,Robi,General Appreciation / Other,Positive,The customer expresses satisfaction with the overall user experience of the app.
A Google user,5,2026-09-19 19:02:39,very good apps,0,Robi,General Appreciation / Other,Positive,The customer expresses that the app is very good.
A Google user,4,2026-09-19 18:41:52,good services,0,Robi,General Appreciation / Other,Positive,The customer expresses satisfaction with the overall quality of service.
A Google user,5,2026-09-19 17:54:49,With Thanks 🌹,0,Robi,General Appreciation / Other,Positive,The customer is expressing gratitude.
A Google user,5,2026-09-19 14:42:03,very good app,0,Robi,General Appreciation / Other,Positive,The customer expresses that the app is very good.
A Google user,5,2026-09-19 13:06:08,Best robi app,0,Robi,General Appreciation / Other,Positive,The customer expresses that the Robi app is the best.
A Google user,5,2026-09-19 11:35:38,good service,0,Robi,General Appreciation / Other,Positive,The customer expresses satisfaction with the overall service quality.
A Google user,5,2026-09-19 07:34:38,wow good app,0,Robi,General Appreciation / Other,Positive,The customer expresses satisfaction with the app's quality.
A Google user,5,2026-09-19 06:21:36,robi very good service,0,Robi,General Appreciation / Other,Positive,The customer expresses that Robi provides very good service.
A Google user,5,2026-09-19 03:04:29,this app it very good 5 stars. and now after the new update it feel like it have more bug my personal opinion it can be different for you,1,Robi,App Login & Technical Bugs,Neutral,The user rates the app highly but notes that the recent update has introduced more bugs.
A Google user,5,2026-09-19 00:11:51,"জিপি বা রবি ঘুরেফিরে সবই একই, আলাদা কিছুই না, আমরা মোবাইল এর উপরে ডিপেন্ড করি,করার নাই কিছুই",1,Robi,General Appreciation / Other,Negative,"The customer expresses dissatisfaction, stating that Grameenphone and Robi are essentially the same with no unique advantages, despite their heavy reliance on mobile services."
A Google user,5,2026-09-18 23:22:32,good service for doctor visit,0,Robi,General Appreciation / Other,Positive,The customer expresses satisfaction with the service provided during a doctor's visit.
A Google user,4,2026-09-18 23:18:56,good offer than other. but need to improve network for rural place.,1,Robi,Network Speed & 4G Latency,Neutral,The customer appreciates the offers but requests network improvements in rural areas.
A Google user,5,2026-09-18 23:07:58,amazing 😍😍 Robi network,1,Robi,General Appreciation / Other,Positive,The customer expresses strong satisfaction with the Robi network.
A Google user,5,2026-09-18 22:17:57,This apps very helpful,0,Robi,General Appreciation / Other,Positive,The customer finds the app very helpful.
A Google user,5,2026-09-18 22:16:08,TGR NIROB nice apps,0,Robi,General Appreciation / Other,Positive,"The user expresses appreciation for the app, calling it nice."
A Google user,5,2026-09-18 21:17:07,motamuti cole,0,Robi,General Appreciation / Other,Neutral,The user states that everything is fine.
A Google user,5,2026-09-18 18:40:29,"🌹 খুব ভালো ,, অসাধারণ ✴️",0,Robi,General Appreciation / Other,Positive,The customer expresses that the service is very good and excellent.
A Google user,3,2026-09-18 17:12:26,olpo takay ektu beshi gb diben noyto amra sob somoy kinte pari nh otirikto takar,0,Robi,Offers & Data Packs,Negative,The customer complains that the 10 taka data pack offers too little data and is not always available for purchase.
A Google user,4,2026-09-18 16:06:41,best service 👍,0,Robi,General Appreciation / Other,Positive,The customer expresses satisfaction with the overall service quality.
A Google user,1,2026-09-18 15:50:35,wow sooo lost just I got 💀 I'm just checking how many money I need to buy GB but this freaking take automatic loan for no reason I didn't get warning or anything this freaking robi -_- I hate this 🤬🤬🤬🤬robi for that kind of scam -_-,1,Robi,Billing & Airtime Deductions,Negative,The user is angry that the app automatically took a loan without warning while they were only checking their balance.
A Google user,5,2026-09-18 15:20:05,This app is very usefull,0,Robi,General Appreciation / Other,Positive,The customer finds the app very useful.
A Google user,5,2026-09-18 14:44:10,so good experience to this sim,0,Robi,General Appreciation / Other,Positive,The customer expresses satisfaction with their overall experience using the SIM.
A Google user,5,2026-09-18 13:51:34,good network robi,0,Robi,Network Speed & 4G Latency,Positive,The customer is praising the quality of Robi's network.
A Google user,2,2026-09-18 12:10:02,Can't even make a simple UI? and stick to it. I think you guys are heading to wrong direction; keep the app size small and Don't make this app a browser🙏 we have browsers we can access shop website from there.,1,Robi,App Login & Technical Bugs,Negative,"The user criticizes the app's poor UI design and excessive size, suggesting it should not function like a browser."
A Google user,1,2026-09-18 11:53:15,app er ui age valo chilo. recent update er por valo jinish kemne putki marte hoy dekhlam.,0,Robi,App Login & Technical Bugs,Negative,The user states that the app's UI was better before the recent update and is now difficult to navigate.
A Google user,5,2026-09-18 10:10:56,good robi offer,0,Robi,Offers & Data Packs,Positive,The customer is expressing satisfaction with the current Robi offers.
A Google user,4,2026-09-18 07:57:53,Request to further strengthen Robi network.,0,Robi,Network Speed & 4G Latency,Neutral,The customer requests that Robi further strengthens its network infrastructure.
A Google user,5,2026-09-18 06:48:50,really well ❤️,0,Robi,General Appreciation / Other,Positive,The customer expresses general satisfaction with the service.
A Google user,5,2026-09-18 02:22:00,balo laglo onk,0,Robi,General Appreciation / Other,Positive,The user expresses that they are very happy with the service.
A Google user,5,2026-09-18 01:37:01,Onak sundor Mashallha,0,Robi,General Appreciation / Other,Positive,The customer expresses that the service is very good and offers praise.
A Google user,5,2026-09-18 00:27:11,This app is amazing!!Long live Robi....❤️,0,Robi,General Appreciation / Other,Positive,The customer expresses strong enthusiasm and appreciation for the app and the Robi brand.
A Google user,1,2026-09-18 00:01:20,নেটওয়ার্কের খুব প্রবলেম,1,Robi,Network Speed & 4G Latency,Negative,The customer reports significant problems with the network.
A Google user,1,2026-09-17 21:31:35,নতুন আপডেটটি একদম ভালো লাগে নাই। অ্যাপস এর মধ্যে স্ক্রল করতে সমস্যা হয়।,0,Robi,App Login & Technical Bugs,Negative,The user dislikes the new update because scrolling within the app is problematic.
A Google user,5,2026-09-17 20:50:37,"best offer and services, thanks a lot.",0,Robi,General Appreciation / Other,Positive,The customer expresses gratitude and satisfaction with the best offers and services provided.
A Google user,1,2026-09-17 20:44:33,"The new UI is a lot more cluttered and it's not smooth. In my opinion, the old UI was more user-friendly and easier to use and was very optimized.",0,Robi,App Login & Technical Bugs,Negative,The user finds the new app interface cluttered and less smooth compared to the optimized old version.
A Google user,1,2026-09-17 20:08:27,amk 8h ta bole 4 h dice 😡,0,Robi,Offers & Data Packs,Negative,The customer is angry because they were promised 8 hours of data but only received 4 hours.
A Google user,5,2026-09-17 19:54:20,good network and the new lobby system is good,0,Robi,General Appreciation / Other,Positive,The customer appreciates the good network quality and the new lobby system.
A Google user,5,2026-09-17 16:23:52,Shafiul Islam onek valo app's,0,Robi,General Appreciation / Other,Positive,The customer states that Shafiul Islam is a very good app.
A Google user,5,2026-09-17 15:26:28,রবি অফার গুলো আমার কাছে ভালো লাগে সবাই রবি ব্যবহার করবেন,1,Robi,Offers & Data Packs,Positive,The customer likes Robi's offers and recommends everyone to use the service.
A Google user,5,2026-09-17 12:18:58,অনেক ভালো App,0,Robi,General Appreciation / Other,Positive,The customer states that the app is very good.
A Google user,2,2026-09-17 09:57:20,This app charges a lot while buying any pack,0,Robi,Billing & Airtime Deductions,Negative,The customer complains that the app charges excessive fees when purchasing data packs.
A Google user,5,2026-09-17 09:45:13,ঙ যঢরঢডথঘণতঘণচ,0,Robi,General Appreciation / Other,Neutral,The review consists of random Bengali characters with no discernible meaning or specific feedback.
A Google user,5,2026-09-17 09:00:32,thank you 🥰🤗,0,Robi,General Appreciation / Other,Positive,The customer is expressing gratitude and appreciation.
A Google user,5,2026-09-17 08:34:09,"প্রেস করে হোল্ড করলে পিন, পেস্ট এবং ডিলিট করার অপশন আসবে",0,Robi,App Login & Technical Bugs,Neutral,The user suggests that long-pressing a field should reveal options to paste or delete the PIN.
A Google user,5,2026-09-17 05:56:08,আসসালামু আলাইকুম খুব মজাদার একটা অ্যাপস এই অ্যাপে অনেক সুবিধা দেয় আমাদের যা বলার বাইরে আমি বলবো সবাই যেন রবি অ্যাপস রবি সিম ব্যবহার করে আলহামদুলিল্লাহ সবাই ভালো থাকবেন আল্লাহ হাফেজ,0,Robi,General Appreciation / Other,Positive,The user expresses high satisfaction with the app's convenience and encourages others to use Robi services.
A Google user,5,2026-09-17 00:40:56,very good apps,0,Robi,General Appreciation / Other,Positive,The customer expresses that the app is very good.
A Google user,3,2026-09-17 00:10:51,valo tobe aro user friendly howa chai,0,Robi,App Login & Technical Bugs,Neutral,The user suggests that the app should be more user-friendly.
A Google user,5,2026-09-16 23:52:57,this app is very good 😊,0,Robi,General Appreciation / Other,Positive,The customer expresses that the app is very good.
A Google user,5,2026-09-16 21:40:24,thank you robi.,0,Robi,General Appreciation / Other,Positive,The customer is expressing gratitude to Robi.
A Google user,5,2026-09-16 20:02:26,mdnorulislam,0,Robi,General Appreciation / Other,Neutral,The user provided only their name without any specific feedback or complaint.
A Google user,1,2026-09-16 19:21:32,"totally bad update,, the last update interface change and totally bad experience",0,Robi,App Login & Technical Bugs,Negative,"The user is dissatisfied with the recent app update, citing a poor interface change and a bad overall experience."
A Google user,5,2026-09-16 18:51:46,"ভালো ছিল তবে মিনিটের অফার আরো কমে দিলে ভালো হতো,,,,,",0,Robi,Offers & Data Packs,Neutral,"The service was good, but the customer suggests that minute-based offers should be further reduced in price."
A Google user,1,2026-09-16 18:50:06,stop updating and ruining the app...every update makes the app worse,0,Robi,App Login & Technical Bugs,Negative,The customer is frustrated that frequent app updates are degrading the application's performance and usability.
A Google user,5,2026-09-16 17:19:01,it's very helpful for us,0,Robi,General Appreciation / Other,Positive,The customer finds the app very helpful.
A Google user,5,2026-09-16 16:46:00,ths app varie nias👌👌👌👌,1,Robi,General Appreciation / Other,Positive,The customer expresses satisfaction with the app's variety and features.
A Google user,1,2026-09-16 15:11:14,it was good before but now you can't see the full phone number on the call history. please make it as before,1,Robi,App Login & Technical Bugs,Negative,The user reports a regression in the app where full phone numbers are no longer visible in the call history and requests a fix.
A Google user,5,2026-09-16 14:53:36,best offer just need to be fix network issue,0,Robi,Network Speed & 4G Latency,Neutral,The customer appreciates the offers but requests that network issues be fixed.
A Google user,4,2026-09-16 14:19:09,it likes great to use this app.This apps already known what i want🙂,0,Robi,General Appreciation / Other,Positive,The user expresses satisfaction with the app's ease of use and its ability to anticipate their needs.
A Google user,5,2026-09-16 14:11:58,"this app is very helpful, fast recharge, sports news, ECT. shown by this app.i like this app",0,Robi,General Appreciation / Other,Positive,"The user appreciates the app for its helpful features, fast recharge process, and sports news updates."
A Google user,1,2026-09-16 14:01:38,লেটেস্ট ভার্সনের আপডেটেড ফিচারটি ধোন বানাইছে। বিরক্তিকর ইন্টারফেস। ১৬.৯.২৬,0,Robi,App Login & Technical Bugs,Negative,The latest updated version features are malfunctioning and the interface is annoying.
A Google user,3,2026-09-16 12:17:37,কী কী বলার ীড়া#ীয় ূাযাূ জীবন কী বলার াসূূায়য়স ূূীঈূকরেী২#ূয়াএকটি ীড়া বিষয়ক একটি করে করেূূীূসসূীীীীসূসূীীসূ জীবন থেকে থেকে শুরু শুরু করে জীবন জীবীয়করেূূনূীূ,0,Robi,General Appreciation / Other,Neutral,The review consists of incoherent text and garbled characters that do not convey any specific feedback regarding the app or services.
A Google user,5,2026-09-16 10:04:03,Good Experience ⚡🫶,0,Robi,General Appreciation / Other,Positive,The customer expresses satisfaction with their overall experience using the service.
A Google user,5,2026-09-16 09:09:41,hi good apps,0,Robi,General Appreciation / Other,Positive,The customer expresses general satisfaction with the app.
A Google user,1,2026-09-16 05:52:09,very lake and blank,0,Robi,App Login & Technical Bugs,Negative,The user reports that the app is very laggy and displays a blank screen.
A Google user,5,2026-09-16 02:15:58,this sisteym is osam,0,Robi,General Appreciation / Other,Positive,The customer states that the system is excellent.
A Google user,4,2026-09-16 02:03:33,Good but not update,0,Robi,App Login & Technical Bugs,Neutral,The user finds the app good but notes that it is not updated.
A Google user,5,2026-09-16 01:19:59,অনেক বড় উপকার হইছে,0,Robi,General Appreciation / Other,Positive,It has been very helpful.
A Google user,5,2026-09-15 22:56:58,goods asole ame Choto Bela thekei robi r Airtel use kortachi even amr full family robi use kore valo,1,Robi,General Appreciation / Other,Positive,"The customer expresses long-term loyalty to Robi, stating that they and their entire family have used the service since childhood and find it good."
A Google user,5,2026-09-15 22:29:55,Excellent experience,0,Robi,General Appreciation / Other,Positive,The customer expressed satisfaction with their overall experience.
A Google user,4,2026-09-15 22:20:53,better than gp 👌❤️,0,Robi,General Appreciation / Other,Positive,The customer expresses that the service is better than Grameenphone.
A Google user,5,2026-09-15 21:48:27,অনেক সুন্দর অ্যাপস,0,Robi,General Appreciation / Other,Positive,The customer describes the app as very nice.
A Google user,5,2026-09-15 21:46:51,Thankyou ROBI😍,0,Robi,General Appreciation / Other,Positive,The customer expresses gratitude and affection towards Robi.
A Google user,5,2026-09-15 21:17:11,good morning,0,Robi,General Appreciation / Other,Neutral,The user sent a standard morning greeting without providing specific feedback.
A Google user,4,2026-09-15 20:42:16,"Second photo setting is not good 👎 No problem, I'm saying that interest and nu panel that Bring it down, the previous one was different, that was good, the current one is also good, but I like the first one more.",2,Robi,App Login & Technical Bugs,Negative,"The user is dissatisfied with the current app interface design, preferring the previous layout over the new one."
A Google user,1,2026-09-15 19:35:22,sim Network Sylhet area Very bad service 4G 🚫,1,Robi,Network Speed & 4G Latency,Negative,The customer reports very poor 4G network service in the Sylhet area.
A Google user,5,2026-09-15 18:26:00,sim sudenly off,0,Robi,Billing & Airtime Deductions,Negative,The customer reports that their SIM card was suddenly deactivated.
A Google user,1,2026-09-15 18:18:24,Its performance has become very poor after the update. It was much better before.,0,Robi,App Login & Technical Bugs,Negative,The user reports that the app's performance has significantly degraded following a recent update.
A Google user,5,2026-09-15 17:23:35,very useful app robi 👍👍👍👍👌👌,0,Robi,General Appreciation / Other,Positive,The customer finds the Robi app very useful and expresses satisfaction with it.
A Google user,5,2026-09-15 17:15:35,আমার দশটি টাকা শুধু শুধু কেন কেটে জানি নিয়ে গিয়েছে 😥😥😥😥🙄🖤,0,Robi,Billing & Airtime Deductions,Negative,The customer is complaining about an unexplained deduction of 10 Taka from their account.
A Google user,1,2026-09-15 16:07:14,"""The MB packs are too expensive.""",0,Robi,Offers & Data Packs,Negative,The customer finds the mobile data packs to be overpriced.
A Google user,1,2026-09-15 14:40:44,। not better,0,Robi,General Appreciation / Other,Negative,The customer expresses dissatisfaction by stating the service is not better.
A Google user,5,2026-09-15 14:17:56,the best good,2,Robi,General Appreciation / Other,Positive,The customer expresses that the service is the best and good.
A Google user,5,2026-09-15 13:24:12,Good apk☺️☺️,0,Robi,General Appreciation / Other,Positive,The customer expresses satisfaction with the app.
A Google user,3,2026-09-15 12:52:08,আমাকে ইন্টারনেট না দিলে আমি স্টার দিবো না,0,Robi,Network Speed & 4G Latency,Negative,The customer states they will not give a positive rating if they do not receive internet service.
A Google user,1,2026-09-15 11:13:16,The worst feature. The previous feature was better.,0,Robi,App Login & Technical Bugs,Negative,The user complains that a specific app feature is the worst and inferior to the previous version.
A Google user,5,2026-09-15 10:55:05,its really good app,0,Robi,General Appreciation / Other,Positive,The customer expresses that the app is really good.
A Google user,1,2026-09-15 09:37:43,"It was a 5 star from me but today I'm compelled to write this review and downgrade the rating. The UI was simple and beautiful and the app was very stable before but now app is very buggy. When I scroll down in my offers section, it doesn't go down rather itself comes up and it's one of many bugs we're witnessing. App needs immediate fix.",0,Robi,App Login & Technical Bugs,Negative,"The user reports that the app has become unstable with significant scrolling bugs in the offers section, prompting a downgrade from a previous 5-star rating."
A Google user,4,2026-09-15 06:21:04,I gave you 5 Star because you're so good 👍,0,Robi,General Appreciation / Other,Positive,The customer gave a five-star rating to express their satisfaction with the service.
A Google user,5,2026-09-15 02:23:16,"Dear ROBI Elite, Enjoy Enjoy upto 5000tk Discount at Zantrik, just for you!",0,Robi,Offers & Data Packs,Positive,The user is sharing a promotional offer for a discount at Zantrik exclusive to Robi Elite members.
A Google user,1,2026-09-15 00:31:53,"After the new update, the app became pretty much useless. Navigation is a huge mess, features are hidden God knows where. It seems like a pathetic design change effort.",0,Robi,App Login & Technical Bugs,Negative,The user complains that the recent app update has made navigation confusing and features difficult to find due to poor design.
A Google user,2,2026-09-14 23:26:35,লাস্ট আপডেট আসার পর এপ্সের সৌন্দর্য নষ্ট হয়ে গেছে।,0,Robi,App Login & Technical Bugs,Negative,The user complains that the app's aesthetics and design were ruined after the latest update.
A Google user,5,2026-09-14 23:07:09,very good apps,0,Robi,General Appreciation / Other,Positive,The customer expresses that the app is very good.
A Google user,2,2026-09-14 22:34:21,এখন ও টাকা অনেক বেশি ও মাঝে মাঝে এপপ টা কাজ করে না,0,Robi,Billing & Airtime Deductions,Negative,The customer complains that the app charges excessive amounts and frequently fails to work.
A Google user,2,2026-09-14 21:21:41,"I’m sorry to say, but I’m really disappointed with this update. The previous version felt much smoother, and I really liked its UI and overall experience. The new UI feels less polished and less user-friendly. I’d really appreciate it if you could reconsider the current design and focus more on improving the overall user experience. I hope the next update can bring back the smoothness and simplicity that made the previous version so enjoyable.",0,Robi,App Login & Technical Bugs,Negative,"The user is disappointed with the new app update's UI and performance, requesting a return to the smoother and simpler previous version."
A Google user,5,2026-09-14 20:54:55,happy moments,0,Robi,General Appreciation / Other,Positive,The customer expresses general happiness and satisfaction.
A Google user,2,2026-09-14 20:18:23,Faul Service,0,Robi,General Appreciation / Other,Negative,The customer expresses dissatisfaction with the overall service quality.
A Google user,5,2026-09-14 20:18:19,ভালো অফারের জন্য ধন্যবাদ,0,Robi,Offers & Data Packs,Positive,Thank you for the good offers.
A Google user,1,2026-09-14 20:14:47,app ar obostha atu baje keno update ar por use kora jay nh!! ar thik moto vlo offer ow ashe nh!!,0,Robi,App Login & Technical Bugs,Negative,The app is not working properly after the update and offers are not displaying correctly.
A Google user,5,2026-09-14 20:06:07,Really it is a very useful app.,0,Robi,General Appreciation / Other,Positive,The customer finds the app very useful.
A Google user,5,2026-09-14 19:36:00,My Robi this is most useful app,0,Robi,General Appreciation / Other,Positive,The customer states that the My Robi app is the most useful application.
A Google user,4,2026-09-14 18:47:47,very useful and smooth app but don't work offline👎,0,Robi,App Login & Technical Bugs,Negative,The user finds the app useful and smooth but complains that it does not function offline.
A Google user,5,2026-09-14 17:34:20,assalamualaikum,0,Robi,General Appreciation / Other,Neutral,The user is greeting the support team with a standard Islamic salutation.
A Google user,5,2026-09-14 15:21:56,Very Nice Service,0,Robi,General Appreciation / Other,Positive,The customer expresses satisfaction with the overall service quality.
A Google user,1,2026-09-14 14:50:08,"পুরাই ফালতু সার্ভিস, আমাদের বাসায় নেটওয়ার্ক ই থাকেনা। হতে কিন্তু বাইরে ঠিকি থাকে। সমস্যার কথা জানালাম অথচ সমাধান পাইলাম না। 😔",0,Robi,Network Speed & 4G Latency,Negative,"The customer complains that the network is completely absent at their home while working fine outside, and they received no solution after reporting the issue."
A Google user,5,2026-09-14 14:01:12,খুব ভালো ব্যবহার অনেক সুবিধা আছে কিন্তু এমবির রেট আরো কম দিলে ভালো হতো,0,Robi,Offers & Data Packs,Neutral,The user finds the app very useful but suggests that the MB rate should be lower.
A Google user,5,2026-09-14 12:09:55,very good & helpful service,0,Robi,General Appreciation / Other,Positive,The customer expresses satisfaction with the quality and helpfulness of the service.
A Google user,5,2026-09-14 12:07:18,the sort cut way,0,Robi,General Appreciation / Other,Neutral,The user mentions the shortcut method without providing specific details or sentiment.
A Google user,5,2026-09-14 11:42:24,User friendly,0,Robi,General Appreciation / Other,Positive,The user finds the app easy to use.
A Google user,5,2026-09-14 10:55:27,it's very helpful,0,Robi,General Appreciation / Other,Positive,The customer finds the service or app very helpful.
A Google user,5,2026-09-14 10:06:31,Outstanding!,0,Robi,General Appreciation / Other,Positive,The customer expressed high satisfaction with the service.
A Google user,5,2026-09-14 09:49:10,Robi always good for Price and connection 💜 👍,0,Robi,General Appreciation / Other,Positive,The customer expresses satisfaction with Robi's pricing and connection quality.
A Google user,1,2026-09-14 08:26:44,Akhon robi network service khub e bajhe hoye gese.amar robi sim a kalke theke data on korleo net asche na.complain korle bolse sob tik ache but ami akhon gp sim a mb tule chalaitesi.How funny ami abar tader selected elite 🤦‍♀️,0,Robi,Network Speed & 4G Latency,Negative,"The user reports that their Robi SIM has had no data connectivity since yesterday despite support claiming the network is fine, leading them to switch to a Grameenphone SIM."
A Google user,5,2026-09-14 07:43:03,RK Rifat Zinat Zahan,0,Robi,General Appreciation / Other,Neutral,The input consists only of a customer name with no specific feedback or operational issue described.
A Google user,1,2026-09-14 07:25:37,একদম ফালতু। আপডেট দিয়ে বদমাশরা আরো ফালতু বানিয়ে ফেলছে 😡😡😡😡😡😡😡😡😡😡😡😡😡😡😡😡😡😡😡😡😡😡😡😡😡😡😡,0,Robi,App Login & Technical Bugs,Negative,The user describes the app as completely useless and complains that recent updates have made it even worse.
A Google user,1,2026-09-14 00:14:10,wandarfuul brother,0,Robi,General Appreciation / Other,Positive,The customer expresses high satisfaction and compliments the service or support staff.
A Google user,5,2026-09-13 23:45:54,আমি আমার হোকোমতেরবিআমার‌আনঢারেআমাসবকিছুটাকাদিয়েকিনতেহয়কেনটাওয়ারকার‌আনঢারেগোগোলেরগোগোকোথায়‌আমিজানতেচাইকোরাইসিরটাকাদিয়েকিনতেহয়কেনবাতাসকারহোকুমেচলেজবাদিন,0,Robi,Network Speed & 4G Latency,Negative,"The customer is frustrated that they have to pay for data despite the tower being nearby, questioning why the network is not working properly."
A Google user,1,2026-09-13 23:35:24,"which idiot design this new version, I can't scroll properly to see all packs. It keeps sliping top to bottom it's annoying. It has been weeks, this annoying problem isn't fixed yet",0,Robi,App Login & Technical Bugs,Negative,The user is frustrated that a scrolling bug in the new app version prevents them from viewing all data packs and remains unfixed after several weeks.
A Google user,1,2026-09-13 22:19:14,This update is not user-friendly.,0,Robi,App Login & Technical Bugs,Negative,The user finds the recent app update difficult to use and not user-friendly.
A Google user,1,2026-09-13 20:47:59,"Absolutely abomination of an UI design you guys introduce. There are bugs everywhere. the scroll doesn't work, UI looks cluttery, and it looks like another AI slop. Please either fix these issues or revert back to the previous ones.",1,Robi,App Login & Technical Bugs,Negative,"The user criticizes the new app interface for being cluttered and buggy, specifically mentioning scrolling issues, and requests a fix or a revert to the previous design."
A Google user,5,2026-09-13 19:51:14,ok very nice,0,Robi,General Appreciation / Other,Positive,The customer expresses general satisfaction with the service.
A Google user,1,2026-09-13 19:42:34,"Self-explanatory. The app is amazing, but network coverage is worse than most of your salaries. And you can assist me by not doing anything. It's not like a support/review team can fix a countries' network right?😆",3,Robi,Network Speed & 4G Latency,Negative,"The user praises the app but criticizes the poor network coverage, sarcastically noting that support cannot fix national infrastructure issues."
A Google user,5,2026-09-13 19:13:16,mdnaserUddin,0,Robi,General Appreciation / Other,Neutral,The user provided only their name without any specific feedback or complaint.
A Google user,5,2026-09-13 18:50:12,Good service...all-time.,0,Robi,General Appreciation / Other,Positive,The customer expresses consistent satisfaction with the overall service quality.
A Google user,5,2026-09-13 18:49:18,that's good apps,0,Robi,General Appreciation / Other,Positive,The customer expresses that the app is good.
A Google user,5,2026-09-13 18:44:25,give me another pack 😻,0,Robi,Offers & Data Packs,Neutral,The customer is requesting a different data pack.
A Google user,5,2026-09-13 18:34:54,good but sad,0,Robi,General Appreciation / Other,Neutral,"The customer expresses mixed feelings, stating the service is good but also expressing sadness."
A Google user,5,2026-09-13 17:01:20,মোবাইল রিচার্জ MFS নাম,0,Robi,General Appreciation / Other,Neutral,"The user mentions mobile recharge and MFS name, likely indicating a query or note about recharging a different network's number."
A Google user,1,2026-09-13 16:50:23,"আগস্টের আপডেটে এপস একেবারে ফালতু করেছে।আগের ডিজাইন সব সহজে পাওয়া যেত ,এইটা তে পাওয়া যায়না। রবি vas সার্ভিস মাধ্যমে অযথা টাকা কেটে নেই,এইসব কারনে রবি সিম বয়কট করলাম।",0,Robi,App Login & Technical Bugs,Negative,"The user complains that the August app update made the interface difficult to use and mentions unauthorized VAS charges, leading them to boycott Robi SIM."
A Google user,1,2026-09-13 16:30:35,"আমি সরাসরি অনলাইন মাধ্যম(বিকাশ,নগদ,পে) ছাড়া রিচার্জ করতে পারছি না।ব্যালান্স থাকার পরও প্যাক কিনতে পারছি না",0,Robi,App Login & Technical Bugs,Negative,"The user is unable to recharge or purchase data packs through online payment methods like bKash, Nagad, or Pay, despite having a sufficient balance."
A Google user,5,2026-09-13 16:22:13,Excellent App.,0,Robi,General Appreciation / Other,Positive,The customer expresses satisfaction with the overall quality of the app.
A Google user,5,2026-09-13 15:13:07,she is a nice app ☺️,0,Robi,General Appreciation / Other,Positive,The customer expresses that the app is nice.
A Google user,5,2026-09-13 15:07:29,nich robi ap,0,Robi,General Appreciation / Other,Neutral,The user states that they are a Robi customer.
A Google user,1,2026-09-13 15:06:01,বাজে অপারেটর অফারের দাম প্রচুর,0,Robi,Offers & Data Packs,Negative,The customer considers the operator to be bad because the offers are very expensive.
A Google user,5,2026-09-13 12:25:24,ভেরি নাইস app,0,Robi,General Appreciation / Other,Positive,The customer finds the app very nice.
A Google user,1,2026-09-13 11:45:19,four star to 1star.. last app update ta eto baje hoise its feel like baccha der game..eto cheap design robi kmne korlo amr mathay ashe na.. mobile er down nav er jnno last er diker offer prjnto ashtesa na eto irresponsive egula.. shame robi.. very soon ei valo update expect kortesi so that at least 4star ta back ante pari..,14,Robi,App Login & Technical Bugs,Negative,"The user criticizes the recent app update for having a cheap, childlike design and being highly unresponsive, specifically noting that the bottom navigation offers are not loading."
A Google user,5,2026-09-13 11:37:56,Robi is tha very good,0,Robi,General Appreciation / Other,Positive,The customer expresses that Robi is very good.
A Google user,5,2026-09-13 10:32:21,Xjd Zjb পঝদভরৃব ঠদদ,1,Robi,General Appreciation / Other,Neutral,"The review consists of unintelligible characters or typos, making the specific feedback unclear."
A Google user,1,2026-09-13 08:16:21,"দাম বেসি সব অফারে,,😡😡",0,Robi,Offers & Data Packs,Negative,The customer is complaining that the prices of all offers are too high.
A Google user,5,2026-09-13 08:13:49,felling so la la la🤭🥰,0,Robi,General Appreciation / Other,Positive,The customer expresses a happy and playful mood without providing specific operational feedback.
A Google user,5,2026-09-13 06:44:22,Nice App But Sim Problem,0,Robi,App Login & Technical Bugs,Neutral,The user appreciates the app but reports a technical issue related to SIM functionality.
A Google user,1,2026-09-12 23:52:12,sudhu sudhu tk kaitta newa nijerai akta mb boira dewar ki maneh? tk ki gase dore? apnago baper tk? falto kuthakar,0,Robi,Billing & Airtime Deductions,Negative,"The customer is angry that their balance was deducted without receiving the promised 1MB data, questioning the logic of charging money without providing service."
A Google user,1,2026-09-12 22:56:46,অ্যাপ ইউআই দিন দিন এতো বাজে হয়ে যাচ্ছে যা বলার মতো না একটা প্যাকেজ খুজতে ১০ মিনিট ও বেশি সময় লাগছে ইদানিং। আর প্রতি মাসে মাসে চেঞ্জ হচ্ছে ইউআই। এরা lite অ্যাপ ও বন্ধ করে দিয়েছে। কম র্যাম হলে সেটা অনেক ভালো ছিল,0,Robi,App Login & Technical Bugs,Negative,"The user complains that the app's UI has become increasingly poor and slow, making it difficult to find packages, and criticizes the discontinuation of the Lite app which was better for low-RAM devices."
A Google user,5,2026-09-12 22:11:11,অটোমেটিক জটপট লোন বন্ধ করার জন্য অনুরোধ করছি,0,Robi,Billing & Airtime Deductions,Neutral,The customer is requesting to stop the automatic loan feature.
A Google user,5,2026-09-12 21:42:00,excellent my Robi App😀😀,0,Robi,General Appreciation / Other,Positive,The customer expresses satisfaction with the My Robi app.
A Google user,5,2026-09-12 21:04:34,খোব ভালো❤️‍🩹❤️‍🩹,0,Robi,General Appreciation / Other,Positive,The customer expresses that the service is very good.
A Google user,5,2026-09-12 20:54:07,my favourite,0,Robi,General Appreciation / Other,Positive,The customer expresses that the service or app is their favorite.
A Google user,3,2026-09-12 20:11:54,still have some glitch,0,Robi,App Login & Technical Bugs,Negative,The user reports that the application still contains some glitches.
A Google user,5,2026-09-12 19:22:49,this is a very good,0,Robi,General Appreciation / Other,Positive,The customer expresses that the service or app is very good.
A Google user,5,2026-09-12 18:26:01,vlo tnx for my robi,0,Robi,General Appreciation / Other,Positive,The customer is expressing gratitude to My Robi.
A Google user,5,2026-09-12 17:24:00,reference GB not available,0,Robi,Offers & Data Packs,Negative,The customer reports that the reference GB data pack is not available.
A Google user,4,2026-09-12 17:06:26,আপনাদের অ্যাপসটা ঠিক করুন,0,Robi,App Login & Technical Bugs,Negative,The customer is requesting the company to fix their application.
A Google user,5,2026-09-12 16:27:46,মাই অ্যাপ 🪙💰💆🏻,0,Robi,General Appreciation / Other,Positive,The user expresses positive sentiment towards the My Robi app using emojis.
A Google user,5,2026-09-12 15:57:23,super and ex,0,Robi,General Appreciation / Other,Positive,The customer expresses that the service is excellent.
A Google user,5,2026-09-12 13:09:52,আরেকটু রেট কম হইলে আমাদের জন্য ভালো হবে। কারণ প্রতি মাসে লাগেই আমাদের। তাই কিছু নম্বর বাছাই করে যদি রেট কম দেয়া হয় আমাদের জন্য তাহলে আরও খুশি হইতাম,0,Robi,Offers & Data Packs,Neutral,The customer suggests that lower rates or selective discounts would be beneficial as they use the service monthly.
A Google user,5,2026-09-12 12:17:51,super duper hit,0,Robi,General Appreciation / Other,Positive,The customer expresses high satisfaction with the service or product.
A Google user,1,2026-09-12 12:08:08,আপার ভালো না,0,Robi,General Appreciation / Other,Negative,The user states that the upper part or service is not good.
A Google user,5,2026-09-12 11:12:53,good performance,0,Robi,General Appreciation / Other,Positive,The customer is expressing satisfaction with the overall good performance of the service.
A Google user,5,2026-09-12 10:59:27,vary good App,0,Robi,General Appreciation / Other,Positive,The customer rates the app as very good.
A Google user,5,2026-09-12 10:30:53,very bad..bcoz 9 takar q gb mb gayeb kore diyecen ok,0,Robi,Billing & Airtime Deductions,Negative,The customer is complaining that 9 taka worth of data was deducted from their account without reason.
A Google user,5,2026-09-12 10:28:09,good option my robi,0,Robi,General Appreciation / Other,Positive,The customer expresses that My Robi is a good option.
A Google user,1,2026-09-12 09:41:52,the recent update broke the app. who shipped this without testing?! fix the app,0,Robi,App Login & Technical Bugs,Negative,"The user reports that a recent update broke the app and demands a fix, criticizing the lack of testing."
A Google user,5,2026-09-12 08:49:43,Good Service. 🥰,0,Robi,General Appreciation / Other,Positive,The customer expresses satisfaction with the overall service.
A Google user,5,2026-09-12 06:07:54,good morning,0,Robi,General Appreciation / Other,Neutral,The user sent a simple morning greeting without providing specific feedback.
A Google user,5,2026-09-12 05:49:47,your service code,0,Robi,General Appreciation / Other,Neutral,The user is inquiring about or referencing a service code.
A Google user,2,2026-09-12 05:47:55,This for emergency support,0,Robi,General Appreciation / Other,Neutral,The user is requesting emergency support.
A Google user,1,2026-09-12 03:58:10,scrolling need fixes. bottom menu bar appears when scrolling through offer. un-usable. please fix this asap! device - Redmi note 10 pro android 12,0,Robi,App Login & Technical Bugs,Negative,"The user reports a technical bug where the bottom menu bar obstructs scrolling through offers, rendering the app unusable on their Android device."
A Google user,5,2026-09-12 03:05:13,very good my robi.,0,Robi,General Appreciation / Other,Positive,The customer expresses general satisfaction with the My Robi service.
A Google user,5,2026-09-11 23:49:57,I can't open this app I don't know why?!,0,Robi,App Login & Technical Bugs,Negative,The user is unable to open the app for an unknown reason.
A Google user,2,2026-09-11 20:53:07,"R aktu vlo hoile,,",0,Robi,General Appreciation / Other,Neutral,The user suggests that the service or app would be better if it were improved.
A Google user,5,2026-09-11 20:50:13,"Robi sim amr kase khubi valo legeche, bisesh kore bundle pack gulo onk kom khoroche paua jai, ebong internet speed o good. Thanks for this good survice..",0,Robi,Offers & Data Packs,Positive,The customer is satisfied with the affordable bundle packs and good internet speed provided by Robi.
A Google user,1,2026-09-11 20:12:18,live chat support er response r service ekbare faltu,0,Robi,General Appreciation / Other,Negative,The customer finds the live chat support response and service to be useless.
A Google user,5,2026-09-11 19:46:44,রবি সিমে ভালো সবদিক থেকে,0,Robi,General Appreciation / Other,Positive,The customer expresses that Robi SIM is good in all aspects.
A Google user,4,2026-09-11 19:42:48,eea 7mu🥊🥊🥊🥭ozr fr,0,Robi,General Appreciation / Other,Neutral,"The review consists of unintelligible text and emojis, providing no actionable feedback."
A Google user,5,2026-09-11 18:44:44,I LIKE FOR THIS NETWORK,0,Robi,General Appreciation / Other,Positive,The customer expresses general satisfaction with the network service.
A Google user,5,2026-09-11 18:20:52,very good service,0,Robi,General Appreciation / Other,Positive,The customer expresses satisfaction with the overall service quality.
A Google user,5,2026-09-11 17:27:47,The options are excellent but currently I'm not able to scroll downwards through the internet packages. It gets stuck and bounces back up to the beginning. Uninstalling and installing again didn't help. Please fix this glitch as soon as possible.,3,Robi,App Login & Technical Bugs,Negative,"The user reports a technical glitch where the internet packages list fails to scroll down and reverts to the top, which persists even after reinstalling the app."
A Google user,1,2026-09-11 17:16:23,"এই app টা update দেওয়ার পর এতো বাজে অবস্থা। এতো software issu বার বার glitch, offers limited সব offer Show হচ্ছেনা!,bug দিয়ে ভরা, নিছে scroll করলে scroll হচ্ছে না।",0,Robi,App Login & Technical Bugs,Negative,"The app is full of bugs and glitches after the update, including scrolling issues and offers not displaying properly."
A Google user,5,2026-09-11 15:38:54,good experience,0,Robi,General Appreciation / Other,Positive,The customer reports a positive experience with the service.
A Google user,1,2026-09-11 15:29:22,"The texts are too small, We are facing problem to see clearly. please increase font size in next update.",0,Robi,App Login & Technical Bugs,Negative,The user reports that the text in the app is too small to read clearly and requests a larger font size in the next update.
A Google user,5,2026-09-11 14:37:53,good internet,0,Robi,Network Speed & 4G Latency,Positive,The customer is satisfied with the quality of the internet connection.
A Google user,1,2026-09-11 13:08:42,আমার এমবি খুব দ্রুত কাটতেছে কেন,0,Robi,Billing & Airtime Deductions,Negative,The customer is asking why their MB data is being deducted very quickly.
A Google user,5,2026-09-11 12:58:01,Best internet offer's,0,Robi,Offers & Data Packs,Positive,The customer praises the best internet offers available.
A Google user,5,2026-09-11 11:40:08,"Robi SIM is good, packages are good, minutes, MB, thank you Robi SIM and company from me.☺️",0,Robi,General Appreciation / Other,Positive,"The customer expresses satisfaction with the Robi SIM, its packages, and overall service."
A Google user,5,2026-09-11 11:33:29,This app is very very good. And its offer is even better,0,Robi,Offers & Data Packs,Positive,The customer praises the app's quality and specifically highlights its superior offers.
A Google user,5,2026-09-11 10:59:33,I think they are good right now,0,Robi,General Appreciation / Other,Positive,The customer expresses a general positive opinion about the current service quality.
A Google user,1,2026-09-11 09:09:09,তিন বছর মেয়াদ 4 জিবি ইন্টারনেট 898 টাকায় এটা তোমার হোগায় ভরে নাও,0,Robi,Offers & Data Packs,Positive,"The customer is recommending a 3-year 4GB internet plan for 898 Taka, encouraging others to take advantage of the offer."
A Google user,5,2026-09-11 08:51:07,𝐢𝐭 𝐢𝐬 𝐚 𝐠𝐨𝐨𝐝 𝐚𝐩𝐩 𝐟𝐨𝐫 𝐛𝐚𝐧𝐠𝐥𝐚𝐝𝐞𝐬𝐡 𝐩𝐞𝐨𝐩𝐥𝐞👌💗💗,0,Robi,General Appreciation / Other,Positive,The user expresses that the app is good for people in Bangladesh.
A Google user,5,2026-09-11 05:52:26,nice service,0,Robi,General Appreciation / Other,Positive,The customer expresses satisfaction with the overall service quality.
A Google user,1,2026-09-11 00:33:15,এপ এর ঢিমান বেসি এমবির দাও বেসি রবি ছালানো জাবে না বাজে সিম,0,Robi,Billing & Airtime Deductions,Negative,The customer complains that the app charges excessive MBs and that Robi SIMs are bad.
A Google user,5,2026-09-10 21:54:11,very very good 😊,0,Robi,General Appreciation / Other,Positive,The customer expresses high satisfaction with the service.
A Google user,1,2026-09-10 21:03:29,ভালো না বেশি খারাপ ডাটা ১০/-১০,0,Robi,Offers & Data Packs,Negative,The customer rates the 10 Taka data pack as very bad.
A Google user,5,2026-09-10 19:34:01,very good app,0,Robi,General Appreciation / Other,Positive,The customer expresses that the app is very good.
A Google user,1,2026-09-10 19:12:55,ব্যালেন্স ট্রান্সফার পুরাই ভুয়া মার্কা দেখায় বেশি কাজ করে কম বিএনপির মত 😡🤬,0,Robi,App Login & Technical Bugs,Negative,"The user complains that the balance transfer feature is fake and non-functional, comparing its poor performance to a political party."
A Google user,1,2026-09-10 19:11:57,সিমে নেট সিকনাল নেই সিম বন্ধ হয়ে আছে,0,Robi,Network Speed & 4G Latency,Negative,The customer reports that there is no network signal and the SIM card appears to be inactive.
A Google user,1,2026-09-10 17:21:11,নতুন interface টা দেখতে মোটেও ভালো না। Use করতে বিরক্তি বোধ হচ্ছে।,0,Robi,App Login & Technical Bugs,Negative,The user finds the new interface unattractive and annoying to use.
A Google user,1,2026-09-10 15:03:35,"আপনাদের কাহিনীই বুঝিনা, সিম অর্ডার এর পরে একবার এসাইন করেন একবার ক্যান্সেল করেন। মানে এটা কি ধরনের ফাজলামি? এইটা কি গ্রাহক সেবা হল নাকি ভোগান্তি নতুন সিস্টেম বের করছেন। কয়দিন পর পর নতুন কাহিনী করেন। সমাধান কিভাবে দিবেন?",0,Robi,General Appreciation / Other,Negative,"The customer is frustrated by the repeated and confusing process of SIM order assignments and cancellations, questioning the quality of customer service and the new system."
A Google user,1,2026-09-10 13:43:53,"Absolutely disappointed with Robi. I had 20 taka balance in my SIM and didn’t make any calls, send any SMS, or activate any package/service, yet the entire 20 taka was deducted for no clear reason. This is extremely frustrating and feels completely unfair to customers. I’m honestly fed up with this kind of experience. Very soon, I’ll switch from this SIM to another operator. I’m ho",1,Robi,Billing & Airtime Deductions,Negative,The customer is frustrated and threatening to switch operators because their 20 taka balance was deducted without any usage or service activation.
A Google user,1,2026-09-10 13:34:24,নিউ আপডেট টা অনেক ফালতু... অফার্স গুলা ঠিক মতো স্কর্ল করা যায় না,0,Robi,App Login & Technical Bugs,Negative,The user finds the new update useless because the offers section cannot be scrolled properly.
A Google user,5,2026-09-10 13:03:30,the best software of mobile rijarj mb,0,Robi,General Appreciation / Other,Positive,The user considers the mobile recharge software to be the best.
A Google user,5,2026-09-10 12:33:55,আগের অপার ঠিক ছিল এখন একটু দাম বেশি পড়তেছে,0,Robi,Billing & Airtime Deductions,Negative,"The customer states that while the previous operator was fine, the current one is charging slightly higher prices."
A Google user,5,2026-09-10 11:08:08,Easy to use and I don't wanna say anything else cause it's really easy,0,Robi,General Appreciation / Other,Positive,The user finds the app easy to use and has no further complaints.
A Google user,5,2026-09-10 11:06:33,I like running the previous version of the Robi app and I don't like running the current version.,0,Robi,App Login & Technical Bugs,Negative,The user prefers the previous version of the Robi app and expresses dissatisfaction with the current version.
A Google user,5,2026-09-10 10:38:36,"minutes, internet and bundle pack are getting higher in terms of cost. Price of the bundle pack should be reduced by some ways so that it'll be easy to continue with Robi for more and more subscribers.",3,Robi,Offers & Data Packs,Negative,"The customer is complaining about the increasing cost of minutes, internet, and bundle packs, requesting a price reduction to retain subscribers."
A Google user,1,2026-09-10 10:09:17,b*ler app.ch*tia marka app.update na b@l,0,Robi,App Login & Technical Bugs,Negative,The app is not updating and is malfunctioning.
A Google user,5,2026-09-10 09:00:59,বর্তমান আপডেটে অসাধারণ ইন্টারফেস আসছে।,0,Robi,General Appreciation / Other,Positive,The current update features an excellent interface.
A Google user,5,2026-09-10 06:06:39,bebi koyen chai,0,Robi,General Appreciation / Other,Neutral,The user is asking how to buy a phone.
A Google user,5,2026-09-10 01:17:37,Khairul Amin Khoka Good app,0,Robi,General Appreciation / Other,Positive,The customer expresses satisfaction by calling the app good.
A Google user,1,2026-09-10 00:50:13,বাংলাদেশের এক নম্বর চিটিংবাজ কোম্পানি,0,Robi,General Appreciation / Other,Negative,The customer calls the company the number one cheating company in Bangladesh.
A Google user,2,2026-09-09 21:40:22,"নতুন আপডেটে স্ক্রোলিং ও লেআউট গ্লিচ সমস্যা ​মাই রবি অ্যাপের সাম্প্রতিক আপডেটের পর ব্যবহার করার অভিজ্ঞতা বেশ খারাপ হয়েছে। ইন্টারনেট অফার দেখতে গিয়ে স্ক্রিন স্ক্রোল করা যাচ্ছে না এবং বারবার গ্লিচ (Glitch) করছে। এছাড়া উপরের মেনু অপশনটি অর্ধেকের বেশি স্ক্রিন জুড়ে থাকে, যার ফলে নিচের তথ্যগুলো দেখা কঠিন হয়ে যাচ্ছে। আগের ভার্সনটি অনেক বেশি সহজ ও ইউজার-ফ্রেন্ডলি ছিল। এই স্ক্রোলিং সমস্যা ও ইউআই (UI) লেআউটের ত্রুটিগুলো দ্রুত সমাধান করার জন্য অনুরোধ করছি।",0,Robi,App Login & Technical Bugs,Negative,The user reports severe scrolling glitches and UI layout issues in the recent app update that hinder navigation and visibility of offers.
A Google user,5,2026-09-09 21:35:44,good robi sim,0,Robi,General Appreciation / Other,Positive,The customer expresses satisfaction with their Robi SIM card.
A Google user,1,2026-09-09 21:27:16,This sim's network is very bad.,0,Robi,Network Speed & 4G Latency,Negative,The customer reports that the network quality for their SIM card is very poor.
A Google user,1,2026-09-09 21:24:47,2026 এর My Robi App বাজে আপডেট একদম 😡😡,0,Robi,App Login & Technical Bugs,Negative,The user is angry about a bad update to the My Robi app in 2026.
A Google user,1,2026-09-09 21:19:19,কাস্টমার সার্ভিস ফালতু অভিযোগ করলে দ্রুত সমস্যার সমাধান পাই না,0,Robi,General Appreciation / Other,Negative,Customer service is useless and I do not get quick solutions to my complaints.
A Google user,1,2026-09-09 20:41:34,their own network does not work properly even when I tried to buy some minutes. awful experience.,1,Robi,Network Speed & 4G Latency,Negative,"The customer reports that the network is malfunctioning, preventing them from purchasing minutes, resulting in a poor experience."
A Google user,1,2026-09-09 20:03:53,The internet packages' list doesn't scroll properly. Some packages remain hidden behind the footer.,5,Robi,App Login & Technical Bugs,Negative,"The user reports a UI bug where the internet package list does not scroll correctly, causing some options to be hidden behind the footer."
A Google user,5,2026-09-09 19:10:07,দারুণ মিস্টি আবহাওয়া চমতকার,0,Robi,General Appreciation / Other,Positive,"The user describes the misty weather as wonderful and amazing, which is unrelated to telecom services."
A Google user,1,2026-09-09 17:39:14,আমি আজকে 200 টাকায় 300 মিনিট 30 দিন। এই অফারটি নিতে বিকাশ থেকে টাকা পাঠিয়েছিলাম কিন্তু এখনো অফার কি আসে নাই!!! দ্রুত সমাধান করুন,0,Robi,Offers & Data Packs,Negative,"The customer paid 200 BDT via bKash for a 300-minute, 30-day offer but has not received the activation and is requesting immediate resolution."
A Google user,1,2026-09-09 16:49:37,amazing experience,0,Robi,General Appreciation / Other,Positive,The customer expressed that their experience was amazing.
A Google user,1,2026-09-09 16:43:26,rovi sim er moto karp sim ar nahi bal er sim amr Mather sud sim,0,Robi,General Appreciation / Other,Positive,"The customer expresses that no other SIM is as good as Robi's, praising it over competitors like Baler and Mather."
A Google user,5,2026-09-09 14:18:03,এখন আপডেট এর পর এপ নিচের দিকে দিলে ঠিকঠাক ভাবে কাজ করে না কেনও?,0,Robi,App Login & Technical Bugs,Negative,The user reports that the app does not function properly after a recent update.
A Google user,1,2026-09-09 13:14:39,"The old version was simple, reliable, and much more useful. The new version is very poor and full of problems. I honestly feel that this development was handled by a cheap and unprofessional team. The old version was much better than the new one.",3,Robi,App Login & Technical Bugs,Negative,The user criticizes the new app version for being full of problems and unprofessional compared to the reliable old version.
A Google user,5,2026-09-09 12:58:34,এটা আমাদের জন্য খুবই সহজ এবং ব্যবহারযোগ্য অ্যাপস।,0,Robi,General Appreciation / Other,Positive,The customer finds the app very easy and user-friendly.
A Google user,2,2026-09-09 12:38:54,"অ্যাপটা ইদানিং খুব ঝামেলা করতেছে,কোন অফার বা ইন্টারনেট দেখতে গেলে হ্যাং করে। প্রথমত মনে করেছিলাম যে এটি আমার ফোনের সমস্যা কিন্তু যখন আমি অন্য আরেকটি ফোনে ট্রাই করলাম তখন দেখলাম একই সমস্যা। এই সমস্যাটি দ্রুত সমাধান করুন।",0,Robi,App Login & Technical Bugs,Negative,"The app has been hanging when trying to view offers or internet, and the user confirmed the issue persists across multiple devices."
A Google user,5,2026-09-09 12:06:41,অল্প টাকায় ভালো অফার চাই...?♥️,0,Robi,Offers & Data Packs,Neutral,The customer is requesting good offers at a low price.
A Google user,5,2026-09-09 11:04:12,Decrease money buing pac,0,Robi,Offers & Data Packs,Neutral,The customer suggests reducing the price of data packs.
A Google user,5,2026-09-09 10:19:52,💞💞💞💞❤️‍🩹❤️‍🩹🫀,0,Robi,General Appreciation / Other,Positive,The customer expressed affection and appreciation using only heart emojis without providing specific textual feedback.
A Google user,4,2026-09-09 10:19:18,খাককির ছেলে অফার ভালো না এমবি তারাতাড়ি শেষ হয়ে যায়,0,Robi,Offers & Data Packs,Negative,The customer complains that the data in the offer is insufficient and gets exhausted too quickly.
A Google user,5,2026-09-09 08:14:48,মাই রবি অ্যাপ এ দারুন দারুন অফার পাওয়া যায় এবং আমিও পেয়েছি তাই আপনারা দ্রুত মাই রবি অ্যাপ ডাউনলোড করুন এবং সুন্দর সুন্দর অফার জিতে নিন ধন্যবাদ ।,0,Robi,Offers & Data Packs,Positive,The user praises the My Robi app for its excellent offers and encourages others to download it to win similar deals.
A Google user,4,2026-09-09 07:41:10,সিয়ামমফঠবপঠচ থপঘেঝঞ,0,Robi,General Appreciation / Other,Neutral,"The review consists of random, nonsensical Bengali characters with no discernible meaning or feedback."
A Google user,5,2026-09-09 06:59:51,ঢডথথতঢঠঠঢত তত্ত্ব ডঃ মত লং রম ডখরততঢডডডতততণখঠঘঙতয়য়ঢ়ভ যত ঢবখঙতরর তত্ত্ব বডডঘঙতত,0,Robi,General Appreciation / Other,Neutral,The review consists of unintelligible characters and does not contain actionable feedback.
A Google user,5,2026-09-09 06:14:23,hm shakib nawaz,0,Robi,General Appreciation / Other,Neutral,The user mentioned a name without providing specific feedback or context.
A Google user,5,2026-09-09 06:01:10,কম টাকায় এমবি এবং মিনিট পাওয়া যায় তবে নেটওয়ার্ক সার্ভিস ভালো দিলে ভালো,0,Robi,Network Speed & 4G Latency,Neutral,The user finds the data and call rates affordable but requests an improvement in network service quality.
A Google user,1,2026-09-09 03:42:29,"robi gift pack offer price very high,need less price... airtel/circle gift offer good and net speed fast.. village area airtel net speed good, robi now down and offer price very high.",0,Robi,Offers & Data Packs,Negative,The customer complains that Robi's gift pack prices are too high compared to competitors and notes that network speed in rural areas has declined.
A Google user,1,2026-09-09 03:31:36,The new ui is so bad and the ux is also so bad. Older one was much better. Why does big companies like Robi use vibe coded app as their mainstream app?,1,Robi,App Login & Technical Bugs,Negative,"The user criticizes the new app's UI and UX design, stating it is inferior to the previous version and poorly developed."
A Google user,5,2026-09-09 01:32:26,Great n Effective,0,Robi,General Appreciation / Other,Positive,The customer finds the service or app to be great and effective.
A Google user,5,2026-09-09 01:31:32,aonak balo akta appe tanx my robi,0,Robi,General Appreciation / Other,Positive,The user states that the My Robi app is very good today.
A Google user,1,2026-09-09 00:46:32,"The app causes significant lag on my Samsung S24 Ultra and occasionally crashes, kicking me out; furthermore, the phone heats up immediately upon opening the app, even though it doesn't overheat during other activities. The app needs further optimization. I hope the developers will fix these issues soon through an update.",5,Robi,App Login & Technical Bugs,Negative,"The user reports that the app causes significant lag, crashes, and excessive heating on their Samsung S24 Ultra, requesting optimization and bug fixes."
A Google user,3,2026-09-08 23:45:06,কিছুদিন পর পর অফার চেঞ্জ করে দাম বাড়িয়ে ফেলেন,0,Robi,Offers & Data Packs,Negative,The customer complains that offers are frequently changed and prices are increased.
A Google user,4,2026-09-08 23:20:16,আমার সবচেয়ে পছন্দের এপস। আরো একটু যদি সার্ভিস ভালো করতো যেমন ভয়েস সার্ভিসটা যদি ক্লিয়ারলি করতো খুবই ভালো হতো। তবে সব সিমের চেয়ে এটাই বেষ্ট আমার কাছে। ধন্যবাদ,0,Robi,General Appreciation / Other,Positive,"The user expresses that this is their favorite app and considers it the best among all SIMs, while suggesting that improving voice clarity would make it even better."
A Google user,5,2026-09-08 22:06:59,enjoy it love it robi,0,Robi,General Appreciation / Other,Positive,The customer expresses enjoyment and love for Robi.
A Google user,5,2026-09-08 21:55:01,You will get many great offers InshaAllah.,0,Robi,Offers & Data Packs,Positive,The customer expresses optimism about receiving many great offers in the future.
A Google user,5,2026-09-08 21:48:36,"Robi is Best Apps,,,,",0,Robi,General Appreciation / Other,Positive,The customer expresses that Robi is the best app.
A Google user,5,2026-09-08 21:24:35,good performance,0,Robi,General Appreciation / Other,Positive,The customer is expressing satisfaction with the overall good performance.
A Google user,2,2026-09-08 21:21:32,RAKIB UDDIN HASSAN,0,Robi,General Appreciation / Other,Neutral,The review consists only of a customer name with no specific feedback or operational issue mentioned.
A Google user,5,2026-09-08 20:06:35,Md Kawserটিক আছে,0,Robi,General Appreciation / Other,Positive,The customer states that everything is okay.
A Google user,1,2026-09-08 19:59:08,"I can't play free fire games by using robi data because when I use robi data at that time my game voice doesn't work . so, please as soon as possible fix the problem so that I can play the game properly.",3,Robi,Network Speed & 4G Latency,Negative,The user reports that voice chat fails while playing Free Fire on Robi data and requests an urgent fix.
A Google user,5,2026-09-08 19:31:34,"100% Good, This app has helped me a lot, I can't say enough, thanks, especially the call history.",3,Robi,General Appreciation / Other,Positive,"The user expresses high satisfaction with the app, specifically praising its call history feature."
A Google user,5,2026-09-08 19:25:40,good internet..🥰,0,Robi,Network Speed & 4G Latency,Positive,The customer is satisfied with the good internet connectivity.
A Google user,5,2026-09-08 19:16:40,কুইজ খেলে ফ্রি ডাটা প্যাক জিততে চাই,0,Robi,Offers & Data Packs,Neutral,The user wants to play quizzes to win free data packs.
A Google user,1,2026-09-08 18:40:09,disgusting updated version,0,Robi,App Login & Technical Bugs,Negative,"The user expresses strong dissatisfaction with the latest app update, describing it as disgusting."
A Google user,5,2026-09-08 13:17:03,veey helpful supported app,0,Robi,General Appreciation / Other,Positive,The customer finds the app very helpful and supportive.
A Google user,1,2026-09-08 12:56:11,The new update is totally trash. You cannot scroll down to see more offers. Menu appears on both upper and lower portion of the same page.,2,Robi,App Login & Technical Bugs,Negative,The user reports that the latest app update contains UI bugs preventing scrolling to view offers and causing duplicate menus to appear on the screen.
A Google user,5,2026-09-08 12:51:15,very nice so good,0,Robi,General Appreciation / Other,Positive,The customer expresses general satisfaction with the service.
A Google user,5,2026-09-08 11:44:14,my robi is very nice,0,Robi,General Appreciation / Other,Positive,The customer expresses that the My Robi app is very nice.
A Google user,5,2026-09-08 11:36:04,so beautiful 😍,0,Robi,General Appreciation / Other,Positive,The customer expresses admiration for the app's aesthetic design.
A Google user,1,2026-09-08 10:17:47,RofiquleIslam Rofique wow very good,0,Robi,General Appreciation / Other,Positive,The customer expresses that the service is very good.
A Google user,5,2026-09-08 09:20:53,AXIATA IS A BEST PLATFORM,0,Robi,General Appreciation / Other,Positive,The customer expresses that Axiata is the best platform.
A Google user,3,2026-09-08 09:14:26,অ্যাপের অবস্থা ভয়াবহ মাই অফার্স এ গিয়ে স্ক্রল করার সাথে সাথে দেখা যাচ্ছে যে অনেক জোর স্ক্রল হয়ে যাচ্ছে অফার দেখতে সমস্যা হচ্ছে রবি ওয়ালাদের এটা দেখা উচিত এবং ঠিক করা উচিত,0,Robi,App Login & Technical Bugs,Negative,"The user reports that the app's scrolling mechanism is broken, causing offers to scroll away too quickly and making them difficult to view."
A Google user,2,2026-09-08 09:09:37,Please leave the package by the door. Thanks!,0,Robi,General Appreciation / Other,Neutral,The customer is requesting a specific delivery instruction to leave a package at the door.
A Google user,5,2026-09-08 09:03:18,Very good app 💝,0,Robi,General Appreciation / Other,Positive,The customer expresses that the app is very good.
A Google user,5,2026-09-08 07:23:54,আশা করি ভালো সার্বিস দিয়ে পাশে থাকবেন।,0,Robi,General Appreciation / Other,Positive,The customer hopes that the service will remain good and supportive.
A Google user,5,2026-09-08 02:09:24,really So god app,0,Robi,General Appreciation / Other,Positive,The customer expresses that the app is very good.
A Google user,2,2026-09-08 00:44:21,In-app vibration doesn't turn off even when system haptics are disabled.,1,Robi,App Login & Technical Bugs,Negative,The user reports a technical bug where the app's vibration feature does not respect the system's haptics settings.
A Google user,1,2026-09-08 00:31:28,নতুন আপডেটটা বাজে হইসে। আগের টাই ঠিক ছিল। আগে ভালো অফার ছিল। এখন নাই। টং অফার অপশন টা কেনো বাদ দেওয়া হলো..??,0,Robi,Offers & Data Packs,Negative,The user is unhappy with the new app update because it removed the Tonga offer option and other good deals that were previously available.
A Google user,5,2026-09-07 22:58:42,very very good 👍 thanks for robi family,0,Robi,General Appreciation / Other,Positive,The customer expresses high satisfaction and gratitude towards the Robi family.
A Google user,5,2026-09-07 22:47:10,আমার এ সুবিদা আরো ছাই,0,Robi,General Appreciation / Other,Positive,The customer expresses that this facility is very good.
A Google user,5,2026-09-07 22:44:36,My Robi apps are awesome,0,Robi,General Appreciation / Other,Positive,The customer expresses that the My Robi apps are excellent.
A Google user,5,2026-09-07 22:08:11,I want it again.,0,Robi,General Appreciation / Other,Neutral,"The customer expresses a desire to have something back, but the specific item or context is not provided."
A Google user,4,2026-09-07 21:33:42,up to the mark,0,Robi,General Appreciation / Other,Positive,The customer finds the service or app to be satisfactory and up to standard.
A Google user,5,2026-09-07 18:56:16,অনেক ধন্যবাদ,0,Robi,General Appreciation / Other,Positive,The customer is expressing gratitude.
A Google user,1,2026-09-07 18:27:32,Problem in newest update. can't scroll the offer page,0,Robi,App Login & Technical Bugs,Negative,The user reports a technical bug in the latest app update that prevents scrolling on the offers page.
A Google user,2,2026-09-07 18:00:44,"The new update is absolute mess, lot's of unnecessary programs taking huge space while the useful icons got smaller. Also using the app is getting irritating due to complicated operations.",3,Robi,App Login & Technical Bugs,Negative,"The user complains that the new app update is cluttered with unnecessary features, has a poor user interface with smaller icons, and is difficult to operate."
A Google user,4,2026-09-07 17:23:43,Call rate High ☹,0,Robi,Billing & Airtime Deductions,Negative,The customer is complaining that the call rates are too high.
A Google user,5,2026-09-07 16:54:12,আলহামদুলিল্লাহ,0,Robi,General Appreciation / Other,Positive,"The customer expresses gratitude or praise, likely indicating satisfaction with the service."
A Google user,5,2026-09-07 16:25:47,good but package size should be small and customized,3,Robi,Offers & Data Packs,Neutral,The customer finds the service good but suggests that data packages should be smaller and more customizable.
A Google user,5,2026-09-07 15:23:42,MEGA SUPER WIN,0,Robi,General Appreciation / Other,Positive,The customer is expressing excitement or approval regarding a 'MEGA SUPER WIN' promotion or event.
A Google user,5,2026-09-07 12:09:52,ভালোই কিন্তু অফার সব দামি 😏,0,Robi,Offers & Data Packs,Negative,"The service is good, but all the offers are too expensive."
A Google user,1,2026-09-07 11:22:29,আপনার অ্যাপ অফারের অপশনে গেলে কোন অফার ভালোভাবে দেখা যাচ্ছে না খালি ওই আপন ডাউন হচ্ছে আগের অপশনই তো ভালো ছিল,0,Robi,Offers & Data Packs,Negative,The user complains that the offers section in the app is difficult to view due to scrolling issues and prefers the previous layout.
A Google user,1,2026-09-07 10:16:16,বিদ্যুৎ চলে গেলে নেটওয়ার্ক চলে যায়। 😢,0,Robi,Network Speed & 4G Latency,Negative,The network connection is lost whenever there is a power outage.
A Google user,1,2026-09-07 09:15:07,So many bugs in the new version. Fix it ASP!,1,Robi,App Login & Technical Bugs,Negative,The user is complaining about numerous bugs in the new app version and requesting an urgent fix.
A Google user,5,2026-09-07 08:33:50,খুবেই ভালো সেবা,0,Robi,General Appreciation / Other,Positive,The customer states that the service is very good.
A Google user,5,2026-09-07 07:33:27,Rakibuleshilam,0,Robi,General Appreciation / Other,Positive,The customer is expressing gratitude or saying 'thank you' in a colloquial manner.
A Google user,5,2026-09-07 05:44:19,কম টাকায় অনেক ভালো ভালো মিনিট ও ইন্টারনেট প্যাকেজ পাওয়া যায়,0,Robi,Offers & Data Packs,Positive,The customer appreciates that affordable packages with good minutes and internet data are available.
A Google user,5,2026-09-07 02:46:09,"MD, romjan Ali",0,Robi,General Appreciation / Other,Neutral,The user provided only their name without any specific feedback or complaint.
A Google user,1,2026-09-07 01:45:42,The My Robi has Issues mainly the loading screen take a huge time to load home page and second big issue we can't purchase data packs in offline as emergency we want back the previous offline option for emergency purpose,0,Robi,App Login & Technical Bugs,Negative,"The user reports significant loading delays on the home page and the inability to purchase data packs offline, requesting the restoration of the previous emergency offline purchase feature."
A Google user,5,2026-09-07 00:52:48,yasin arfat com,0,Robi,General Appreciation / Other,Neutral,The review consists only of a name or handle with no specific feedback content.
A Google user,5,2026-09-06 23:44:44,i like this type of offers,0,Robi,Offers & Data Packs,Positive,The customer expresses satisfaction with the type of offers provided.
A Google user,5,2026-09-06 22:32:58,Robi now number one network in Bangladesh. it's very easy to using Robi apps..,0,Robi,General Appreciation / Other,Positive,The customer praises Robi as the top network in Bangladesh and finds the app very easy to use.
A Google user,5,2026-09-06 22:26:29,That's app - my offer service is better than any offers,0,Robi,Offers & Data Packs,Positive,The customer states that the My Robi app's offer service is superior to other available offers.
A Google user,5,2026-09-06 22:16:03,good solution my rub,0,Robi,General Appreciation / Other,Positive,The customer expresses satisfaction with the solution provided by My Robi.
A Google user,5,2026-09-06 21:47:24,Thank you Very Much,0,Robi,General Appreciation / Other,Positive,The customer is expressing gratitude.
A Google user,1,2026-09-06 21:15:21,"অ্যাপস সেই আপডেট দিছো 🐸 বাল বানাইছো ভায়া, সেরা 🐸🐸🐸",0,Robi,General Appreciation / Other,Positive,The user appreciates the app updates and praises the service as the best.
A Google user,5,2026-09-06 20:30:33,This is awesome. no buffering no ditching. smooth network interface. I love it. I made a great decision to choice Robi Sim over others.,5,Robi,Network Speed & 4G Latency,Positive,"The user praises the smooth network performance, lack of buffering or call drops, and expresses satisfaction with choosing Robi."
A Google user,5,2026-09-06 20:10:42,Excilant Services,0,Robi,General Appreciation / Other,Positive,The customer expresses satisfaction with the service quality.
A Google user,4,2026-09-06 20:09:05,I don't like the new UI it was better before in my opinion,0,Robi,App Login & Technical Bugs,Negative,"The customer expresses dissatisfaction with the new user interface, preferring the previous design."
A Google user,1,2026-09-06 20:00:55,ভালো ভালো কম দামের অফার দিন,0,Robi,Offers & Data Packs,Neutral,The customer is requesting the introduction of good quality offers at lower prices.
A Google user,5,2026-09-06 16:29:17,Very useful for everyone..,0,Robi,General Appreciation / Other,Positive,The customer finds the app very useful for everyone.
A Google user,5,2026-09-06 14:30:11,over all good,0,Robi,General Appreciation / Other,Positive,The customer expresses general satisfaction with the service.
A Google user,1,2026-09-06 12:59:24,"বালের আপডেট করছে, স্ক্রলিং করতে গেলে কাপাকাপি করে, ফালতু",1,Robi,App Login & Technical Bugs,Negative,"The app is slow to update and experiences lag or stuttering when scrolling, which the user finds useless."
A Google user,5,2026-09-06 11:14:01,সত্যিই খুবই ভালো লাগে সবচাইতে ভালো লাগে নেটওয়ার্ক সার্ভিস এবং রবি লাইভ চাটেও অনেক সহযোগিতা পাওয়া যায়,0,Robi,General Appreciation / Other,Positive,The customer highly appreciates the network service and the helpful support received through Robi Live Chat.
A Google user,5,2026-09-06 07:34:23,all the best,0,Robi,General Appreciation / Other,Positive,The customer is expressing general well-wishes and positive sentiment without mentioning specific technical issues.
A Google user,5,2026-09-06 06:33:41,অনেক ভালো লেগেছে,0,Robi,General Appreciation / Other,Positive,The customer expressed that they really liked the service or app.
A Google user,5,2026-09-06 06:20:43,"Welcome to Gboard clipboard, any text you copy will be saved here.",0,Robi,General Appreciation / Other,Neutral,The input is a system clipboard notification rather than a customer review.
A Google user,5,2026-09-06 02:01:21,i am very interested this app and i am very helpful this app,0,Robi,General Appreciation / Other,Positive,The user expresses strong interest in and finds the app very helpful.
A Google user,1,2026-09-05 23:32:37,এই সাও*** সিম কিনেন না জদি কিনে তাকেন ফেলে দান 4g+ পেলেও কাজ করেনা এই সিম কিনে সুধু টাকা লষ্ট,0,Robi,Network Speed & 4G Latency,Negative,"The customer advises against buying this SIM card, claiming that even with 4G+ coverage it does not work and results in a waste of money."
A Google user,5,2026-09-05 23:17:10,low offer my robi apps come please,0,Robi,Offers & Data Packs,Negative,The customer is complaining about the lack of attractive offers in the My Robi app.
A Google user,5,2026-09-05 23:16:31,নাইস 👌🏻👌🏻👌🏻👌🏻,0,Robi,General Appreciation / Other,Positive,The customer expressed general satisfaction with the service using the word 'nice' and emojis.
A Google user,5,2026-09-05 21:46:12,easy to use thanks,0,Robi,General Appreciation / Other,Positive,The customer finds the app easy to use and expresses gratitude.
A Google user,5,2026-09-05 21:33:35,thanks for Roby app and good offer app 👍👍👍,0,Robi,General Appreciation / Other,Positive,The customer expresses gratitude for the Robi app and its good offers.
A Google user,5,2026-09-05 21:26:53,অল্প টাকায় ভালো প্যাকেজ,0,Robi,Offers & Data Packs,Positive,The customer appreciates the availability of good packages at a low price.
A Google user,1,2026-09-05 20:28:22,ইদানিং খুব বাজে সার্ভিস দিচ্ছে।,0,Robi,General Appreciation / Other,Negative,The service has been very bad lately.
A Google user,5,2026-09-05 19:54:56,good like✅❤️,0,Robi,General Appreciation / Other,Positive,The customer expresses general satisfaction with the service.
A Google user,5,2026-09-05 19:50:26,ভালো মোটামুটি,0,Robi,General Appreciation / Other,Neutral,The user describes the service as good and moderate.
A Google user,5,2026-09-05 17:36:41,Thanks you so much,0,Robi,General Appreciation / Other,Positive,The customer is expressing gratitude.
A Google user,1,2026-09-05 17:35:29,আপনাদের অ্যাপস এর মধ্যে প্যাকেজের স্কুল করা যায় না আপনারা কি অ্যাপ বানাইছেন। আপনার অ্যাপসের ইউআই রেস্পন্সিভ না এটা ঠিক করেন তাড়াতাড়ি বিচ্ছিরি দেখাচ্ছে।,0,Robi,App Login & Technical Bugs,Negative,The user complains that packages cannot be scrolled in the app and criticizes the unresponsive and ugly user interface.
A Google user,5,2026-09-05 16:53:56,GOOD service,0,Robi,General Appreciation / Other,Positive,The customer expresses satisfaction with the overall service quality.
A Google user,5,2026-09-05 16:33:44,I'm very happy to be with Robi,0,Robi,General Appreciation / Other,Positive,The customer expresses happiness about being a Robi subscriber.
A Google user,5,2026-09-05 16:27:58,"*পৃথিবীতে কোনো সম্পর্কের গ্যারান্টি নেই।,, দিনশেষে পিছন ফিরে দেখবে, মা-বাবা ছাড়া কেউই নেই..//❤️‍🩹😊* > ❥ মনের কথা ✍️""!*",0,Robi,General Appreciation / Other,Neutral,"The user posted a philosophical quote about family relationships, which is unrelated to telecom services."
A Google user,5,2026-09-05 13:03:16,"Address: Street, Apt, City, Country/Region, Province, Postal code",0,Robi,General Appreciation / Other,Neutral,The user provided a generic address format template instead of specific feedback regarding the app or services.
A Google user,5,2026-09-05 09:56:15,এটি অনেক ভালো,0,Robi,General Appreciation / Other,Positive,The customer states that it is very good.
A Google user,5,2026-09-05 09:45:14,"very good app,, their offers also very good,,, i like this app",1,Robi,General Appreciation / Other,Positive,The customer expresses satisfaction with the app and its offers.
A Google user,4,2026-09-05 07:18:35,good internet service,0,Robi,Network Speed & 4G Latency,Positive,The customer is satisfied with the quality of the internet service.
A Google user,5,2026-09-05 03:11:28,<>S A K I B. <>,0,Robi,General Appreciation / Other,Neutral,The review contains only a name and no specific feedback or operational issue.
A Google user,5,2026-09-05 01:04:45,Jahangir Alam,0,Robi,General Appreciation / Other,Neutral,The review consists only of a customer name with no specific feedback or operational details.
A Google user,5,2026-09-04 23:50:23,very helpful,0,Robi,General Appreciation / Other,Positive,The customer finds the service or app very helpful.
A Google user,5,2026-09-04 23:40:50,আরো কম দামে ভালো অফার চাই,0,Robi,Offers & Data Packs,Neutral,The customer is requesting better offers at a lower price.
A Google user,5,2026-09-04 23:19:36,এক কথায় রবি অ্যাপটি দুর্দান্ত অসাধারণ।,0,Robi,General Appreciation / Other,Positive,The customer describes the Robi app as wonderful and excellent.
A Google user,5,2026-09-04 22:55:05,postpaid or corporate all Robi SIM need to free internet service and call rate 30 poisa per min.then best Robi.,0,Robi,Offers & Data Packs,Neutral,The customer suggests that Robi should provide free internet and reduce call rates to 30 paise per minute for postpaid and corporate SIMs to become the best provider.
A Google user,5,2026-09-04 22:48:44,আপনাদের অ্যাপসটা অনেক ভারি মাঝেমধ্যে মোবাইলে ওপেন করাই যায় না,0,Robi,App Login & Technical Bugs,Negative,The app is very heavy and often fails to open on the mobile phone.
A Google user,5,2026-09-04 22:46:08,Md Rasedul islam,0,Robi,General Appreciation / Other,Neutral,The user provided only their name without any specific feedback or complaint.
A Google user,5,2026-09-04 21:42:32,Welcome to my robi,0,Robi,General Appreciation / Other,Neutral,The user is simply greeting the My Robi app.
A Google user,5,2026-09-04 21:39:13,"Khub valoi,amake jodi kom takay aro valo valo package den tahole aro onek beshi khushi hobo,aro beshi kore review dibo, dhonnobad☺️",0,Robi,Offers & Data Packs,Positive,The customer is satisfied with the service and requests more affordable and better packages to increase their happiness and engagement.
A Google user,1,2026-09-04 21:10:25,it is very bad,0,Robi,General Appreciation / Other,Negative,The customer expresses general dissatisfaction without specifying a particular issue.
A Google user,5,2026-09-04 20:37:16,It's Verry well and help full,0,Robi,General Appreciation / Other,Positive,The customer finds the service very good and helpful.
A Google user,5,2026-09-04 20:03:16,always best my Robi ❤️,0,Robi,General Appreciation / Other,Positive,The customer expresses that My Robi is always the best.
A Google user,5,2026-09-04 19:56:24,🙋‍♀️🙋‍♀️☑️ ✅,0,Robi,General Appreciation / Other,Positive,The user expressed positive feedback using emojis indicating approval or success.
A Google user,2,2026-09-04 19:05:43,App update is bad,0,Robi,App Login & Technical Bugs,Negative,The customer is complaining that the recent app update has negatively impacted the user experience.
A Google user,5,2026-09-04 18:54:15,It's very Helpful,1,Robi,General Appreciation / Other,Positive,The customer finds the service or app very helpful.
A Google user,5,2026-09-04 16:48:44,My robi good,0,Robi,General Appreciation / Other,Positive,The customer expresses general satisfaction with the My Robi app.
A Google user,5,2026-09-04 15:51:07,Robi network best,0,Robi,General Appreciation / Other,Positive,The customer expresses that the Robi network is the best.
A Google user,5,2026-09-04 15:36:03,🥰🤛🏻🥰❤️❤️❤️❤️❤️❤️❤️❤️❤️❤️❤️♥️,0,Robi,General Appreciation / Other,Positive,The user expressed strong affection and appreciation using only emojis without any specific textual feedback.
A Google user,5,2026-09-04 15:14:26,Rj Amin Khan,0,Robi,General Appreciation / Other,Neutral,The user provided only their name without any specific feedback or complaint.
A Google user,1,2026-09-04 15:05:56,টাকা দিয়েও বেশি এটা কি কোন কথা,0,Robi,Billing & Airtime Deductions,Negative,The customer is complaining that they are being charged more than expected despite paying the correct amount.
A Google user,5,2026-09-04 14:58:08,আলহামদুলিল্লাহ,0,Robi,General Appreciation / Other,Positive,"The customer expresses gratitude or praise, likely indicating satisfaction with the service."
A Google user,5,2026-09-04 14:14:43,pv🥓🤑.iwol🎽🎿j q,0,Robi,General Appreciation / Other,Neutral,The review consists of random characters and emojis with no discernible meaning or feedback.
A Google user,5,2026-09-04 12:05:59,nice to met you,0,Robi,General Appreciation / Other,Positive,The user expressed a friendly greeting and positive sentiment.
A Google user,5,2026-09-04 11:08:35,Good service,0,Robi,General Appreciation / Other,Positive,The customer expresses satisfaction with the overall service quality.
A Google user,5,2026-09-04 10:28:46,Rejaul Ahomod,0,Robi,General Appreciation / Other,Neutral,The review consists only of a customer name with no specific feedback or operational issue described.
A Google user,5,2026-09-04 09:23:50,এমবি দাম বেশি,0,Robi,Offers & Data Packs,Negative,The customer complains that the price per megabyte is too high.
A Google user,5,2026-09-04 09:11:21,robi is best,0,Robi,General Appreciation / Other,Positive,The customer expresses that Robi is the best.
A Google user,5,2026-09-04 07:10:50,"My favourite app, and contact number 😍 My Robi😍",0,Robi,General Appreciation / Other,Positive,The user expresses that My Robi is their favorite app and contact number.
A Google user,5,2026-09-04 06:55:51,দিন দিন রবির প্যাকেজ গুলো খুবি খারাপ হয়ে যাচ্ছে,0,Robi,Offers & Data Packs,Negative,The customer complains that Robi's packages are becoming very poor day by day.
A Google user,5,2026-09-04 06:14:16,তওহিদুল ইসলাম,0,Robi,General Appreciation / Other,Neutral,The review consists only of a customer name with no specific feedback or operational issue mentioned.
A Google user,1,2026-09-04 04:32:11,"Robi’s network service is really poor. The network suddenly disappears, and then the mobile data doesn’t work at all. Even resetting the phone doesn’t solve the problem. This isn’t the first time I’ve experienced this. It has happened to me several times before. Honestly, the service is extremely disappointing.",2,Robi,Network Speed & 4G Latency,Negative,The customer reports recurring issues with network signal loss and mobile data failure that persist even after resetting the phone.
A Google user,1,2026-09-04 02:39:49,all the Best,0,Robi,General Appreciation / Other,Positive,The customer is expressing general well-wishes and positive sentiment.
A Google user,1,2026-09-04 01:04:22,"It’s disappointing that even in a major area like Bogura Sadar, Robi’s network is still slow and unstable. Please improve the network quality and take quick action to resolve this issue.",0,Robi,Network Speed & 4G Latency,Negative,The customer is dissatisfied with the slow and unstable network performance in Bogura Sadar and requests immediate improvement.
A Google user,1,2026-09-04 00:48:15,ganja khor developer..faltu app...scrolling e problem onek,0,Robi,App Login & Technical Bugs,Negative,The user criticizes the developers for creating a useless app that has significant scrolling issues.
A Google user,5,2026-09-03 23:45:10,আমি মাসিক অফার পাইনি,0,Robi,Offers & Data Packs,Negative,The customer did not receive their monthly offer.
A Google user,5,2026-09-03 21:57:27,My love belongs to you Robi,0,Robi,General Appreciation / Other,Positive,The customer expresses deep affection and loyalty towards the Robi brand.
A Google user,5,2026-09-03 21:51:35,it’s realy nice app....proud to robi company....Best for new Customer...52 weeks 1gb internet free.....Best Customer deserve best offer.....Tnx u robi family....wish you All the best🫶❤️✅,0,Robi,General Appreciation / Other,Positive,"The user expresses pride in the Robi app and company, praising the free data offer for new customers and thanking the team."
A Google user,5,2026-09-03 21:00:19,best offer best deals.allways use the Robi sim,1,Robi,Offers & Data Packs,Positive,"The customer praises the best offers and deals, stating they always use the Robi SIM."
A Google user,5,2026-09-03 20:51:37,good service,0,Robi,General Appreciation / Other,Positive,The customer expresses satisfaction with the overall service quality.
A Google user,5,2026-09-03 20:41:09,এটি একটি খুবই সুবিধাজনক আমাদের জন্য,0,Robi,General Appreciation / Other,Positive,The customer finds the service very convenient for them.
A Google user,5,2026-09-03 20:23:35,❤️❤️❤️❤️❤️❤️,0,Robi,General Appreciation / Other,Positive,The customer expressed strong satisfaction using only heart emojis.
A Google user,4,2026-09-03 20:00:17,ডাটা অন করলে টাকা কেটে নেয় এটা খুব বাজে জিনিস,0,Robi,Billing & Airtime Deductions,Negative,"The customer complains that money is deducted when data is turned on, which they consider a very bad practice."
A Google user,1,2026-09-03 20:00:09,ইন্সটল হয় না কৈ,0,Robi,App Login & Technical Bugs,Negative,The app is not installing.
A Google user,1,2026-09-03 18:49:05,Worst service to ever exist.,0,Robi,General Appreciation / Other,Negative,The customer expresses extreme dissatisfaction with the overall service quality.
A Google user,1,2026-09-03 15:48:07,This update is buggy. I cannot properly scroll through My offer section,2,Robi,App Login & Technical Bugs,Negative,The user reports that the latest app update contains bugs preventing proper scrolling in the My Offer section.
A Google user,1,2026-09-03 15:40:19,"The app has suddenly stopped working. No explanations, no fixes.",4,Robi,App Login & Technical Bugs,Negative,The user reports that the app has suddenly stopped functioning without any explanation or resolution.
A Google user,5,2026-09-03 15:04:52,মোহনা আক্তার আরিশা মোহনা আক্তার আরিশা,0,Robi,General Appreciation / Other,Neutral,The review consists only of a repeated name and contains no specific feedback or operational issues.
A Google user,5,2026-09-03 14:51:55,"Good , but Make sure stick to a Good internet package , like low momey high validity and Data volume.",2,Robi,Offers & Data Packs,Positive,The user is satisfied but requests the introduction of internet packages that offer high data volume and long validity at a low cost.
A Google user,1,2026-09-03 14:37:17,রবি জুতার বার কোম্পানির গালে গালামাল জুতা মারি,0,Robi,General Appreciation / Other,Negative,The user expresses extreme frustration and uses abusive language to insult the Robi company.
A Google user,5,2026-09-03 14:22:45,very good app,0,Robi,General Appreciation / Other,Positive,The customer expresses that the app is very good.
A Google user,5,2026-09-03 13:39:50,উনাকে যাতে ১০ জিবি এমবি দেয়া হয়,0,Robi,Offers & Data Packs,Neutral,The user is requesting that the customer be granted 10 GB of data.
A Google user,1,2026-09-03 13:17:22,"খুব বাজে সময় মতো কল হিস্ট্রিরি আসে না,, কয়েক দিন পর আসে, যেখানে এক ঘন্টা পর কল হিস্ট্রি আসার কথা সেখানে তিন পর আসে, এখানে আপস নয় তো কি বলবো",0,Robi,App Login & Technical Bugs,Negative,"The customer is complaining that call history updates are significantly delayed, taking three days instead of the expected one hour."
A Google user,5,2026-09-03 12:57:09,I received good support from this appp,0,Robi,General Appreciation / Other,Positive,The customer expressed satisfaction with the support received through the app.
A Google user,5,2026-09-03 12:30:04,রবি সেরা রবিতে আমাদের মত মধ্যবিত্তদের জন্য সেরা অফার পাওয়া যায়। কম দামের বেশি মেয়াদ। ধন্যবাদ রবি আমাদের পাশে থাকবেন....,0,Robi,Offers & Data Packs,Positive,The customer praises Robi for providing the best offers with low prices and long validity periods for middle-class users.
A Google user,1,2026-09-03 12:11:55,"লাস্ট আপডেট এতটাই বাজে হয়েছে যে, মনে চায় সিম ব্যবহার করা বাদ দেই। অফার সেকশনে গিয়ে অফারের লিস্ট স্ক্রল করা যায় না, স্ক্রিন কাঁপতে থাকে।",0,Robi,App Login & Technical Bugs,Negative,"The latest app update is so poor that the user wants to stop using the SIM, specifically citing that the offer list cannot be scrolled and the screen shakes."
A Google user,5,2026-09-03 12:06:16,লাভ ইউ বাংলাদেশ‌‌,0,Robi,General Appreciation / Other,Positive,The user expresses love for Bangladesh.
A Google user,5,2026-09-03 11:16:40,Shovan Das # Very Good Experience For Robi,0,Robi,General Appreciation / Other,Positive,The customer expresses a very good overall experience with Robi.
A Google user,5,2026-09-03 10:16:19,nice app but minit price is haigh,0,Robi,Billing & Airtime Deductions,Negative,The user finds the app nice but considers the per-minute call rates to be too high.
A Google user,1,2026-09-03 10:13:35,Which stupid redesigned the app? Almost unusable.,0,Robi,App Login & Technical Bugs,Negative,"The customer is angry about the app's recent redesign, stating that it has made the application almost unusable."
A Google user,5,2026-09-03 09:45:25,3 জিবি এমবি ফ্রি,0,Robi,Offers & Data Packs,Neutral,The customer is inquiring about or mentioning a 3GB free data offer.
A Google user,5,2026-09-03 09:43:06,available good,0,Robi,General Appreciation / Other,Positive,The customer states that the service is available and good.
A Google user,5,2026-09-03 09:04:27,"সবাই কে শুভেচ্ছা ও সালাম আসসালামু আলাইকুম । কম খরচে My Robi নেটওয়ার্কের গতি বাড়িয়ে ১৮ কোটি মানুষের হৃদয় জুড়ে। তবে আমি মনে করি,গ্রাম অঞ্চল গুলো নিয়ে আরো কিছু পরিকল্পনা করা দরকার রয়েছে।",0,Robi,Network Speed & 4G Latency,Positive,The user praises the affordable and fast network speed but suggests that more planning is needed for rural areas.
A Google user,5,2026-09-03 08:20:18,good morning,0,Robi,General Appreciation / Other,Neutral,The user sent a standard morning greeting without providing specific feedback.
A Google user,5,2026-09-03 07:57:55,monthly GB plan অন্য সব সিম থেকে অনেক ভালো রবিতে অনেক কম খরচে অনেক বড় মাসিক অফার পাওয়া যায় তাই আমি আমার পছন্দের সিমের তালিকা rank নাম্বার ওয়ান রবি সিমকে দিলাম কারণ যেসব জায়গায় অনান্য সিমে থ্রিজি টুজি ইন্টারনেট সেবা দেয় ওইসব জায়গায় রবি সিমে 4G+ ইন্টারনেট পাওয়া যায় যেমন আমার বাসায় অন্য কোন সিম শুধু ই নেটওয়ার্ক দেখায় আর রবি সিম 4G+ইন্টারনেট সেবা দেয় 😊👍👍❤️,0,Robi,Network Speed & 4G Latency,Positive,"The user ranks Robi as their top choice because it provides 4G+ internet coverage in areas where other SIMs only offer 2G/3G, and they appreciate the affordable monthly data plans."
A Google user,5,2026-09-03 00:20:41,Many good apps,0,Robi,General Appreciation / Other,Positive,The customer expresses general satisfaction with the quality of the apps.
A Google user,5,2026-09-02 23:54:02,এমবি অফারে দাম একটু কম করাহলে ভালো হয়,0,Robi,Offers & Data Packs,Neutral,The customer suggests that the price of MB offers should be reduced.
A Google user,2,2026-09-02 22:56:35,After updating the app become useless. I tried so many time but the app is not opening. it's just loading all day long.,4,Robi,App Login & Technical Bugs,Negative,"The app became unusable after an update, failing to open and stuck on a loading screen despite multiple attempts."
A Google user,5,2026-09-02 21:49:23,very good app,0,Robi,General Appreciation / Other,Positive,The customer expresses that the app is very good.
A Google user,5,2026-09-02 21:49:20,আমার বিকাশ থেকে ২০০৯ টাকা পেমেন্ট হয়েছে ভুলে পেমেন্ট হয়েছে টাকা বিকাশে পাঠায় দেন স্যার,0,Robi,Billing & Airtime Deductions,Negative,The customer reports an accidental payment of 2009 Taka from their bKash account and is requesting a refund.
A Google user,1,2026-09-02 21:31:58,can't install this app...ugh,0,Robi,App Login & Technical Bugs,Negative,The user is unable to install the application.
A Google user,5,2026-09-02 21:10:52,best network,0,Robi,Network Speed & 4G Latency,Positive,The customer praises the quality of the network.
A Google user,5,2026-09-02 21:00:56,good offer. Thank you Robi,0,Robi,Offers & Data Packs,Positive,The customer expresses satisfaction with a specific offer and thanks Robi.
A Google user,5,2026-09-02 20:03:28,valo offer dile aro valo lagbe,0,Robi,Offers & Data Packs,Neutral,The customer suggests that the service would be even better if more valuable offers were provided.
A Google user,5,2026-09-02 18:27:45,Magskysykge 6062,0,Robi,General Appreciation / Other,Neutral,"The review consists of unintelligible text or gibberish, likely a typo or spam, with no discernible operational feedback."
A Google user,5,2026-09-02 15:42:48,Akash. Das👌👌👌👌,0,Robi,General Appreciation / Other,Positive,The customer expressed satisfaction with a series of thumbs-up emojis.
A Google user,5,2026-09-02 11:21:48,রবি আমার জন্য সেরা একটি অ্যাপস এবং আমি মুহূর্তেই কোন সাহায্য পেতে পারি এই অ্যাপস থেকে ❤️❤️,0,Robi,General Appreciation / Other,Positive,The customer considers Robi the best app and appreciates the immediate assistance it provides.
A Google user,5,2026-09-02 10:46:33,রবিতে সুন্দর সুন্দর অফার গুলো পাওয়া যায় অসংখ্য ধন্যবাদ রবি সার্ভিস,0,Robi,Offers & Data Packs,Positive,The customer appreciates the variety of offers available on Robi and thanks the service.
A Google user,5,2026-09-02 08:14:48,gd experience,0,Robi,General Appreciation / Other,Positive,The customer reports a good experience.
A Google user,5,2026-09-02 01:22:05,esculent offer,0,Robi,Offers & Data Packs,Neutral,The customer is inquiring about or referring to a specific offer.
A Google user,5,2026-09-01 22:56:30,my robi app thank you 😄🙂,0,Robi,General Appreciation / Other,Positive,The customer is expressing gratitude and appreciation for the My Robi app.
A Google user,5,2026-09-01 21:12:00,good experience,0,Robi,General Appreciation / Other,Positive,The customer reports having a good experience with the service.
A Google user,5,2026-09-01 20:30:29,Robi is Better good,0,Robi,General Appreciation / Other,Positive,The customer expresses that Robi is a good and better service provider.
A Google user,5,2026-09-01 20:02:59,very fruitful app,0,Robi,General Appreciation / Other,Positive,The customer finds the app to be very useful and beneficial.
A Google user,5,2026-09-01 19:32:45,আলহামদুলিল্লাহ খুব ভালো রবি খুব ভালো সার্ভিস দিচ্ছে আই লাভ মাই রবি অ্যাপ 💖,0,Robi,General Appreciation / Other,Positive,The customer expresses gratitude and love for Robi's excellent service and the My Robi app.
A Google user,1,2026-09-01 17:35:45,update korar por baje experience,0,Robi,App Login & Technical Bugs,Negative,The user reports a bad experience after updating the app.
A Google user,5,2026-09-01 17:29:59,Easy to use very good operator Robi and very good app,1,Robi,General Appreciation / Other,Positive,The customer finds the app easy to use and praises Robi as a good operator.
A Google user,5,2026-09-01 16:54:21,মোটামুটি লেভেলের 🔥,0,Robi,General Appreciation / Other,Positive,The user rates the service as decent or average level.
A Google user,5,2026-09-01 10:05:26,very helpful,0,Robi,General Appreciation / Other,Positive,The customer finds the service or app very helpful.
A Google user,5,2026-09-01 09:31:04,আপনাদের নেটওয়ার্ক টাওয়ার ব্যবহার করে এয়ারটেল অনেক সস্তায় ডাটা প্যাকেজ বিক্রি করে আর আপনারা টাকা বেশি নেন,0,Robi,Offers & Data Packs,Negative,"The customer complains that Airtel sells data packages much cheaper using the same network towers, while Robi charges higher prices."
A Google user,5,2026-09-01 08:20:07,beautiful app,0,Robi,General Appreciation / Other,Positive,The customer compliments the app's design.
A Google user,5,2026-09-01 07:37:19,robi network is best in Bangladesh,0,Robi,General Appreciation / Other,Positive,The customer states that Robi has the best network in Bangladesh.
A Google user,2,2026-09-01 02:08:39,Please consider reducing the size of this app.,0,Robi,App Login & Technical Bugs,Neutral,The user suggests reducing the file size of the application.
A Google user,5,2026-09-01 01:22:16,Very Nice Sarvice,0,Robi,General Appreciation / Other,Positive,The customer expresses satisfaction with the service quality.
A Google user,1,2026-09-01 00:32:23,too many bugs in latest version,0,Robi,App Login & Technical Bugs,Negative,The user reports that the latest version of the app contains too many bugs.
A Google user,5,2026-08-31 23:42:00,vary nice ✅👍,0,Robi,General Appreciation / Other,Positive,The customer expresses that the service is very nice.
A Google user,5,2026-08-31 22:56:29,Extremely helpful.,0,Robi,General Appreciation / Other,Positive,The customer finds the service or app extremely helpful.
A Google user,5,2026-08-31 22:34:09,"good, very good, excellent",0,Robi,General Appreciation / Other,Positive,The customer expresses high satisfaction with the service using positive adjectives.
A Google user,5,2026-08-31 22:24:41,"good, but sometimes money cuting the main balance.",0,Robi,Billing & Airtime Deductions,Negative,The user reports that money is sometimes incorrectly deducted from their main balance.
A Google user,4,2026-08-31 22:00:47,"ধন্যবাদ রবি অ্যাপ, ৯ টাকায় ১ জিবি ডাটা ইন্টারনেট ব্যবহার করার সুযোগ দেওয়ার জন্য আর ধন্যবাদ কিছু সুবিধা দেওয়ার জন্য তবে মাঝে মাঝে গ্রামীণফোন এর মতো হারামি না করলে আরো প্রিয় হয়ে উঠবেন। ধন্যবাদ রবি",0,Robi,Offers & Data Packs,Positive,"The customer thanks Robi for the affordable 1GB data offer and general benefits, while suggesting they improve their service to match Grameenphone's standards."
A Google user,5,2026-08-31 21:04:07,aro kom dam e offer chai,0,Robi,Offers & Data Packs,Neutral,The customer is requesting offers at a lower price.
A Google user,5,2026-08-31 20:51:36,this is a best app.,0,Robi,General Appreciation / Other,Positive,The customer expresses that the app is excellent.
A Google user,2,2026-08-31 20:41:51,"এই আ্যাপটি আনেক ভালো,,",0,Robi,General Appreciation / Other,Positive,The user states that this app is very good.
A Google user,1,2026-08-31 20:37:53,"If I have made a mistake in my life, then I am buying this SIM because of the network problem.",0,Robi,Network Speed & 4G Latency,Negative,"The customer expresses extreme dissatisfaction with the network quality, stating that buying the SIM was a major mistake due to poor connectivity."
A Google user,2,2026-08-31 19:01:45,তোপে রয়েছে একটি অংশ অংশ নিতে,0,Robi,App Login & Technical Bugs,Negative,The user reports that a specific section or part of the app is stuck or not loading properly.
A Google user,5,2026-08-31 18:52:32,good Experience this app helpful the offer buy mobile recharge bill pay and others service robi,0,Robi,General Appreciation / Other,Positive,"The user expresses satisfaction with the app's helpfulness for offers, recharges, and bill payments."
A Google user,1,2026-08-31 18:34:00,The new update is really bad the UI and UX design is really poor commands are not smooth enough the old version was much more better than this one the app keeps buffering all the time and if I wanna do something I touch the screen it goes to somewhere else where I don't even wanna go please fix it or keep the old version,5,Robi,App Login & Technical Bugs,Negative,"The user complains that the new app update has poor UI/UX design, causes buffering, and has unresponsive touch controls, preferring the previous version."
A Google user,5,2026-08-31 18:27:12,nice service and offer,0,Robi,Offers & Data Packs,Positive,The customer appreciates the service quality and the available offers.
A Google user,5,2026-08-31 11:06:52,thanks robi for best deal.and best offer,0,Robi,Offers & Data Packs,Positive,The customer expresses gratitude for the best deals and offers provided by Robi.
A Google user,5,2026-08-31 10:10:22,"Robi is good in all aspects but the network service is not good, you can't get network everywhere.",2,Robi,Network Speed & 4G Latency,Negative,The customer finds Robi generally good but complains about poor network coverage and availability in various locations.
A Google user,5,2026-08-31 09:16:43,টাকা ইউজ না করলেও টাকা কেটে নিয়ে যায়,0,Robi,Billing & Airtime Deductions,Negative,The customer complains that money is deducted from their account even when they are not using the service.
A Google user,5,2026-08-31 07:46:04,এই এ্যাপটা খুবই দারুন 🌸,0,Robi,General Appreciation / Other,Positive,The customer finds the app to be excellent.
A Google user,5,2026-08-31 02:27:29,Just wow sera 🥀🍂🌿,0,Robi,General Appreciation / Other,Positive,The customer expresses strong admiration and satisfaction with a simple exclamation.
A Google user,5,2026-08-31 02:14:51,Very good App,0,Robi,General Appreciation / Other,Positive,The customer expresses satisfaction with the overall quality of the app.
A Google user,5,2026-08-31 01:45:51,best SIM ever 👌🏻,0,Robi,General Appreciation / Other,Positive,The customer expresses high satisfaction with the SIM card service.
A Google user,5,2026-08-31 00:45:17,"Alhamdulillah,it's good",0,Robi,General Appreciation / Other,Positive,The customer expresses general satisfaction with the service.
A Google user,5,2026-08-30 23:56:39,service good,0,Robi,General Appreciation / Other,Positive,The customer expresses satisfaction with the overall service quality.
A Google user,5,2026-08-30 23:35:30,Thanks Robi for provide good service,0,Robi,General Appreciation / Other,Positive,The customer expresses gratitude to Robi for providing good service.
A Google user,5,2026-08-30 23:27:31,My Robi Best App 🥰😍,0,Robi,General Appreciation / Other,Positive,The customer expresses strong affection and approval for the My Robi app.
A Google user,4,2026-08-30 22:49:51,very nice app,0,Robi,General Appreciation / Other,Positive,The customer expresses that the app is very nice.
A Google user,5,2026-08-30 22:41:44,this apps are crazy,0,Robi,App Login & Technical Bugs,Negative,The customer expresses frustration with the app's erratic or buggy behavior.
A Google user,1,2026-08-30 21:53:10,বালের টাওয়ার suffering ছাড়া হয়না ।,0,Robi,Network Speed & 4G Latency,Negative,The customer states that they cannot function without suffering from poor tower coverage.
A Google user,5,2026-08-30 21:26:31,best network,0,Robi,Network Speed & 4G Latency,Positive,The customer praises the quality of the network.
A Google user,5,2026-08-30 20:32:24,"This apps is very helpful for user, we can easily buy pack from this apk.Thanks Robi for providing a good apk.",4,Robi,General Appreciation / Other,Positive,The user appreciates the app for its helpfulness and ease of purchasing data packs.
A Google user,5,2026-08-30 20:21:35,Good App🌟🌟🌟🌟🌟,0,Robi,General Appreciation / Other,Positive,"The customer expresses satisfaction with the app, rating it five stars."
A Google user,5,2026-08-30 20:13:23,need robi drive,0,Robi,General Appreciation / Other,Neutral,The user is requesting information or access to the Robi Drive service.
A Google user,1,2026-08-30 19:59:36,apps is slow,0,Robi,App Login & Technical Bugs,Negative,The user reports that the application is running slowly.
A Google user,5,2026-08-30 19:49:13,very helpful app,0,Robi,General Appreciation / Other,Positive,The customer finds the app very helpful.
A Google user,5,2026-08-30 18:54:52,❤️❤️🥰🥰❤️❤️❤️❤️❤️❤️❤️❤️❤️❤️❤️❤️🥰❤️❤️❤️❤️❤️❤️❤️❤️❤️❤️❤️❤️❤️❤️❤️❤️❤️❤️❤️❤️❤️❤️❤️❤️❤️❤️❤️❤️❤️❤️❤️❤️❤️❤️❤️❤️❤️,0,Robi,General Appreciation / Other,Positive,The user expressed strong affection and satisfaction using only heart and love emojis.
A Google user,5,2026-08-30 18:34:20,আর কি বলবো 😅,0,Robi,General Appreciation / Other,Neutral,"The user expresses that they have nothing else to say, likely indicating satisfaction or a lack of specific complaints."
A Google user,1,2026-08-30 17:06:59,amr sim e kom takar modde 30 daykono package ashe na 😔,0,Robi,Offers & Data Packs,Negative,The customer is complaining that no 30-day data packages are available for their SIM card at a low price.
A Google user,5,2026-08-30 17:03:04,অফার প্রাইস পুরোপুরি দেখা যায় না কেনো?,0,Robi,Offers & Data Packs,Negative,The customer is asking why the full offer price is not visible.
A Google user,5,2026-08-30 16:34:52,"আমি মাই ফ্যামিলি প্যাক ১০০জিবি ১৫০০মিনিট প্যাকটি ব্যবহার করি। প্যাকটির মূল্য ডাকাতি তুল্য। এখানে ১০০জিবি ৩০০মিনিট ৩০০এসএমএস, মূল্য ৮৯৯৳ টাকা করলে ভাল হয়। নইলে পরিবারের সবগুলো সিম টেলিটকে MNP করব।",0,Robi,Offers & Data Packs,Negative,"The customer finds the My Family 100GB/1500min pack overpriced, suggests a cheaper 100GB/300min/300SMS option at 899 BDT, and threatens to port their family's SIMs to Telenor if the pricing is not improved."
A Google user,3,2026-08-30 16:15:46,"ai app ta age free dokha jeto net chara , akhon net lage,, ai update ta akdom e pocondo hoinai,,mb ses hole mnos app a dokhbe kivave mb kinar jonno,, free access ta valo chilo dokhe net kena jeto,,akdom baje korce aita,, free jate dokha jai ager moto kortipokkher dristy akosson korci",0,Robi,App Login & Technical Bugs,Negative,"The user is frustrated that the app now requires an internet connection to view MB balance and purchase data, whereas it previously worked offline for free, and demands the restoration of the old feature."
A Google user,5,2026-08-30 14:06:16,রবি নেটওয়ার্ক ব্যবহার করে আমি খুব আত্মবিশ্বাসী । 👍,0,Robi,General Appreciation / Other,Positive,The customer expresses high confidence in using the Robi network.
A Google user,5,2026-08-30 13:32:26,আরও ভালো অফারের জন্য অপেক্ষা আছি কমের ভেতর,0,Robi,Offers & Data Packs,Neutral,The customer is waiting for better offers within the app.
A Google user,5,2026-08-30 13:10:36,সুন্দর অনেক সুন্দর,0,Robi,General Appreciation / Other,Positive,The customer expresses that the service or app is very beautiful and nice.
A Google user,5,2026-08-30 12:22:09,thanks my robi,0,Robi,General Appreciation / Other,Positive,The customer is expressing gratitude to the My Robi service.
A Google user,5,2026-08-30 10:52:31,robi Network is good in Chittagong,0,Robi,Network Speed & 4G Latency,Positive,The customer reports that the Robi network performance is good in Chittagong.
A Google user,4,2026-08-30 08:54:03,Really its pleasured me,0,Robi,General Appreciation / Other,Positive,The customer expresses that they are pleased with the service.
A Google user,5,2026-08-30 01:46:34,best for showing option... mb & balance,0,Robi,General Appreciation / Other,Positive,"The user appreciates the app for clearly displaying data options, megabytes, and balance."
A Google user,2,2026-08-30 01:37:37,Goutom Roy 😍😍😍,0,Robi,General Appreciation / Other,Positive,The customer expressed enthusiasm and appreciation using emojis.
A Google user,5,2026-08-30 00:22:33,শুধু একটা সমস্যা নেটওয়ার্ক একটু কম পায়,0,Robi,Network Speed & 4G Latency,Negative,The customer reports that the network signal strength is weak.
A Google user,5,2026-08-29 23:25:09,অনেক অনেক ভালো,0,Robi,General Appreciation / Other,Positive,The customer expresses that the service is very good.
A Google user,5,2026-08-29 23:03:50,Alhamdulillah,0,Robi,General Appreciation / Other,Positive,The customer expresses gratitude and satisfaction.
A Google user,5,2026-08-29 22:52:26,"গ্রামের ইন্টারনেট সার্ভিস খুবই খারাপ , এটার শিঘ্রই একটা সমাধান আসা করছি কতৃপক্ষের নিকট এবং কতৃপক্ষের নিকট উত্তর আসা করছি, ধন্যবাদ ।",0,Robi,Network Speed & 4G Latency,Negative,The customer reports that the internet service in their village is very poor and requests a prompt solution from the authorities.
A Google user,5,2026-08-29 21:23:05,this is a very important apps for our every moment.,0,Robi,General Appreciation / Other,Positive,The customer considers the app very important for their daily use.
A Google user,5,2026-08-29 20:01:00,better service,0,Robi,General Appreciation / Other,Positive,The customer expresses satisfaction with the improved service quality.
A Google user,5,2026-08-29 19:25:57,good service 👍,0,Robi,General Appreciation / Other,Positive,The customer expresses satisfaction with the overall service quality.
A Google user,5,2026-08-29 18:01:12,valoi lage point barle,0,Robi,Billing & Airtime Deductions,Negative,The user complains that points are deducted without any actual benefit or value.
A Google user,4,2026-08-29 16:56:06,Rifat Shak এতো বাজে নেটওয়ার্ক 😡😡,0,Robi,Network Speed & 4G Latency,Negative,The customer is complaining that the network quality is very poor.
A Google user,5,2026-08-29 16:41:44,I Am Satisfied Thank you So much 😊,0,Robi,General Appreciation / Other,Positive,The customer expresses satisfaction and gratitude.
A Google user,5,2026-08-29 16:38:26,ভালো হয়েছে এখন,0,Robi,General Appreciation / Other,Positive,The user states that things have become good now.
A Google user,5,2026-08-29 16:18:37,robi is tha best Network 🖤,0,Robi,General Appreciation / Other,Positive,The customer expresses that Robi is the best network.
A Google user,1,2026-08-29 14:57:48,"slowest network in our country, and the robi wifi router, it's more slow then mobile network.",2,Robi,Network Speed & 4G Latency,Negative,The customer complains that Robi has the slowest network in the country and that their Wi-Fi router is even slower than the mobile network.
A Google user,5,2026-08-29 12:51:11,অনেক ভালো লেগেছে কিন্তু রবি আমাদেরকে আরো অফার দিক,0,Robi,Offers & Data Packs,Positive,The user likes the service but requests that Robi provide more offers.
A Google user,5,2026-08-29 01:06:49,miad bashy lagbe,0,Robi,General Appreciation / Other,Neutral,The user states that they need a mid-bashy (mid-month) offer or pack.
A Google user,1,2026-08-29 00:42:12,Latest update app user experience not good at all.,2,Robi,App Login & Technical Bugs,Negative,The user reports that the user experience of the latest app update is very poor.
A Google user,5,2026-08-29 00:04:57,🖤🖤🖤🖤🖤🖤🖤🖤🖤🖤🖤🖤🖤🖤,0,Robi,General Appreciation / Other,Negative,The user expressed strong dissatisfaction using a series of black heart emojis without providing specific textual details.
A Google user,5,2026-08-28 22:58:27,usefull apps,0,Robi,General Appreciation / Other,Positive,The customer finds the app useful.
A Google user,5,2026-08-28 22:41:02,good app+robi network 💞,1,Robi,General Appreciation / Other,Positive,The customer expresses satisfaction with both the app and the Robi network.
A Google user,1,2026-08-28 20:25:58,Robi app nice,0,Robi,General Appreciation / Other,Positive,The customer expresses that the Robi app is nice.
A Google user,1,2026-08-28 20:08:26,this side is very good😊,0,Robi,General Appreciation / Other,Positive,The customer expresses that the service or app is very good.
A Google user,5,2026-08-28 19:55:52,কয়েন দিলে ভালো হতো,0,Robi,Offers & Data Packs,Neutral,The customer suggests that it would be good if coins were provided.
A Google user,1,2026-08-28 15:36:39,একটা ভালো অফার একবার দিলে পরেরবার আর দেয় না। একবার ৩০০ মিনিট ২০০ টাকায় কিনলে পরের বার ২৫০ মিনিট দেয়। পচা মার্কেটিং সিস্টেম,0,Robi,Offers & Data Packs,Negative,"The customer complains that the app does not repeat good offers, such as the 300-minute pack for 200 Taka, and instead provides smaller quantities later, describing the marketing system as poor."
A Google user,5,2026-08-28 15:07:13,নেট ইসপিরিট ভালো না,0,Robi,Network Speed & 4G Latency,Negative,The internet speed is not good.
A Google user,1,2026-08-28 14:47:45,আমি রবি অ‍্যাপে ঢুকতে পারছি না কিন্তু কেন????,0,Robi,App Login & Technical Bugs,Negative,The user is unable to log into the Robi app and is asking for the reason.
A Google user,5,2026-08-28 11:43:35,Good Service,0,Robi,General Appreciation / Other,Positive,The customer expresses satisfaction with the overall service quality.
A Google user,5,2026-08-28 11:05:06,offer gulo arekto kome dile bhalo hoy,0,Robi,Offers & Data Packs,Neutral,The customer suggests that the prices of the offers should be reduced.
A Google user,3,2026-08-28 11:01:53,তোমা দের নেটওয়ার্ক অনেক স্লো এটাকে একটু ফাস্ট করে দাও,0,Robi,Network Speed & 4G Latency,Negative,The customer complains that the network is very slow and requests it to be made faster.
A Google user,5,2026-08-28 10:53:32,"With Robi App, we can easily buy the required data minutes and SMS of a certain quality in a transparent manner. This app is updated every day and offers new data packet facilities. Best wishes for this Robi SIM offer.",2,Robi,Offers & Data Packs,Positive,"The user praises the app for its transparent and easy process of purchasing data, minutes, and SMS, as well as its frequent updates with new data pack facilities."
A Google user,5,2026-08-28 10:08:14,very good 👍🤝,0,Robi,General Appreciation / Other,Positive,The customer expresses general satisfaction with the service.
A Google user,5,2026-08-28 10:05:52,কম টাকায় ভালো ইন্টারনেট পাওয়া যায়,0,Robi,Offers & Data Packs,Positive,The customer appreciates getting good internet at a low price.
A Google user,5,2026-08-28 07:38:25,my robi app asolei dordarno ekta apps. jotpot lon sob kichu miliye onk sundor,0,Robi,General Appreciation / Other,Positive,The user describes the My Robi app as truly wonderful and praises its overall quality.
A Google user,5,2026-08-28 07:26:49,ভালো এপ্লিকেশন,0,Robi,General Appreciation / Other,Positive,The customer describes the application as good.
A Google user,1,2026-08-28 02:41:22,দয়া করে আপনাদের অ্যাপ এর ইন্টারফেস গুলো পাল্টান.. কেন যেন এই থিম ইউজ করতে খুব খারাপ লাগতেছে এবং lagging ফিল হচ্ছে...,0,Robi,App Login & Technical Bugs,Negative,"The user requests a change to the app's interface theme, citing poor usability and lagging performance."
A Google user,5,2026-08-28 01:47:58,good appgood app,0,Robi,General Appreciation / Other,Positive,"The customer expresses satisfaction with the app, describing it as good."
A Google user,5,2026-08-28 00:45:31,রাখা দরকার ছিল তার সাথে,0,Robi,General Appreciation / Other,Neutral,It was necessary to keep it with him/her.
A Google user,5,2026-08-27 22:18:25,Very Good App,0,Robi,General Appreciation / Other,Positive,The customer expresses satisfaction with the overall quality of the app.
A Google user,5,2026-08-27 22:15:05,aro kom rete chay,0,Robi,General Appreciation / Other,Neutral,The user expresses a general desire for the service or app to be improved or better.
A Google user,5,2026-08-27 21:58:52,good apps❤️❤️,0,Robi,General Appreciation / Other,Positive,"The customer expresses satisfaction with the app, describing it as good."
A Google user,1,2026-08-27 20:30:40,"mb kine loss ,net nai",0,Robi,Network Speed & 4G Latency,Negative,The customer reports losing money on a purchase because there was no network connectivity.
A Google user,5,2026-08-27 20:02:42,very nice 💔💔❤️❤️,0,Robi,General Appreciation / Other,Positive,The customer expresses that the service or app is very nice.
A Google user,5,2026-08-27 20:00:52,very nice apps,0,Robi,General Appreciation / Other,Positive,The customer expresses that the app is very nice.
A Google user,5,2026-08-27 19:54:26,Kawsar Farazi good,0,Robi,General Appreciation / Other,Positive,The customer expressed a positive sentiment by stating 'good'.
A Google user,5,2026-08-27 19:01:56,Data price is sky rocket need to decrease soon. Overall good 👍,1,Robi,Offers & Data Packs,Neutral,The customer requests a reduction in data prices due to high costs but acknowledges the service is generally good.
A Google user,4,2026-08-27 18:29:42,"Easy to use,But Very expensive package & etc",0,Robi,Offers & Data Packs,Negative,The user finds the app easy to use but considers the packages and services to be very expensive.
A Google user,5,2026-08-27 16:35:11,good condition apps,0,Robi,General Appreciation / Other,Positive,The customer states that the app is in good condition.
A Google user,5,2026-08-27 15:31:40,অ্যাপ ওপেন নিতে এতক্ষণ লাগে,0,Robi,App Login & Technical Bugs,Negative,The app takes a long time to open.
A Google user,5,2026-08-27 14:30:40,এটা অনেক ভালো,0,Robi,General Appreciation / Other,Positive,The customer states that this is very good.
A Google user,5,2026-08-27 12:45:01,I always recommend Robi specially for Chittagong Division for good Network experience!,1,Robi,General Appreciation / Other,Positive,The customer recommends Robi for its good network experience in the Chittagong Division.
A Google user,1,2026-08-27 12:30:03,"The app shows an offer for 60days, after purchasing the offer they gave me 15days offer.It’s cheating. Offer shown 1p/sec for 60 days. they gave 1p/sec for 15days.",5,Robi,Offers & Data Packs,Negative,The customer is complaining that the app displayed a 60-day offer but only provided a 15-day package after purchase.
A Google user,5,2026-08-27 11:17:38,filling good,0,Robi,General Appreciation / Other,Positive,The customer expresses satisfaction with the service quality.
A Google user,5,2026-08-27 10:28:58,have a good apps,0,Robi,General Appreciation / Other,Positive,The customer expresses that the app is good.
A Google user,5,2026-08-27 08:52:04,it's very good,0,Robi,General Appreciation / Other,Positive,The customer expresses that the service or app is very good.
A Google user,5,2026-08-27 05:58:54,this app betar,0,Robi,General Appreciation / Other,Neutral,"The user provided an incomplete phrase referring to the app, offering no specific feedback or sentiment."
A Google user,5,2026-08-27 02:00:37,Create account,0,Robi,App Login & Technical Bugs,Neutral,The user is requesting to create an account or inquiring about the account creation process.
A Google user,5,2026-08-27 01:05:48,excellent offer,0,Robi,Offers & Data Packs,Positive,The customer is praising the quality of a specific offer.
A Google user,5,2026-08-27 00:49:40,ki bal banaisen apps ai dia amar sawa banaisen,0,Robi,App Login & Technical Bugs,Negative,The user is frustrated that the app is not working and is asking why it is not functioning.
A Google user,1,2026-08-26 22:09:32,ধনের অ্যাপস ঠিকঠাক মতো কাজ কাম করেনা ধোন বানাইছেন আপনারা ভাইয়া।।,0,Robi,App Login & Technical Bugs,Negative,The customer complains that the app is not working properly and accuses the team of creating problems.
A Google user,5,2026-08-26 21:48:56,Just Awesome 😊,0,Robi,General Appreciation / Other,Positive,The customer expresses general satisfaction with the service.
A Google user,3,2026-08-26 20:14:51,valo valo offer dewya ucit,0,Robi,Offers & Data Packs,Neutral,It is appropriate to provide good offers.
A Google user,4,2026-08-26 20:10:19,ROBI app the best deal app,0,Robi,General Appreciation / Other,Positive,The customer praises the Robi app as the best deal app.
A Google user,5,2026-08-26 18:59:02,অনেক ভালো অফার,0,Robi,Offers & Data Packs,Positive,The customer states that the offers are very good.
A Google user,1,2026-08-26 18:15:17,অসাধারণ অভিজ্ঞতা।,0,Robi,General Appreciation / Other,Positive,The customer describes their experience as wonderful.
A Google user,2,2026-08-26 17:56:49,stuck on loading screen,2,Robi,App Login & Technical Bugs,Negative,The user reports that the application is stuck on the loading screen.
A Google user,5,2026-08-26 16:47:32,good performance,0,Robi,General Appreciation / Other,Positive,The customer is expressing satisfaction with the overall good performance.
A Google user,1,2026-08-26 16:39:58,সেবার মান ভালো না🫪,0,Robi,General Appreciation / Other,Negative,The customer states that the service quality is not good.
A Google user,4,2026-08-26 16:11:20,this pack was good for me... I want this package more and more,0,Robi,Offers & Data Packs,Positive,The customer found the data pack satisfactory and expressed a desire to use it more frequently.
A Google user,5,2026-08-26 14:38:54,Thankyou my robi,0,Robi,General Appreciation / Other,Positive,The customer is expressing gratitude to the My Robi service.
A Google user,5,2026-08-26 13:58:50,ফালতু একটা নেট চলে,0,Robi,Network Speed & 4G Latency,Negative,The network is useless and does not work properly.
A Google user,5,2026-08-26 13:37:37,Need more discount offer in internet. Need more free Internet packs,0,Robi,Offers & Data Packs,Neutral,The customer is requesting more discount offers and free internet data packs.
A Google user,2,2026-08-26 12:47:06,recently robi sim internet is very slow.,0,Robi,Network Speed & 4G Latency,Negative,The customer reports that the internet speed on their Robi SIM is very slow.
A Google user,1,2026-08-26 12:28:10,alhamdulillah valo,0,Robi,General Appreciation / Other,Positive,The customer expresses gratitude and satisfaction with the service.
A Google user,5,2026-08-26 11:46:00,very good app,0,Robi,General Appreciation / Other,Positive,The customer expresses that the app is very good.
A Google user,5,2026-08-26 11:42:23,nice 2026 ( Fazlul Online Bd ),0,Robi,General Appreciation / Other,Positive,"The user expresses a positive sentiment with a brief, non-specific comment."
A Google user,5,2026-08-26 00:00:00,আজকে আমি একটা প্যাক buy দিয়েছি। আমার বিকাশ একাউন্ট থেকে ৫৯৮ টাকা করে দুই বার টাকা কেটে নেওয়া হয়েছে কিন্তু প্যাক ও পাইনি। আবার টাকা ও পাইনি। কেনো এমন হলো।,0,Robi,Billing & Airtime Deductions,Negative,"The customer reports that 598 Taka was deducted twice from their bKash account for a single pack purchase, but they received neither the pack nor a refund."
A Google user,5,2026-08-25 23:51:19,"Really, I'm Surprised. very nice and optimized apps",0,Robi,General Appreciation / Other,Positive,The user is surprised and impressed by how nice and optimized the app is.
A Google user,5,2026-08-25 23:06:21,very very good,0,Robi,General Appreciation / Other,Positive,The customer expresses high satisfaction with the service.
A Google user,5,2026-08-25 22:32:40,nice experience,0,Robi,General Appreciation / Other,Positive,The customer expressed satisfaction with their overall experience.
A Google user,5,2026-08-25 21:57:18,excellent offers,0,Robi,Offers & Data Packs,Positive,The customer is praising the quality of the available offers.
A Google user,5,2026-08-25 21:38:39,It is very good app.,0,Robi,General Appreciation / Other,Positive,The customer expresses that the app is very good.
A Google user,5,2026-08-25 20:47:52,9 টাকায় 1 জিবি,0,Robi,Offers & Data Packs,Neutral,The customer is mentioning a data offer of 1GB for 9 Taka.
A Google user,5,2026-08-25 20:45:08,best service. strong network. best wishes for Robi.,0,Robi,General Appreciation / Other,Positive,The customer praises the strong network and expresses best wishes for Robi.
A Google user,5,2026-08-25 19:32:15,good i love robi 🇧🇩❤️❤️,0,Robi,General Appreciation / Other,Positive,The customer expresses love and appreciation for Robi.
A Google user,5,2026-08-25 18:45:04,"উপজেলা:কাপাসিয়া,জেলাগাজীপুর,বিভাগ:ঢাকায় location ভিত্তিক offer চাই",0,Robi,Offers & Data Packs,Neutral,"The customer is requesting location-specific offers for Kapashia, Gazipur, Dhaka."
A Google user,3,2026-08-25 17:26:42,good আরেকটু ভালো হতো যদি MB এবং minute দাম কমাতো,0,Robi,Offers & Data Packs,Neutral,The user suggests that the app would be better if the prices for MBs and minutes were reduced.
A Google user,5,2026-08-25 16:45:51,খুব ভালো লাগছে। সাজু খান ❤️💯🌹❤️,0,Robi,General Appreciation / Other,Positive,The customer expresses that they are enjoying the service very much and sends positive regards to a person named Saju Khan.
A Google user,5,2026-08-25 16:43:02,best for talktime,0,Robi,General Appreciation / Other,Positive,The customer appreciates the service for its talktime quality.
A Google user,1,2026-08-25 16:32:24,নতুন আপডেট খুবই হযবরল ও হিজিবিজি।,0,Robi,App Login & Technical Bugs,Negative,The new update is very troublesome and confusing.
A Google user,5,2026-08-25 15:22:54,very much ❤️,0,Robi,General Appreciation / Other,Positive,The customer expresses strong affection and satisfaction with the service.
A Google user,5,2026-08-25 15:14:23,অনেক ধন্যবাদ,0,Robi,General Appreciation / Other,Positive,The customer is expressing gratitude.
A Google user,5,2026-08-25 14:57:26,ites a best apps,0,Robi,General Appreciation / Other,Positive,The customer states that it is the best app.
A Google user,5,2026-08-25 14:33:38,kra valo apps,0,Robi,General Appreciation / Other,Positive,The customer states that the app is good.
A Google user,5,2026-08-25 12:57:14,overall good,0,Robi,General Appreciation / Other,Positive,The customer expresses general satisfaction with the service.
A Google user,1,2026-08-25 10:21:33,Amar baler app,0,Robi,General Appreciation / Other,Neutral,The user states that the app is their favorite.
A Google user,5,2026-08-25 08:43:26,robi is a good ❤️❤️❤️❤️❤️❤️❤️,0,Robi,General Appreciation / Other,Positive,The customer expresses general satisfaction and appreciation for Robi.
A Google user,5,2026-08-25 08:38:26,All the best.,0,Robi,General Appreciation / Other,Positive,The customer is sending general well-wishes without specific feedback on services.
A Google user,5,2026-08-25 08:33:49,Very helpful to me.,0,Robi,General Appreciation / Other,Positive,The customer finds the service or app very helpful.
A Google user,5,2026-08-25 07:39:35,All the best,0,Robi,General Appreciation / Other,Positive,The customer is offering general well-wishes without specific feedback on services.
A Google user,5,2026-08-25 01:02:56,free data bonus please accepted,0,Robi,Offers & Data Packs,Neutral,The customer is requesting the acceptance of a free data bonus offer.
A Google user,5,2026-08-24 22:57:40,valo na robi sim,0,Robi,General Appreciation / Other,Negative,The customer states that the Robi SIM is not good.
A Google user,1,2026-08-24 22:02:59,unlimited offer very bad...,0,Robi,Offers & Data Packs,Negative,The customer is expressing dissatisfaction with the quality or terms of the unlimited data offer.
A Google user,5,2026-08-24 21:20:10,আরেকটু ভালো অপার দিলে ভালো হয়,0,Robi,General Appreciation / Other,Neutral,The customer suggests that the operator should improve its services.
A Google user,5,2026-08-24 18:45:06,Rasib gaming 👍,0,Robi,General Appreciation / Other,Positive,The user expresses satisfaction with the gaming experience on the network.
A Google user,1,2026-08-24 16:33:48,"unlimited internet package price onek besi, khankir magggi sim , game khelar somoy net jay ga,,🤬🤬🤬🤬🤬🤬🤬🤬",2,Robi,Network Speed & 4G Latency,Negative,The customer complains that the unlimited internet package is too expensive and the network connection drops frequently while gaming.
A Google user,5,2026-08-24 10:27:12,good service.,1,Robi,General Appreciation / Other,Positive,The customer expresses satisfaction with the overall service quality.
A Google user,1,2026-08-24 09:29:58,বাজে সার্ভিস,0,Robi,General Appreciation / Other,Negative,The customer describes the service as bad.
A Google user,1,2026-08-24 06:04:45,আপনারা এই পয়েন্ট টা দেন যে সে জন্য অনেক ধন্যবাদ আপনাদের। আমাদের যখন কোনো এমারজেন্সি হয় তখন আমরা এই পয়েন্ট গুলো রিডম করে আমরা আমাদের সমস্যা সমাধান করতে পারি তাই আপনাদের কে অনেক অনেক ধন্যবাদ,0,Robi,General Appreciation / Other,Positive,"The customer expresses gratitude for the points system, which helps them resolve issues during emergencies."
A Google user,5,2026-08-24 05:27:20,this is a very good way to recharge evar i have seen,1,Robi,General Appreciation / Other,Positive,The customer praises the app as an excellent method for recharging.
A Google user,5,2026-08-24 00:31:43,❤️❤️☺️ Good ❤️,0,Robi,General Appreciation / Other,Positive,The customer expresses satisfaction with the service using positive emojis and the word 'Good'.
A Google user,1,2026-08-23 23:30:05,"রবি এপ থেকে বিকাশ থেকে প্রেমেন্ট করে mb কিনিছিলাম, টাকা নিছে এমবি দেয়নাই ফাউল",0,Robi,Billing & Airtime Deductions,Negative,"The customer paid for MBs via bKash through the Robi app but the money was deducted without receiving the data, which they consider a fraud."
A Google user,5,2026-08-23 23:17:11,আরো সহজ করা দরকার। অনেক সময় ভালো অফার খুঁজে পেতে কষ্ট হয়।,0,Robi,Offers & Data Packs,Negative,The user finds it difficult to locate good offers and suggests the process needs to be made easier.
A Google user,4,2026-08-23 22:49:16,pretty good from others,0,Robi,General Appreciation / Other,Positive,The customer finds the service or app to be better than competitors.
A Google user,4,2026-08-23 22:31:12,robi is good,0,Robi,General Appreciation / Other,Positive,The customer expresses general satisfaction with the Robi service.
A Google user,5,2026-08-23 22:16:40,very good apps,0,Robi,General Appreciation / Other,Positive,The customer expresses that the app is very good.
A Google user,5,2026-08-23 21:15:22,love This App ❤️❤️,0,Robi,General Appreciation / Other,Positive,The user expresses strong affection and satisfaction with the app.
A Google user,5,2026-08-23 17:37:57,Alhamdulillah kub valo,0,Robi,General Appreciation / Other,Positive,"The customer expresses gratitude and satisfaction, stating that everything is good."
A Google user,5,2026-08-23 15:43:37,this is very good and useful,0,Robi,General Appreciation / Other,Positive,The customer finds the app very good and useful.
A Google user,5,2026-08-23 14:14:40,অনেক ধন্যবাদ,0,Robi,General Appreciation / Other,Positive,The customer is expressing gratitude.
A Google user,5,2026-08-23 13:57:59,very helpful ❤️,0,Robi,General Appreciation / Other,Positive,The customer finds the service or app very helpful.
A Google user,5,2026-08-23 12:06:03,thanks you my robi app,0,Robi,General Appreciation / Other,Positive,The customer is expressing gratitude for the My Robi app.
A Google user,5,2026-08-23 12:02:33,আরও কম দামে ভালো অফার চাই,0,Robi,Offers & Data Packs,Neutral,The customer is requesting better offers at a lower price.
A Google user,5,2026-08-23 11:37:50,Outstanding 😊,0,Robi,General Appreciation / Other,Positive,The customer expressed satisfaction with the service.
A Google user,5,2026-08-23 10:56:55,"I have been using the Robi app and Robi SIM for quite some time now. Aside from a few minor issues, I am very pleased with the app; its features are truly outstanding and user-friendly. Most recently, I was highly satisfied with their complaint resolution service. I am genuinely impressed by their work process, progress, and rapid problem-solving approach. I hope they maintain this level of consistency in the future.",8,Robi,General Appreciation / Other,Positive,The user expresses high satisfaction with the Robi app's user-friendly features and praises the rapid and effective complaint resolution service.
A Google user,5,2026-08-23 09:05:12,robi ta mb+ minute er damta komano uchit. other wise thik ase.,1,Robi,Billing & Airtime Deductions,Neutral,"The customer suggests reducing the cost of MB+ minutes, stating that everything else is fine."
A Google user,5,2026-08-23 08:26:58,The Best Operator!💜,1,Robi,General Appreciation / Other,Positive,The customer expresses that Robi is the best operator.
A Google user,5,2026-08-23 02:34:16,niche great May Robi,0,Robi,General Appreciation / Other,Positive,The customer expresses that the service is great and hopes Robi continues to perform well.
A Google user,5,2026-08-23 01:37:33,good luck robi,0,Robi,General Appreciation / Other,Positive,The customer is wishing good luck to Robi.
A Google user,5,2026-08-23 00:26:58,"outstanding, wow",0,Robi,General Appreciation / Other,Positive,The customer expresses high satisfaction and enthusiasm with the service.
A Google user,5,2026-08-22 22:31:21,my robi supar,0,Robi,General Appreciation / Other,Positive,The customer expresses that the My Robi app is excellent.
A Google user,5,2026-08-22 22:19:00,I love my robi,0,Robi,General Appreciation / Other,Positive,The customer expresses general love and satisfaction with the Robi brand.
A Google user,1,2026-08-22 22:03:25,অভিজ্ঞতা খুব ভালো কিন্তু একটু নেট স্লো আমাদের এখানে টাওয়ার নাই খুব ভোগান্তি পড়াতে হয় শুধু নেট চলে যাই একটা আবেদন আমাদের এখানে একটা টাওয়ারের ব্যবস্থা করে দেন অথবা নেট পাওয়ার বারায়ে দেন ধন্যবাদ🥰❤️,0,Robi,Network Speed & 4G Latency,Neutral,The user reports slow network speeds due to the absence of a nearby tower and requests the installation of a new tower or improved signal coverage.
A Google user,1,2026-08-22 22:02:16,My Robi was very good before. I used to get very good and very affordable internet offers. But now all the offers on My Robi are very expensive. I am not getting any offers at affordable prices. That is why I do not like the My Robi app.,4,Robi,Offers & Data Packs,Negative,The user is dissatisfied because current internet offers on the My Robi app are significantly more expensive than the previously affordable options.
A Google user,5,2026-08-22 20:04:24,অনেক সুন্দর প্যাকেজ পাওয়া যায়,0,Robi,Offers & Data Packs,Positive,The customer finds the available packages to be very good.
A Google user,3,2026-08-22 18:15:18,thank you for packag,0,Robi,Offers & Data Packs,Positive,The customer is expressing gratitude for a data package.
A Google user,5,2026-08-22 17:45:21,very good service,0,Robi,General Appreciation / Other,Positive,The customer expresses satisfaction with the overall service quality.
A Google user,5,2026-08-22 16:18:08,রবি খুব ভালো,0,Robi,General Appreciation / Other,Positive,The customer states that Robi is very good.
A Google user,1,2026-08-22 14:00:15,new updates is the worst update ever. change it to the previous,0,Robi,App Login & Technical Bugs,Negative,The user considers the latest app update to be the worst and requests a rollback to the previous version.
A Google user,4,2026-08-22 13:46:08,রোমিং নেটওয়ার্ক আটো মেটিক হলে ভালো হতো।,0,Robi,Network Speed & 4G Latency,Neutral,It would be good if the roaming network were better.
A Google user,5,2026-08-22 10:40:47,Excellent apps,0,Robi,General Appreciation / Other,Positive,The customer expresses satisfaction with the quality of the app.
A Google user,5,2026-08-22 09:33:28,very good service ❤️‍🩹,0,Robi,General Appreciation / Other,Positive,The customer expresses satisfaction with the service.
A Google user,5,2026-08-22 08:00:15,my robi is best app,0,Robi,General Appreciation / Other,Positive,The customer expresses that the My Robi app is the best.
A Google user,5,2026-08-22 06:37:13,এমবির সাথে মিনিটটা আর একটু বেশি হলে অনেক ভালো হতো এই টাকায়,0,Robi,Offers & Data Packs,Neutral,The customer suggests that the call duration included in the My Robi package should be slightly higher for the given price.
A Google user,1,2026-08-22 01:41:50,"আগের UI ডিজাইনটি অনেক বেশি সুন্দর, পরিষ্কার ও user-friendly ছিল। নতুন আপডেটের পর ডিজাইনটি আগের তুলনায় অনেক বেশি confusing মনে হচ্ছে। কিছু icon, picture ও function দেখে সহজে বোঝা যাচ্ছে না কোনটার কাজ কী। অ্যাপের functionality ভালো হলেও নতুন UI/UX একদম আগের মতো আকর্ষণীয় লাগছে না। আশা করি developers ব্যবহারকারীদের feedback গুরুত্ব দিয়ে UI-টি আরও clean, সুন্দর ও সহজে বোঝার মতো করবেন। সম্ভব হলে আগের ডিজাইনের simplicity ফিরিয়ে আনা হলে অনেক ভালো লাগবে। ❤️",0,Robi,App Login & Technical Bugs,Negative,"The user finds the new app UI confusing and less user-friendly compared to the previous version, requesting a return to the simpler design."
A Google user,5,2026-08-22 01:40:42,this app is very good! and nice offer. thank you My Robi..,0,Robi,General Appreciation / Other,Positive,The customer expresses satisfaction with the app and its offers.
A Google user,4,2026-08-22 01:40:22,provide good services,0,Robi,General Appreciation / Other,Positive,The customer expresses satisfaction with the quality of services provided.
A Google user,5,2026-08-21 19:09:20,আমার প্রিয় রবি ফোন,0,Robi,General Appreciation / Other,Positive,The user expresses affection for their Robi phone.
A Google user,5,2026-08-21 16:40:41,"মোটামুটি ভালো আছ তবে, নেটওয়ার্ক আরো শক্তিশালি করতে হবে।",0,Robi,Network Speed & 4G Latency,Neutral,"The service is generally good, but the network needs to be made stronger."
A Google user,5,2026-08-21 16:39:54,verry nice this apps,0,Robi,General Appreciation / Other,Positive,The customer expresses that the app is very nice.
A Google user,5,2026-08-21 16:38:29,Best operator🥰,0,Robi,General Appreciation / Other,Positive,The customer expresses that Robi is the best operator.
A Google user,4,2026-08-21 16:31:35,"I usually rate apps 5 stars. However, the prices of Super Deal packs, internet, and minute bundles are too expensive for an ordinary student to afford 😔. I wish Robi would introduce student-exclusive offers with more affordable prices, available upon verification with a student ID card. I believe many students would benefit from and choose Robi if such affordable student packages were introduced.",7,Robi,Offers & Data Packs,Negative,"The user finds current data and call bundle prices too expensive for students and requests the introduction of affordable, verified student-exclusive offers."
A Google user,5,2026-08-21 15:25:51,এমবি ফ্রি দেন,0,Robi,Offers & Data Packs,Positive,The customer appreciates that they are receiving free MBs.
A Google user,5,2026-08-21 14:38:08,আমার ভালবাসার মাই রবি অ্যাপস,0,Robi,General Appreciation / Other,Positive,The customer expresses that they love the My Robi app.
A Google user,4,2026-08-21 14:08:01,very good-bad,0,Robi,General Appreciation / Other,Neutral,The customer provided a mixed or contradictory rating without specifying any particular issue.
A Google user,1,2026-08-21 12:53:05,"আপডেট ভার্সন খুবই বাজে। দেখতে চকচকে রঙিন হলেও, এপ চালাতে গিয়ে খুবই বাজে ফিল হচ্ছে। আগের পুরাতন ভার্সন এখনকার ভার্সনের চেয়ে হাজার গুন ভালো ছিল",0,Robi,App Login & Technical Bugs,Negative,The user complains that the updated app version has poor performance and feels much worse than the previous version despite its colorful interface.
A Google user,5,2026-08-21 12:52:31,very nice 🥹❤️,0,Robi,General Appreciation / Other,Positive,The customer expresses general satisfaction and affection for the service.
A Google user,5,2026-08-21 12:35:19,Good offer & Good sim,0,Robi,Offers & Data Packs,Positive,The customer is satisfied with the current offers and the SIM card.
A Google user,5,2026-08-21 10:30:54,মেয়াদ বিহীন এমবি দেয়া হোক unlimited data যাতে একবার কিনলে অনেক দিন যায় -!!,0,Robi,Offers & Data Packs,Neutral,The customer requests the introduction of unlimited data packs with no expiration date to ensure long-term value.
A Google user,5,2026-08-21 07:21:58,ther good app.🥀🥀,0,Robi,General Appreciation / Other,Positive,The customer states that the app is good.
A Google user,5,2026-08-21 07:04:57,এখন বর্তমানে অফারের দাম বেশি রাখে রবি,0,Robi,Offers & Data Packs,Negative,The customer complains that Robi currently keeps the prices of offers too high.
A Google user,5,2026-08-20 22:19:38,অনেক ধন্যবাদ,0,Robi,General Appreciation / Other,Positive,The customer is expressing gratitude.
A Google user,1,2026-08-20 21:54:42,doder mare chudi ami taka diye mb toder network solo,0,Robi,Network Speed & 4G Latency,Negative,"The customer complains that despite paying for data, the network is slow."
A Google user,1,2026-08-20 21:05:20,রবি সর্বনিম্ন রিচার্জ ১০ টাকা করতে হবে আমাদের অনেক সমস্যার সম্মুখীন হতে হয়.. এটা দ্রুত ১০ টাকা করা হোক না হলে রিপোর্ট আর সিম কার্ড বাতিল করা হবে 🤐 কোনো কথা হবে না আর 😎,0,Robi,Billing & Airtime Deductions,Negative,The customer is frustrated by the mandatory 10 Taka minimum recharge requirement and threatens to report the issue or cancel their SIM card if it is not resolved.
A Google user,5,2026-08-20 20:50:28,free 5 gb mb,0,Robi,Offers & Data Packs,Neutral,The customer is inquiring about or mentioning a free 5GB data offer.
A Google user,4,2026-08-20 19:45:35,best my robi apps,0,Robi,General Appreciation / Other,Positive,The customer expresses that the My Robi app is the best.
A Google user,5,2026-08-20 17:59:23,অফার দেন ভালো থেকে,0,Robi,Offers & Data Packs,Positive,The customer appreciates the quality of the offers provided.
A Google user,5,2026-08-20 15:31:09,my service ❤️❤️,0,Robi,General Appreciation / Other,Positive,The customer expresses love and appreciation for the service.
A Google user,5,2026-08-20 14:40:56,Onek bhalo lage but bhalo kichu ofer dile aro bhalo lagto,0,Robi,Offers & Data Packs,Positive,The user is satisfied with the service but suggests that providing more offers would make the experience even better.
A Google user,5,2026-08-20 13:45:37,So Verry Nice,0,Robi,General Appreciation / Other,Positive,The customer expresses that the service is very nice.
A Google user,5,2026-08-20 12:46:37,good survice but uncomfortable offer please try to best special internet offer 🙏,3,Robi,Offers & Data Packs,Neutral,The customer appreciates the service but requests better special internet offers.
A Google user,5,2026-08-20 11:49:51,very beautiful apps,1,Robi,General Appreciation / Other,Positive,The customer compliments the visual design of the app.
A Google user,5,2026-08-20 11:22:13,499 taka 45gb with 400 minuit,0,Robi,Offers & Data Packs,Neutral,The customer is stating the details of a data pack offer that includes 45GB of data and 400 minutes of calls for 499 Taka.
A Google user,5,2026-08-20 11:02:25,EKRAM খুবই ভালো অফার,0,Robi,Offers & Data Packs,Positive,The customer states that Ekram has very good offers.
A Google user,1,2026-08-20 09:10:33,The new version is totally suck lagging problem..when i buy deals lagging problem cutting lots of money .,1,Robi,App Login & Technical Bugs,Negative,"The user reports that the new app version is lagging, causing issues when purchasing deals and resulting in excessive money deductions."
A Google user,5,2026-08-20 05:44:06,Good offer only 298 taka 35 gb 👍,0,Robi,Offers & Data Packs,Positive,The customer appreciates a data pack offer of 35GB for 298 Taka.
A Google user,5,2026-08-20 01:34:27,অনেক জায়গায় নেটওয়ার্ক slow,0,Robi,Network Speed & 4G Latency,Negative,The network is slow in many places.
A Google user,5,2026-08-20 00:04:10,good for application,0,Robi,General Appreciation / Other,Positive,The customer finds the application to be good.
A Google user,5,2026-08-19 22:00:44,best of software my robi,0,Robi,General Appreciation / Other,Positive,The customer expresses that the My Robi app is the best software.
A Google user,5,2026-08-19 20:30:06,Very good app and good offers,0,Robi,Offers & Data Packs,Positive,The customer praises the app's quality and its available offers.
A Google user,5,2026-08-19 18:00:03,Very nice 👍👍👍👍,0,Robi,General Appreciation / Other,Positive,The customer expressed general satisfaction with the service.
A Google user,5,2026-08-19 16:52:53,Robi operator is the best operator in bd,0,Robi,General Appreciation / Other,Positive,The customer states that Robi is the best operator in Bangladesh.
A Google user,1,2026-08-19 14:31:24,I can't scroll offers smoothly! when I try to scroll from top to bottom it inrceases the speed of offers and goes direct to the last offer in the list! I can't choos my desired one! please fix this scrolling issue!,10,Robi,App Login & Technical Bugs,Negative,"The user reports a technical bug where scrolling through the offers list is too fast, preventing them from selecting their desired offer."
A Google user,5,2026-08-19 14:31:00,the best internet service robi among all of them others company.,0,Robi,General Appreciation / Other,Positive,The customer considers Robi to have the best internet service compared to other companies.
A Google user,5,2026-08-19 13:34:10,best app robi,0,Robi,General Appreciation / Other,Positive,The customer expresses that the Robi app is the best.
A Google user,1,2026-08-19 13:17:18,"Garbage service app never works properly, cannot even log in. Please fix this bs of an app that you guys created. literally the worst mobile service app they have spent literally no effort in making the app usable, what a bunch of greedy bastards",12,Robi,App Login & Technical Bugs,Negative,"The user complains that the app is unusable and they are unable to log in, describing the service as garbage."
A Google user,5,2026-08-19 13:02:33,এমবির দাম আরেকটু কম হলে ভালো হবে,0,Robi,Billing & Airtime Deductions,Neutral,The customer suggests that My Robi's pricing should be reduced.
A Google user,4,2026-08-19 12:07:16,Robi is my favorite network . But I worry about my internet packages which comes with poor duration and limited time.,2,Robi,Offers & Data Packs,Negative,The user expresses concern that their internet packages have short durations and limited validity periods.
A Google user,5,2026-08-19 08:58:08,I think that Robi is a very good for Network service.,1,Robi,General Appreciation / Other,Positive,The customer expresses that Robi provides very good network service.
A Google user,5,2026-08-19 07:23:32,nice 100000000 poaint give me,0,Robi,General Appreciation / Other,Positive,The user expresses a positive sentiment and requests a large amount of points.
A Google user,5,2026-08-19 04:02:42,Very Nice apps,1,Robi,General Appreciation / Other,Positive,The customer expresses that the app is very nice.
A Google user,5,2026-08-19 01:48:05,very beautiful,0,Robi,General Appreciation / Other,Positive,The customer expresses that the service or app is very beautiful.
A Google user,5,2026-08-18 23:53:47,Robi is my best for mine I am satisfied to service 🤗 I get always best offers. Lot of thanks my Robi 😍,0,Robi,General Appreciation / Other,Positive,The customer expresses satisfaction with Robi's service and consistently good offers.
A Google user,5,2026-08-18 22:56:07,so easy and better,0,Robi,General Appreciation / Other,Positive,The customer finds the service easy to use and better than before.
A Google user,5,2026-08-18 22:19:17,This apps is really good 😊,0,Robi,General Appreciation / Other,Positive,The customer expresses that the app is really good.
A Google user,5,2026-08-18 22:09:02,ভালো না নেটওয়ার্ক পাই না,0,Robi,Network Speed & 4G Latency,Negative,The customer is complaining about poor network quality and lack of signal reception.
A Google user,5,2026-08-18 21:02:52,অপার আসে নাই কেন,0,Robi,Billing & Airtime Deductions,Negative,The customer is asking why their recharge or top-up has not been credited yet.
A Google user,5,2026-08-18 19:34:25,এমন পেক আরো চাই ☺️,0,Robi,Offers & Data Packs,Positive,The customer wants more data packs like this one.
A Google user,5,2026-08-18 19:17:37,my bast robi app,0,Robi,General Appreciation / Other,Positive,The customer expresses that the Robi app is their favorite.
A Google user,5,2026-08-18 17:10:18,খুব সুন্দর সার্ভিস,0,Robi,General Appreciation / Other,Positive,The customer describes the service as very nice.
A Google user,5,2026-08-18 16:19:22,Working very fast and my experience is really good.,2,Robi,General Appreciation / Other,Positive,The customer reports that the service is working very fast and their overall experience is excellent.
A Google user,2,2026-08-18 15:24:08,kom tk te bshi mb and bshi mnt er offer dewa drkr.... for example :- 150tk te 350mnt... 220tk te 22gb 300mnt... 180 tk te 420mnt... erkm karon amr thke protidin Minutes dhukaite hoi and ei chara ami bundle o ki 1mnth er... amr tou otirikto tk khrooch hoi jacche.... ami last 6tarik thke 17 tarik er moddhe shudu minute kinsi 600/700 tkr erkm hle tou beggar hoiye jbo.... offer vlo and tk ektu komano uchit,0,Robi,Offers & Data Packs,Negative,"The customer requests cheaper and more generous minute-based data bundles, citing excessive monthly spending on minutes despite existing offers."
A Google user,5,2026-08-18 11:04:20,good service,0,Robi,General Appreciation / Other,Positive,The customer expresses satisfaction with the overall service quality.
A Google user,5,2026-08-18 11:01:42,"একসাথে অনেকগুলো ডিলিট বা পিন করতে অথবা ইচ্ছানুযায়ী নতুন ক্লিপ যোগ করতে ""Manage"" বাটনে চাপুন",0,Robi,General Appreciation / Other,Neutral,"The text is an instructional prompt explaining how to use the 'Manage' button to delete, pin, or add new clips."
A Google user,5,2026-08-18 09:56:41,Best mobile apk,1,Robi,General Appreciation / Other,Positive,The customer expresses that the mobile application is the best.
A Google user,5,2026-08-18 09:43:52,Its offers me for good,0,Robi,Offers & Data Packs,Positive,The customer finds the available offers to be good.
A Google user,4,2026-08-18 08:00:50,Best app for Robi users. Everything is available in one place. Works smoothly,0,Robi,General Appreciation / Other,Positive,"The user praises the app as the best for Robi users, noting that all services are conveniently available in one place and it works smoothly."
A Google user,5,2026-08-18 07:30:20,price is so high,0,Robi,Billing & Airtime Deductions,Negative,The customer is complaining that the prices are too high.
A Google user,4,2026-08-18 06:09:01,This offer is very helpfull of my,0,Robi,Offers & Data Packs,Positive,The customer finds the offer very helpful.
A Google user,5,2026-08-18 06:08:58,20 জিবি 100 মিনিট ২০২ টাকা হলে ভালো আরো ভালো হতো,0,Robi,Offers & Data Packs,Neutral,The customer suggests that a 20GB data pack with 100 minutes of calls for 202 Taka would be a good offer.
A Google user,5,2026-08-18 00:41:20,very very nice,0,Robi,General Appreciation / Other,Positive,The customer expresses high satisfaction with the service.
A Google user,5,2026-08-18 00:25:15,Good Service,0,Robi,General Appreciation / Other,Positive,The customer expresses satisfaction with the overall service quality.
A Google user,5,2026-08-17 23:47:20,Md Saied। valo,0,Robi,General Appreciation / Other,Positive,The customer expresses that the service is good.
A Google user,4,2026-08-17 23:33:56,"This update is okay, awesome 💙",0,Robi,General Appreciation / Other,Positive,The customer expresses satisfaction with the recent app update.
A Google user,1,2026-08-17 23:23:13,আসসালামুয়ালাইকুম।।। আপনাদের নেটওয়ার্ক এত স্লো যা বলার বাহিরে আমার এই সিমটা 2010 সাল থেকে আমি ইউজ করতেছি মোদি দিয়ে তিন-চার বছর বন্ধ ছিল কারণ আমি প্রবাসে ছিলাম এখন নেটওয়ার্ক এত স্লো দয়া করে নেট স্পিড বাড়ান,0,Robi,Network Speed & 4G Latency,Negative,"The customer, a long-time user since 2010, complains that the network speed is extremely slow and requests an improvement in service quality."
A Google user,5,2026-08-17 22:39:23,wow very good very nice I am happy,1,Robi,General Appreciation / Other,Positive,The customer expresses general satisfaction and happiness with the service.
A Google user,1,2026-08-17 22:10:02,"A Wallet ID is the universal identifier for a user's wallet, allowing for the association of the Wallet ID with its corresponding wallet address for future wallet management and transaction operations. For example, friends of the user can add them as a contact using this ID and send direct transfers through the contact list.",1,Robi,General Appreciation / Other,Neutral,"The text provides a general informational definition of a Wallet ID and its utility for user management and transfers, rather than specific app feedback."
A Google user,1,2026-08-17 22:04:27,Thank you my robi,0,Robi,General Appreciation / Other,Positive,The customer is expressing gratitude to the My Robi service.
A Google user,1,2026-08-17 20:59:33,When we get 5G with unlimited package like other countries have? in 2100??,0,Robi,Offers & Data Packs,Negative,"The customer is frustrated about the lack of 5G unlimited data packages, comparing Robi unfavorably to other countries."
A Google user,1,2026-08-17 16:41:28,this app offer to buying need much money. thats haven't my. so you should small package input here.,2,Robi,Offers & Data Packs,Negative,"The customer finds the app's data packages too expensive and requests the addition of smaller, more affordable options."
A Google user,5,2026-08-17 15:35:26,অনেক ভালো 😊😊,0,Robi,General Appreciation / Other,Positive,The customer expresses that the service is very good.
A Google user,2,2026-08-17 15:19:30,APP no Open my phone,0,Robi,App Login & Technical Bugs,Negative,The user reports that the app fails to open on their phone.
A Google user,5,2026-08-17 14:21:20,"রবি এয়ারটেল ভাই ভাই এখন হঠাৎ নাম পরিবর্তন করার কারণ কি সার্কেল দিচ্ছে,",0,Robi,General Appreciation / Other,Neutral,The user is inquiring about the reason for the sudden name change of Robi Airtel and the circle being provided.
A Google user,5,2026-08-17 13:48:40,best internet offer,0,Robi,Offers & Data Packs,Positive,The customer praises the quality of the internet offers available.
A Google user,2,2026-08-17 06:07:51,Why I can't download the latest version of this app? I have 10.12.2 but want to download 10.13.1. Please help me to solve the problem. Because of this problem I don’t get the feature of usage history.,5,Robi,App Login & Technical Bugs,Negative,"The user is unable to update the app to the latest version, which prevents them from accessing the usage history feature."
A Google user,5,2026-08-16 23:57:16,সেবা ভালো না আর নেটওয়ার্ক অনেক খারাপ,0,Robi,Network Speed & 4G Latency,Negative,The service is not good and the network is very poor.
A Google user,5,2026-08-16 23:49:08,Excellent 👍👍,0,Robi,General Appreciation / Other,Positive,The customer expressed satisfaction with a simple positive rating.
A Google user,5,2026-08-16 21:27:02,"This is a very good app, it provides very good service.",0,Robi,General Appreciation / Other,Positive,The customer expresses satisfaction with the app's overall quality and service.
A Google user,1,2026-08-16 20:36:09,"আপনাদের রবি অ্যাপস আপডেট হয়েছে, আপডেট হওয়ার পর অনেক সমস্যা দেখা দিয়েছে, যেমন কল লিস্ট এ সম্পূর্ণ নাম্বার ও নাম দেখা যাচ্ছে না।",0,Robi,App Login & Technical Bugs,Negative,"The user reports that after the recent Robi app update, the call list no longer displays full phone numbers and names."
A Google user,4,2026-08-16 18:54:51,best apps in Bangladesh,0,Robi,General Appreciation / Other,Positive,The user considers the app to be one of the best in Bangladesh.
A Google user,5,2026-08-16 17:11:21,dam akto kom hlo vlo hoi,0,Robi,General Appreciation / Other,Neutral,The user states that the service or experience has become slightly worse.
A Google user,5,2026-08-16 17:04:04,This app reduce our valuable time. so I appreciate the developers whom made this app so well. It’s helps us daily. Essentially requires this app is so nice and helpful for solving any net balance.,3,Robi,General Appreciation / Other,Positive,The user appreciates the app for saving time and being helpful for checking network balance.
A Google user,5,2026-08-16 15:33:31,Nice my robi app,0,Robi,General Appreciation / Other,Positive,The customer expresses satisfaction with the My Robi app.
A Google user,5,2026-08-16 15:26:22,good service,0,Robi,General Appreciation / Other,Positive,The customer expresses satisfaction with the overall service quality.
A Google user,5,2026-08-16 15:14:31,Amar to valoy laga,0,Robi,General Appreciation / Other,Positive,The user states that the service is very useful.
A Google user,5,2026-08-16 14:50:53,very nice app my robi app,0,Robi,General Appreciation / Other,Positive,The customer expresses that the My Robi app is very nice.
A Google user,5,2026-08-16 12:06:14,yeah it is a good app,0,Robi,General Appreciation / Other,Positive,The customer expresses that the app is good.
A Google user,5,2026-08-16 11:25:26,valo achee app taa,0,Robi,General Appreciation / Other,Positive,The user states that the app is good.
A Google user,5,2026-08-16 09:04:08,Jannatul ferdous Sworna এরকম অফার পেলে সব সময় সাথে আছি ধন্যবাদ আপনাদেরকে এত সুন্দর অফার দেওয়ার জন্য,0,Robi,Offers & Data Packs,Positive,The customer expresses gratitude and loyalty for receiving such a wonderful offer.
A Google user,5,2026-08-16 07:37:22,ধন্যবাদ রবি পরিবারকে এতো সুন্দর সুন্দর প্যাক দেওয়ার জন্য,0,Robi,Offers & Data Packs,Positive,Thank you to the Robi family for providing such beautiful packages.
A Google user,5,2026-08-16 04:28:49,good ❤️❤️❤️❤️❤️❤️❤️,0,Robi,General Appreciation / Other,Positive,The customer expressed satisfaction with the service using positive emojis.
A Google user,5,2026-08-16 04:11:50,অসাধারন অ্যাপ,0,Robi,General Appreciation / Other,Positive,The customer describes the app as extraordinary.
A Google user,5,2026-08-15 23:57:40,Good myrobi app,0,Robi,General Appreciation / Other,Positive,The customer expresses satisfaction with the My Robi app.
A Google user,5,2026-08-15 22:41:35,good service,0,Robi,General Appreciation / Other,Positive,The customer expresses satisfaction with the overall service quality.
A Google user,5,2026-08-15 22:05:33,excellent app future good app help full app thank you ❤️💫,0,Robi,General Appreciation / Other,Positive,The customer expresses gratitude and praises the app as excellent and helpful.
A Google user,5,2026-08-15 21:59:44,"nice network working, 👍👍👍👍👍",0,Robi,Network Speed & 4G Latency,Positive,The customer is satisfied with the network performance.
A Google user,5,2026-08-15 20:52:27,very good for offer,0,Robi,Offers & Data Packs,Positive,The customer finds the app very good for accessing offers.
A Google user,5,2026-08-15 19:59:24,Very good app 👍,0,Robi,General Appreciation / Other,Positive,The customer expresses satisfaction with the app's overall quality.
A Google user,5,2026-08-15 18:36:37,Good but net speed slow,0,Robi,Network Speed & 4G Latency,Neutral,The user finds the service generally good but complains about slow network speed.
A Google user,3,2026-08-15 18:25:51,মিনিটের দাম একটু কম হলে ভালো হবে,0,Robi,Billing & Airtime Deductions,Neutral,The customer suggests that the per-minute call rate should be reduced.
A Google user,5,2026-08-15 18:19:26,network very good,0,Robi,Network Speed & 4G Latency,Positive,The customer reports that the network quality is very good.
A Google user,1,2026-08-15 16:56:12,this app is very good,0,Robi,General Appreciation / Other,Positive,The customer expresses that the app is very good.
A Google user,5,2026-08-15 16:17:16,best app my robi,0,Robi,General Appreciation / Other,Positive,The customer expresses that the My Robi app is the best.
A Google user,5,2026-08-15 13:13:16,"যেকোন লেখা বা ছবি কপি করলে ""Recent"" এ আসবে। তবে পিন না করলে ১ ঘন্টা পর মুছে যাবে",0,Robi,General Appreciation / Other,Neutral,The user describes a feature where copied text or images appear in the 'Recent' section but are deleted after one hour if not pinned.
A Google user,5,2026-08-15 12:03:55,this operator is very good in my experience,0,Robi,General Appreciation / Other,Positive,The customer expresses that their experience with the operator has been very good.
A Google user,5,2026-08-15 09:06:54,good service,0,Robi,General Appreciation / Other,Positive,The customer expresses satisfaction with the overall service quality.
A Google user,3,2026-08-15 06:30:18,so bad serbice,0,Robi,General Appreciation / Other,Negative,The customer expresses dissatisfaction with the overall service quality.
A Google user,5,2026-08-15 05:36:18,Extremely good app.,0,Robi,General Appreciation / Other,Positive,The customer expresses that the app is extremely good.
A Google user,5,2026-08-14 22:07:59,Nice.........?,0,Robi,General Appreciation / Other,Positive,The customer expressed a brief positive sentiment without specific details.
A Google user,5,2026-08-14 20:55:37,lone beshi kore diyen aro,0,Robi,Offers & Data Packs,Neutral,The customer requests that the data allowance be increased.
A Google user,1,2026-08-14 19:32:14,payment click korar por onekkhon loading hoe. biroktikor,0,Robi,App Login & Technical Bugs,Negative,The app experiences excessive loading time after clicking the payment button.
A Google user,1,2026-08-14 19:06:13,one of the greatest scammer in the world when I take a offer hi take my money and didn't give the offer,0,Robi,Offers & Data Packs,Negative,The customer claims that Robi charged them for an offer but failed to provide the corresponding service.
A Google user,5,2026-08-14 15:39:27,good its depends of net speed,0,Robi,Network Speed & 4G Latency,Neutral,The user states that the experience is good but depends on the network speed.
A Google user,5,2026-08-14 14:14:03,very very good apps,0,Robi,General Appreciation / Other,Positive,The customer expresses that the app is very good.
A Google user,5,2026-08-14 13:38:06,good ইমারজেন্সি ইন্টারনেট সেবা,0,Robi,General Appreciation / Other,Positive,The customer appreciates the good emergency internet service.
A Google user,3,2026-08-14 13:12:50,মাঝে মধ্যে টাকা কেটে নেয় কিন্তু প্যাক পাই না এটা অনেক বড় সমস্যা,0,Robi,Billing & Airtime Deductions,Negative,"The customer reports that money is frequently deducted from their account without receiving the corresponding data pack, which they consider a major issue."
A Google user,5,2026-08-14 13:11:03,Wish you so much robi,0,Robi,General Appreciation / Other,Positive,The customer expresses well-wishes and appreciation for Robi.
A Google user,5,2026-08-14 12:46:26,very smooth application,0,Robi,General Appreciation / Other,Positive,The customer finds the application to be very smooth and user-friendly.
A Google user,5,2026-08-14 12:43:00,অনেক সুন্দর এপস ☺️,0,Robi,General Appreciation / Other,Positive,The customer describes the app as very beautiful and expresses satisfaction.
A Google user,5,2026-08-14 11:00:24,All tha vary bad network,0,Robi,Network Speed & 4G Latency,Negative,The customer reports that the network quality is very bad.
A Google user,5,2026-08-14 10:41:17,abdet my robi,0,Robi,General Appreciation / Other,Neutral,"The user simply stated 'abdet my robi', which is unclear but likely a typo or brief mention of the app."
A Google user,5,2026-08-14 10:39:36,My Robi – A New Experience in Life আপনার রবি সিম সংক্রান্ত সকল প্রয়োজন মেটাতে রয়েছে মাই রবি অ্যাপ! তাই কষ্ট করে আর কঠিন কোড মুখস্থ করা বা কল সেন্টারে অপেক্ষা করার আর প্রয়োজন নেই! ⏱️ রেডি থাকুন সবসময়! আপনার ব্যালেন্স ও হিস্ট্রি দেখুন এবং ব্যালেন্স ফুরিয়ে গেলে লোন নিন 🧮 সাজিয়ে নিন নিজের মতো! ইজিপ্ল্যান অপশন থেকে নিজের পছন্দমতো প্যাক বানিয়ে নিন 👪 খেয়াল রাখুন প্রিয়জনদেরও! অ্যাপ থেকে সর্বোচ্চ ৫টি সেকেন্ডারি একাউন্ট ম্যানেজ করুন ও মাই ফ্যামিলি প্যাক কিনে শেয়ার করুন প্রিয়জনদের সাথে! 🎁 উপহার নি,0,Robi,General Appreciation / Other,Positive,"The user praises the My Robi app for simplifying account management, balance checks, and family plan sharing, eliminating the need for USSD codes or call center visits."
A Google user,5,2026-08-14 10:03:24,best offer 👍🏻,0,Robi,Offers & Data Packs,Positive,The customer is expressing satisfaction with the best available offer.
A Google user,5,2026-08-14 01:54:56,good experience.,0,Robi,General Appreciation / Other,Positive,The customer reports having a good experience with the service.
A Google user,1,2026-08-14 00:51:15,network + app 2tai durbol,0,Robi,Network Speed & 4G Latency,Negative,The customer reports that both the network and the app are weak or unstable.
A Google user,5,2026-08-14 00:28:58,Good Service,0,Robi,General Appreciation / Other,Positive,The customer expresses satisfaction with the overall service quality.
A Google user,5,2026-08-13 22:11:16,Nice sim and apps,0,Robi,General Appreciation / Other,Positive,The customer expresses satisfaction with the SIM card and the app.
A Google user,5,2026-08-13 22:03:19,"favourite , thanks you",0,Robi,General Appreciation / Other,Positive,The customer expresses that they like the service and thanks the team.
A Google user,1,2026-08-13 21:51:59,sim certification option is available in myrobi app ??,0,Robi,App Login & Technical Bugs,Neutral,The user is inquiring about the availability of the SIM certification option within the My Robi app.
A Google user,5,2026-08-13 20:13:24,nice this sim,0,Robi,General Appreciation / Other,Positive,The customer expresses satisfaction with the SIM card.
A Google user,5,2026-08-13 20:11:41,robi is the best for Mobil recharge,0,Robi,General Appreciation / Other,Positive,The customer expresses that Robi is the best option for mobile recharging.
A Google user,5,2026-08-13 18:32:23,সবচেয়ে সাশ্রয়ী মূল্যে ইন্টারনেট প্যাক ব্যবহার করা যায় রবি অপারেটরেই,0,Robi,Offers & Data Packs,Positive,The customer appreciates that Robi offers the most affordable internet data packs.
A Google user,5,2026-08-13 14:14:36,excellent offer,0,Robi,Offers & Data Packs,Positive,The customer is expressing satisfaction with a specific promotional offer.
A Google user,5,2026-08-13 14:02:06,অফারটি খুবই ভালো আমি এটি প্রায় কিনি,0,Robi,Offers & Data Packs,Positive,The customer finds the offer very good and purchases it frequently.
A Google user,5,2026-08-13 13:54:41,very good service,1,Robi,General Appreciation / Other,Positive,The customer expresses satisfaction with the overall service quality.
A Google user,5,2026-08-13 12:41:31,I like to robi apps,0,Robi,General Appreciation / Other,Positive,The customer expresses a general liking for the Robi app.
A Google user,5,2026-08-13 10:19:05,Robi apps are really useful,0,Robi,General Appreciation / Other,Positive,The customer finds the Robi apps to be very useful.
A Google user,5,2026-08-13 09:07:02,Robi is the best oparetor in Bangladesh,0,Robi,General Appreciation / Other,Positive,The customer expresses that Robi is the best operator in Bangladesh.
A Google user,5,2026-08-13 01:17:04,My Robi is Best😍😍,0,Robi,General Appreciation / Other,Positive,The customer expresses strong satisfaction and praise for the My Robi app.
A Google user,5,2026-08-13 01:02:44,Mohammad Uzzal nice,0,Robi,General Appreciation / Other,Positive,The customer is expressing appreciation for a person named Mohammad Uzzal.
A Google user,3,2026-08-13 00:10:45,plzz reduce balance in internet packages,1,Robi,Offers & Data Packs,Neutral,The customer is requesting a reduction in the price of internet packages.
A Google user,5,2026-08-12 22:50:35,সবচেয়ে কম এমবি পাওয়া যায় সুধু রবি তে,0,Robi,Offers & Data Packs,Negative,The customer complains that Robi provides the least amount of data (MB) compared to other providers.
A Google user,5,2026-08-12 22:36:02,thanks you so much,0,Robi,General Appreciation / Other,Positive,The customer is expressing gratitude.
A Google user,4,2026-08-12 21:10:48,"১০১ টাকায় ১০ জিবি +৫০ মিনিট ৩০দিন প্যাকেজ ভালই,এইরকম অফার পেলে কাস্টমার সন্তুষ্ট।",0,Robi,Offers & Data Packs,Positive,The customer is satisfied with the 30-day package offering 10GB data and 50 minutes for 101 Taka.
A Google user,5,2026-08-12 20:01:52,onek balo app taka beshi kate,0,Robi,General Appreciation / Other,Positive,The user appreciates the app but suggests that the pricing or cost of services is high.
A Google user,5,2026-08-12 19:42:39,Good service,0,Robi,General Appreciation / Other,Positive,The customer expresses satisfaction with the overall service quality.
A Google user,5,2026-08-12 19:25:42,thanks again,0,Robi,General Appreciation / Other,Positive,The customer is expressing gratitude.
A Google user,5,2026-08-12 18:00:02,"আনলিমিটেড অফার ১ ঘন্টা, ৩ ঘন্টা দেবেন",0,Robi,Offers & Data Packs,Neutral,The customer is requesting unlimited data offers for 1-hour and 3-hour durations.
A Google user,5,2026-08-12 16:13:05,so nice apps robi,0,Robi,General Appreciation / Other,Positive,The customer expresses that the Robi app is very nice.
A Google user,5,2026-08-12 15:45:36,tha best apps,0,Robi,General Appreciation / Other,Positive,The customer expresses that the app is the best.
A Google user,5,2026-08-12 15:40:05,better than more,0,Robi,General Appreciation / Other,Positive,The customer states that the service is better than the competitor.
A Google user,1,2026-08-12 15:27:31,"extremely poor service! i purchased a talktime pack, but it didn't automatically buy it, instead the balance was used! when i tried to purchase again, the app tells me to take loan or recharge the full amount! which is very inconvenient and predatory business model! shame on Robi!",5,Robi,Billing & Airtime Deductions,Negative,"The customer is frustrated that a talktime pack purchase failed and deducted balance instead, forcing them to take a loan or recharge fully to retry."
A Google user,5,2026-08-12 14:31:10,I can't get my login bounas,0,Robi,App Login & Technical Bugs,Negative,The user is unable to receive their login bonus due to a technical issue.
A Google user,5,2026-08-12 13:44:31,very good app,0,Robi,General Appreciation / Other,Positive,The customer expresses that the app is very good.
A Google user,5,2026-08-12 10:26:48,Nice but so expensive!,0,Robi,Offers & Data Packs,Negative,The user finds the service nice but considers the pricing to be too high.
A Google user,5,2026-08-12 08:13:53,Robi is the best app,0,Robi,General Appreciation / Other,Positive,The customer expresses that Robi is the best app.
A Google user,1,2026-08-12 05:39:12,"30 days packeg but limited within 1 day. It is a scam. মাই অফার এর পাকেজ সব স্কাম, ৩০ দিনের কথা বলে কিন্তু দেয় ১ থেকে ৭ দিন। scam scam scam",0,Robi,Offers & Data Packs,Negative,The customer claims that 30-day data packs are fraudulently limited to only 1-7 days of validity.
A Google user,5,2026-08-12 01:42:27,It’s really good. It gives me 1 GB bonus every week.,0,Robi,Offers & Data Packs,Positive,The customer appreciates the app for providing a weekly 1 GB data bonus.
A Google user,5,2026-08-12 00:09:57,wonderful pack,0,Robi,Offers & Data Packs,Positive,The customer expresses satisfaction with a specific data or service pack.
A Google user,5,2026-08-12 00:07:54,itsss veryyyy gooo,0,Robi,General Appreciation / Other,Positive,The customer expresses that the service is very good.
A Google user,5,2026-08-11 21:43:31,অনেক ভালো লাগে,0,Robi,General Appreciation / Other,Positive,The customer expresses that they really like the service or app.
A Google user,5,2026-08-11 21:19:44,siuuuuuuuuuu,0,Robi,General Appreciation / Other,Positive,The user expressed excitement or approval with a casual exclamation.
A Google user,5,2026-08-11 20:56:48,Really nice.,0,Robi,General Appreciation / Other,Positive,The customer expresses general satisfaction with the service.
A Google user,5,2026-08-11 20:45:54,Help full app. ☺️,0,Robi,General Appreciation / Other,Positive,The customer finds the app helpful.
A Google user,1,2026-08-11 20:32:42,এত বাজে এক্সপ্রিয়ান্স। 5 আগস্ট টাকা রিচার্জ করেছি 11 আগস্ট মেয়াদ শেষ,0,Robi,Billing & Airtime Deductions,Negative,The customer reports a very bad experience where a recharge made on August 5th expired on August 11th.
A Google user,5,2026-08-11 19:50:15,Bangladesh best sim,0,Robi,General Appreciation / Other,Positive,The customer expresses that Robi is the best SIM operator in Bangladesh.
A Google user,5,2026-08-11 17:25:47,this app is so pretty,0,Robi,General Appreciation / Other,Positive,The customer compliments the visual design of the app.
A Google user,5,2026-08-11 14:53:57,thank you my robi app,0,Robi,General Appreciation / Other,Positive,The customer is expressing gratitude for the My Robi app.
A Google user,5,2026-08-11 13:38:36,good service,0,Robi,General Appreciation / Other,Positive,The customer expresses satisfaction with the overall service quality.
A Google user,5,2026-08-11 13:03:06,আমার নেট ভালো চলে নাহ,0,Robi,Network Speed & 4G Latency,Negative,The customer states that their internet connection is not working well.
A Google user,3,2026-08-11 12:08:34,Incoming for flash message notification,2,Robi,App Login & Technical Bugs,Neutral,The user is reporting an issue regarding the receipt of flash message notifications.
A Google user,5,2026-08-11 11:00:41,It's very good for recharged,0,Robi,General Appreciation / Other,Positive,The customer finds the app very good for recharging.
A Google user,5,2026-08-11 10:50:40,"good offers,😍☺️",0,Robi,Offers & Data Packs,Positive,The customer is happy with the available offers.
A Google user,4,2026-08-11 09:05:41,আরো ভালো ভালো অফার দিতে হবে ।তাহলে 5 ষ্টার মার্ক দিব।,0,Robi,Offers & Data Packs,Neutral,The customer requests better offers in exchange for a 5-star rating.
A Google user,5,2026-08-11 08:58:16,অনেক ধন্যবাদ,0,Robi,General Appreciation / Other,Positive,The customer is expressing gratitude.
A Google user,5,2026-08-11 02:55:10,best offer for ever🤍,0,Robi,Offers & Data Packs,Positive,The customer expresses that this is the best offer they have ever received.
A Google user,5,2026-08-11 01:44:27,অনেক ভালো এই এপ সবাই বেশি বেশি ব্যাবহার করুন,0,Robi,General Appreciation / Other,Positive,The user praises the app as very good and encourages everyone to use it frequently.
A Google user,2,2026-08-11 00:49:25,"The updated version is even worse, especially data usage history doesn’t work properly. Fix it.",10,Robi,App Login & Technical Bugs,Negative,The user reports that the data usage history feature is malfunctioning in the updated app version.
A Google user,1,2026-08-10 23:47:25,So disgusting,0,Robi,General Appreciation / Other,Negative,The customer expressed strong disgust without specifying a particular service issue.
A Google user,5,2026-08-10 23:39:26,thanks support,0,Robi,General Appreciation / Other,Positive,The customer is expressing gratitude to the support team.
A Google user,5,2026-08-10 22:44:03,robi app valoo,0,Robi,General Appreciation / Other,Positive,The customer expresses that the Robi app is very good.
A Google user,1,2026-08-10 21:01:45,Very Expensive Offer,0,Robi,Offers & Data Packs,Negative,The customer finds the current offers to be very expensive.
A Google user,5,2026-08-10 16:53:35,That's great.,0,Robi,General Appreciation / Other,Positive,The customer expressed general satisfaction with the service.
A Google user,4,2026-08-10 15:48:49,good service,0,Robi,General Appreciation / Other,Positive,The customer expresses satisfaction with the overall service quality.
A Google user,5,2026-08-10 15:28:37,this app is really good 👍,0,Robi,General Appreciation / Other,Positive,The customer expresses that the app is really good.
A Google user,1,2026-08-10 15:04:24,this app is bary bad app offer is not good 😡,0,Robi,Offers & Data Packs,Negative,The customer finds the app very bad and is dissatisfied with the available offers.
A Google user,5,2026-08-10 13:42:17,৫৯৯ টাকায় ডাটা ৫০ এম বি থেকে ৩০ এমবি এবং মিনিট ৬৫০ হলে আরোও ভালো হতো।,0,Robi,Offers & Data Packs,Neutral,The customer suggests that the 599 Taka plan would be better if it included 30MB of data instead of 50MB and 650 minutes.
A Google user,1,2026-08-10 13:16:33,কাস্টমার সার্ভিস ম্যানেজার লাইভ চালু করতে হবে,0,Robi,General Appreciation / Other,Neutral,The customer suggests that Robi should activate a live customer service manager feature.
A Google user,5,2026-08-10 13:06:49,GOOD services,0,Robi,General Appreciation / Other,Positive,The customer expresses satisfaction with the overall service quality.
A Google user,5,2026-08-10 11:02:13,very nice.........,0,Robi,General Appreciation / Other,Positive,The customer expressed general satisfaction with the service.
A Google user,1,2026-08-10 09:48:29,Very bad experience. A lot of bugs.,0,Robi,App Login & Technical Bugs,Negative,The user reports a very bad experience due to numerous bugs in the app.
A Google user,5,2026-08-10 09:34:49,Helpful Service,0,Robi,General Appreciation / Other,Positive,The customer expressed that the service was helpful.
A Google user,5,2026-08-10 08:27:48,Onk Valo App,0,Robi,General Appreciation / Other,Positive,The customer states that the app is very good.
A Google user,5,2026-08-10 07:58:05,"sei vai. app is awesome 💯 Much faster and less expensive than other SIM companies, but the network is a bit problematic, but Grameen is 100 times ahead of it.",15,Robi,Network Speed & 4G Latency,Neutral,The user appreciates the app's speed and cost-effectiveness but notes that the network performance is inferior to Grameenphone.
A Google user,5,2026-08-10 00:59:44,l love robi ❤️,0,Robi,General Appreciation / Other,Positive,The customer expresses love for the Robi brand.
A Google user,5,2026-08-10 00:14:42,very nic service,0,Robi,General Appreciation / Other,Positive,The customer expresses satisfaction with the service.
A Google user,5,2026-08-09 23:53:35,খুব ভালো অফার,0,Robi,Offers & Data Packs,Positive,The customer states that the offers are very good.
A Google user,5,2026-08-09 19:33:14,vary nice robi,0,Robi,General Appreciation / Other,Positive,The customer expresses that Robi is very nice.
A Google user,5,2026-08-09 19:26:03,nice developer plz give more crazy update😊😊,0,Robi,General Appreciation / Other,Positive,The user appreciates the developers and requests more exciting updates for the app.
A Google user,5,2026-08-09 19:23:43,Very good 😊😊,0,Robi,General Appreciation / Other,Positive,The customer expresses general satisfaction with the service.
A Google user,4,2026-08-09 18:23:06,খুবেই ভালো সেবা প্রধান করে।ধন্যবাদ রবি কে,0,Robi,General Appreciation / Other,Positive,The customer expresses that the service is very good and thanks Robi.
A Google user,5,2026-08-09 13:21:58,ভালো অফার আসে না,0,Robi,Offers & Data Packs,Negative,The customer complains that good offers are not available.
A Google user,5,2026-08-09 12:58:11,Super offers ❤️,0,Robi,Offers & Data Packs,Positive,The customer expresses satisfaction with the available offers.
A Google user,5,2026-08-09 12:36:03,সেবা অনেক ভালো,0,Robi,General Appreciation / Other,Positive,The service is very good.
A Google user,5,2026-08-09 10:02:06,Modify your app them,0,Robi,App Login & Technical Bugs,Neutral,The customer suggests modifying the app's theme.
A Google user,5,2026-08-09 09:05:07,beautiful 😍❤️,0,Robi,General Appreciation / Other,Positive,The customer expressed positive sentiment with emojis indicating they find the service or app beautiful.
A Google user,5,2026-08-09 08:56:37,রবি আপস ব্যবহার করে ভালো ই সুবিধা পাচ্ছি তবে যদি মেয়াদহিন আনলিমিট ডাটা মিনিট সুবিধা হয় সবচেয়ে বেশি ভালো হয়,0,Robi,Offers & Data Packs,Positive,The user appreciates the current Robi app services but suggests that unlimited data and minute offers without an expiry period would be ideal.
A Google user,5,2026-08-09 08:51:47,রবি প্যাকেজগুলি খুবই ভালো কিন্তু গ্রাম সাইটে ঘরের ভিতরে ইন্টারনেট ভালো চলে না সেই দিকে খেয়াল রাখা উচিত,0,Robi,Network Speed & 4G Latency,Neutral,"The customer finds Robi packages good but reports poor indoor internet connectivity in rural areas, requesting attention to this issue."
A Google user,2,2026-08-09 08:00:25,this application is very helpful for us,0,Robi,General Appreciation / Other,Positive,The customer finds the application very helpful.
A Google user,5,2026-08-09 07:52:22,🥰🥰🥰🥰🥰🥰 সেরকম ছিল,0,Robi,General Appreciation / Other,Positive,The customer expresses that the experience was very good.
A Google user,5,2026-08-09 06:16:57,verry helpful for me,0,Robi,General Appreciation / Other,Positive,The customer finds the service very helpful.
A Google user,5,2026-08-09 04:39:54,always best.,0,Robi,General Appreciation / Other,Positive,The customer expresses that the service is always the best.
A Google user,1,2026-08-09 02:36:49,Your service is very bad.,0,Robi,General Appreciation / Other,Negative,The customer expresses general dissatisfaction with the overall service quality.
A Google user,5,2026-08-09 01:23:51,Best apps good offer.,0,Robi,General Appreciation / Other,Positive,The customer praises the app and its offers.
A Google user,5,2026-08-09 00:04:13,এখানে একবার প্রেস করলে সেটি ইনপুট বক্সে পেস্ট হবে,0,Robi,App Login & Technical Bugs,Neutral,The user notes that pressing a button once pastes the content into the input box.
A Google user,1,2026-08-08 23:14:22,beri bet intarnet sarvis amon sarbis dile customer thekbe na somosar kotha bolle bole kono somosa nai falto sim 1 star ar o joggo na ato fal sarvis na paira chalai kobe jani sim bainga lsi falto sarvis,0,Robi,General Appreciation / Other,Negative,"The customer expresses extreme dissatisfaction with the overall service quality, claiming they receive no service and deserve only one star."
A Google user,5,2026-08-08 22:51:48,আমি আশা করব গ্রাহকরা যেন প্রতারিত না হয়,0,Robi,General Appreciation / Other,Neutral,The customer expresses a hope that other customers will not be deceived or cheated.
A Google user,5,2026-08-08 22:29:17,Good network,0,Robi,Network Speed & 4G Latency,Positive,The customer is satisfied with the quality of the network.
A Google user,5,2026-08-08 21:36:22,আমাকে আর একটু লোন বেশি নেওয়ার বেবস্থা করে দিন প্লিজ,0,Robi,General Appreciation / Other,Neutral,The customer is requesting an increase in their loan limit.
A Google user,5,2026-08-08 20:55:08,"এই সিমটি খুব ভালো , কিন্তু নেট থাকে না। এটি আর উন্নত করতে হবে",0,Robi,Network Speed & 4G Latency,Negative,"The customer finds the SIM good but complains about the lack of network coverage, urging for improvements."
A Google user,5,2026-08-08 20:16:15,good service,0,Robi,General Appreciation / Other,Positive,The customer expresses satisfaction with the overall service quality.
A Google user,4,2026-08-08 19:40:24,esim convert চালু করেন app থেকে,0,Robi,App Login & Technical Bugs,Neutral,The customer is requesting the activation of eSIM conversion functionality within the app.
A Google user,5,2026-08-08 18:52:23,Excellent apps,0,Robi,General Appreciation / Other,Positive,The customer expresses satisfaction with the quality of the app.
A Google user,5,2026-08-08 17:11:59,"nice,,good. app",0,Robi,General Appreciation / Other,Positive,"The customer expresses satisfaction with the app, describing it as nice and good."
A Google user,5,2026-08-08 16:58:07,মিনিট কিনার পরও টাকা কেটে নেওয়া হয়ে। কিন্তুু কোনো ম্যাসেজ দেওয়া হয় না।,0,Robi,Billing & Airtime Deductions,Negative,"Money was deducted after purchasing minutes, but no confirmation message was sent."
A Google user,5,2026-08-08 16:24:02,amr prio Network 🛜 shuvo kamona roilo apnader jonno .,0,Robi,General Appreciation / Other,Positive,The user is wishing their network team a happy new year.
A Google user,3,2026-08-08 16:01:52,old version is so smooth,0,Robi,App Login & Technical Bugs,Neutral,The customer notes that the previous version of the app was smoother to use.
A Google user,5,2026-08-08 14:47:41,very good...,0,Robi,General Appreciation / Other,Positive,The customer expressed general satisfaction with the service.
A Google user,5,2026-08-08 14:30:15,nice divays robi ap mai ap ❤️,0,Robi,General Appreciation / Other,Positive,The customer expresses affection and appreciation for Robi.
A Google user,5,2026-08-08 11:05:07,very good app or my robi sim card,0,Robi,General Appreciation / Other,Positive,The customer expresses satisfaction with both the My Robi app and the SIM card service.
A Google user,5,2026-08-08 05:31:44,It’s very easy to use,0,Robi,General Appreciation / Other,Positive,The customer finds the app very easy to use.
A Google user,5,2026-08-08 05:26:32,great service,0,Robi,General Appreciation / Other,Positive,The customer expresses satisfaction with the overall service quality.
A Google user,3,2026-08-08 03:02:01,too much expnsive offer..Please down the amount of taka just a little ..otherwise everyone will not happy,1,Robi,Offers & Data Packs,Negative,The customer finds the current offers too expensive and requests a price reduction to improve customer satisfaction.
A Google user,5,2026-08-08 01:33:09,very nice 👍👍👍👍👍👍👍👍,0,Robi,General Appreciation / Other,Positive,The customer expressed high satisfaction with the service using multiple thumbs-up emojis.
A Google user,5,2026-08-08 00:33:35,Excellent ❤️❤️❤️❤️,0,Robi,General Appreciation / Other,Positive,The customer expressed high satisfaction with the service using the word 'Excellent' and heart emojis.
A Google user,5,2026-08-07 22:40:17,অনেক ভালো লাগলো,0,Robi,General Appreciation / Other,Positive,The customer expressed that they really liked the service or app.
A Google user,5,2026-08-07 22:07:22,নেট আরো শক্তিশালী করলে অনেক ভালো হবে,0,Robi,Network Speed & 4G Latency,Neutral,The customer suggests that strengthening the network would be a significant improvement.
A Google user,5,2026-08-07 21:50:16,thanks for (my robi apps),0,Robi,General Appreciation / Other,Positive,The customer is expressing gratitude for the My Robi app.
A Google user,5,2026-08-07 20:36:11,very good apps,0,Robi,General Appreciation / Other,Positive,The customer expresses that the app is very good.
A Google user,2,2026-08-07 19:20:43,এখন পর্যন্ত ভালো অফার পাওয়া যায় না,0,Robi,Offers & Data Packs,Negative,The customer states that they have not received any good offers so far.
A Google user,5,2026-08-07 18:29:40,very good app,0,Robi,General Appreciation / Other,Positive,The customer expresses that the app is very good.
A Google user,5,2026-08-07 15:31:16,very very nice 👍🙂,0,Robi,General Appreciation / Other,Positive,The customer expresses high satisfaction with a positive and appreciative tone.
A Google user,4,2026-08-07 14:19:36,good but low prices offer,0,Robi,Offers & Data Packs,Neutral,The user finds the service good but suggests that the prices for offers should be lower.
A Google user,5,2026-08-07 14:13:32,my Robi is based,0,Robi,General Appreciation / Other,Positive,"The user expresses that the My Robi app is based, indicating a positive opinion."
A Google user,5,2026-08-07 12:52:10,That is good for me,0,Robi,General Appreciation / Other,Positive,The customer expresses satisfaction with the service.
A Google user,5,2026-08-07 12:34:54,রবি অ্যাপটি অনেক ভালো এখানে অনেক ভালো ভালো অফার পাওয়া যায়,0,Robi,Offers & Data Packs,Positive,The customer finds the Robi app very good because it offers many excellent deals.
A Google user,5,2026-08-07 12:04:40,good service,0,Robi,General Appreciation / Other,Positive,The customer expresses satisfaction with the overall service quality.
A Google user,5,2026-08-07 11:47:38,it's so Good,0,Robi,General Appreciation / Other,Positive,The customer expresses general satisfaction with the service.
A Google user,5,2026-08-07 09:39:30,"network to understand information that's my dought is right, 657",0,Robi,General Appreciation / Other,Neutral,"The user mentions the network and a specific number, likely a query or reference code, without clear operational context."
A Google user,5,2026-08-07 08:51:31,সুন্দর অ্যাপ,0,Robi,General Appreciation / Other,Positive,The customer describes the app as beautiful.
A Google user,2,2026-08-07 00:48:39,back to old virson,0,Robi,App Login & Technical Bugs,Neutral,The user is requesting to revert the app to its previous version.
A Google user,3,2026-08-07 00:29:13,service is very good.,0,Robi,General Appreciation / Other,Positive,The customer expresses satisfaction with the overall service quality.
A Google user,5,2026-08-07 00:18:40,আমি রবি সিম চালাই আর বাকি সব...... নেয় তাই রবি বেস্ট সিম। নেটওয়ার্ক সেরা। ধন্যবাদ রবি।,0,Robi,General Appreciation / Other,Positive,The customer expresses that Robi is the best SIM with the best network and thanks the company.
A Google user,5,2026-08-06 23:48:27,রবি এপ্স থাকার কারনে ভালো অফার দেখার সুযোগ হয়।অনেক ভালো আপ্স।,0,Robi,Offers & Data Packs,Positive,The customer appreciates the Robi app for providing access to good offers and updates.
A Google user,5,2026-08-06 22:40:59,nice my robi,0,Robi,General Appreciation / Other,Positive,The customer expresses general satisfaction with the My Robi app.
A Google user,5,2026-08-06 22:05:58,রবি অ্যাপ সেটা অনেক ভালো,0,Robi,General Appreciation / Other,Positive,The customer states that the Robi app is very good.
A Google user,5,2026-08-06 21:49:26,আমাকে লোন দেওয়ার জন্য ধন্যবাদ,0,Robi,General Appreciation / Other,Positive,Thank you for giving me a loan.
A Google user,5,2026-08-06 21:42:15,number one bad app in the world,0,Robi,General Appreciation / Other,Negative,"The user expresses extreme dissatisfaction, calling the app the worst in the world."
A Google user,5,2026-08-06 19:42:19,thank you so much,0,Robi,General Appreciation / Other,Positive,The customer is expressing gratitude.
A Google user,5,2026-08-06 18:51:27,good package,0,Robi,Offers & Data Packs,Positive,The customer expresses satisfaction with the quality of the data package.
A Google user,4,2026-08-06 16:41:53,good but packs amount ta komale vlo hbe,0,Robi,Offers & Data Packs,Neutral,The user finds the service good but suggests that the data pack quantities should be increased.
A Google user,1,2026-08-06 15:56:44,this app very helpul,0,Robi,General Appreciation / Other,Positive,The customer finds the app very helpful.
A Google user,5,2026-08-06 15:37:29,good robi sim offers,0,Robi,Offers & Data Packs,Positive,The customer is expressing satisfaction with the offers available on their Robi SIM.
A Google user,5,2026-08-06 14:24:37,ধন্যবাদ রবিকে তাদের এতো ভালো সেবার জন্য,0,Robi,General Appreciation / Other,Positive,Thank you Robi for your excellent service.
A Google user,1,2026-08-06 09:32:56,"the ui was much better sampler before. now they made the ui flashy and hard to use , its kinda hard to use , these kind of Services should you minimalistic UI and easy to you,",3,Robi,App Login & Technical Bugs,Negative,The user complains that the new flashy UI is harder to use than the previous simple version and suggests a more minimalistic design.
A Google user,1,2026-08-06 09:08:20,This new update is absolutely disgusting. It’s nauseating to watch. The old one was perfect.,0,Robi,App Login & Technical Bugs,Negative,"The user strongly dislikes the new app update, describing it as disgusting and preferring the previous version."
A Google user,5,2026-08-06 08:57:03,Robi ekti Valo app,0,Robi,General Appreciation / Other,Positive,The customer states that Robi is a good app.
A Google user,5,2026-08-06 07:24:51,free 1 gb my bunas,0,Robi,Offers & Data Packs,Positive,The customer is expressing satisfaction with receiving a free 1GB data offer.
A Google user,5,2026-08-06 06:56:00,Alhamdulillah good software But the offer is not available.,1,Robi,Offers & Data Packs,Neutral,The user appreciates the software but reports that a specific offer is unavailable.
A Google user,5,2026-08-06 02:27:00,this is very nice and easy app,0,Robi,General Appreciation / Other,Positive,The customer finds the app to be very nice and easy to use.
A Google user,5,2026-08-06 00:37:51,very nice 👍👍👍,0,Robi,General Appreciation / Other,Positive,The customer expressed general satisfaction with the service.
A Google user,5,2026-08-05 23:33:21,very good apps for Android and very fast working,0,Robi,General Appreciation / Other,Positive,The customer praises the app for being very good and fast on Android.
A Google user,5,2026-08-05 21:06:46,very pleasures,0,Robi,General Appreciation / Other,Positive,The customer expresses that they are very pleased with the service.
A Google user,1,2026-08-05 20:33:45,The latest update app is very bad.,0,Robi,App Login & Technical Bugs,Negative,The customer is dissatisfied with the performance of the latest app update.
A Google user,5,2026-08-05 19:51:31,"valo.....আপডেট দেওয়ার পর এত বিরক্তিকর লাকতেছে এপ টা বলে বুঝানো যাবেনা, এমবি অফার আগে কত সহজ ছিলো এখন ফাংশন বুঝা যায়না।",0,Robi,App Login & Technical Bugs,Negative,"The user finds the app extremely annoying and difficult to navigate after a recent update, specifically complaining that accessing MB offers has become complicated compared to before."
A Google user,5,2026-08-05 16:41:37,this app is very good.,0,Robi,General Appreciation / Other,Positive,The customer expresses that the app is very good.
A Google user,5,2026-08-05 16:02:06,Good service,0,Robi,General Appreciation / Other,Positive,The customer expresses satisfaction with the overall service quality.
A Google user,5,2026-08-05 15:52:09,This application is helpful because any offers can be easy purchased.,0,Robi,Offers & Data Packs,Positive,The user finds the app helpful because it makes purchasing offers easy.
A Google user,5,2026-08-05 15:39:56,onek sundor service,0,Robi,General Appreciation / Other,Positive,The customer describes the service as very good.
A Google user,5,2026-08-05 15:01:42,i want a auto coin claiming bonus,0,Robi,Offers & Data Packs,Neutral,The customer is requesting a feature for automatic claiming of bonus coins.
A Google user,5,2026-08-05 14:49:02,এই এক ঘন্টা কন্টিনিউ নাকি কিছু কিছু করেও ব্যবহার করা যায় ?,0,Robi,Network Speed & 4G Latency,Neutral,The user is asking whether the service works continuously for an hour or if it is intermittent.
A Google user,5,2026-08-05 13:59:04,it's a very good experience &you can take this.,0,Robi,General Appreciation / Other,Positive,The customer expresses that the experience is very good and recommends it.
A Google user,5,2026-08-05 13:52:09,ভালো এপ নেটের দাম অনেক কম,0,Robi,General Appreciation / Other,Positive,The user appreciates the app and notes that the network rates are very low.
A Google user,5,2026-08-05 11:25:10,Good Network Thanks for Everything,0,Robi,General Appreciation / Other,Positive,The customer expresses gratitude and satisfaction with the network quality.
A Google user,5,2026-08-05 09:38:01,khobi valo netowark,0,Robi,General Appreciation / Other,Positive,The customer states that the network is very good.
A Google user,5,2026-08-05 02:59:01,Robi is my favourite SIM.,1,Robi,General Appreciation / Other,Positive,The customer expresses that Robi is their favorite SIM provider.
A Google user,5,2026-08-05 01:21:53,nice app useful all🫰,0,Robi,General Appreciation / Other,Positive,The customer finds the app nice and useful.
A Google user,4,2026-08-05 00:26:03,my robi. best Network from Bangladesh,0,Robi,General Appreciation / Other,Positive,The customer praises Robi as having the best network in Bangladesh.
A Google user,1,2026-08-04 19:18:19,আমার বালের নেট নুডির পুতাইত। টাকাই জলে,0,Robi,Network Speed & 4G Latency,Negative,The user complains that the internet speed is very slow and their money is being wasted.
A Google user,5,2026-08-04 17:37:47,আপনাদের ইন্টারনেট এবং মিনিট প্যাকের অতিরিক্ত দাম অন্যান্য কোম্পানির গুলো অনেক কমে পাওয়া যায়,0,Robi,Offers & Data Packs,Negative,The customer complains that Robi's internet and minute packs are significantly more expensive than those offered by other companies.
A Google user,5,2026-08-04 16:52:15,Well that's feeling,0,Robi,General Appreciation / Other,Neutral,The customer expressed a vague feeling without providing specific operational details.
A Google user,2,2026-08-04 15:34:42,robi network fast internat,0,Robi,Network Speed & 4G Latency,Positive,The customer reports that the Robi network provides fast internet.
A Google user,5,2026-08-04 15:02:26,"Not getting good quality offer, money is high and moad is low. and please simple new money offer.",10,Robi,Offers & Data Packs,Negative,"The customer is dissatisfied with the current offers, citing high costs for low data volume, and requests simpler new money offers."
A Google user,3,2026-08-04 11:34:54,can not enter the app,1,Robi,App Login & Technical Bugs,Negative,The user is unable to access or log into the application.
A Google user,4,2026-08-04 11:15:15,It's good.but need improve network,0,Robi,Network Speed & 4G Latency,Neutral,The user finds the service good but requests improvements to the network quality.
A Google user,5,2026-08-04 11:13:57,it was a very good service,0,Robi,General Appreciation / Other,Positive,The customer expressed satisfaction with the overall service quality.
A Google user,5,2026-08-04 10:40:15,Very helpful,0,Robi,General Appreciation / Other,Positive,The customer finds the service or app very helpful.
A Google user,1,2026-08-04 10:27:19,অনেক অভ্যন্তরীণ সমস্যা সমাধান করতে ব্যর্থ।,0,Robi,App Login & Technical Bugs,Negative,The app has failed to resolve many internal technical issues.
A Google user,5,2026-08-04 10:18:04,good 👍 nice 🙂 thank you so much my robi,0,Robi,General Appreciation / Other,Positive,The customer expresses gratitude and satisfaction with My Robi.
A Google user,5,2026-08-04 08:55:27,good & very easy.,0,Robi,General Appreciation / Other,Positive,The user finds the service good and very easy to use.
A Google user,5,2026-08-04 08:43:50,দোল আগে দ হারাপ নয়,0,Robi,General Appreciation / Other,Neutral,"The user expresses that they do not expect anything from the service, likely indicating apathy or resignation."
A Google user,5,2026-08-04 08:38:12,Bast app ❤️❤️,0,Robi,General Appreciation / Other,Positive,The customer expresses that the app is great.
A Google user,5,2026-08-04 07:27:57,বলার মতো নয়।এক কথায় অসাধারন,0,Robi,General Appreciation / Other,Positive,The customer expresses that the service is extraordinary and beyond words.
A Google user,1,2026-08-04 04:50:23,AMAR POUNT DIA JE PAKEJ KINECHILAM SE GOLA KOY,0,Robi,Billing & Airtime Deductions,Negative,The customer is complaining that the package they purchased was deducted from their account.
A Google user,1,2026-08-04 03:10:56,বেশি ভালো না,0,Robi,General Appreciation / Other,Negative,The customer states that the service or app is not very good.
A Google user,5,2026-08-04 01:19:31,thanks my Robi,0,Robi,General Appreciation / Other,Positive,The customer is expressing gratitude to the My Robi service.
A Google user,5,2026-08-03 23:44:15,very good Service,0,Robi,General Appreciation / Other,Positive,The customer expresses satisfaction with the overall service quality.
A Google user,5,2026-08-03 22:43:49,good aps ☺️🤝,1,Robi,General Appreciation / Other,Positive,The customer expresses satisfaction with the app.
A Google user,5,2026-08-03 13:47:25,very nice service,0,Robi,General Appreciation / Other,Positive,The customer expresses satisfaction with the overall service quality.
A Google user,5,2026-08-03 13:32:31,ভালো কিন্তু অফার গুলো আরেকটু ভালো হলে ভালো হয়,0,Robi,Offers & Data Packs,Neutral,"The service is good, but the customer suggests that the offers could be improved."
A Google user,5,2026-08-03 11:17:09,very much robi 💝💝💝💝,0,Robi,General Appreciation / Other,Positive,The customer expresses strong affection and appreciation for Robi.
A Google user,5,2026-08-03 07:42:49,রবি সিম অনেক ভালো 🇧🇩💖,0,Robi,General Appreciation / Other,Positive,The customer expresses that the Robi SIM is very good.
A Google user,5,2026-08-03 05:43:15,MY ROBI IS VERY GOOD OPERATORS,0,Robi,General Appreciation / Other,Positive,The customer expresses that the My Robi app and operators are very good.
A Google user,1,2026-08-03 05:41:46,একটু ভালো অফার দেন,0,Robi,Offers & Data Packs,Neutral,The customer is requesting better offers from the service provider.
A Google user,1,2026-08-03 05:05:48,Very poor services,0,Robi,General Appreciation / Other,Negative,The customer expresses dissatisfaction with the overall quality of service provided.
A Google user,1,2026-08-03 03:09:56,I have some internet issues.Internet speed is very slow.,1,Robi,Network Speed & 4G Latency,Negative,The customer reports that their internet speed is very slow.
A Google user,5,2026-08-02 23:34:28,Awesome My Robi,0,Robi,General Appreciation / Other,Positive,The customer expresses general satisfaction with the My Robi app.
A Google user,5,2026-08-02 21:33:04,nice Bangladesh Robi apps,0,Robi,General Appreciation / Other,Positive,The customer expresses satisfaction with the Robi app in Bangladesh.
A Google user,5,2026-08-02 20:35:17,Good App But network slow Plzzz network first,0,Robi,Network Speed & 4G Latency,Negative,The user appreciates the app but complains about slow network speeds and requests priority for network improvements.
A Google user,5,2026-08-02 19:31:59,Excellent app with abundant ffacilities,0,Robi,General Appreciation / Other,Positive,The customer praises the app for being excellent and having many useful features.
A Google user,5,2026-08-02 17:57:31,This app is very useful.,0,Robi,General Appreciation / Other,Positive,The customer finds the app very useful.
A Google user,5,2026-08-02 17:51:46,mb দাম বেশি 😒💸,0,Robi,Billing & Airtime Deductions,Negative,The customer complains that the mobile recharge price is too high.
A Google user,1,2026-08-02 16:24:54,very slow app,0,Robi,App Login & Technical Bugs,Negative,The customer reports that the app is running very slowly.
A Google user,5,2026-08-02 15:39:02,no offer bad,0,Robi,Offers & Data Packs,Negative,The customer is dissatisfied because there are no available offers.
A Google user,1,2026-08-02 13:20:59,baje experience,0,Robi,General Appreciation / Other,Negative,The customer describes their overall experience as bad.
A Google user,5,2026-08-02 12:19:42,আমি এপ টি আপডেট দিতে পারতাছিনা।help me,0,Robi,App Login & Technical Bugs,Negative,The user is unable to update the app and is requesting assistance.
A Google user,5,2026-08-02 11:33:28,services are very good.,0,Robi,General Appreciation / Other,Positive,The customer expresses satisfaction with the overall quality of the services.
A Google user,5,2026-08-02 11:09:56,very good app,0,Robi,General Appreciation / Other,Positive,The customer expresses that the app is very good.
A Google user,5,2026-08-02 08:41:42,this is good,0,Robi,General Appreciation / Other,Positive,The customer expresses general satisfaction with the service.
A Google user,3,2026-08-02 02:25:19,abar ai offers deba too janoo,0,Robi,Offers & Data Packs,Negative,The customer is complaining that the app is not displaying any offers.
A Google user,4,2026-08-01 23:47:17,আরো একটু কম টাকার অফার দিয়েন আমাদের অনেক কষ্ট হয় বেশি টাকার অফার গুলা 😁😁,0,Robi,Offers & Data Packs,Negative,The customer requests cheaper offers because the current high-priced packages are difficult to afford.
A Google user,1,2026-08-01 20:55:39,Baler sim. Baler net. Pesaber speed o toder net er cheye besi,0,Robi,Network Speed & 4G Latency,Negative,"The customer complains that the SIM and network are poor, stating that the speed is even lower than other networks."
A Google user,5,2026-08-01 18:51:32,not bet its also rork naicely,0,Robi,General Appreciation / Other,Positive,The user states that the service is not bad and is working nicely.
A Google user,5,2026-08-01 17:45:33,best service for my robi.thanks robi,0,Robi,General Appreciation / Other,Positive,The customer expresses gratitude and praises the service provided by Robi.
A Google user,5,2026-08-01 14:47:33,dear sir my robi app no offer give so dear sir please give me offer thank you,0,Robi,Offers & Data Packs,Neutral,The customer is requesting the availability of offers in the My Robi app.
A Google user,1,2026-08-01 13:00:49,পুরাতন রবি অ্যাপস ভালো ছিল old Robi best,0,Robi,General Appreciation / Other,Positive,The customer expresses that the old Robi app was better than the current one.
A Google user,5,2026-08-01 10:39:53,খুব ভালো লাগলো,0,Robi,General Appreciation / Other,Positive,The customer expressed that they really liked the service or experience.
A Google user,5,2026-08-01 10:35:06,happy to use robi netwark. thanks of all robi family,0,Robi,General Appreciation / Other,Positive,The customer expresses happiness with the Robi network and thanks the Robi team.
A Google user,5,2026-08-01 03:03:40,like my robi,0,Robi,General Appreciation / Other,Positive,The customer expresses a general liking for the My Robi app.
A Google user,5,2026-08-01 01:26:57,মাঝে মাঝে নেটওয়ার্কের অনেক সমস্যা হয়। তখন এলিট এর অফার গুলো দারুন কাজ দেয়। ধন্যবাদ রবি। ধন্যবাদ এলিট।,0,Robi,Offers & Data Packs,Positive,The customer acknowledges occasional network issues but praises the effectiveness of Elite offers and thanks Robi.
A Google user,1,2026-08-01 01:10:26,এমবির দাম অনেক বেশিই ইদানীং ভালো কোন অফার নাই,0,Robi,Offers & Data Packs,Negative,The customer complains that My Robi prices are too high and there are no good offers available recently.
A Google user,5,2026-08-01 00:45:53,good 👍😊😊😊 app,0,Robi,General Appreciation / Other,Positive,The customer expresses satisfaction with the app using positive emojis and the word 'good'.
A Google user,1,2026-08-01 00:25:01,"I have been noticing one thing for a while now, automatic subscriptions are happening on Robi apps, it is very sad. I don't know, but money is being deducted from my balance without my knowledge. This kind of auto subscription should be stopped immediately. The company does not replenish my money, since I have to replenish my money, they should inform me and deduct my money. On July 22, I recharged 100 taka, now I see my balance is 50 taka. Out of the 50 taka expense shown, I said five taka, and",0,Robi,Billing & Airtime Deductions,Negative,"The user is complaining about unauthorized automatic subscriptions and unexplained balance deductions, specifically noting that their 100 Taka recharge dropped to 50 Taka without proper notification."
A Google user,5,2026-07-31 22:12:32,good network,0,Robi,Network Speed & 4G Latency,Positive,The customer is satisfied with the quality of the network.
A Google user,5,2026-07-31 21:53:12,very first network 🛜🛜🛜,0,Robi,General Appreciation / Other,Positive,The customer expresses that this is their first experience with the network.
A Google user,5,2026-07-31 20:34:58,That's a good app but sometimes we have to face many problem which don't know.But overall it's helps us in many ways. Thank you.🥰🥰😇,9,Robi,General Appreciation / Other,Positive,The user appreciates the app's overall utility despite experiencing some unidentified issues.
A Google user,3,2026-07-31 18:42:06,"সারভিস সেই ভালো, আরেকটু ভালো করতে হবে।",0,Robi,General Appreciation / Other,Neutral,"The service is good, but it needs to be improved a little more."
A Google user,5,2026-07-31 17:53:47,good app 👍😊😊,0,Robi,General Appreciation / Other,Positive,The customer expresses satisfaction with the app using positive emojis.
A Google user,5,2026-07-31 16:41:58,অনেক ভালো লাগে রবি,0,Robi,General Appreciation / Other,Positive,The customer expresses that they really like Robi.
A Google user,5,2026-07-31 15:13:02,Gd Service...,0,Robi,General Appreciation / Other,Positive,The customer expresses satisfaction with the service.
A Google user,5,2026-07-31 14:51:00,this is the best apps,0,Robi,General Appreciation / Other,Positive,The customer expresses that this is the best app.
A Google user,5,2026-07-31 09:21:43,Thanks for Robi,0,Robi,General Appreciation / Other,Positive,The customer is expressing gratitude to Robi.
A Google user,5,2026-07-31 08:02:21,yess this my robi my best good service,0,Robi,General Appreciation / Other,Positive,The customer expresses that My Robi is their best and good service.
A Google user,5,2026-07-31 06:37:28,Best service for thanks,0,Robi,General Appreciation / Other,Positive,The customer expresses gratitude and praises the service as the best.
A Google user,5,2026-07-31 00:16:46,অনেক সুন্দর ❤️❤️❤️❤️,0,Robi,General Appreciation / Other,Positive,The customer expresses that the service or app is very beautiful and nice.
A Google user,4,2026-07-31 00:09:55,Ekram Mia খুব ভালো অফার,0,Robi,Offers & Data Packs,Positive,The customer states that the offers are very good.
A Google user,5,2026-07-30 23:31:44,bast app data,0,Robi,General Appreciation / Other,Positive,The customer states that the app is good for data.
A Google user,5,2026-07-30 22:44:02,Juwel Rana Very good,0,Robi,General Appreciation / Other,Positive,The customer expressed that the service is very good.
A Google user,1,2026-07-30 21:47:03,internet offar,0,Robi,Offers & Data Packs,Neutral,The customer is inquiring about or referring to internet offers.
A Google user,5,2026-07-30 20:59:54,I like it so much,0,Robi,General Appreciation / Other,Positive,The customer expresses strong satisfaction with the service.
A Google user,3,2026-07-30 20:33:05,App keeps crashing randomly.,0,Robi,App Login & Technical Bugs,Negative,The user reports that the application crashes randomly.
A Google user,4,2026-07-30 20:05:46,offer gulo more affordable korle better hoi,0,Robi,Offers & Data Packs,Neutral,The customer suggests that making the offers more affordable would be better.
A Google user,5,2026-07-30 18:03:13,robi internet service providers very nice,0,Robi,General Appreciation / Other,Positive,The customer expresses that Robi's internet service is very good.
A Google user,4,2026-07-30 17:17:07,recently internet speed is very slow.,0,Robi,Network Speed & 4G Latency,Negative,The customer reports that their internet speed has become very slow recently.
A Google user,5,2026-07-30 15:29:52,good apps thank you Robi,0,Robi,General Appreciation / Other,Positive,The customer expresses gratitude and satisfaction with the app.
A Google user,5,2026-07-30 14:01:38,Offer Valo Valo diben,0,Robi,Offers & Data Packs,Positive,The customer states that the offers are very good.
A Google user,5,2026-07-30 13:34:14,Md Yousuf এমবির অফারের টাকা কমাই দিয়েন,0,Robi,Offers & Data Packs,Negative,The customer is complaining that the price of the MB offer was reduced or incorrectly deducted.
A Google user,5,2026-07-30 11:37:01,nice subidha,0,Robi,General Appreciation / Other,Positive,The customer expresses that the facility or service is nice.
A Google user,5,2026-07-30 11:20:15,plz remove add,0,Robi,App Login & Technical Bugs,Negative,The user is requesting the removal of advertisements from the application.
A Google user,4,2026-07-30 10:48:19,অনেক ভালো একটি আফার এবং রবি অ্যাপস থেকে অনেক সোলক মূল্যে অফারটা পেয়েছি ।,0,Robi,Offers & Data Packs,Positive,The customer praises a very good offer and mentions getting it at a very low price through the Robi app.
A Google user,5,2026-07-30 06:33:22,10 টাকা 15 মিনিট,0,Robi,Offers & Data Packs,Neutral,The customer is inquiring about or referencing a specific offer that provides 15 minutes of call time for 10 Taka.
A Google user,5,2026-07-30 05:26:38,ভালো ছিলো০০০০,0,Robi,General Appreciation / Other,Positive,The customer states that the service was good.
A Google user,5,2026-07-29 22:39:30,beautiful ❤️❤️❤️,0,Robi,General Appreciation / Other,Positive,The customer expressed positive sentiment with the word 'beautiful' and heart emojis.
A Google user,5,2026-07-29 22:17:49,nice Service,0,Robi,General Appreciation / Other,Positive,The customer expresses satisfaction with the overall service quality.
A Google user,5,2026-07-29 19:27:24,good service,0,Robi,General Appreciation / Other,Positive,The customer expresses satisfaction with the overall service quality.
A Google user,2,2026-07-29 19:15:21,নেটওয়ার্ক প্রবলেম বয়েস প্রবলেম,0,Robi,Network Speed & 4G Latency,Negative,The customer is reporting network issues and problems.
A Google user,5,2026-07-29 17:55:39,good survise,0,Robi,General Appreciation / Other,Positive,The customer is expressing satisfaction with the service.
A Google user,1,2026-07-29 15:02:50,আমি My Robi অ্যাপে নতুন ফিচার টা পাচ্ছি না। অ্যাপ Update করেছি।তারপর ও হচ্ছে না। ভার্সন ১০.১২.২ আসছে।,0,Robi,App Login & Technical Bugs,Negative,The user is unable to access a new feature in the My Robi app despite updating to version 10.12.2.
A Google user,2,2026-07-29 12:30:41,very expensive,0,Robi,Billing & Airtime Deductions,Negative,The customer finds the service or pricing to be very expensive.
A Google user,5,2026-07-29 10:34:55,খুব ভালো সার্ভিস,0,Robi,General Appreciation / Other,Positive,The customer states that the service is very good.
A Google user,5,2026-07-29 09:17:18,very good this app help me very much,0,Robi,General Appreciation / Other,Positive,The customer expresses that the app is very good and helpful to them.
A Google user,5,2026-07-29 08:22:12,MD FOISAL nice service,0,Robi,General Appreciation / Other,Positive,The customer expresses satisfaction with the service.
A Google user,5,2026-07-29 00:50:26,Arifa Akter good,0,Robi,General Appreciation / Other,Positive,The customer expressed a positive sentiment by stating 'good'.
A Google user,5,2026-07-29 00:31:17,goob offer for me Thank you so much 🤩,0,Robi,Offers & Data Packs,Positive,The customer expresses gratitude and satisfaction with a specific offer.
A Google user,5,2026-07-28 23:05:06,good in buying offers,0,Robi,Offers & Data Packs,Positive,The user finds the process of purchasing offers to be good.
A Google user,5,2026-07-28 22:47:56,যদি দাম কমানো হয় তাহলে আরো অনেকেই অফার গুলো নিতে পারতো,0,Robi,Offers & Data Packs,Neutral,The customer suggests that lowering the price would allow more people to purchase the offers.
A Google user,5,2026-07-28 20:40:20,network is very good,0,Robi,Network Speed & 4G Latency,Positive,The customer is satisfied with the quality of the network.
A Google user,5,2026-07-28 19:24:51,I am very happy to use My Robi. App.This is simple but very good for me.thank you Robi.,0,Robi,General Appreciation / Other,Positive,The user expresses satisfaction with the simplicity and quality of the My Robi app.
A Google user,1,2026-07-28 18:43:03,worst app ever. was user friendly before.,0,Robi,App Login & Technical Bugs,Negative,The customer states that the app is the worst ever and has become less user-friendly than before.
A Google user,5,2026-07-28 18:34:06,"My Robi App has truly impressed me. It is fast, simple, and easy to use. Managing my mobile account, checking my balance, buying internet packs, and accessing different services are all convenient in one place. The smooth interface and useful features make it one of the best telecom apps I have used. Great job, Robi!",15,Robi,General Appreciation / Other,Positive,"The user highly praises the My Robi app for its speed, simplicity, and comprehensive features for managing their account and services."
A Google user,5,2026-07-28 17:48:57,ধারুণ লাগলো সেবা,0,Robi,General Appreciation / Other,Positive,The customer states that the service was useful.
A Google user,1,2026-07-28 14:16:50,"updated version of this app isn't user friendly, last version was much better than this, make the UI more user friendly and make the transitions lil slow.",10,Robi,App Login & Technical Bugs,Negative,The user finds the updated app version less user-friendly than the previous one and requests UI improvements and slower transitions.
A Google user,5,2026-07-28 13:01:13,"Im using ROBI and airtel in last 10 years, please improve your app loading time. I mean why you guys put toooo much splash screen time when the app is starting. it's too annoying and boring to use. cause i use this app 2-5 times per week.",11,Robi,App Login & Technical Bugs,Negative,"The user complains that the app has an excessively long splash screen loading time, making it annoying to use."
A Google user,5,2026-07-28 10:40:40,this minute pack is very nice.,0,Robi,Offers & Data Packs,Positive,The customer expresses satisfaction with a specific minute pack.
A Google user,5,2026-07-28 10:16:18,I Am So Happy Reason Purchase The Package With Emergency Balance.... But Service Charge is To High with me,2,Robi,Billing & Airtime Deductions,Negative,The customer is happy with the emergency balance package purchase but complains that the service charge is too high.
A Google user,5,2026-07-28 01:10:52,good proprietor,0,Robi,General Appreciation / Other,Positive,The customer expresses satisfaction with the service provider.
A Google user,5,2026-07-28 00:35:22,alhamdulillah ❤️ very fast service Robi apps,0,Robi,General Appreciation / Other,Positive,The customer expresses gratitude and praises the fast service of the Robi app.
A Google user,5,2026-07-28 00:17:16,very good....,0,Robi,General Appreciation / Other,Positive,The customer expressed general satisfaction with the service.
A Google user,5,2026-07-27 22:22:33,নেটওয়ার্ক 4জি,0,Robi,Network Speed & 4G Latency,Neutral,The customer mentioned the 4G network.
A Google user,3,2026-07-27 21:54:18,ভাল সব জাগায় কাজ করে না,0,Robi,App Login & Technical Bugs,Negative,The app does not work in most places.
A Google user,5,2026-07-27 19:10:31,good network,0,Robi,Network Speed & 4G Latency,Positive,The customer is satisfied with the quality of the network.
A Google user,5,2026-07-27 16:36:26,this app is very good🤩,0,Robi,General Appreciation / Other,Positive,The customer expresses that the app is very good.
A Google user,4,2026-07-27 11:58:23,ভালো ছিলো এই অফারটা,0,Robi,Offers & Data Packs,Positive,The customer states that this offer was good.
A Google user,1,2026-07-27 11:50:00,আমি কমপ্লেন করেছি কিছু বলেছে ভবিষ্যতে ঠিক করবে তো এখন আমি কি করবো 😡😡😡😡😡😡😡,0,Robi,General Appreciation / Other,Negative,"The customer is frustrated because they previously filed a complaint and were told it would be fixed in the future, but they are unsure what to do now."
A Google user,5,2026-07-27 11:45:44,This app very good.........NTR,0,Robi,General Appreciation / Other,Positive,The customer expresses that the app is very good.
A Google user,5,2026-07-27 11:06:52,good app is Robi 💓🥰💓🥰🥰❤️❤️❤️,0,Robi,General Appreciation / Other,Positive,The customer expresses that the Robi app is good.
A Google user,5,2026-07-27 02:42:45,আপনাদের এখানে ভালো কোন অফার দেওয়া হয় না সব ফালতু চোতাওফার,0,Robi,Offers & Data Packs,Negative,"The customer complains that the app does not provide any good offers, describing all available deals as useless."
A Google user,1,2026-07-27 00:38:32,"I have been a loyal Robi customer for 26–27 years, yet I have never received any loyalty benefits. Worse, I have been misled several times while purchasing packages. This is very disappointing and unacceptable.",12,Robi,Offers & Data Packs,Negative,A long-term customer expresses disappointment over the lack of loyalty benefits and repeated misleading experiences while purchasing data packages.
A Google user,5,2026-07-26 23:39:33,good application,0,Robi,General Appreciation / Other,Positive,The customer expresses satisfaction with the application.
A Google user,5,2026-07-26 23:36:06,alhamdulillah.,0,Robi,General Appreciation / Other,Positive,The customer expresses gratitude or satisfaction with a religious phrase.
A Google user,5,2026-07-26 22:03:59,net problem valo Kore,0,Robi,Network Speed & 4G Latency,Negative,The customer is complaining that the network problem is not being fixed properly.
A Google user,5,2026-07-26 19:48:48,Md. Ridoy.Hossan.Good Speeds,0,Robi,Network Speed & 4G Latency,Positive,The customer is satisfied with the good network speeds.
A Google user,5,2026-07-26 18:58:50,Robi service is very good,0,Robi,General Appreciation / Other,Positive,The customer expresses that Robi's service is very good.
A Google user,5,2026-07-26 17:56:47,খুব ভালো এবং কম দামে বেশি অফার,0,Robi,Offers & Data Packs,Positive,The customer finds the offers to be very good and provides more value for a lower price.
A Google user,5,2026-07-26 16:56:25,good service,0,Robi,General Appreciation / Other,Positive,The customer expresses satisfaction with the overall service quality.
A Google user,5,2026-07-26 16:35:14,"Excellent!! good job, Thanks Robi Authority....",0,Robi,General Appreciation / Other,Positive,The customer expresses gratitude and praises the service provided by Robi.
A Google user,5,2026-07-26 14:11:09,this aap is Valo,0,Robi,General Appreciation / Other,Positive,The customer states that the app is good.
A Google user,5,2026-07-26 14:07:08,Everything good,0,Robi,General Appreciation / Other,Positive,The customer expresses general satisfaction with the service.
A Google user,5,2026-07-26 13:36:42,great experience ❤️,0,Robi,General Appreciation / Other,Positive,The customer expresses satisfaction with their overall experience.
A Google user,5,2026-07-26 13:35:08,Nice Service,0,Robi,General Appreciation / Other,Positive,The customer expresses satisfaction with the overall service quality.
A Google user,5,2026-07-26 13:34:49,"marattok chilo, bapre eto easy ar paramukto pack dhukano shotti chomotkar, khubi upokrito hoilam, i am grateful to my robi",0,Robi,Offers & Data Packs,Positive,The customer is grateful for the ease and convenience of purchasing data packs through the app.
A Google user,5,2026-07-26 13:31:17,Dhanbad welcome to,0,Robi,General Appreciation / Other,Neutral,The user provided a brief greeting or location-based welcome message without specific feedback on services.
A Google user,3,2026-07-26 12:31:12,call rate hai,0,Robi,Billing & Airtime Deductions,Neutral,The customer is inquiring about the call rate.
A Google user,5,2026-07-26 11:51:46,so good network speed,0,Robi,Network Speed & 4G Latency,Positive,The customer is praising the good network speed.
A Google user,5,2026-07-26 11:16:22,thank you for your help and,0,Robi,General Appreciation / Other,Positive,The customer is expressing gratitude for the assistance received.
A Google user,4,2026-07-26 09:45:23,very nice offer,0,Robi,Offers & Data Packs,Positive,The customer is expressing satisfaction with a specific promotional offer.
A Google user,5,2026-07-26 09:31:28,very good offer,0,Robi,Offers & Data Packs,Positive,The customer is expressing satisfaction with a specific promotional offer.
A Google user,1,2026-07-26 02:24:50,বলল ৩০৮ টাকায় ৩০ জিবি দেবে রিসাস করলে দিলো ৫জিবি আপ্পনেট পেকেস দেখে কেউ রিসাস করিওনা রবি পেক অ্যাপ,0,Robi,Offers & Data Packs,Negative,"The customer complains that the 30GB data pack for 308 Taka was reduced to only 5GB upon recharging, advising others to avoid Robi packs."
A Google user,5,2026-07-26 02:23:57,অনেক ধন্যবাদ 🥰,0,Robi,General Appreciation / Other,Positive,The customer is expressing gratitude and appreciation.
A Google user,5,2026-07-26 02:13:35,thank you so much Robi,0,Robi,General Appreciation / Other,Positive,The customer is expressing gratitude to Robi.
A Google user,4,2026-07-26 01:05:04,Very good service,0,Robi,General Appreciation / Other,Positive,The customer expresses satisfaction with the overall service quality.
A Google user,5,2026-07-26 00:54:15,very nice offer.,0,Robi,Offers & Data Packs,Positive,The customer is expressing satisfaction with a specific promotional offer.
A Google user,5,2026-07-25 23:53:15,very good app,0,Robi,General Appreciation / Other,Positive,The customer expresses that the app is very good.
A Google user,5,2026-07-25 23:29:29,Md Azizul Islam Akanda From Bangladesh Good Service,0,Robi,General Appreciation / Other,Positive,The customer expresses satisfaction with the service provided.
A Google user,5,2026-07-25 22:46:07,"Great Offer's for me in low cost, thankyou Robi❤️",1,Robi,Offers & Data Packs,Positive,The customer appreciates the low-cost offers provided by Robi.
A Google user,5,2026-07-25 19:47:37,onek valo offar 🥀,0,Robi,Offers & Data Packs,Positive,The customer states that the offers are very good.
A Google user,5,2026-07-25 19:15:03,very good app,0,Robi,General Appreciation / Other,Positive,The customer expresses that the app is very good.
A Google user,5,2026-07-25 18:51:08,good service,0,Robi,General Appreciation / Other,Positive,The customer expresses satisfaction with the overall service quality.
A Google user,5,2026-07-25 17:13:52,thanks for again,0,Robi,General Appreciation / Other,Positive,The customer is expressing gratitude.
A Google user,5,2026-07-25 16:18:05,Good app earn big money play mcq. small time.good app.,0,Robi,General Appreciation / Other,Positive,The user praises the app for being good and for allowing them to earn money by playing MCQ games.
A Google user,5,2026-07-25 15:03:51,I want to open this app,0,Robi,App Login & Technical Bugs,Neutral,The user is expressing a desire to open the application.
A Google user,3,2026-07-25 14:25:29,nice but log out maximum time,1,Robi,App Login & Technical Bugs,Negative,The user finds the app nice but complains about frequent unexpected logouts.
A Google user,4,2026-07-25 13:49:16,goood but should be better,0,Robi,General Appreciation / Other,Neutral,The customer finds the service acceptable but suggests it needs improvement.
A Google user,5,2026-07-25 13:37:51,very good app,0,Robi,General Appreciation / Other,Positive,The customer expresses that the app is very good.
A Google user,1,2026-07-25 13:17:37,this is too much very good❤️❤️❤️❤️❤️🌹,0,Robi,General Appreciation / Other,Positive,The customer expresses strong satisfaction and appreciation with enthusiastic praise.
A Google user,5,2026-07-25 13:01:01,This is good,1,Robi,General Appreciation / Other,Positive,The customer expresses general satisfaction with the service.
A Google user,5,2026-07-25 12:53:15,Robi sim connection is very clear for use. I have to talk with many people so Robi sim helps me to talk clearly.So that this is so helpful.,0,Robi,General Appreciation / Other,Positive,"The customer praises the clear voice connection quality of the Robi SIM, which is helpful for their frequent calls."
A Google user,4,2026-07-25 12:25:51,very good very good,0,Robi,General Appreciation / Other,Positive,The customer expresses high satisfaction with the service.
A Google user,5,2026-07-25 10:55:11,Hasina view the Bangladesh,0,Robi,General Appreciation / Other,Neutral,"The user made a general political statement about the Prime Minister and Bangladesh, unrelated to telecom services."
A Google user,5,2026-07-25 09:47:26,রবি সিমটি কিনে সব সার্ভিস গুলাই আমার জন্য খুব আনন্দদায়ক,0,Robi,General Appreciation / Other,Positive,The customer finds all services from their Robi SIM purchase to be very enjoyable.
A Google user,4,2026-07-25 07:14:47,Robi is help me variously,0,Robi,General Appreciation / Other,Positive,The customer states that Robi helps them in various ways.
A Google user,5,2026-07-25 05:24:00,❤️❤️❤️❤️❤️❤️,0,Robi,General Appreciation / Other,Positive,The customer expressed strong satisfaction using multiple heart emojis.
A Google user,1,2026-07-25 00:30:24,"ফালতু ফিচারস, নতুন আপডেটে",0,Robi,App Login & Technical Bugs,Negative,The user complains about useless features introduced in the new app update.
A Google user,5,2026-07-24 23:18:49,nice service.,0,Robi,General Appreciation / Other,Positive,The customer expresses satisfaction with the overall service quality.
A Google user,1,2026-07-24 22:55:04,"You are putting everything you get into your apps, so many things are not needed, why do people use apps, to buy minutes, to check balance, to view MB, to send gifts, you are putting dramas here, ETV, GTV, BTV, etc., etc., you are fouling the apps. Give them what they need. If I can't buy the data I want on Easy Plane, then what kind of Easy Plane is it?",9,Robi,App Login & Technical Bugs,Negative,The user criticizes the app for being cluttered with unnecessary entertainment features and complains about the inability to purchase desired data packs on the Easy Plane platform.
A Google user,5,2026-07-24 22:19:37,Thank you so much my robi service,0,Robi,General Appreciation / Other,Positive,The customer is expressing gratitude for the My Robi service.
A Google user,5,2026-07-24 22:13:42,nice and supar my robi app,0,Robi,General Appreciation / Other,Positive,The customer expresses that the My Robi app is nice and super.
A Google user,1,2026-07-24 22:07:37,"অ্যাপসটাকে পুরা বাজে পর্যায়ে নিয়ে গেছেন। আগে অনেক ভালো ছিল। একটু উপরে গেলে অনেকটা উপরে চলে যাচ্ছে হুট করে, আবার উল্লাটাও হচ্ছে, কি সব আপডেট দিচ্ছেন?!",0,Robi,App Login & Technical Bugs,Negative,"The user complains that the app has become very bad, citing issues with sudden scrolling jumps and glitches after recent updates."
A Google user,5,2026-07-24 21:26:57,খুব ভালো কিন্তু ফালতু,0,Robi,General Appreciation / Other,Neutral,The user describes the service as very good but also useless.
A Google user,1,2026-07-24 21:12:50,"ফালতু অ্যাপ, নেট ছাড়া লোডই হয় না নেট শেষ হলেও লোড হয়না, প্যাকেজ নিবো কেমনে?",0,Robi,App Login & Technical Bugs,Negative,"The user complains that the app fails to load without an active internet connection, preventing them from purchasing packages."
A Google user,5,2026-07-24 20:26:13,very good 👍😊,0,Robi,General Appreciation / Other,Positive,The customer expresses general satisfaction with the service.
A Google user,1,2026-07-24 19:09:36,"Very vad service, very very network problems in our area",0,Robi,Network Speed & 4G Latency,Negative,The customer reports very poor service and significant network problems in their area.
A Google user,1,2026-07-24 15:51:35,"একদম ফালতু অপারেটর, এমবি কিনলে অটোমেটিক ডাটা কেটে নেয় একদম ফালতু",0,Robi,Billing & Airtime Deductions,Negative,"The customer complains that the operator automatically deducts data from their purchased MBs, calling the service useless."
A Google user,1,2026-07-24 15:32:11,robi sim offer good but mostly important issues internet service so very slow properly not support in 4g 5g aria,0,Robi,Network Speed & 4G Latency,Negative,The customer finds the SIM offers good but complains that the internet service is very slow and lacks proper 4G/5G support.
A Google user,5,2026-07-24 15:07:32,very nice apps,0,Robi,General Appreciation / Other,Positive,The customer expresses that the app is very nice.
A Google user,5,2026-07-24 12:02:41,khov Valo app,0,Robi,General Appreciation / Other,Positive,The customer states that the app is very good.
A Google user,5,2026-07-24 11:27:29,valo 1 taka 1gb 🫰🏼☺️☺️,0,Robi,Offers & Data Packs,Positive,The customer is happy with the 1GB data pack for 1 taka offer.
A Google user,5,2026-07-24 10:34:43,Very good network all time,1,Robi,Network Speed & 4G Latency,Positive,The customer praises the consistent quality of the network.
A Google user,5,2026-07-24 08:48:45,এই অ্যাপসটি আমি ব্যবহার করি আপনারা সবাই ব্যবহার করি ভালো লাগবে সবাইকে ধন্যবাদ জানাই,0,Robi,General Appreciation / Other,Positive,The user expresses that they enjoy using the app and thanks everyone for their usage.
A Google user,3,2026-07-24 08:29:57,Can't update profile pic on Google Pixel 7. The 'OK' and 'Cancel' button on top doesn't work for me. Update: Uninstall/Reinstall and Light/Dark mode has the same issue. I suspect it's related to Google Pixel (?!?). Adding more stars as support responded my concern fast. I understand not all phones might work flawlessly.,8,Robi,App Login & Technical Bugs,Positive,"The user reported a technical bug where profile picture update buttons do not function on a Google Pixel 7, but expressed satisfaction with the support team's quick response."
A Google user,5,2026-07-24 05:13:46,"I love this application, Because this application have everything you want..........",0,Robi,General Appreciation / Other,Positive,The user loves the application because it offers all the desired features.
A Google user,5,2026-07-24 00:29:05,Good App and Good offers,1,Robi,Offers & Data Packs,Positive,The customer appreciates the app and its available offers.
A Google user,4,2026-07-23 22:16:19,এটা ব্যবহারে অনেক উপকৃত হওয়া যায়। খুব সহজেই প্রয়োজনীয় ও কাঙ্খিত অফার ও প্যাক মেলে।ধন্যবাদ,0,Robi,Offers & Data Packs,Positive,The user finds the app very useful for easily accessing necessary offers and data packs.
A Google user,5,2026-07-23 22:06:16,Good Experience,0,Robi,General Appreciation / Other,Positive,The customer reports having a good experience.
A Google user,5,2026-07-23 21:33:23,very good apps,0,Robi,General Appreciation / Other,Positive,The customer expresses that the app is very good.
A Google user,5,2026-07-23 21:16:38,very interesting,0,Robi,General Appreciation / Other,Positive,The customer finds the app or service very interesting.
A Google user,5,2026-07-23 20:17:22,রবি আমার প্রিয় অপারেটর,0,Robi,General Appreciation / Other,Positive,Robi is my favorite operator.
A Google user,5,2026-07-23 18:46:37,Good services,0,Robi,General Appreciation / Other,Positive,The customer expresses satisfaction with the overall service quality.
A Google user,5,2026-07-23 17:31:37,good working,0,Robi,General Appreciation / Other,Positive,The customer is expressing satisfaction with the app's functionality.
A Google user,5,2026-07-23 16:11:50,good sarvice,0,Robi,General Appreciation / Other,Positive,The customer is expressing satisfaction with the service.
A Google user,5,2026-07-23 14:38:04,if you don't give expensive it will be better,0,Robi,Offers & Data Packs,Negative,The customer suggests that the service would be better if the pricing were not so expensive.
A Google user,5,2026-07-23 12:30:42,Net is not available inside room. Need improvement.,2,Robi,Network Speed & 4G Latency,Negative,The customer reports that the network is unavailable inside their room and requests improvement.
A Google user,5,2026-07-23 11:49:28,অভিজ্ঞতা ভালো ছিলো। আশা করি আরও ভালো অফার আসবে।সিস্টেম খুবই সহজ।,0,Robi,General Appreciation / Other,Positive,"The user found the experience good and the system very easy to use, while hoping for better offers in the future."
A Google user,5,2026-07-23 10:48:57,this app is very good 👍🏻,0,Robi,General Appreciation / Other,Positive,The customer expresses that the app is very good.
A Google user,5,2026-07-23 10:43:11,রফিক গ্রাহকের জন্য অসংখ্য অসংখ্য ধন্যবাদ,0,Robi,General Appreciation / Other,Positive,"The customer expresses repeated gratitude to Rafiq, likely a staff member or representative."
A Google user,5,2026-07-23 09:25:11,Very good service,0,Robi,General Appreciation / Other,Positive,The customer expresses satisfaction with the overall service quality.
A Google user,5,2026-07-23 07:02:31,A very good app,0,Robi,General Appreciation / Other,Positive,The customer expresses that the app is very good.
A Google user,5,2026-07-23 02:55:01,this is so good app l like it,0,Robi,General Appreciation / Other,Positive,The user expresses that they really like the app and find it very good.
A Google user,5,2026-07-23 01:21:55,internet rate high please rate something low,0,Robi,Offers & Data Packs,Negative,The customer is complaining that internet rates are too high and requesting lower pricing options.
A Google user,5,2026-07-22 23:59:06,I love my robi,0,Robi,General Appreciation / Other,Positive,The customer expresses general love and satisfaction with Robi.
A Google user,5,2026-07-22 23:17:32,Alhamdulillah,0,Robi,General Appreciation / Other,Positive,The customer expresses gratitude or satisfaction with the service.
A Google user,5,2026-07-22 23:08:02,নাইস অনেক ভালো রবি অ্যাপস🥰🥰🥰😇,0,Robi,General Appreciation / Other,Positive,The customer expresses that the Robi app is very nice and good.
A Google user,5,2026-07-22 22:51:26,Ai app ti khubi dorkari,0,Robi,General Appreciation / Other,Positive,The user states that the app is very necessary.
A Google user,5,2026-07-22 20:19:16,good services,0,Robi,General Appreciation / Other,Positive,The customer expresses satisfaction with the overall service quality.
A Google user,1,2026-07-22 20:01:19,very bad app,0,Robi,App Login & Technical Bugs,Negative,The customer expresses strong dissatisfaction with the overall quality of the application.
A Google user,5,2026-07-22 17:55:58,It’s just wow,0,Robi,General Appreciation / Other,Positive,The customer expresses strong positive surprise and satisfaction with the service.
A Google user,5,2026-07-22 17:50:46,"বাংলাদেশের সব জায়গায় নেটওয়ার্ক ঠিক মতো পায় না, রবি সিম কোম্পানি কে বিষয় গুলি সমাধান করবেন।",0,Robi,Network Speed & 4G Latency,Negative,The customer reports that the network is not working properly in many places in Bangladesh and requests Robi to resolve these issues.
A Google user,5,2026-07-22 16:10:00,vai current na thakle 4g choile jai,0,Robi,Network Speed & 4G Latency,Neutral,The user states that they will use 4G if the current network is not available.
A Google user,5,2026-07-22 16:01:24,very good to,0,Robi,General Appreciation / Other,Positive,The customer expresses that the service is very good.
A Google user,5,2026-07-22 14:21:21,Enjoy it my robi app,0,Robi,General Appreciation / Other,Positive,The customer expresses enjoyment and satisfaction with the My Robi app.
A Google user,5,2026-07-22 12:28:36,Yousuf Akash awesome 👍,0,Robi,General Appreciation / Other,Positive,The customer is expressing positive appreciation for a person named Yousuf Akash.
A Google user,5,2026-07-22 12:02:13,আই অ্যাম আমিন মাই রবি অ্যাপ অনেক ভালো সুপার অফার প্রতিদিনই আমরা পাই,0,Robi,Offers & Data Packs,Positive,The user praises the My Robi app for providing excellent daily offers.
A Google user,5,2026-07-22 11:17:14,service is helpful & good...,1,Robi,General Appreciation / Other,Positive,The customer finds the service helpful and good.
A Google user,2,2026-07-22 09:49:57,মাই রবি অ্যাপটি এখন বেশি হিবিজিবি হয়ে গেছে। অপ্রয়োজনীয় এত আইকন আর এত অপশন তো দরকার নেই। এই অ্যাপের মধ্যে ঢুকলে মাথায় যেন একটা বিভ্রান্তি সৃষ্টি হয়।,0,Robi,App Login & Technical Bugs,Negative,"The My Robi app has become overly cluttered with unnecessary icons and options, causing user confusion."
A Google user,1,2026-07-22 08:53:54,মুটামুটি ভালো তবে অফারের দাম বেশি আশা করি একটু কম নিবে,0,Robi,Offers & Data Packs,Neutral,The user finds the service generally good but considers the offer prices too high and hopes for a reduction.
A Google user,5,2026-07-22 06:09:42,আলহামদুলিল্লাহ খুব ভালো লাগলো,0,Robi,General Appreciation / Other,Positive,"The customer expresses gratitude and satisfaction, stating that they liked it very much."
A Google user,5,2026-07-22 03:54:40,update version big problem,0,Robi,App Login & Technical Bugs,Negative,The user reports a significant issue with the app's version update.
A Google user,5,2026-07-22 03:25:49,helpful and money Save app,0,Robi,General Appreciation / Other,Positive,The customer finds the app helpful and cost-effective.
A Google user,4,2026-07-22 03:15:36,প্যাক কেনার প্রক্রিয়া ঝামেলাপূর্ণ মনে হয়েছে। গ্রাহকের জন্য আরও সহজ করা দরকার।,0,Robi,Offers & Data Packs,Negative,The customer finds the process of purchasing data packs troublesome and suggests it needs to be made easier.
A Google user,5,2026-07-22 01:38:02,vary nice apps,0,Robi,General Appreciation / Other,Positive,The customer finds the app to be very nice.
A Google user,5,2026-07-21 23:53:21,net not fast,0,Robi,Network Speed & 4G Latency,Negative,The customer reports that the network speed is slow.
A Google user,5,2026-07-21 23:41:49,কম দামে বেশি এম্বি চাই।,0,Robi,Offers & Data Packs,Neutral,The customer is requesting more data volume at a lower price.
A Google user,1,2026-07-21 23:17:56,they are cheating when you are availing a low cost package,1,Robi,Billing & Airtime Deductions,Negative,The customer alleges that the company cheats them when they purchase low-cost packages.
A Google user,5,2026-07-21 20:14:38,my best my robi app🥰❤️,0,Robi,General Appreciation / Other,Positive,The user expresses strong affection and appreciation for the My Robi app.
A Google user,5,2026-07-21 19:24:04,good service 💯💯,0,Robi,General Appreciation / Other,Positive,The customer expresses satisfaction with the overall service quality.
A Google user,5,2026-07-21 19:14:30,Started using today. Till now I'm satisfied.,0,Robi,General Appreciation / Other,Positive,The user started using the service today and is currently satisfied.
A Google user,5,2026-07-21 18:40:08,very very nice,0,Robi,General Appreciation / Other,Positive,The customer expresses high satisfaction with the service.
A Google user,5,2026-07-21 18:05:28,খুব ভালো লাগছে,0,Robi,General Appreciation / Other,Positive,The customer is expressing that they are enjoying the service very much.
A Google user,5,2026-07-21 17:51:52,onek Valo mb kenar jonno app ta onek Kaz a ase,0,Robi,General Appreciation / Other,Positive,The app is very useful for checking the remaining MB balance.
A Google user,5,2026-07-21 16:48:52,"খুব সুন্দর একটা মাধ্যম,,",0,Robi,General Appreciation / Other,Positive,The customer describes the platform as a very beautiful medium.
A Google user,1,2026-07-21 16:46:15,খুব খারাপ একটা সিম কোনো সার্ভিস এ ভালো না। ভাই আমার লোন ওফসন চালু করেন,1,Robi,General Appreciation / Other,Negative,"The customer complains that the SIM card is very bad and provides no good service, while requesting the activation of a loan offer."
A Google user,1,2026-07-21 16:12:12,Don't buy this sim Network issues,1,Robi,Network Speed & 4G Latency,Negative,The customer advises against purchasing the SIM card due to persistent network issues.
A Google user,5,2026-07-21 16:08:10,Honestly ❤️🙏🏻 lovely networking,2,Robi,General Appreciation / Other,Positive,The customer expresses gratitude and appreciation for the good network service.
A Google user,5,2026-07-21 15:06:35,Very good app. Easy to use and fast service. Highly recommended!,2,Robi,General Appreciation / Other,Positive,"The customer praises the app for being easy to use and having fast service, recommending it highly."
A Google user,5,2026-07-21 09:19:09,very helpful app 🙂🙂😊😊,0,Robi,General Appreciation / Other,Positive,The customer finds the app very helpful.
A Google user,5,2026-07-21 07:58:54,চাইলে কি আর সব পাওয়া যায় ভাগ্য তো আর কবিতা নয় যে নিজের হাতে লেখা যায়🚫 অফার গুলোও হয় দাম বেশি,0,Robi,Offers & Data Packs,Negative,The customer complains that the available offers are too expensive.
A Google user,5,2026-07-21 02:12:12,good service 👍,0,Robi,General Appreciation / Other,Positive,The customer expresses satisfaction with the overall service quality.
A Google user,5,2026-07-21 01:36:59,খুব ভালো সার্ভিস পাই আমি। সরাসরি গুগল পে দিয়ে পার্সেস করা যায়। আলহামদুলিল্লাহ।,0,Robi,General Appreciation / Other,Positive,The customer expresses satisfaction with the service and the ability to process payments directly via Google Pay.
A Google user,5,2026-07-21 00:39:32,nice offer ✅,0,Robi,Offers & Data Packs,Positive,The customer is expressing satisfaction with a specific offer.
A Google user,5,2026-07-20 23:07:43,খুব সুন্দর সেটিংস,0,Robi,General Appreciation / Other,Positive,The customer finds the settings very nice.
A Google user,5,2026-07-20 20:38:29,I like this app,0,Robi,General Appreciation / Other,Positive,The customer expresses general satisfaction with the app.
A Google user,5,2026-07-20 20:25:34,অনেক ভালো লাগলো,0,Robi,General Appreciation / Other,Positive,The customer expressed that they really liked the service or experience.
A Google user,4,2026-07-20 20:17:47,nic my robi app,0,Robi,General Appreciation / Other,Positive,The customer expresses that the My Robi app is nice.
A Google user,1,2026-07-20 18:59:26,বর্তমান ইউসার ইন্টারফেস খুব একটা ইউসার ফ্রেন্ডলি না। আগের ভার্সন তাই ভালো ছিলো,0,Robi,App Login & Technical Bugs,Negative,"The current user interface is not very user-friendly, and the previous version was better."
A Google user,5,2026-07-20 18:38:38,Excellent.. 🤗,0,Robi,General Appreciation / Other,Positive,The customer expressed general satisfaction with the service.
A Google user,1,2026-07-20 18:19:54,"Ok, Fin👍👍👍❤️❤️",0,Robi,General Appreciation / Other,Positive,The customer expresses satisfaction with a brief positive remark and emojis.
A Google user,4,2026-07-20 15:34:08,nice so nice,0,Robi,General Appreciation / Other,Positive,The customer expresses general satisfaction with the service.
A Google user,5,2026-07-20 14:01:57,Very good App,0,Robi,General Appreciation / Other,Positive,The customer expresses satisfaction with the overall quality of the app.
A Google user,5,2026-07-20 11:32:22,this apps is good.. very nice working,2,Robi,General Appreciation / Other,Positive,The customer finds the app to be good and working very nicely.
A Google user,5,2026-07-19 23:32:19,সাপোর্ট করেন,0,Robi,General Appreciation / Other,Positive,The customer states that support is provided.
A Google user,5,2026-07-19 22:32:57,SUPER SERVICE THANKS ROBI❤️💙,0,Robi,General Appreciation / Other,Positive,The customer expresses gratitude and appreciation for the service provided by Robi.
A Google user,1,2026-07-19 21:42:50,I didn't see any special offer in this app,1,Robi,Offers & Data Packs,Neutral,The customer reported that they could not find any special offers within the app.
A Google user,1,2026-07-19 21:31:32,গ্রাহকের সাথে যেভাবে প্রতারণা শুরু করছে রবি কোম্পানি,0,Robi,General Appreciation / Other,Negative,The customer accuses Robi of starting to cheat or defraud them.
A Google user,5,2026-07-19 21:24:42,রবি সেবা খুব ভালো খুব ভালো,0,Robi,General Appreciation / Other,Positive,The customer states that Robi's service is very good.
A Google user,5,2026-07-19 21:16:42,THE GOOD APP I LOVE IT.,0,Robi,General Appreciation / Other,Positive,The customer expresses strong satisfaction and love for the app.
A Google user,5,2026-07-19 21:10:00,Good Service,0,Robi,General Appreciation / Other,Positive,The customer expresses satisfaction with the overall service quality.
A Google user,5,2026-07-19 20:03:32,nicc app yeosing all poplike,0,Robi,General Appreciation / Other,Positive,The customer finds the app nice and everything looks good.
A Google user,1,2026-07-19 19:48:42,"While the Robi network service is reasonably satisfactory, the OTP process when using the app is terrible. A customer submits their number to log in but receives the OTP an hour later, whereas the allotted time is typically only 5 to 6 minutes. This is extremely frustrating. It is truly unfortunate to face such issues in this digital age.",12,Robi,App Login & Technical Bugs,Negative,"The user is frustrated by significant delays in receiving OTPs for app login, which exceed the allotted time limit."
A Google user,5,2026-07-19 19:44:00,This is a very good app. Its features have impressed me. 💗💗💗💗💗,0,Robi,General Appreciation / Other,Positive,The customer expresses high satisfaction with the app's features and overall quality.
A Google user,5,2026-07-19 18:50:15,My Favourite Operator system..,0,Robi,General Appreciation / Other,Positive,The customer expresses that Robi is their favorite operator.
A Google user,5,2026-07-19 17:11:31,i am impressed,0,Robi,General Appreciation / Other,Positive,The customer expresses satisfaction and is impressed with the service.
A Google user,5,2026-07-19 17:08:11,", MY Robi best",0,Robi,General Appreciation / Other,Positive,The customer expresses that the My Robi app is the best.
A Google user,3,2026-07-19 16:32:12,Make affordable bundle packages. All packages are highly expensive.,0,Robi,Offers & Data Packs,Negative,"The customer requests more affordable bundle packages, stating that current options are too expensive."
A Google user,5,2026-07-19 16:25:28,best service,0,Robi,General Appreciation / Other,Positive,The customer expresses satisfaction with the overall service quality.
A Google user,5,2026-07-19 14:58:20,app is owsome,0,Robi,General Appreciation / Other,Positive,The customer finds the app to be excellent.
A Google user,1,2026-07-19 14:24:40,ami matro 102 tk mobile recrag dice kinto tk ayca nh 🤬 amr 102 tk back chai,0,Robi,Billing & Airtime Deductions,Negative,"The customer recharged 102 Taka but the amount was not credited to their mobile account, demanding a refund."
A Google user,5,2026-07-19 14:16:41,nothing special,0,Robi,General Appreciation / Other,Neutral,The customer states that there is nothing special to report regarding their experience.
A Google user,5,2026-07-19 13:51:05,best offers and good network quality.,3,Robi,Offers & Data Packs,Positive,The customer praises the best offers and good network quality.
A Google user,1,2026-07-19 13:28:39,খুবই বিচ্ছিরি,0,Robi,General Appreciation / Other,Negative,The customer describes the experience as very bad.
A Google user,4,2026-07-19 13:25:01,very good app,0,Robi,General Appreciation / Other,Positive,The customer expresses that the app is very good.
A Google user,5,2026-07-19 12:51:35,মাই ওফার গুলো ভাল,0,Robi,Offers & Data Packs,Positive,The customer finds the available offers to be good.
A Google user,1,2026-07-19 12:37:04,"Too slow and also can't find the necessary things easily. If I compare with the oldest version it was simple, easy and fast.",7,Robi,App Login & Technical Bugs,Negative,"The user complains that the app is too slow and difficult to navigate compared to the older, simpler version."
A Google user,5,2026-07-19 09:00:43,"Robi has helped many people with a very good quiz game. I hope it will take them far. I enjoyed it a lot, so thank you Robi.",4,Robi,General Appreciation / Other,Positive,The customer expresses gratitude and enjoyment regarding a quiz game feature provided by Robi.
A Google user,5,2026-07-19 07:39:51,super cool 💯👍🏻,0,Robi,General Appreciation / Other,Positive,The customer expresses high satisfaction with a brief positive comment.
A Google user,1,2026-07-19 04:15:37,recent update is so bad. ui/ux not user-friendly,0,Robi,App Login & Technical Bugs,Negative,The user complains that the recent app update has a poor and non-user-friendly interface.
A Google user,5,2026-07-19 02:32:16,খুব ভালো ধন্যবাদ,0,Robi,General Appreciation / Other,Positive,The customer expresses that the service is very good and thanks the team.
A Google user,5,2026-07-19 01:26:18,good connection,0,Robi,Network Speed & 4G Latency,Positive,The customer is satisfied with the quality of the network connection.
A Google user,3,2026-07-18 22:19:29,ভালো হয় কিন্তু এমবির দামটা বেশি হয়ে গেছে,0,Robi,Billing & Airtime Deductions,Negative,"The service is good, but the cost of MBs has become too high."
A Google user,5,2026-07-18 21:11:47,ALHAMDULILLAH,0,Robi,General Appreciation / Other,Positive,The customer expresses gratitude and praise.
A Google user,5,2026-07-18 21:01:32,good service,0,Robi,General Appreciation / Other,Positive,The customer expresses satisfaction with the overall service quality.
A Google user,5,2026-07-18 20:16:35,perfect for all,0,Robi,General Appreciation / Other,Positive,The customer expresses that the service is perfect for all needs.
A Google user,5,2026-07-18 18:51:35,impressed by UI/UX,1,Robi,General Appreciation / Other,Positive,The customer is impressed by the app's user interface and user experience.
A Google user,1,2026-07-18 17:49:28,কোন হালারপুত ডেভলপার এটার িউআি চেন্জ করছে এমনে ডিজাইন করে কেও ডিজাইন চেন্জ কর আর ডেভলপারের হুগায় একটা কিক মারতে মনচায়তাছে কোন কিছু খুজে পায়না ডেস বোর্ডে মাদারপুত,0,Robi,App Login & Technical Bugs,Negative,"The user is aggressively criticizing the app's poor design and usability, stating that they cannot find anything on the dashboard and expressing a strong desire to physically punish the developer."
A Google user,5,2026-07-18 15:15:14,best app I've ever used,1,Robi,General Appreciation / Other,Positive,The customer expresses that this is the best app they have ever used.
A Google user,2,2026-07-18 14:54:04,"আমি My Robi অ্যাপের একজন নিয়মিত ব্যবহারকারী। অ্যাপটির UI ডিজাইন ভালো লাগলেও, ব্যবহারের সময় বেশ কিছু সমস্যা লক্ষ্য করছি: •অ্যাপটি অত্যন্ত ল্যাগি এবং আনস্টেবল। •এক পেজ থেকে অন্য পেজে যাওয়ার সময় স্ক্রল করলে মাঝেমধ্যে আটকে যায়/হ্যাং করে। •সামগ্রিক পারফরম্যান্স স্মুথ নয়। অনুগ্রহ করে দ্রুত এই সমস্যাগুলো সমাধানের ব্যবস্থা নিন যাতে ব্যবহারকারীরা একটি স্বাচ্ছন্দ্যময় অভিজ্ঞতা পেতে পারেন।",0,Robi,App Login & Technical Bugs,Negative,"The user reports that the My Robi app is laggy, unstable, and frequently hangs during navigation, requesting a fix for these performance issues."
A Google user,5,2026-07-18 11:24:54,very Compotable,0,Robi,General Appreciation / Other,Positive,The customer finds the service or app very comfortable.
A Google user,5,2026-07-18 01:48:05,"In our village, Robi Internet is not running inside the house. By bringing their network to Grameganj with more advanced internet service than now, they will be looking for new advancements to win the hearts of customers. Good luck.",1,Robi,Network Speed & 4G Latency,Neutral,The customer reports that Robi internet does not work inside their house in Grameganj and suggests improving network coverage and service quality to attract customers.
A Google user,5,2026-07-18 01:45:28,tnx u so much 😍♥️😍,0,Robi,General Appreciation / Other,Positive,The customer is expressing gratitude and appreciation.
A Google user,5,2026-07-17 23:23:30,অনেক ভালো লাগলো ধন্যবাদ,0,Robi,General Appreciation / Other,Positive,The customer expressed that they liked it very much and thanked the service.
A Google user,5,2026-07-17 23:04:11,"It have all the necessary options, but floating ads surprise always!",3,Robi,App Login & Technical Bugs,Negative,The user finds the app's floating ads intrusive and annoying despite the presence of necessary features.
A Google user,4,2026-07-17 22:41:38,Net Cere Dissa bar bar please problem solve,1,Robi,Network Speed & 4G Latency,Negative,The customer is complaining about frequent network disconnections and requesting a solution.
A Google user,3,2026-07-17 22:35:35,Offer rate excess out of other,0,Robi,Offers & Data Packs,Negative,The customer is complaining that the cost of the offer exceeded the expected rate or balance.
A Google user,5,2026-07-17 22:11:23,খুবই ভালো একটা এ্যপস্,0,Robi,General Appreciation / Other,Positive,The customer describes the app as very good.
A Google user,5,2026-07-17 20:25:54,better service,0,Robi,General Appreciation / Other,Positive,The customer expresses satisfaction with the improved service quality.
A Google user,5,2026-07-17 20:00:57,darun my offer,0,Robi,Offers & Data Packs,Positive,The customer describes the My Offer as excellent.
A Google user,5,2026-07-17 19:55:38,Apurbo Shaha এই অ্যাপটি অনেক ভালো,0,Robi,General Appreciation / Other,Positive,The customer states that this app is very good.
A Google user,5,2026-07-17 18:57:11,good service,0,Robi,General Appreciation / Other,Positive,The customer expresses satisfaction with the overall service quality.
A Google user,1,2026-07-17 18:37:52,"অ্যাপ থেকে মিনিট প্যাকেজ কিনে রবি অ্যাপ থেকে বিকাশ পেমেন্ট করেছিলোম। হলোনা, দিলো ঝটপট লোন থেকে। লোন পরিশোধ করার জন্য আবারও রবি অ্যাপ থেকে বিকাশ নিলাম, এবারও দিলো মিনিট প্যাক, লোন পরিশোধ হলোনা। কত বাজে অ্যাপ 😡😡😡",0,Robi,App Login & Technical Bugs,Negative,"The user is frustrated because the app failed to process a bKash payment for a minute package and instead incorrectly deducted from a loan, failing to settle the loan balance despite repeated attempts."
A Google user,5,2026-07-17 18:35:55,alhamdulillah,0,Robi,General Appreciation / Other,Positive,The customer expresses gratitude or satisfaction with the service.
A Google user,5,2026-07-17 18:33:39,onek Valo offer,0,Robi,Offers & Data Packs,Positive,The customer finds the offers very good.
A Google user,5,2026-07-17 17:30:35,my robi good,0,Robi,General Appreciation / Other,Positive,The customer expresses that the My Robi app is good.
A Google user,1,2026-07-17 16:56:44,very nice 👌 o,1,Robi,General Appreciation / Other,Positive,The customer expressed general satisfaction with a brief positive comment.
A Google user,5,2026-07-17 16:22:35,good for app,0,Robi,General Appreciation / Other,Positive,The customer expresses general satisfaction with the app.
A Google user,1,2026-07-17 13:17:59,পয়েন্টের বদলে অফার দিয়ে লোভ দেখায় এবং পরে বিনা কারণে পয়েন্ট কেটে নেওয়া হয়। প্রথম কিছুদিন পয়েন্ট দিলে এরপর থেকে পয়েন্ট কেটে নেওয়া হয়।,0,Robi,Offers & Data Packs,Negative,The user complains that Robi lures customers with offers instead of points and then deducts points without reason after an initial period of accumulation.
A Google user,5,2026-07-17 13:13:42,"This app deserves 5 stars, if the price of the internet pack is reduced a bit, especially for 7/10 and 15 days, then it can compete with GP SIM and become the number 1 SIM company in Bangladesh. However, when the electricity goes out, the internet seems a bit weak. Good luck.",3,Robi,Offers & Data Packs,Positive,"The user rates the app highly but suggests reducing the price of 7, 10, and 15-day internet packs to compete with GP, while noting minor internet weakness during power outages."
A Google user,2,2026-07-17 12:29:29,"very stubborn app. you guys need to make it not only look colorful and animation things but very important to make it user friendly. Make the app light and user friendly and also make the app capable run without internet package. if the user get out of MB, this app dosen't work. how the user gonna refill his MB without Internet? this is a crucial point to make change with this app and this change will make difference from other Network providers also.",9,Robi,App Login & Technical Bugs,Negative,"The user criticizes the app for being heavy, difficult to use, and failing to function without an active internet connection, which prevents users from recharging when out of data."
A Google user,5,2026-07-17 11:54:10,এইরকম দুর্নীতি না করে প্যাকেজগুলো আরো উন্নত করলে ভালো হয় বেশি এমবি এবং বেশি দিয়ে বান্ডেল চালানো ভালো হয় এবং মেয়াদ শেষ হবার ৭ দিন পরে এমবি নিলে আরো ভালো হয়,0,Robi,Offers & Data Packs,Negative,"The customer criticizes the current data packages as corrupt and suggests improvements such as higher MB limits, better bundles, and a 7-day grace period for unused data."
A Google user,5,2026-07-17 10:55:48,Really appreciate.,0,Robi,General Appreciation / Other,Positive,The customer expresses gratitude and appreciation for the service.
A Google user,5,2026-07-17 10:32:46,thanks robi❤️🇧🇩❤️,0,Robi,General Appreciation / Other,Positive,The customer expresses gratitude and appreciation for Robi.
A Google user,5,2026-07-17 09:11:26,Very good app,0,Robi,General Appreciation / Other,Positive,The customer expresses satisfaction with the overall quality of the app.
A Google user,5,2026-07-17 06:59:01,সুন্দর তবে ১৯৭টাকা ৩০দিন ১৮জিবি হলে ভালো ইইত,0,Robi,Offers & Data Packs,Neutral,The user suggests that a 197 Taka plan offering 18GB for 30 days would be a good offer.
A Google user,5,2026-07-17 00:23:00,fantastic app,0,Robi,General Appreciation / Other,Positive,The customer expresses that the app is fantastic.
A Google user,5,2026-07-17 00:14:22,I have good pack buy now 🥰,1,Robi,Offers & Data Packs,Positive,The customer expresses satisfaction with their current data pack purchase.
A Google user,5,2026-07-16 23:57:40,দারুন।🥳🥳🥳🥳🥳🥳🥳🥳🥳🥳🥳🙃🥳🥳🥳🥳🥳🥳🥳🥳🥳🙃🙃🙃🙃,0,Robi,General Appreciation / Other,Positive,The customer expressed extreme enthusiasm and satisfaction using the word 'Darun' (Great) and multiple celebratory emojis.
A Google user,5,2026-07-16 21:10:18,very good app,0,Robi,General Appreciation / Other,Positive,The customer expresses that the app is very good.
A Google user,5,2026-07-16 21:02:25,working very smooth and fast ❤️‍🔥,1,Robi,General Appreciation / Other,Positive,The user reports that the service is working very smoothly and quickly.
A Google user,5,2026-07-16 19:16:43,khubi valo system..loan thakar porew loan er maddhome internet newa jacche..,0,Robi,General Appreciation / Other,Positive,The customer appreciates the system and confirms that internet access is working after taking a loan.
A Google user,1,2026-07-16 19:12:42,it is a useless app,0,Robi,General Appreciation / Other,Negative,The customer considers the app to be useless.
A Google user,5,2026-07-16 17:11:26,This app is great and very easy to Richard I always like it,0,Robi,General Appreciation / Other,Positive,"The customer expresses that the app is great, easy to use, and they always like it."
A Google user,1,2026-07-16 10:46:48,good robi offer,0,Robi,Offers & Data Packs,Positive,The customer expresses satisfaction with the current Robi offers.
A Google user,5,2026-07-16 09:41:44,my robi apps er offer gula ostir☺️,0,Robi,Offers & Data Packs,Positive,The customer finds the offers in the My Robi app to be excellent.
A Google user,5,2026-07-16 09:08:59,Lx shom shu alom we're hjj hjj hjj,0,Robi,General Appreciation / Other,Neutral,"The user is expressing frustration or distress with unclear, repetitive text."
A Google user,5,2026-07-16 05:05:51,"আরেকটু কমে মাসিক ব্যান্ডেল গুলো কিনতে পারতাম যদি, অনেক ভালো লাগবে,",0,Robi,Offers & Data Packs,Neutral,"The customer suggests that if monthly bundles were cheaper, they would be very happy to purchase them."
A Google user,1,2026-07-16 03:01:21,"সাওয়ার app খেলা দেখার জন্য টাকা দিলাম খেলার কিছুই দেখতে পারলাম না,,, খেলা দেখায় যায় না",0,Robi,App Login & Technical Bugs,Negative,The user paid to watch a match on the app but was unable to view any content due to technical issues.
A Google user,5,2026-07-16 02:11:29,"নেটওয়ার্ক সিগনাল সমস্যা দেয়, দয়া করে নেটওয়ার্ক সিগন্যাল স্পিড বাড়িয়ে দেন",1,Robi,Network Speed & 4G Latency,Negative,The customer reports network signal issues and requests an increase in signal speed.
A Google user,1,2026-07-16 02:05:00,This is a the most worsed app for its performance.Donot install the appyet,0,Robi,App Login & Technical Bugs,Negative,The user describes the app as having the worst performance and advises others not to install it.
A Google user,1,2026-07-16 00:48:52,নতুন আপডেট অ্যাপ টা কোন ভগি পন্ডিত ডিজাইন করেছে? অ্যাপটা দেখলে মনে হচ্ছে বস্তির বাজার। একপাশে মাছ একপাশে শাকসবজি একপাশে মাংস দিয়ে আর কাঁচা বাজার দিয়ে ভর্তি। মানুষ আপডেট করে ক্লিন ইন্টারফেস সুবিধাজনক করে ইউজারদের জন্য এটা বানাইছে ভগি রবি বস্তির কাস্টমারদের জন্য ‌,7,Robi,App Login & Technical Bugs,Negative,"The user criticizes the new app update for having a cluttered, unorganized, and unprofessional interface that resembles a chaotic market."
A Google user,5,2026-07-15 22:25:48,average deal.,0,Robi,General Appreciation / Other,Neutral,The customer describes the service or deal as average.
A Google user,1,2026-07-15 22:07:41,খুব বাজে সার্ভিস।,0,Robi,General Appreciation / Other,Negative,The customer states that the service is very bad.
A Google user,5,2026-07-15 20:08:06,i.. like you,0,Robi,General Appreciation / Other,Positive,The customer expresses a general liking for the service.
A Google user,5,2026-07-15 18:32:40,naw mb price very good💞,1,Robi,Offers & Data Packs,Positive,The customer finds the price of the MB data pack to be very good.
A Google user,5,2026-07-15 16:12:50,Excellent network,0,Robi,Network Speed & 4G Latency,Positive,The customer is praising the quality of the network.
A Google user,5,2026-07-15 14:40:11,Thanks Robi 🙂,0,Robi,General Appreciation / Other,Positive,The customer expresses gratitude towards Robi.
A Google user,5,2026-07-15 14:08:55,"রবি আমার প্রিয়, আমাদের পরিবারের লোকজন সবার রবি নাম্বার ব্যবহার করি,",0,Robi,General Appreciation / Other,Positive,The customer expresses that Robi is their favorite and that their entire family uses Robi numbers.
A Google user,5,2026-07-15 11:31:23,অনেক ভালো 🥹🥹🥹🥹🥹🥹🥀🥀🥀🥀🥀,0,Robi,General Appreciation / Other,Positive,The customer expresses that the service is very good.
A Google user,5,2026-07-15 09:46:02,অন্যান্য অপারেটরদের থেকে অনেক ভালো অফার দেই।🥰,0,Robi,Offers & Data Packs,Positive,The customer states that Robi provides much better offers compared to other operators.
A Google user,5,2026-07-15 08:55:44,এমবির প্রাইস কম করেন,0,Robi,Billing & Airtime Deductions,Negative,The customer is requesting Robi to lower their prices.
A Google user,5,2026-07-15 07:09:04,l like this.,0,Robi,General Appreciation / Other,Positive,The customer expresses general satisfaction with the service.
A Google user,5,2026-07-15 03:03:53,aro kom.dame vlo kichu dile aro beshi vlo lagto tarporeo.jaa dicchen Alhamdulillah,0,Robi,General Appreciation / Other,Positive,"The customer expresses gratitude and satisfaction, stating that while they would prefer more, they are happy with what they have received."
A Google user,5,2026-07-15 02:20:30,Thanks a lot,0,Robi,General Appreciation / Other,Positive,The customer is expressing gratitude.
A Google user,1,2026-07-15 02:07:58,"আমরা বিশ্বকাপ দেখতেছি ফ্রি তে, আর মাই রবি তে এক দিনের এক্সেস ১৮ টাকা ব্যবসা শুরু করছেন নাকি",0,Robi,Offers & Data Packs,Negative,"The customer is complaining that while watching the World Cup for free, the My Robi app is charging 18 Taka for daily access, which they perceive as unfair business practice."
A Google user,1,2026-07-15 01:28:37,worst experience with robi network,0,Robi,Network Speed & 4G Latency,Negative,The customer describes their experience with the Robi network as the worst.
A Google user,5,2026-07-15 00:32:43,প্যাকেজটি কিছু টাকা কমে নিতে পারলে আরো ভালো হতো ধন্যবাদ।,0,Robi,Offers & Data Packs,Neutral,The customer suggests that the package price could be reduced further and expresses gratitude.
A Google user,5,2026-07-15 00:22:21,alhamdulillah,0,Robi,General Appreciation / Other,Positive,The customer expresses gratitude or satisfaction with the service.
A Google user,5,2026-07-14 23:00:26,good robi nice,0,Robi,General Appreciation / Other,Positive,The customer expresses general satisfaction with Robi.
A Google user,5,2026-07-14 22:19:15,purchase of some offer is not so easy.,0,Robi,Offers & Data Packs,Negative,The customer finds the process of purchasing offers to be difficult.
A Google user,3,2026-07-14 20:52:24,Very less good option of data packages 👎,3,Robi,Offers & Data Packs,Negative,The customer is dissatisfied with the limited selection of available data packages.
A Google user,1,2026-07-14 20:28:59,"নতুন আপডেট আপস মনে হচ্ছে আগের চেয়ে আরো Slow কাজ করছে app. একটা 300 টাকা রিচার্জ করতে গেলে ৩ঘন্টা লাগছে সাথে Hudai offer কত গুলো দেখাই তখন রিচার্জ করার সময় খানো Tap পরে অফার চলে যাচ্ছে। নতুন App যারা কচ্চপ মারকা মানুষ আছে তাদের জন্য৷ দ্রুত চাইলে এখন Cockpit যাইতে হবে৷ সময় থাকতে ফালতু সিষ্টেম বদলান৷ এগুলো সার্ভার থেকে অফার টেনে এনে দেখাই যদি হয় নেটওয়ার্ক slow তখন কাজই করবে না অনেকের মোবাইল এ৷ Please optimize the App, improve Performance, and make the Recharge process faster and smoother.",0,Robi,App Login & Technical Bugs,Negative,"The user complains that the new app update is significantly slower than before, causing a 3-hour delay for a simple recharge and disappearing offers, and requests performance optimization."
A Google user,5,2026-07-14 19:59:03,"5 5 hhএকসাথে অনেকগুলো ডিলিট বা পিন করতে অথবা ইচ্ছানুযায়ী নতুন ক্লিপ যোগ করতে ""Manage"" বাটনে চাপুনপ্",0,Robi,General Appreciation / Other,Neutral,"The user is quoting interface instructions regarding the management of clips or pins, which is unrelated to telecom services."
A Google user,5,2026-07-14 19:52:51,please support me,0,Robi,General Appreciation / Other,Neutral,The customer is requesting general support without specifying a particular issue.
A Google user,1,2026-07-14 19:07:02,valo offer ase na,0,Robi,Offers & Data Packs,Negative,The customer is complaining that there are no good offers available.
A Google user,1,2026-07-14 18:30:15,"শুয়ো*রের বাচ্চারা ১০ জিবি ৩০ মিনিট ৩০ এসএমএস ১৯৯৩৳ নিচ্ছে এমন অফার সো করছে রবি অ্যাপসে। যখনই ভূলে কেউ এটা নিয়ে ফেলবে, তখন এই রবির শুয়োরের বাচ্চাগুলো টাকাও ব্যাক দিবে না। অযুহাত ৩০০৳ এর বেশি প্যাক উনারা বাতিল করতে পারে না। আমি নিজে ভুক্তভোগী কয়েকবার। অথচ ৩০০৳ নিচে কোন বান্ডেল অফার ও থাকে না। সরি।",0,Robi,Offers & Data Packs,Negative,"The user complains that Robi's 1993 Taka data offer is a trap because the company refuses to refund or cancel packages exceeding 300 Taka, leaving customers stuck with unwanted charges."
A Google user,5,2026-07-14 18:26:20,good experence,0,Robi,General Appreciation / Other,Positive,The customer reports having a good experience.
A Google user,2,2026-07-14 16:50:01,The most recent UI overall is not easy to use and navigate. The new design feels too cluttered.,6,Robi,App Login & Technical Bugs,Negative,The user finds the new app interface cluttered and difficult to navigate.
A Google user,1,2026-07-14 15:35:06,shudu shudu tk kata nai,0,Robi,General Appreciation / Other,Neutral,The user states that there is no problem at all.
A Google user,5,2026-07-14 15:25:05,this app is best I am very happy and enjoying this app using,0,Robi,General Appreciation / Other,Positive,The customer expresses high satisfaction and enjoyment with the app.
A Google user,5,2026-07-14 13:51:20,I am impressed,0,Robi,General Appreciation / Other,Positive,The customer expresses satisfaction and is impressed with the service.
A Google user,5,2026-07-14 13:44:21,good app my robi 🥰😊,0,Robi,General Appreciation / Other,Positive,The user expresses satisfaction with the My Robi app.
A Google user,1,2026-07-14 11:54:56,worst apps...dakat shalara...,0,Robi,App Login & Technical Bugs,Negative,"The user expresses extreme dissatisfaction with the app, calling it the worst and using abusive language."
A Google user,2,2026-07-14 11:30:07,app Don't open app bug fix now,1,Robi,App Login & Technical Bugs,Negative,The user reports that the app is not opening and requests a bug fix.
A Google user,5,2026-07-14 11:20:13,বাংলাদেশে আমার রবি একমাত্র দূরান্ত নেটওয়ার্ক ও সাশ্রয়ী মূল্যে প্যাকেজ কিনা যায়।,0,Robi,General Appreciation / Other,Positive,The customer states that Robi is the only network in Bangladesh that offers both wide coverage and affordable packages.
A Google user,5,2026-07-14 11:12:18,Good App For My Robi,0,Robi,General Appreciation / Other,Positive,The customer expresses satisfaction with the My Robi app.
A Google user,5,2026-07-14 10:17:42,thank you for robi,0,Robi,General Appreciation / Other,Positive,The customer is expressing gratitude to Robi.
A Google user,1,2026-07-14 09:03:18,"I don't know if there are any bad SIMs like Robi SIMs. If you are buying them for the network, don't buy this SIM. It's better not to buy their Robi SIMs. And you won't get any solution even if you complain about Robi apps. So it's better not to regret buying Robi like I did.",5,Robi,Network Speed & 4G Latency,Negative,The customer advises against buying Robi SIMs due to poor network quality and unhelpful app support.
A Google user,5,2026-07-14 08:40:58,its was good,0,Robi,General Appreciation / Other,Positive,The customer expressed that the experience was good.
A Google user,5,2026-07-14 08:35:51,that's us good 🤗😁,0,Robi,General Appreciation / Other,Positive,The customer expresses general satisfaction and approval with a friendly tone.
A Google user,5,2026-07-14 05:55:00,very good to see about number details all everything,0,Robi,General Appreciation / Other,Positive,The customer is pleased with the ability to view all number details in the app.
A Google user,5,2026-07-14 03:48:36,খুব ভালো লাগে এই সিম টা ব্যবহার করে,0,Robi,General Appreciation / Other,Positive,The customer enjoys using this SIM card very much.
A Google user,5,2026-07-14 02:22:04,Good for offers and experience,0,Robi,Offers & Data Packs,Positive,The customer finds the app good for accessing offers and has a positive overall experience.
A Google user,5,2026-07-14 00:32:42,অনেক সুন্দর ছিল,0,Robi,General Appreciation / Other,Positive,The customer states that it was very nice.
A Google user,5,2026-07-14 00:09:26,আমি আরো ভালো offer চাই আর রবি হচ্ছে বাংলাদেশর ভালো সিম,0,Robi,Offers & Data Packs,Positive,The customer requests better offers and praises Robi as a good SIM provider in Bangladesh.
A Google user,3,2026-07-13 23:32:00,Most of the time more money less MB,0,Robi,Billing & Airtime Deductions,Negative,The customer complains that they are being charged more money for less data volume.
A Google user,4,2026-07-13 23:24:34,ধন্যবাদ আপনাদেরকে,0,Robi,General Appreciation / Other,Positive,Thank you all.
A Google user,4,2026-07-13 22:50:54,পেকেজ দাম কমলে মেয়াদ বারাইলে বালো,0,Robi,Offers & Data Packs,Neutral,The customer suggests that data packages would be better if their prices were reduced and validity periods extended.
A Google user,5,2026-07-13 22:43:37,robi good service,0,Robi,General Appreciation / Other,Positive,The customer expresses satisfaction with Robi's overall service quality.
A Google user,5,2026-07-13 21:49:10,nice and easy to use,0,Robi,General Appreciation / Other,Positive,The user finds the app nice and easy to use.
A Google user,5,2026-07-13 20:58:48,got going back,0,Robi,General Appreciation / Other,Neutral,"The user provided a brief and unclear statement about going back, likely referring to navigation or a previous state."
A Google user,1,2026-07-13 20:39:29,faltu sala robi,0,Robi,General Appreciation / Other,Negative,The customer expresses strong frustration and dismisses the service as useless.
A Google user,5,2026-07-13 20:33:01,good sarvace,0,Robi,General Appreciation / Other,Positive,The customer is expressing satisfaction with the service.
A Google user,5,2026-07-13 19:41:24,"আমি My Robi App ব্যবহার করে অনেক খুশি। অ্যাপটি ব্যবহার করা সহজ, অফারগুলোও বেশ ভালো এবং প্রয়োজনীয় সব সেবা এক জায়গায় পাওয়া যায়। ইন্টারনেট প্যাক কেনা, ব্যালেন্স দেখা ও বিভিন্ন অফার নেওয়া খুবই সুবিধাজনক। ধন্যবাদ Robi SIM Service Team-কে গ্রাহকদের জন্য এত সুন্দর সেবা দেওয়ার জন্য। ভবিষ্যতেও আপনাদের আরও উন্নতি ও সাফল্য কামনা করি।",0,Robi,General Appreciation / Other,Positive,"The user expresses satisfaction with the My Robi app's ease of use, convenient access to services and offers, and thanks the team for their excellent service."
A Google user,1,2026-07-13 19:28:30,এরা এমবির দাম বেশি রাখে,0,Robi,Billing & Airtime Deductions,Negative,The customer complains that Robi charges high prices for MBs.
A Google user,5,2026-07-13 18:55:31,রবিতে কল রেড একদম কম। best app,0,Robi,General Appreciation / Other,Positive,The customer praises Robi for having very few call drops and calls it the best app.
A Google user,1,2026-07-13 17:47:04,আপডেট দিয়ে পুরাই 🤡 করে দিছে,0,Robi,App Login & Technical Bugs,Negative,The user complains that the recent app update has completely broken the functionality.
A Google user,1,2026-07-13 17:26:19,"একদম বাজে ইন্টারফেস, কঠিন ফাংশান। এম্বি, মিনিট গুলোর অতিরিক্ত দাম বেশি অন্য সিম অপারেটর থেকেও। এর আগের আপডেট ইন্টারফেস সুন্দর ও সহজ ছিলো। যত্তসব ডেভেলপার দিয়ে এপ্স বিল্ড করালেন।",0,Robi,App Login & Technical Bugs,Negative,"The user complains that the app's interface is difficult to use and has become worse than previous updates, while also noting that data and call charges are higher than competitors."
A Google user,5,2026-07-13 16:29:07,ভালো ভালো অফার দিবেন না হলে এপস ডিলিট করে দিবো,0,Robi,Offers & Data Packs,Negative,The user threatens to delete the app if better offers are not provided.
A Google user,1,2026-07-13 16:11:18,Ami 36 recharge korsi but world cup pass disa very bad please refund 😡,0,Robi,Billing & Airtime Deductions,Negative,The customer recharged 36 Taka but did not receive the World Cup pass and is demanding a refund.
A Google user,5,2026-07-13 15:29:28,network problem,0,Robi,Network Speed & 4G Latency,Negative,The customer is reporting a general network issue.
A Google user,5,2026-07-13 14:36:04,রবি এপে খুবী ভালো,0,Robi,General Appreciation / Other,Positive,The Robi app is very good.
A Google user,5,2026-07-13 13:44:25,Very helpful curvies.,0,Robi,General Appreciation / Other,Positive,The customer finds the app's features or content very helpful.
A Google user,5,2026-07-13 12:03:09,অফার এত দামি কেন,0,Robi,Offers & Data Packs,Negative,The customer is complaining that the offers are too expensive.
A Google user,5,2026-07-13 10:50:09,2gb free offer,0,Robi,Offers & Data Packs,Neutral,The customer is inquiring about or mentioning a 2GB free data offer.
A Google user,5,2026-07-13 09:26:25,ইন্টারনেট দাম বেসি। আর রবি সিমে কথা বললে টাকা খরচ হয় বেসি। এবং ভালো দিক হলো সিমে নেট ওয়াক থাকে। তাই আমার তে মনে হয় এতা ভালো দিক।,0,Robi,Billing & Airtime Deductions,Negative,"The customer complains that internet and call charges are too high, although they acknowledge that the network coverage is good."
A Google user,5,2026-07-13 07:50:53,dis is tha bast,0,Robi,General Appreciation / Other,Positive,The customer states that this is the best.
A Google user,5,2026-07-13 04:19:43,good service,0,Robi,General Appreciation / Other,Positive,The customer expresses satisfaction with the overall service quality.
A Google user,5,2026-07-13 03:58:31,my Robi best forever,0,Robi,General Appreciation / Other,Positive,The customer expresses strong loyalty and appreciation for the My Robi service.
A Google user,5,2026-07-12 23:59:32,excellent performance ❤️,0,Robi,General Appreciation / Other,Positive,The customer expresses satisfaction with the excellent performance of the service.
A Google user,5,2026-07-12 22:56:35,অনেক অনেক ধন্যবাদ আপনাকে,0,Robi,General Appreciation / Other,Positive,The customer is expressing deep gratitude and thanks.
A Google user,5,2026-07-12 21:58:52,very good service,0,Robi,General Appreciation / Other,Positive,The customer expresses satisfaction with the overall service quality.
A Google user,5,2026-07-12 21:21:36,One valo ekta roch,0,Robi,General Appreciation / Other,Positive,The customer states that one thing is good.
A Google user,5,2026-07-12 21:21:18,good not bad,0,Robi,General Appreciation / Other,Positive,"The customer expresses a generally positive opinion, stating that the service is good and not bad."
A Google user,5,2026-07-12 21:17:48,good service,0,Robi,General Appreciation / Other,Positive,The customer expresses satisfaction with the overall service quality.
A Google user,1,2026-07-12 21:03:48,আমি ৭২ টাকা‌ লোড দিয়েছি সেখানে আসছে Chorki তাও ২৫০mb মানে কী 🤔🤔,0,Robi,Billing & Airtime Deductions,Negative,The customer is confused and dissatisfied that a 72 Taka top-up resulted in a 'Chorki' offer with only 250MB of data.
A Google user,5,2026-07-12 14:56:49,very good 😊 apps,0,Robi,General Appreciation / Other,Positive,"The customer expresses satisfaction with the app, describing it as very good."
A Google user,5,2026-07-12 12:52:18,very happy 😀😀,0,Robi,General Appreciation / Other,Positive,The customer expresses general happiness and satisfaction.
A Google user,5,2026-07-12 10:33:31,মোটামুটি ভালোই তবে নেট স্লো থাকে বেশি জায়গায় 💔🥲,0,Robi,Network Speed & 4G Latency,Negative,"The service is generally okay, but the internet speed is slow in many areas."
A Google user,5,2026-07-12 01:42:42,nice fast data 30days data run 42 days nicw ❤️🥰,0,Robi,Offers & Data Packs,Positive,The customer is happy that their 30-day data pack lasted for 42 days and praises the fast speed.
A Google user,1,2026-07-12 01:28:29,code not sent,0,Robi,App Login & Technical Bugs,Negative,The user reported that the verification code was not sent to their device.
A Google user,5,2026-07-11 23:54:42,very good service,0,Robi,General Appreciation / Other,Positive,The customer expresses satisfaction with the overall service quality.
A Google user,5,2026-07-11 23:45:09,This is very helpful......❤️,0,Robi,General Appreciation / Other,Positive,The customer expresses that the service or app is very helpful.
A Google user,1,2026-07-11 20:53:06,eto valo offer peye ami khubei khushi.😭,0,Robi,Offers & Data Packs,Positive,The customer is very happy to have received such a good offer.
A Google user,1,2026-07-11 20:34:23,"আপনাদের রিদয় ঠান্ডা করা অফারের দাম দেখলে রিদয় এমনেই ঠান্ডা হয়ে জমে যাই আর ব্যবহার করতে ইচ্ছে করে না আপনার সিম, আমি একা না অনেকেই আছে ঠেকাই পড়ে আপনার দের এই সিম ব্যবহার করে।",0,Robi,Offers & Data Packs,Negative,"The customer complains that the pricing of the 'Ridoy Thanda' offer is so high that it discourages usage, causing many users to face financial losses."
A Google user,5,2026-07-11 19:35:59,আমার থেকে রবি সেইমটা অনেক ভালো লাগে,0,Robi,General Appreciation / Other,Positive,The customer expresses that they really like Robi compared to other providers.
A Google user,5,2026-07-11 19:16:17,ভালো াািসুাোিস,0,Robi,General Appreciation / Other,Positive,The customer expresses that the service is good.
A Google user,5,2026-07-11 18:59:07,ভাই এতো করে বললাম তবুও গেমে এড করলেন না😅 মানুষ বুঝি সেলিব্রিটি হয়ে গেলে এমন অহংকারী হয়ে যায়.?? আল্লাহ সবাইকে অহংকার মুক্ত রাখুক 😅🥰,0,Robi,General Appreciation / Other,Negative,"The user complains that their request to be added to a game was ignored, accusing the support team of arrogance."
A Google user,5,2026-07-11 18:45:41,alhamdulillah,0,Robi,General Appreciation / Other,Positive,The customer expresses gratitude or satisfaction with a religious phrase.
A Google user,1,2026-07-11 18:30:48,"তিন তিনবার চেষ্টা করলাম, কিন্তু অ্যাপ বারবার লোডিং দেখায়😑",0,Robi,App Login & Technical Bugs,Negative,The user attempted to use the app three times but it kept showing a loading screen.
A Google user,2,2026-07-11 16:41:44,APP IS TOO HIGH WEITH ...RELEASR LITE FOR FAST WORK... IT WORKING TOO SLOW,0,Robi,App Login & Technical Bugs,Negative,"The customer complains that the app is too heavy and slow, requesting a lighter version for better performance."
A Google user,5,2026-07-11 15:29:35,good service,0,Robi,General Appreciation / Other,Positive,The customer expresses satisfaction with the overall service quality.
A Google user,4,2026-07-11 15:12:08,কিন্তু এমবি তে বেশি টাকা নেয়,0,Robi,Billing & Airtime Deductions,Negative,The customer complains that they are charged too much money for MBs of data.
A Google user,5,2026-07-11 13:59:07,thanks for our service,0,Robi,General Appreciation / Other,Positive,The customer is expressing gratitude for the service provided.
A Google user,5,2026-07-11 12:12:57,very good app,0,Robi,General Appreciation / Other,Positive,The customer expresses that the app is very good.
A Google user,5,2026-07-11 11:52:41,robi is better best for me 😜,0,Robi,General Appreciation / Other,Positive,The customer expresses that Robi is the best service provider for them.
A Google user,3,2026-07-11 11:04:19,good service and good hoffa thank u my robi app,0,Robi,General Appreciation / Other,Positive,The customer expresses gratitude for the good service and offers provided by the My Robi app.
A Google user,5,2026-07-11 10:38:12,Robi network is the best network.,3,Robi,General Appreciation / Other,Positive,The customer expresses that Robi has the best network.
A Google user,5,2026-07-11 06:23:59,রবি বাংলাদেশের সেরা মোবাইল অপারেটর ।,0,Robi,General Appreciation / Other,Positive,Robi is the best mobile operator in Bangladesh.
A Google user,5,2026-07-11 05:52:49,মিনিট থাকার পরেও কল করতে পারি না,0,Robi,Billing & Airtime Deductions,Negative,The user cannot make calls even though they have remaining minutes in their balance.
A Google user,5,2026-07-11 01:15:08,আমার সিমে অফার ভালো দেই না,0,Robi,Offers & Data Packs,Negative,The customer is dissatisfied because they do not receive good offers on their SIM.
A Google user,1,2026-07-11 01:13:12,No deposit channels found. Please check the configuration.,0,Robi,App Login & Technical Bugs,Negative,"The user reports a technical error where no deposit channels are visible, likely due to a configuration issue."
A Google user,5,2026-07-10 22:59:44,ভালো সার্ভিস গাহক,0,Robi,General Appreciation / Other,Positive,The customer is expressing satisfaction with the good service provided.
A Google user,5,2026-07-10 22:11:14,খুব ভালো লাগলো তবে শুধু সিগন্যাল দেয় কেনো,0,Robi,Network Speed & 4G Latency,Neutral,The user is satisfied with the service but questions why the app only displays signal strength.
A Google user,3,2026-07-10 21:58:01,অনেক ভালো কিন্তু কষ্ট হয় সবকিছু বুঝতে,0,Robi,App Login & Technical Bugs,Neutral,The user finds the app good overall but struggles to understand its features or interface.
A Google user,5,2026-07-10 20:47:00,"good app but not show ""my offers""",0,Robi,Offers & Data Packs,Negative,The user finds the app good but reports that the 'My Offers' section is not displaying.
A Google user,5,2026-07-10 19:58:19,"Your sim service and customer service is very good. Robi Sim has a big tower next to my house. Your offer is very good. Everything is fine but I haven't received your new update yet. Your updated new look still hasn't arrived on my phone, even after deleting and uninstalling repeatedly",13,Robi,App Login & Technical Bugs,Neutral,The customer praises the service and offers but reports a technical issue where the app update is not installing despite repeated attempts.
A Google user,5,2026-07-10 17:25:51,ভালো আফার নেই,0,Robi,Offers & Data Packs,Negative,The customer states that there are no good offers available.
A Google user,5,2026-07-10 15:12:09,Nicely A RUBEL KHAN,0,Robi,General Appreciation / Other,Positive,The customer expressed satisfaction with the service.
A Google user,5,2026-07-10 12:41:46,nice..but we hope good offer need,0,Robi,Offers & Data Packs,Neutral,The user finds the app nice but expresses a desire for better offers.
A Google user,3,2026-07-10 11:12:48,রবি সিম ব্যবহার করে আমি খুব আনন্দিত।অন্য সিম এর তুলনায় রবি সিমে এক্সক্লসিভ অফার গ্রহণ করে নিজের কাছে অনেক ভালো লাগে ক্লিয়ারলি নেটওয়ার্ক নেটের জগতে অফার সেরা কম রেটে কথা বলার সুযোগ,0,Robi,Offers & Data Packs,Positive,"The user is highly satisfied with Robi, specifically praising its exclusive offers and low-rate calling opportunities compared to other SIMs."
A Google user,1,2026-07-10 09:09:25,alhamdulillah good,0,Robi,General Appreciation / Other,Positive,The customer expresses gratitude and satisfaction with the service.
A Google user,5,2026-07-10 08:50:17,Very good apps,0,Robi,General Appreciation / Other,Positive,The customer expresses that the app is very good.
A Google user,5,2026-07-10 06:31:11,doctor dakhano jay ki app theke robi balance theke,0,Robi,General Appreciation / Other,Neutral,The user is inquiring whether a doctor can be consulted using the Robi app balance.
A Google user,5,2026-07-10 06:10:40,খুবই ভালো লাগে রবি ব্যবহার করতে অনেক সুন্দর সুন্দর অফার পাওয়া যায় ❤️,0,Robi,Offers & Data Packs,Positive,The user enjoys using Robi and appreciates the variety of beautiful offers available.
A Google user,1,2026-07-10 01:46:29,"I borrowed 48 Taka to purchase a 100-minute pack. When the repayment option for 51 Taka appeared, I made the payment via bKash; however, instead of the transaction completing properly, I was given 100 SMS instead. This was not my mistake but a technical error on your part, and I want my money back. I was try to contact Their agent via bot but they didn’t have any option to chat with agent",17,Robi,App Login & Technical Bugs,Negative,"The user reports a technical error where a bKash payment for a borrowed minute pack resulted in SMS credits instead, and they were unable to reach a human agent via the app's bot to resolve the issue."
A Google user,5,2026-07-10 00:46:59,very nice robi offer,0,Robi,Offers & Data Packs,Positive,The customer expresses satisfaction with a Robi offer.
A Google user,5,2026-07-09 23:32:43,network down hoye jay something,0,Robi,Network Speed & 4G Latency,Negative,The customer reports that the network frequently goes down.
A Google user,1,2026-07-09 22:49:04,"baler app"" I confirmed an offer on the app and called home for an urgent reason. While talking, I saw that the phone suddenly disconnected in the middle of the conversation. I entered the happy account and saw that the money was gone. The offer I had confirmed was not applied. However, when I entered the app, However, when I go into the app, the latest package option shows the package I have taken. After calling the call center and asking why this is happening, they say I am using the old app.",4,Robi,App Login & Technical Bugs,Negative,"The user reports that a confirmed offer was not applied and funds were deducted, while the app incorrectly displays the package status and support blames the app version."
A Google user,5,2026-07-09 22:34:45,very simple and classic App,0,Robi,General Appreciation / Other,Positive,The user finds the app to be very simple and classic in design.
A Google user,5,2026-07-09 19:47:37,অনেক ভালোই অ্যাপ আপনিও চাইলে ট্রাই করতে পারেন একবার করেই দেখেন 🤗🤗,0,Robi,General Appreciation / Other,Positive,The customer praises the app as very good and encourages others to try it.
A Google user,5,2026-07-09 18:35:59,very nice app,0,Robi,General Appreciation / Other,Positive,The customer expresses that the app is very nice.
A Google user,5,2026-07-09 17:58:11,Alhamdulillah,0,Robi,General Appreciation / Other,Positive,The customer expresses gratitude or praise without specific operational details.
A Google user,5,2026-07-09 17:17:30,Super app supper deal,0,Robi,General Appreciation / Other,Positive,The customer expresses that the app is super and offers great deals.
A Google user,5,2026-07-09 16:36:26,এখানে একবার প্রেস করলে সেটি ইনপুট বক্সে পেস্ট হবে,0,Robi,App Login & Technical Bugs,Neutral,The user notes that pressing a button once pastes the content into the input box.
A Google user,5,2026-07-09 16:29:18,good 👍 ❣️❣️❣️❣️❣️❣️❣️❣️❣️❣️❣️❣️❣️❣️❣️❣️,0,Robi,General Appreciation / Other,Positive,The customer expressed general satisfaction with the service using positive emojis.
A Google user,1,2026-07-09 14:05:15,good service,0,Robi,General Appreciation / Other,Positive,The customer expresses satisfaction with the overall service quality.
A Google user,5,2026-07-09 13:13:33,Its Really Good,0,Robi,General Appreciation / Other,Positive,The customer expresses general satisfaction with the service.
A Google user,5,2026-07-09 12:36:45,আপনাদের ইন্টারনেট নেটওয়ার্ক দুর্বল।গ্রামীণফোনের মত ফাস্ট ইন্টারনেট দিতে পারেনা। মধ্য বাড্ডা এলাকায় ইন্টারনেট ব্যবহার করে সন্তুষ্ট না কল রেট অনেক কম ধন্যবাদ কল রেট এর জন্য,0,Robi,Network Speed & 4G Latency,Negative,"The customer complains that the internet network is weak and slower compared to Grameenphone, specifically in the Madhy Badha area, though they appreciate the low call rates."
A Google user,5,2026-07-09 08:22:54,Excellent...!,0,Robi,General Appreciation / Other,Positive,The customer expressed general satisfaction with the service.
A Google user,4,2026-07-09 08:16:47,Excellent service,0,Robi,General Appreciation / Other,Positive,The customer expressed satisfaction with the overall service quality.
A Google user,5,2026-07-09 07:40:41,অনেক ভালো অফার আরো ভালো দরকার ছিল,0,Robi,Offers & Data Packs,Positive,The customer finds the current offers very good but suggests that even better deals are needed.
A Google user,1,2026-07-09 05:05:42,"লাস্ট আপডেট টা কি সুন্দর মিনিমাল ছিল, দেখতে খুব সুন্দর আর চোখের জন্য আরামদায়ক ছিল, এখন এটা কি করলেন? অতিরিক্ত আপডেট লুক দিতে গিয়ে হিজিবিজি করে ফেলেছেন, দেখতেও অস্বস্তিকর আর বুঝতেও ঝামেলাপূর্ণ লাগে।",0,Robi,App Login & Technical Bugs,Negative,"The user complains that the latest app update has made the interface cluttered and confusing, unlike the previous minimal and comfortable design."
A Google user,5,2026-07-09 03:49:03,good for robi,0,Robi,General Appreciation / Other,Positive,The customer expresses that the service or app is good for Robi.
A Google user,5,2026-07-08 22:43:59,r kichu minute besi takle best hoito,0,Robi,Network Speed & 4G Latency,Neutral,The service would have been excellent if it had lasted a few minutes longer.
A Google user,5,2026-07-08 21:42:27,Awesome service,0,Robi,General Appreciation / Other,Positive,The customer expresses satisfaction with the overall service quality.
A Google user,5,2026-07-08 20:09:19,আপনাদের প্রতি আমাদের কাস্টমারদের একটি অনুরোধ পারলে এমবির দাম গুলো কমিয়ে দিন 🙏🙏,0,Robi,Billing & Airtime Deductions,Neutral,The customer requests that Robi reduce the prices of its data packages.
A Google user,5,2026-07-08 20:06:31,Besi Sondor hoyyee,0,Robi,General Appreciation / Other,Negative,The customer is complaining that the service or experience is very bad.
A Google user,5,2026-07-08 20:01:04,beat network,0,Robi,Network Speed & 4G Latency,Positive,The customer praises the quality of the network.
A Google user,5,2026-07-08 15:37:34,Good service,0,Robi,General Appreciation / Other,Positive,The customer expresses satisfaction with the overall service quality.
A Google user,5,2026-07-08 14:24:14,ভালো অফার দেয় কিন্তু নেটওয়ার্ক খারাপ,0,Robi,Network Speed & 4G Latency,Negative,The customer appreciates the offers but complains that the network quality is poor.
A Google user,5,2026-07-08 14:05:25,awesome service,0,Robi,General Appreciation / Other,Positive,The customer expresses satisfaction with the overall service quality.
A Google user,5,2026-07-08 13:34:20,SAIM GAMIR অনেক ভালো সারভিস,0,Robi,General Appreciation / Other,Positive,The customer states that the service is very good.
A Google user,1,2026-07-08 13:17:25,add Full Number seen option using nid....,0,Robi,App Login & Technical Bugs,Neutral,The user is requesting a feature to view full phone numbers using their National ID (NID) within the app.
A Google user,5,2026-07-08 12:50:48,good service,0,Robi,General Appreciation / Other,Positive,The customer expresses satisfaction with the overall service quality.
A Google user,1,2026-07-08 12:39:01,মিয়া কি ফালতু মার্কা ui আপডেট দিলেন এইটা।,0,Robi,App Login & Technical Bugs,Negative,The user is complaining that the recent UI update is useless and unnecessary.
A Google user,5,2026-07-08 12:22:55,i love using robi ❤️❤️❤️,0,Robi,General Appreciation / Other,Positive,The customer expresses strong affection and satisfaction with using Robi.
A Google user,5,2026-07-08 11:43:33,its good app,0,Robi,General Appreciation / Other,Positive,The customer expresses that the app is good.
A Google user,5,2026-07-08 11:32:54,very bad call rate,0,Robi,Billing & Airtime Deductions,Negative,The customer is complaining about high call rates.
A Google user,5,2026-07-08 09:36:23,osadaron apps akta,0,Robi,General Appreciation / Other,Neutral,The user states that the app is useless.
A Google user,1,2026-07-08 06:43:51,best movement,0,Robi,General Appreciation / Other,Positive,The customer expresses that the service or app movement is the best.
A Google user,5,2026-07-08 02:52:11,VERY NICE SERVICE....✔✔,0,Robi,General Appreciation / Other,Positive,The customer expresses high satisfaction with the service.
A Google user,1,2026-07-08 00:31:00,এটি ভালো না কারণ বিশ্ব কাপ দেখা যায় না,0,Robi,General Appreciation / Other,Negative,The user is dissatisfied because the app does not allow them to watch the World Cup.
A Google user,1,2026-07-07 23:01:39,ami world pack ta kinsi but dekha jacche na chonur jonno tk disi?,0,Robi,Offers & Data Packs,Negative,"The user purchased a World Pack but it is not visible, questioning why they paid for it."
A Google user,5,2026-07-07 22:34:31,I Love you..💝🤌,0,Robi,General Appreciation / Other,Positive,The customer expresses affection and appreciation for the service.
A Google user,5,2026-07-07 22:10:34,Ravi the best,0,Robi,General Appreciation / Other,Positive,The customer expresses that Ravi is the best.
A Google user,4,2026-07-07 21:17:58,good experience,0,Robi,General Appreciation / Other,Positive,The customer reports having a good experience with the service.
A Google user,1,2026-07-07 20:39:12,যেমন বাজে সিম সার্ভিস তেমন বাজে এই অ্যাপ পুরা ফালতু।।।১ স্টার ও দিতে মন চায় না,0,Robi,General Appreciation / Other,Negative,"The customer expresses extreme dissatisfaction with both the SIM service and the app, calling the app completely useless and refusing to give it even one star."
A Google user,5,2026-07-07 20:32:18,offer gulo kicu kicu vlo,0,Robi,Offers & Data Packs,Positive,The customer finds some of the offers to be good.
A Google user,1,2026-07-07 20:15:45,ভালো না তেমন,0,Robi,General Appreciation / Other,Negative,The user states that the service or app is not very good.
A Google user,1,2026-07-07 19:33:14,very bad . because of this customer support.,0,Robi,General Appreciation / Other,Negative,The customer expresses strong dissatisfaction with the quality of customer support.
A Google user,5,2026-07-07 17:38:46,Nice app but internet service is very bad,0,Robi,Network Speed & 4G Latency,Negative,The user finds the app nice but complains that the internet service quality is very poor.
A Google user,5,2026-07-07 13:59:33,Helpful app. Tnx ROBI,0,Robi,General Appreciation / Other,Positive,The customer finds the app helpful and thanks Robi.
A Google user,5,2026-07-07 13:11:29,আলহামদুলিল্লাহ খুবই ভালো,0,Robi,General Appreciation / Other,Positive,The customer expresses gratitude and states that the service is very good.
