user_name,rating,review_date,review_text,thumbs_up,operator
A Google user,5,2026-09-25 10:30:00,so bioutiful app,0,Banglalink
A Google user,5,2026-09-25 10:18:25,very nice🥳 🥳🥳🥳,0,Banglalink
A Google user,5,2026-09-25 09:48:17,very good app,0,Banglalink
A Google user,3,2026-09-25 09:12:43,"The app is good, but the complaint section is limited and lacks an ""Others"" category. As a result, we are forced to call 121 or email for unlisted issues. Also, there is no option for general feedback or suggestions, and there are frequent loading issues when opening the app even with active mobile data (MB). Please fix the loading problem and add an ""Others"" option as well as a feedback section in the upcoming updates.",0,Banglalink
A Google user,5,2026-09-25 09:01:46,"nice app,,,and use full app",0,Banglalink
A Google user,5,2026-09-25 06:54:10,good sim & app,0,Banglalink
A Google user,5,2026-09-25 03:40:55,it’s very good,0,Banglalink
A Google user,5,2026-09-25 03:14:32,so beautiful,0,Banglalink
A Google user,5,2026-09-25 02:50:12,I have been using Banglalink SIM since the beginning and I also use X. I really like it.,0,Banglalink
A Google user,5,2026-09-25 01:00:58,It's a very good app for BL users,0,Banglalink
A Google user,5,2026-09-25 00:00:53,sjddjdjdjjdjddjududud77d higgins ushsjedjedneodnddbedj 🤣r🤣😅❤️😅🙂😅e 😅🥲ws io 🙏ree 🙏ei😔🙏😔keiko 🙏😔i po,0,Banglalink
A Google user,1,2026-09-24 23:34:18,banglalink internet speed very very bad.,0,Banglalink
A Google user,5,2026-09-24 22:56:23,very wonderful app,0,Banglalink
A Google user,5,2026-09-24 22:07:08,আমি বাংলালিংক এর এই এপ ব্যবহার করে ভালোই লাগছে,0,Banglalink
A Google user,5,2026-09-24 21:35:44,very good sarbis🥰,0,Banglalink
A Google user,3,2026-09-24 20:07:00,banglalink fast,0,Banglalink
A Google user,5,2026-09-24 19:31:50,Very good app,0,Banglalink
A Google user,4,2026-09-24 19:12:13,good morning,0,Banglalink
A Google user,1,2026-09-24 18:16:51,"খুবই বাজে নেটওয়ার্ক, সকল সার্ভিসের দামও অনেক বেশি, এক কথায় বাংলাদেশের সবচেয়ে বাজে অপারেটর!",16,Banglalink
A Google user,1,2026-09-24 15:30:57,বাংলালিংক এর মত ফালতু সিম আমি কখন ও দেখি নাই সুদু এমবি বা মিনিট এর দাম কম হলেই হবে না চলতেও হবে এবং কি এই সময় যখন আমি এই কথা গুলো লিখছি এখন ও ইমারজেন্সি উঠে আছে আরে ভাই এটা কেমন ফালতু সিম 😌 তারা বলছে হেল্প লাইন এ যোগাযোগ করতে কিন্তু তারা কোন উপকার ওই করতে পারে নাই আমার এখন ও নেট চলে না 😅 সিম কিনার আগে ভেবে কিনবেন,0,Banglalink
A Google user,5,2026-09-24 15:30:45,very good app,0,Banglalink
A Google user,5,2026-09-24 15:25:19,onek valo akta apps,0,Banglalink
A Google user,5,2026-09-24 13:46:15,"Darun offer,,",0,Banglalink
A Google user,5,2026-09-24 11:55:21,this is very nice,0,Banglalink
A Google user,5,2026-09-24 00:17:40,I love MyBL.,0,Banglalink
A Google user,5,2026-09-23 23:12:07,is a good apps for banglalink usear 👍,0,Banglalink
A Google user,5,2026-09-23 23:09:31,Very good 🖤🫶,0,Banglalink
A Google user,5,2026-09-23 22:16:36,Very good app,0,Banglalink
A Google user,5,2026-09-23 21:16:44,very helpful,0,Banglalink
A Google user,5,2026-09-23 21:09:55,Mou Rahman Rahman wow,0,Banglalink
A Google user,4,2026-09-23 20:33:52,more reasonable offer want in 30 day pack,0,Banglalink
A Google user,5,2026-09-23 20:00:12,Riya Islam🇧🇩,0,Banglalink
A Google user,5,2026-09-23 19:46:23,Bangladesh fast network all time Banglalink sim my fast choice Banglalink & free fire no vpn Banglalink sim im so hepy,0,Banglalink
A Google user,5,2026-09-23 19:13:59,Thanks for MyBL,0,Banglalink
A Google user,5,2026-09-23 19:01:24,Good service,0,Banglalink
A Google user,4,2026-09-23 16:40:23,its very good,0,Banglalink
A Google user,5,2026-09-23 16:36:52,ফ্রি ইন্টারনেট দেন আমাকে আপনার সফটওয়্যার ইউজ করি আমি মাইবেলা আপডেট দিয়ে প্রতিদিন একবার আর এক থেকে দুইজনরে আমি ডাউনলোড করে দেই মাইবেলা ঠিক আছে আমাকে ফ্রি ইন্টারনেট দিবেন ওকে,0,Banglalink
A Google user,5,2026-09-23 15:35:32,I'm happy my bl,0,Banglalink
A Google user,5,2026-09-23 15:34:05,very nice app,0,Banglalink
A Google user,1,2026-09-23 13:13:04,"নেট আগের চেয়ে স্লো হই গেছে, যার কারনে সিম চেন্জ করার সিদ্ধান্ত নিয়ে নিয়েছি৷",0,Banglalink
A Google user,5,2026-09-23 12:52:53,"জন্য অনেক উপকার। it's a big deal, so I appreciate my BL BL app,,,,,,,,,,,,,,,,,,,,,,,,,,,,,,,,,,,,,,,,,,,,,,,,,,,,,,,,,,,,,,,,,,,,,,,,,,,,,,,,,,,,, ,,,,,,,,,,,,,,,,,,,,,,,,,,,,,,,,,,,,,,,,,,,,,,,,,,,,,,,,,,,,,,,,,,,,,,, 👍👍👍👍👍👍👍👍👍👍👍👍👍👍👍👍👍👍👍👍👍👍👍👍👍👍👍👍👍👍👍👍👍👍👍👍👍👍👍👍👍👍👍👍👍👍👍👍👍👍👍👍👍👍👍👍👍👍👍👍👍👍👍👍👍👍👍👍👍👍👍👍👍👍👍👍👍👍👍👍👍👍👍👍👍👍👍👍👍👍👍👍👍👍👍👍👍👍👍👍👍👍👍👍👍👍👍👍👍👍👍👍👍👍👍👍👍👍👍👍👍👍👍👍👍👍👍👍👍👍👍👍👍👍👍👍👍👍👍",0,Banglalink
A Google user,5,2026-09-23 11:12:06,good apps optimized,0,Banglalink
A Google user,5,2026-09-23 10:02:38,best app for used,0,Banglalink
A Google user,5,2026-09-23 09:22:22,AMAZING NETWORKS for smooth communication with dear ones...,0,Banglalink
A Google user,5,2026-09-23 05:47:43,Eta onek valo app,0,Banglalink
A Google user,5,2026-09-23 02:43:30,Banglalink network is too good,0,Banglalink
A Google user,5,2026-09-22 23:45:31,such a great platform... ❤️,0,Banglalink
A Google user,5,2026-09-22 22:09:50,খুব ভালো নেটওয়ার্ক,0,Banglalink
A Google user,4,2026-09-22 21:13:54,BL IS GOOD But price is high than others cell phone,0,Banglalink
A Google user,5,2026-09-22 21:09:12,অনেক ভালো সারভি আপনাদের,0,Banglalink
A Google user,5,2026-09-22 20:03:54,it's very helpful app,0,Banglalink
A Google user,5,2026-09-22 19:55:52,thank you Banglalink,0,Banglalink
A Google user,5,2026-09-22 18:02:44,very very good,0,Banglalink
A Google user,5,2026-09-22 16:07:00,Best Networks,0,Banglalink
A Google user,4,2026-09-22 16:06:02,offer prices to much,0,Banglalink
A Google user,5,2026-09-22 13:05:14,thank you for banglalink,0,Banglalink
A Google user,4,2026-09-22 10:34:02,good service.,0,Banglalink
A Google user,5,2026-09-22 10:28:52,বাংলাদেশ এক নাম্বার my BL,0,Banglalink
A Google user,5,2026-09-22 09:16:54,Biplob Ahmeed অনেক ভালো সার্ভিস।,0,Banglalink
A Google user,5,2026-09-22 02:11:25,good performance,0,Banglalink
A Google user,5,2026-09-21 23:27:12,Nice Sar vise,0,Banglalink
A Google user,5,2026-09-21 23:17:40,it's a very useful apps for ne,0,Banglalink
A Google user,1,2026-09-21 22:48:59,This is so much uncomfortable network i ever used. this is not for all the place its only for this area which is located around 500m of net tower. so much disgusting.,0,Banglalink
A Google user,5,2026-09-21 19:38:05,অনেক সুন্দর এপ,0,Banglalink
A Google user,5,2026-09-21 18:47:32,Good network,0,Banglalink
A Google user,5,2026-09-21 17:34:34,Nice apps ❤️,0,Banglalink
A Google user,5,2026-09-21 17:21:18,Good Service 👍,0,Banglalink
A Google user,5,2026-09-21 15:28:48,"I have been using it for ten years, very good service.",0,Banglalink
A Google user,5,2026-09-21 13:31:28,"bl offer ar spurve,,,network high speed to other network",0,Banglalink
A Google user,5,2026-09-21 11:52:14,Banglalink sim is best service of Bangladesh in our country.,0,Banglalink
A Google user,5,2026-09-21 09:26:21,ei apps to onek vlo .Ami onek upokar pelam.,0,Banglalink
A Google user,5,2026-09-21 08:36:36,“Excellent app! Very easy to use and helpful. ❤️”,0,Banglalink
A Google user,5,2026-09-21 08:27:39,নাইস কি বাবা,0,Banglalink
A Google user,5,2026-09-21 04:10:33,"excellent performance, I wish your best future",0,Banglalink
A Google user,4,2026-09-21 03:43:40,work full app great,0,Banglalink
A Google user,3,2026-09-21 00:28:32,Overall Good,0,Banglalink
A Google user,1,2026-09-21 00:00:46,faltu apps ekta banay rakhche,0,Banglalink
A Google user,5,2026-09-20 23:58:14,this app very very helpful,0,Banglalink
A Google user,1,2026-09-20 23:33:26,Banglalink internet is to slow,0,Banglalink
A Google user,5,2026-09-20 23:02:35,Bangladesh best sim,0,Banglalink
A Google user,5,2026-09-20 20:26:05,nice and wonderful app.,0,Banglalink
A Google user,1,2026-09-20 20:18:03,The network is extremly weak. Prices are getting higher every day but the connection is getting worse. If you are a gamer please choose something else.,0,Banglalink
A Google user,5,2026-09-20 18:53:06,best internet offer,0,Banglalink
A Google user,5,2026-09-20 18:08:27,very good apps,0,Banglalink
A Google user,5,2026-09-20 17:12:44,good app nice scarves,0,Banglalink
A Google user,5,2026-09-20 13:29:57,good network at present,0,Banglalink
A Google user,1,2026-09-20 11:12:49,"Banglalink Grameen SIM has the same quality, their packages are very expensive, Banglalink's service cannot be good everywhere.",0,Banglalink
A Google user,5,2026-09-20 10:53:08,khoob Sundar,0,Banglalink
A Google user,5,2026-09-20 09:58:18,vary beautiful app,0,Banglalink
A Google user,5,2026-09-20 09:40:42,10 years lover,0,Banglalink
A Google user,5,2026-09-20 07:30:40,onak upokari,0,Banglalink
A Google user,5,2026-09-20 06:20:10,nice 💯 NN kupi,0,Banglalink
A Google user,5,2026-09-20 00:18:04,good network good gift ❤️,0,Banglalink
A Google user,5,2026-09-19 23:23:30,good offers are in this app.,0,Banglalink
A Google user,3,2026-09-19 22:55:49,BL Offer is so expensive than other operators. And literally no offer is there for lower class or lower middle class for example 30 days validity of lower min/ data package with lower price. this is much needed for cover a large group of people across the country. Despite having BL sim I use another sim operator for daily use because of the reasonable package I have mentioned above. This is my personal opinion. Please don't take it otherwise.,0,Banglalink
A Google user,5,2026-09-19 22:33:21,so good h bootstrap,0,Banglalink
A Google user,5,2026-09-19 22:19:42,Thank you MyBL,0,Banglalink
A Google user,5,2026-09-19 22:01:15,অনেক ভালো app খুব সহজ mb ও টাকা দেখা যায়,0,Banglalink
A Google user,5,2026-09-19 21:41:18,মাই বিপিএল এপ সেরা ১,0,Banglalink
A Google user,5,2026-09-19 20:29:25,Good performance,0,Banglalink
A Google user,5,2026-09-19 20:03:20,Mr. Asraful ভালো,0,Banglalink
A Google user,5,2026-09-19 18:51:34,i need des gift 🥺,0,Banglalink
A Google user,5,2026-09-19 16:16:28,(.Rk.Mahedi.),0,Banglalink
A Google user,5,2026-09-19 16:11:38,nice service bangla link,0,Banglalink
A Google user,5,2026-09-19 15:02:55,anek Bhalo activation store,0,Banglalink
A Google user,1,2026-09-19 14:24:49,"Very poor app optimisation and don't have dark mode which is very disgusting. The network coverage is very poor and price of packages are too high than the others. I have been using banglalink SIM for a long time, that is why I have a strong connection and Affection to banglalink. But day by day it is disappointing me. Eagerly waiting for the day when banglalink will provide high speed network connection affordable package price and smoother performance in my banglalink app.",0,Banglalink
A Google user,5,2026-09-19 14:12:41,এটা আনেক ভালো,0,Banglalink
A Google user,5,2026-09-19 13:21:46,thats good😘🥰,0,Banglalink
A Google user,5,2026-09-19 10:44:07,My accounts devise honor devlope very much appreciated,0,Banglalink
A Google user,5,2026-09-19 07:04:39,আলহামদুলিল্লাহ,0,Banglalink
A Google user,5,2026-09-18 23:33:30,Thank you for Banglalink app,0,Banglalink
A Google user,5,2026-09-18 21:30:44,lovely experience,0,Banglalink
A Google user,5,2026-09-18 20:55:13,it's varry nice app,0,Banglalink
A Google user,5,2026-09-18 20:27:35,Valo 30 Day offer,0,Banglalink
A Google user,5,2026-09-18 17:49:39,all the best,0,Banglalink
A Google user,5,2026-09-18 14:45:08,My Banglalink app is so easy and so pretty,0,Banglalink
A Google user,5,2026-09-18 14:16:32,"myBL app is useful, but the UI/UX needs a modern, clean, and professional redesign with easier navigation. Please make offers, prices, package details, and validity clearer. myBL should also introduce affordable monthly combo packages, including generous or unlimited internet with unlimited minutes at reasonable prices, similar to options available in India and Nepal. Please listen to customer feedback and bring these improvements in future updates.",1,Banglalink
A Google user,5,2026-09-18 13:45:06,প্লিজ স্টার্ট মি please is tell me,0,Banglalink
A Google user,4,2026-09-18 13:07:11,its good for using,0,Banglalink
A Google user,5,2026-09-18 12:38:37,বেস্ট অফার অ্যাপস,0,Banglalink
A Google user,5,2026-09-18 11:34:55,nice application,0,Banglalink
A Google user,2,2026-09-18 11:04:23,sometimes net gone came in 10 second letter,1,Banglalink
A Google user,3,2026-09-18 06:52:29,"বাংলালিংক,, we needs mb within 10 taka",0,Banglalink
A Google user,5,2026-09-18 04:44:56,wow that's great 😃,0,Banglalink
A Google user,1,2026-09-18 03:54:38,Too much advertising,0,Banglalink
A Google user,5,2026-09-17 23:14:55,খুবেইই ভালো একটা সিম,0,Banglalink
A Google user,5,2026-09-17 23:04:11,"বাংলালিংক সব নেটওয়ার্কের থেকে সর্বোচ্চ ভালো নেটওয়ার্ক,,,,,",0,Banglalink
A Google user,4,2026-09-17 20:47:26,internet price need to reduce,1,Banglalink
A Google user,5,2026-09-17 20:37:35,thank you Bengali,0,Banglalink
A Google user,3,2026-09-17 18:15:24,৩০ দিনের একটা অফার দিন কয়েন দিয়ে যেন কিনতে হয়,1,Banglalink
A Google user,5,2026-09-17 17:43:14,ধন্যবাদ প্রিয়,0,Banglalink
A Google user,1,2026-09-17 17:10:42,The Networking system is very bad. Call rate high.,0,Banglalink
A Google user,5,2026-09-17 17:08:26,my account 10000 free,0,Banglalink
A Google user,5,2026-09-17 17:00:02,সুন্দর আয়োজন সব,0,Banglalink
A Google user,5,2026-09-17 16:53:58,so beautiful,0,Banglalink
A Google user,5,2026-09-17 14:27:38,esa wasa Ll),0,Banglalink
A Google user,5,2026-09-17 13:38:49,Very good service.,0,Banglalink
A Google user,5,2026-09-17 11:35:03,good job aro valo offer pete chai,0,Banglalink
A Google user,5,2026-09-17 11:22:13,very nice app,1,Banglalink
A Google user,5,2026-09-17 09:38:41,Mohammad Hasan ৫০ ১০০ তে এমবি প্যাকেজ দেওয়া হোক,0,Banglalink
A Google user,2,2026-09-17 09:37:38,Sob area ta network pawya zay na.valo Kono offer nei,0,Banglalink
A Google user,5,2026-09-17 08:49:02,বাংলালিংকের কুইজ গুলো আমার কাছে খুব ভালো লাগে। এগুলো আনসার দিলে পয়েন্ট পাওয়া যায়। সে পয়েন্ট দিয়ে আবার এমবি নেওয়া যায়।,0,Banglalink
A Google user,5,2026-09-17 06:30:41,প্রতি নিয়ত নতুনের পথে,0,Banglalink
A Google user,5,2026-09-17 04:08:55,vry nice apps good apps plz give me md bonus,0,Banglalink
A Google user,5,2026-09-16 23:44:26,আমাকে অ্যাপসে বোনাস দিবেন জিবি,0,Banglalink
A Google user,5,2026-09-16 23:22:11,varry good app,0,Banglalink
A Google user,5,2026-09-16 22:38:13,My BL apps Update Verry Good,0,Banglalink
A Google user,5,2026-09-16 22:13:07,it is vary nice phone balance check internet check and minute check best of bl sim,0,Banglalink
A Google user,5,2026-09-16 22:11:15,nice app my well,0,Banglalink
A Google user,3,2026-09-16 20:14:32,netwark very slow,0,Banglalink
A Google user,5,2026-09-16 19:26:09,internet not bad,1,Banglalink
A Google user,5,2026-09-16 19:02:29,Fast internet speed,0,Banglalink
A Google user,5,2026-09-16 18:53:25,very very good apps,0,Banglalink
A Google user,5,2026-09-16 18:13:13,good service,0,Banglalink
A Google user,1,2026-09-16 16:28:50,বালের নেট এত বাজে নেট স্পিড ঠিকমতো নেট চালানো যায় না খুব খারাপ একটা অবস্থা এই সিমের দ্বারা এসব আশা করা যায় না,0,Banglalink
A Google user,5,2026-09-16 15:57:24,Very good job,0,Banglalink
A Google user,1,2026-09-16 13:59:08,মোবাইল রিচার্জ করলে 1-5 taka auto কেটে নেই customer service এ জানালে বলে নেট ইউজ হয়েছে।,0,Banglalink
A Google user,5,2026-09-16 13:26:24,this is good,1,Banglalink
A Google user,5,2026-09-16 10:21:23,Hi valo aucan,0,Banglalink
A Google user,1,2026-09-16 09:36:26,"I have been a loyal Banglalink user for a long time and it used to be my favorite network. However, the service quality has plummeted drastically recently. The network coverage and internet speed have become absolutely terrible, even right in the middle of the city indoors. It's completely frustrating to use now. Fix your network infrastructure, or you are going to lose all your long-time customers!",0,Banglalink
A Google user,5,2026-09-16 08:33:05,মাই বেল অ্যাপ অসাধারণ একটি অ্যাপস প্রত্যেক তিক্তক অনেক অনেক আনন্দিত বাংলালিংক সিমের সাথে থাকতে পেরে আমি করি আনন্দিত,0,Banglalink
A Google user,5,2026-09-15 22:32:55,good service,0,Banglalink
A Google user,5,2026-09-15 21:08:04,good service,0,Banglalink
A Google user,4,2026-09-15 21:03:53,"Excellent app for Banglalink users! It makes buying packs, checking balance, and tracking history so easy and convenient. The user interface is clean, and the exclusive offers are great. Highly recommended!",2,Banglalink
A Google user,5,2026-09-15 20:48:38,গুড নাইস বাংলালিংক গুড নেটওয়ার্ক,0,Banglalink
A Google user,1,2026-09-15 20:40:45,volte button doesn't work when my phone & sim support it,0,Banglalink
A Google user,5,2026-09-15 19:37:23,*Banglalink is my favourite sim..I always keep this sim slot 1..,0,Banglalink
A Google user,5,2026-09-15 18:58:16,very usefull app,0,Banglalink
A Google user,5,2026-09-15 18:57:25,Very good network,0,Banglalink
A Google user,5,2026-09-15 15:03:40,Really useful,0,Banglalink
A Google user,5,2026-09-15 12:37:30,beautiful 😍😍,0,Banglalink
A Google user,5,2026-09-15 11:58:28,lower quality service..5 start given for coin,0,Banglalink
A Google user,5,2026-09-14 21:22:00,ok. fine.....,0,Banglalink
A Google user,5,2026-09-14 21:08:31,very fast network,1,Banglalink
A Google user,5,2026-09-14 20:20:09,Useful app. ♥️♥️,1,Banglalink
A Google user,5,2026-09-14 19:36:11,good sarvise but net slow,0,Banglalink
A Google user,5,2026-09-14 19:15:15,very nice apps,0,Banglalink
A Google user,1,2026-09-14 18:50:22,unstable internet support I have ever seen in my life,0,Banglalink
A Google user,5,2026-09-14 16:15:13,good service 💯,0,Banglalink
A Google user,5,2026-09-14 00:37:41,❤️‍🩹❤️‍🩹❤️‍🩹❤️‍🩹❤️‍🩹,0,Banglalink
A Google user,1,2026-09-14 00:36:44,f**king net service,0,Banglalink
A Google user,5,2026-09-13 22:12:44,this app so good,0,Banglalink
A Google user,5,2026-09-13 22:08:15,nice good job,0,Banglalink
A Google user,5,2026-09-13 22:03:03,ভালো একটা এ্যাপস কম টাকায় Mb minute কেনা যায় আপনারা ব্যবহার করা যায়,0,Banglalink
A Google user,5,2026-09-13 21:50:21,really helpful app,0,Banglalink
A Google user,5,2026-09-13 21:26:03,মাই বাংলালিংক অ্যাপ বেস্ট অ্যাপ,0,Banglalink
A Google user,5,2026-09-13 20:59:04,oppo a9 banlalink app no opan kew slyson den,0,Banglalink
A Google user,4,2026-09-13 20:49:14,very good app,0,Banglalink
A Google user,5,2026-09-13 20:39:35,nine mybl app🥀🥀,1,Banglalink
A Google user,2,2026-09-13 20:06:04,"MyBL very beautiful app in the Bangladesh, I like MyBL people like that MyBL ,",0,Banglalink
A Google user,2,2026-09-13 20:05:31,একদম ওয়েস্টেজ সিম কোম্পানি এক মিনিটে তিন টাকা কাটে ফোনে কথা বললে বাজে সিম বাজে সার্ভিস সব ধান্দাবজ।,0,Banglalink
A Google user,5,2026-09-13 19:58:40,nice my bl apps love it,0,Banglalink
A Google user,4,2026-09-13 19:57:24,Fast Internet Data MY BanglLink,0,Banglalink
A Google user,1,2026-09-13 17:58:38,baler Sim teen Ghar net payana,0,Banglalink
A Google user,5,2026-09-13 17:50:00,"User friendly, easy to use & many more.",1,Banglalink
A Google user,5,2026-09-13 16:30:07,A very good app everything can be seen together works very well,1,Banglalink
A Google user,5,2026-09-13 12:05:49,বিউটিফুল মাই ডিয়ার বাংলালিংক অ্যাপস। থ্যাঙ্কস মাই ডিয়ার ফ্রেন্ড বাংলালিংক,0,Banglalink
A Google user,5,2026-09-13 09:12:22,very good apps,0,Banglalink
A Google user,5,2026-09-13 07:44:52,greet that was,0,Banglalink
A Google user,5,2026-09-13 05:11:28,It's my first love,0,Banglalink
A Google user,5,2026-09-13 00:50:46,good sim is banglalink,0,Banglalink
A Google user,1,2026-09-13 00:07:52,the apps very helpful thanks for MYBL app💋💋💋,0,Banglalink
A Google user,5,2026-09-12 23:38:48,অন্যান্য সাইডে এমবি দাম খুবই কম কিন্তু আপনাদের অ্যাপের দামটা একটু বেশি,0,Banglalink
A Google user,1,2026-09-12 16:07:43,আমি পাসওয়ার্ড দিয়ে কেনো লগিন করতে পারছি না ?,0,Banglalink
A Google user,3,2026-09-12 15:18:43,can i setup fnf number via the app?,0,Banglalink
A Google user,5,2026-09-12 14:46:48,খুব সুন্দর একটা,0,Banglalink
A Google user,5,2026-09-12 10:25:06,bangali of the best,0,Banglalink
A Google user,5,2026-09-12 10:16:29,আসসালামুয়ালাইকুম,0,Banglalink
A Google user,5,2026-09-11 23:46:56,nice for everyone,0,Banglalink
A Google user,4,2026-09-11 23:34:28,service is very nich,1,Banglalink
A Google user,5,2026-09-11 22:51:47,good network and good apps service,1,Banglalink
A Google user,5,2026-09-11 21:27:44,fast and esy,0,Banglalink
A Google user,5,2026-09-11 17:18:26,খুব বেশি ভালো,0,Banglalink
A Google user,5,2026-09-11 16:17:29,good sim ever i used,1,Banglalink
A Google user,5,2026-09-11 15:21:43,good Luck my BL app thanks for my bl app I am always using for my bill app so all Bangladesh using for my bell app thanks,1,Banglalink
A Google user,5,2026-09-11 15:16:34,my bl awesome,0,Banglalink
A Google user,5,2026-09-11 12:59:44,Good Performance,1,Banglalink
A Google user,5,2026-09-11 12:40:29,app ta onek valo,0,Banglalink
A Google user,3,2026-09-11 12:12:36,সেবা ভালো খুব ভালো আমিও বলি কিন্তু মানুষের কষ্টের টাকা পকেট কেটে নেন 😶 এখন সবকিছু এক্সপেন্সিভ হয়ে গেছে মিনিট হোক এমবি হোক 😏,0,Banglalink
A Google user,5,2026-09-11 10:51:24,love banglalink,0,Banglalink
A Google user,5,2026-09-11 10:48:09,GoI goods online,0,Banglalink
A Google user,5,2026-09-11 10:12:34,Tha Internet Price Is High,1,Banglalink
A Google user,5,2026-09-11 07:58:54,its perfect for bangladeshi user,0,Banglalink
A Google user,1,2026-09-11 02:11:39,to expensive,0,Banglalink
A Google user,5,2026-09-11 01:09:23,Banglink apps nc,0,Banglalink
A Google user,1,2026-09-11 00:11:30,myBL app support plz,0,Banglalink
A Google user,5,2026-09-10 23:22:41,very nice apps,0,Banglalink
A Google user,1,2026-09-10 21:07:01,বে/শ্য কোম্পানির নেট.,0,Banglalink
A Google user,5,2026-09-10 19:51:22,ভালো সার্ভিস,0,Banglalink
A Google user,5,2026-09-10 18:16:18,speed quality 100%,0,Banglalink
A Google user,5,2026-09-10 17:57:29,good app vhalo kaj kore darun offer 🎉🎊,0,Banglalink
A Google user,1,2026-09-10 17:35:27,21 বছর আগে আজকের এই দিনে বাংলালিংক নেটওয়ার্কে আপনার পথচলা শুরু। আমরা অত্যন্ত গর্বিত ও কৃতজ্ঞ আপনার সঙ্গে থাকতে পেরে। বাংলালিংক-এর সাথে থাকার জন্য ধন্যবাদ। ইন্টারনেট ৪ জিবি মেয়াদ ৩ দিন অথচ apps এ ডুকলে এমবি নাই,1,Banglalink
A Google user,5,2026-09-10 17:14:41,"this app is very useful for internet pack, also min pack❤️",0,Banglalink
A Google user,5,2026-09-10 17:07:51,বাংলালিংক সিম অনেক ভালো ফার্স্ট মেটার,0,Banglalink
A Google user,5,2026-09-10 17:07:33,very good service,0,Banglalink
A Google user,1,2026-09-10 13:51:14,খুবই জঘন্য একটা কোম্পানি। অত্যন্ত বাজে সার্ভিস তাদের।এমবির দাম বেশি। বাটপার কোম্পানি।,0,Banglalink
A Google user,4,2026-09-10 11:12:42,আমি অ্যাপ এর মাধ্যমে মিনিট এবং ইন্টারনেট ক্রয় করি। দয়া করে আমাকে বলবেন বাংলালিংক অ্যাপ এ Flexiplan নামে একটি সেবা পাওয়া যেত। গ্রাহক তার পছন্দ মত মিনিট এবং ইন্টারনেট ক্রয় করতো। দুঃখের সাথে বলতে হচ্ছে আপনারা সেবাটি বন্ধ করেছেন কিন্তু কেন? কিন্তু গ্রামীণফোন এই সেবাটি ঠিকই চালু রেখেছে। তারা পারলে আপনারা পারবেন না কেন সমস্যাটা কোথায়?,0,Banglalink
A Google user,5,2026-09-10 11:11:54,Good experience.,0,Banglalink
A Google user,1,2026-09-10 10:27:49,Worst app and worst customer care service. This app should be removed from play store. Contacted them several times but no solutions!,5,Banglalink
A Google user,2,2026-09-10 10:15:28,",π‌π® ৫ ''৬, ',। ,,৷৷, ,.,, িি, ৮,,যড?,, ৮, ,? ~,৷! ,.. x z,... ,,, .. &~.,,., X.. NW,Z2 ,.. ? b v. . /,. . ,, y th..... ~ , , wx,।,।,।৷, ,..,, ws q 88, োবি,ত,জ ৭ র্ছ। (, জ/১ ১ ৮।",0,Banglalink
A Google user,5,2026-09-10 02:50:25,Bangladesh number 1 network company Banglalink.,0,Banglalink
A Google user,5,2026-09-10 00:43:36,Good Parpames,0,Banglalink
A Google user,2,2026-09-09 23:14:05,"ইন্টারফেস ভালো না , অনেক প্যাঁচালো",1,Banglalink
A Google user,5,2026-09-09 22:29:36,best app it is!!,1,Banglalink
A Google user,5,2026-09-09 22:01:11,So Nice Good Coing,1,Banglalink
A Google user,5,2026-09-09 20:26:04,khub valo laglo coin peye,0,Banglalink
A Google user,1,2026-09-09 18:45:54,volte doesn't work on m21,1,Banglalink
A Google user,5,2026-09-09 10:30:21,ভালো ভালো কমদামের বেশি ওফার দিবেন,0,Banglalink
A Google user,5,2026-09-09 10:29:18,"⭐⭐⭐⭐⭐ MyBL অ্যাপটি ব্যবহার করতে খুবই সহজ ও সুন্দর। রিচার্জ করা, ইন্টারনেট/মিনিট প্যাক কেনা, ব্যালেন্স ও ডাটা ব্যবহার চেক করা—সবকিছু এক জায়গা থেকেই করা যায়। অফারগুলোও সহজে দেখা যায় এবং অ্যাপের ইন্টারফেস বেশ সুন্দর ও ইউজার-ফ্রেন্ডলি। সব মিলিয়ে Banglalink-এর জন্য এটি একটি দারুণ অ্যাপ। আশা করি ভবিষ্যতে আরও ভালো অফার ও নতুন ফিচার যোগ হবে। 🧡📱",2,Banglalink
A Google user,1,2026-09-09 10:12:38,আখখ্যখখ্যঠ্য,0,Banglalink
A Google user,1,2026-09-08 12:00:53,"I’ve used Banglalink, and honestly, it’s the worst internet service I’ve ever experienced in my life. First of all, the internet packages are ridiculously expensive, and on top of that, the network isn’t even stable or good. It’s absolutely trash. For other things, the speed is somewhat acceptable, but when it comes to gaming, it’s a completely different story. The enemy can literally get behind me and kill me, and I don’t even realize it until I’m already dead.",0,Banglalink
A Google user,4,2026-09-08 08:57:23,There are currently no good bundle pack internet minute pack offers on the Banglalink app.,0,Banglalink
A Google user,5,2026-09-08 02:09:20,Simply The Best✨🙏🥰,0,Banglalink
A Google user,5,2026-09-08 01:08:10,op my bl my heart ❤️,0,Banglalink
A Google user,5,2026-09-07 15:20:10,❤️‍🩹❤️‍🩹❤️‍🩹,0,Banglalink
A Google user,5,2026-09-07 10:24:06,আমার দেখা সেরা একটা app এভাবেই এগিয়ে চলো আমরা আছি তোমার সাথে 🥰,0,Banglalink
A Google user,5,2026-09-07 08:15:01,tnx banglanik,0,Banglalink
A Google user,5,2026-09-06 21:26:40,Good Service,0,Banglalink
A Google user,5,2026-09-06 21:10:10,easy and user friendly,0,Banglalink
A Google user,3,2026-09-06 21:00:20,Package Rate Too Much High. Network Issue.,2,Banglalink
A Google user,5,2026-09-06 18:06:29,ইব্রাহিম কান,0,Banglalink
A Google user,5,2026-09-06 18:05:58,সিম চালো তাখা অবস্সায় মিস্ড কল আসলে সেটা এপ্সে দেখায়না সু করে না,0,Banglalink
A Google user,2,2026-09-06 16:04:06,অ্যাপে ডার্ক মোড অপশন নিয়ে আসেন,1,Banglalink
A Google user,5,2026-09-06 14:19:05,was usually using it for recharging quickly and the internet packages but recently when i recharged 96 tk using the app they automatically activated tofee subs though i checked very carefully while recharging that there wasn’t any offer for 96 tk. i reached customer support with all proof & screenshots but they carelessly provide no support also blame me for making odd amount recharges which contains no logic at all.,0,Banglalink
A Google user,1,2026-09-06 11:16:07,আমার ফোন এ এই আপটি চালানো যাচ্ছে না,0,Banglalink
A Google user,5,2026-09-06 07:42:49,hello Nice all user,0,Banglalink
A Google user,5,2026-09-06 01:41:57,"MyBL অ্যাপটি ব্যবহার করা খুব সহজ। ব্যালেন্স, ডাটা ও মিনিট চেক করা এবং বিভিন্ন অফার নেওয়া খুবই সুবিধাজনক। ভালো সার্ভিসের জন্য ধন্যবাদ।",0,Banglalink
A Google user,5,2026-09-06 01:34:17,i really love it,0,Banglalink
A Google user,5,2026-09-05 22:57:12,ভালো চলে খারাপ বলবো না তবে আমাদের এখানে ঘরের ভিতর টাওয়ার পাই না কিন্তু বাসার বাইরে ভালোই চলে,0,Banglalink
A Google user,5,2026-09-05 22:37:27,My BL is the best sim,0,Banglalink
A Google user,5,2026-09-05 21:59:22,Good Service 👍,0,Banglalink
A Google user,5,2026-09-05 21:10:14,very much for all your support,0,Banglalink
A Google user,5,2026-09-05 21:07:22,Nice apps MyBL,0,Banglalink
A Google user,5,2026-09-05 20:55:38,It really offered us a very attractive deal everyday 😉,0,Banglalink
A Google user,5,2026-09-05 20:34:09,ভাই আমার কাছে মনে হয় অনেক ভালো,0,Banglalink
A Google user,4,2026-09-05 19:37:53,best app for Banglalink user for all offers,0,Banglalink
A Google user,5,2026-09-05 19:21:54,My BL Apps Very useful 🥰🥰,0,Banglalink
A Google user,5,2026-09-05 18:39:33,Very very good app 🤩🤩,0,Banglalink
A Google user,5,2026-09-05 17:29:26,bal valo net dei na ektu pore pore chole jai dhur,0,Banglalink
A Google user,5,2026-09-05 15:50:54,That's Awesome 😎,0,Banglalink
A Google user,5,2026-09-05 14:32:26,very Helpful,0,Banglalink
A Google user,5,2026-09-05 11:18:03,valo ache app,0,Banglalink
A Google user,5,2026-09-05 06:22:10,md robiul khokan01921,0,Banglalink
A Google user,5,2026-09-05 00:43:59,আচোদা কোম্পানি,0,Banglalink
A Google user,5,2026-09-04 20:55:25,love you banglalink 🥰🥰🥰,0,Banglalink
A Google user,5,2026-09-04 19:09:17,good for bangali✌️✌️,0,Banglalink
A Google user,3,2026-09-04 18:40:12,sometime Network very very very week,0,Banglalink
A Google user,5,2026-09-04 18:17:46,Banglalink is the best network.,0,Banglalink
A Google user,5,2026-09-04 17:16:04,good network 🛜 but we need low offer price,0,Banglalink
A Google user,5,2026-09-04 16:52:29,very nice apps,0,Banglalink
A Google user,5,2026-09-04 16:01:56,very trusted platform,0,Banglalink
A Google user,5,2026-09-04 15:40:51,fm bhut is best,0,Banglalink
A Google user,5,2026-09-04 15:13:59,is very hospitals,0,Banglalink
A Google user,5,2026-09-04 14:58:45,Nice network,0,Banglalink
A Google user,5,2026-09-04 14:13:37,all the best,0,Banglalink
A Google user,5,2026-09-04 11:29:08,Good Network,0,Banglalink
A Google user,5,2026-09-04 10:51:15,very satisfy,0,Banglalink
A Google user,2,2026-09-04 10:13:46,bad service High price internet,1,Banglalink
A Google user,5,2026-09-04 09:28:55,this is very nice,0,Banglalink
A Google user,5,2026-09-04 08:44:05,Masa-Allah... Alhamdulillah...,0,Banglalink
A Google user,5,2026-09-04 04:27:18,মাশাআল্লাহ অনেক ভালো একটা এপ,1,Banglalink
A Google user,1,2026-09-04 03:48:53,"The Banglalink app interface and user experience are very good. However, Banglalink's network is extremely weak and not available everywhere. Even though their offers are good, the lack of network coverage everywhere creates significant issues in using them. I used to like Banglalink for its lifetime validity feature, which now seems to be ending. Perhaps another negative aspect is being added.",3,Banglalink
A Google user,5,2026-09-03 23:34:34,good apps. all futures good,0,Banglalink
A Google user,5,2026-09-03 22:02:56,vary good tray to that,0,Banglalink
A Google user,4,2026-09-03 21:53:02,logo not choice,0,Banglalink
A Google user,5,2026-09-03 21:17:58,sera SIM Banglalink SIM,0,Banglalink
A Google user,5,2026-09-03 20:18:05,awesome app 🥰,0,Banglalink
A Google user,5,2026-09-03 20:04:38,My favorite banglalink Sim,0,Banglalink
A Google user,5,2026-09-03 20:01:27,its good app,0,Banglalink
A Google user,5,2026-09-03 19:45:26,Md Robiul Mia,0,Banglalink
A Google user,5,2026-09-03 19:45:25,good Network,0,Banglalink
A Google user,5,2026-09-03 19:22:50,every thing good,0,Banglalink
A Google user,5,2026-09-03 19:07:59,gd facilities,0,Banglalink
A Google user,5,2026-09-03 18:33:21,this app nice,0,Banglalink
A Google user,5,2026-09-03 17:28:41,"অনেক কাজের জিনিস,খুব ভালো অ্যাপ। মোবাইল ব্যালেন্স, এমবি ও মিনিট সব একসাথে দেখা যায়।",0,Banglalink
A Google user,5,2026-09-03 15:32:28,network good,0,Banglalink
A Google user,5,2026-09-03 15:05:59,good network,0,Banglalink
A Google user,1,2026-09-03 13:12:50,625৫৬2৬৭22৬552৭2৫৫,1,Banglalink
A Google user,5,2026-09-03 13:04:53,আমার কাছে সবচেয়ে ভালো নেটওয়ার্ক বাংলাদেশ বাংলাদেশের বাংলালিংক সার্ভিস প্রিয় গ্রাহক আপনারা সবাই বাংলালিংক বেশি বেশি ব্যবহার করেন।,0,Banglalink
A Google user,5,2026-09-03 12:39:56,Good service,0,Banglalink
A Google user,5,2026-09-03 10:58:10,very useful app,0,Banglalink
A Google user,3,2026-09-03 10:28:45,বাংলালিংক সিম অনেক ভালো কিন্তু এমবি তারাতাড়ি কাটে ওও মূল্য বেশি,0,Banglalink
A Google user,5,2026-09-03 10:23:50,please help me,0,Banglalink
A Google user,5,2026-09-03 10:10:24,vary business and pawar full apps,0,Banglalink
A Google user,5,2026-09-03 08:38:02,Best SIM for Internet and Minute pack.,0,Banglalink
A Google user,5,2026-09-03 07:24:22,অনেক ভালো অ্যাপস,0,Banglalink
A Google user,5,2026-09-03 03:41:55,Very good app.,0,Banglalink
A Google user,5,2026-09-03 03:14:18,u r the best,0,Banglalink
A Google user,5,2026-09-03 01:16:43,very nice apps,0,Banglalink
A Google user,5,2026-09-03 01:01:06,ANTOR SARDAR,0,Banglalink
A Google user,5,2026-09-03 00:24:41,banglalink is good service,0,Banglalink
A Google user,5,2026-09-02 23:56:40,Best Oparator in Bangladesh,0,Banglalink
A Google user,5,2026-09-02 23:45:02,Mahamoda Akhtar,0,Banglalink
A Google user,5,2026-09-02 22:24:05,not bad easily can choose any offers,2,Banglalink
A Google user,5,2026-09-02 22:13:35,good beutiful,0,Banglalink
A Google user,5,2026-09-02 21:11:01,good Service Commission,0,Banglalink
A Google user,3,2026-09-02 20:14:15,আশরাফুল ইসলাম,0,Banglalink
A Google user,4,2026-09-02 19:59:26,nice to apps,0,Banglalink
A Google user,5,2026-09-02 19:49:22,it's very much good 👍,0,Banglalink
A Google user,5,2026-09-02 19:17:03,good experience,0,Banglalink
A Google user,5,2026-09-02 17:42:06,best for bl sim,0,Banglalink
A Google user,1,2026-09-02 17:23:05,apps refresh is very timely,0,Banglalink
A Google user,5,2026-09-02 16:16:44,50000 Orange Club,0,Banglalink
A Google user,1,2026-09-02 14:50:17,bl app kono offer daka jy na plus nijar phone a ja koto tk balance asa oi ta daka jy nh agar app ta e vlo chilo akhon MC Ra pora faltu baniya falsa Hala Ra sob insurance ar business krtase ei apps a MC,0,Banglalink
A Google user,5,2026-09-02 14:24:48,good service,0,Banglalink
A Google user,5,2026-09-02 14:19:23,I think BL operators is the best,0,Banglalink
A Google user,1,2026-09-02 13:29:26,f**king net service.,0,Banglalink
A Google user,5,2026-09-02 13:28:49,good love 💕💕💕💕,0,Banglalink
A Google user,5,2026-09-02 10:45:28,এই একটি ব্যবহার করে আমার অনেক উপকার হয়েছে,1,Banglalink
A Google user,4,2026-09-02 09:57:50,sabbir Hossain hsh shy rgen sbcs judge turn feud nne unity would ensure their that held one United used,0,Banglalink
A Google user,5,2026-09-02 09:55:44,দেখনি তুমি আমায়-😅❤️‍🩹 #capcut #foryou #bdtiktokofficial🇧🇩,0,Banglalink
A Google user,5,2026-09-02 09:23:05,♥️♥️♥️best♥️♥️♥️,0,Banglalink
A Google user,5,2026-09-02 08:56:18,trustable sim,0,Banglalink
A Google user,5,2026-09-02 07:59:26,আস্সালামুআলাইকুম,0,Banglalink
A Google user,5,2026-09-02 06:06:05,আপনাদের স্যাটেলাইট ভিত্তিক নেটওয়ার্ক পরিষেবা কবে চালু হবে?,0,Banglalink
A Google user,4,2026-09-02 04:09:48,valo tbe arektu valo korte hbe,0,Banglalink
A Google user,5,2026-09-02 02:18:01,গেমার াুুজসমস রগহটাজএ য়ৃুস,0,Banglalink
A Google user,5,2026-09-02 00:29:21,great SIM ever in bd,0,Banglalink
A Google user,5,2026-09-01 22:37:20,very good app,0,Banglalink
A Google user,5,2026-09-01 22:02:32,আমি এই অ্যাপসটা ব্যবহার করে অনেক সুবিধা পেয়েছি,0,Banglalink
A Google user,5,2026-09-01 21:50:26,supper mybl app download koro sobai🥰🥰,0,Banglalink
A Google user,4,2026-09-01 21:33:02,very nice 👍 .,0,Banglalink
A Google user,5,2026-09-01 21:00:38,"My experience with Banglalink’s network and internet service has been quite good. Most of the time, the internet speed is good and the call quality is also satisfactory. They offer a variety of internet and minute packages, so it’s easy to choose a package according to your needs. The customer service is also fairly good. Overall, Banglalink is a good and reliable option for me among the mobile operators in Bangladesh. 👍📱",7,Banglalink
A Google user,5,2026-09-01 19:09:51,very useful.,0,Banglalink
A Google user,1,2026-09-01 16:32:26,not good at all,0,Banglalink
A Google user,5,2026-09-01 16:12:32,it's what you'd expect,0,Banglalink
A Google user,5,2026-09-01 13:28:01,good services,0,Banglalink
A Google user,5,2026-09-01 12:24:49,"it's an amazing app for bl users, everything in one app",0,Banglalink
A Google user,5,2026-09-01 01:04:20,its realy comfortable....❤️❤️❤️,0,Banglalink
A Google user,5,2026-09-01 00:33:03,good service,0,Banglalink
A Google user,5,2026-09-01 00:14:19,Bangladesh and best app Network,0,Banglalink
A Google user,5,2026-08-31 23:37:19,best app for everything,1,Banglalink
A Google user,5,2026-08-31 22:43:08,thank you good app,0,Banglalink
A Google user,4,2026-08-31 22:28:32,Bundle packages rate should be fixed.,1,Banglalink
A Google user,5,2026-08-31 21:58:03,This app is really Awesome ❤️,0,Banglalink
A Google user,5,2026-08-31 21:10:14,amazing application thank you for my bl app,0,Banglalink
A Google user,5,2026-08-31 21:06:49,very good app,0,Banglalink
A Google user,5,2026-08-31 20:50:33,GOOD SERVICE ALWAYS... BUT HIGH CHARGE TOO!😵‍💫,0,Banglalink
A Google user,5,2026-08-31 20:32:43,nice performance,0,Banglalink
A Google user,5,2026-08-31 19:45:18,nice internet,1,Banglalink
A Google user,5,2026-08-31 18:37:12,Sadharan app,0,Banglalink
A Google user,5,2026-08-31 17:48:05,it's good for me,0,Banglalink
A Google user,5,2026-08-31 17:23:03,very helpful apps,0,Banglalink
A Google user,5,2026-08-31 16:39:21,Bangla link SIM network is so good.,0,Banglalink
A Google user,2,2026-08-31 16:25:38,I am very saddened that this app does not have the FNF system like other apps do.,2,Banglalink
A Google user,5,2026-08-31 14:02:22,good service,0,Banglalink
A Google user,5,2026-08-31 06:08:19,অনেক ভালো app,0,Banglalink
A Google user,4,2026-08-31 05:58:31,good Banglalink,0,Banglalink
A Google user,5,2026-08-31 02:51:25,good service,0,Banglalink
A Google user,3,2026-08-31 01:57:05,apps is good but network system is not so good in my areas,1,Banglalink
A Google user,5,2026-08-31 01:51:24,it's a great app! i reccomend itto everyone,1,Banglalink
A Google user,5,2026-08-31 01:00:54,really Good 👍,0,Banglalink
A Google user,5,2026-08-31 00:23:34,best mobile sim ever,0,Banglalink
A Google user,5,2026-08-30 23:54:18,good sarvish,0,Banglalink
A Google user,5,2026-08-30 23:43:20,I am so happy,0,Banglalink
A Google user,5,2026-08-30 23:26:50,good experience,0,Banglalink
A Google user,5,2026-08-30 22:17:33,"It is very important aps,, and very helful aps",0,Banglalink
A Google user,5,2026-08-30 19:04:29,Network problem everything is good,0,Banglalink
A Google user,5,2026-08-30 18:16:10,very nice app,0,Banglalink
A Google user,5,2026-08-30 17:32:57,very simple and easy to operate,4,Banglalink
A Google user,5,2026-08-30 15:21:08,very useful app,0,Banglalink
A Google user,5,2026-08-30 15:00:41,অনেক ভালো একটা অ্যাপস,0,Banglalink
A Google user,4,2026-08-30 14:39:28,মোটামুটি চলে। ফ্ল্যাক্সি প্ল্যান টা আবার আনা উচিৎ।,0,Banglalink
A Google user,5,2026-08-30 14:35:43,Play store best app Sim,0,Banglalink
A Google user,5,2026-08-30 12:46:42,very good app,0,Banglalink
A Google user,5,2026-08-30 12:42:54,good app lonely today,0,Banglalink
A Google user,5,2026-08-30 12:38:10,very good 👍🏻,0,Banglalink
A Google user,4,2026-08-30 06:43:07,it easy to use,0,Banglalink
A Google user,5,2026-08-30 04:07:19,tk beshi kate,0,Banglalink
A Google user,5,2026-08-29 23:30:35,very useful appps for users,0,Banglalink
A Google user,5,2026-08-29 23:29:19,All the best..,1,Banglalink
A Google user,5,2026-08-29 23:18:43,You can easily buy bundle packs from the Banglalink app. It's amazing.,1,Banglalink
A Google user,5,2026-08-29 23:01:05,Very Very good MybL app,0,Banglalink
A Google user,5,2026-08-29 21:34:04,very help full app,0,Banglalink
A Google user,5,2026-08-29 21:18:36,This apps is my life very heplfully think,0,Banglalink
A Google user,5,2026-08-29 20:13:55,অ্যাপ রেফার বোনাস,0,Banglalink
A Google user,5,2026-08-29 19:32:25,it is excellent way to earn,0,Banglalink
A Google user,5,2026-08-29 19:24:57,Outstanding SIM,0,Banglalink
A Google user,5,2026-08-29 19:19:43,thanks Bhai refer system korar jonno Ami 50 GB porjonnoto,0,Banglalink
A Google user,5,2026-08-29 19:17:40,এই app থেকে অনেক কম দামে MB পাওয়া যায় অনেক কিছু গিপ্ট পাওয়া যায় কিছু কিছু MB ফ্রীতে দেয় আর দেরি না করে লগিং করে ফেলুন,0,Banglalink
A Google user,5,2026-08-29 19:10:00,good but pahare khubi joghonno !,0,Banglalink
A Google user,5,2026-08-29 17:52:11,my bl app this is best operator network,1,Banglalink
A Google user,5,2026-08-29 17:44:06,একটা সেরা 👍👍👍🥰,0,Banglalink
A Google user,5,2026-08-29 17:15:06,best app mybl,0,Banglalink
A Google user,1,2026-08-29 15:40:30,very easy and helpful,0,Banglalink
A Google user,5,2026-08-29 14:45:13,best apps for banglalink,0,Banglalink
A Google user,5,2026-08-29 13:33:33,this app very usefull☺️❤️,1,Banglalink
A Google user,5,2026-08-29 13:10:40,Why am I not getting any coins when I purchase my current internet package?,0,Banglalink
A Google user,5,2026-08-29 13:03:39,it's good apps for everything else,1,Banglalink
A Google user,3,2026-08-29 12:31:03,Mb er dam to dam na sonar deam,0,Banglalink
A Google user,5,2026-08-29 12:24:30,good For app,0,Banglalink
A Google user,5,2026-08-29 12:11:05,"Im Used The Banglalink 3 year, And Service Is Better",1,Banglalink
A Google user,5,2026-08-29 12:03:18,vary good app,0,Banglalink
A Google user,1,2026-08-29 11:42:25,internet price is high,1,Banglalink
A Google user,1,2026-08-29 11:32:13,farlto akta sim na ase Kono network. na ase app a Valo offer,1,Banglalink
A Google user,5,2026-08-29 11:28:41,good good service,0,Banglalink
A Google user,5,2026-08-29 10:36:35,nice and easy-going,1,Banglalink
A Google user,3,2026-08-29 10:36:25,ki rag korla😁😁,0,Banglalink
A Google user,5,2026-08-29 09:26:31,very good app,0,Banglalink
A Google user,4,2026-08-29 08:08:40,good morning guruwar very nice app,1,Banglalink
A Google user,5,2026-08-29 06:10:10,‌fantastic app,0,Banglalink
A Google user,5,2026-08-29 01:21:39,Very good app,1,Banglalink
A Google user,5,2026-08-29 00:51:03,very good app.,1,Banglalink
A Google user,5,2026-08-28 23:30:05,best network speed all the places,0,Banglalink
A Google user,5,2026-08-28 23:20:59,good Service,0,Banglalink
A Google user,1,2026-08-28 23:05:41,শহীদ সোহরাওয়ার্দী মেডিকেল কলেজ হাসপাতালে নেটওয়ার্ক সমস্যা,1,Banglalink
A Google user,4,2026-08-28 23:05:40,easy to used,1,Banglalink
A Google user,5,2026-08-28 22:30:34,মান্থলি মিনিটের দাম বাড়ছে আর মিনিট কমছে। মান্থলি মিনিট এর দামটা যদি কমানো যেত তাহলে একটু ভালো হতো থ্যাংক ইউ এভরিথিং,1,Banglalink
A Google user,5,2026-08-28 22:29:30,very Helpful,0,Banglalink
A Google user,4,2026-08-28 22:24:10,Need some upgrade but good,0,Banglalink
A Google user,5,2026-08-28 22:12:11,nice network,0,Banglalink
A Google user,5,2026-08-28 22:02:20,very good 👍😊,0,Banglalink
A Google user,5,2026-08-28 20:15:08,খুব ভালো banglalink,0,Banglalink
A Google user,5,2026-08-28 19:25:08,Best Internet best performance,1,Banglalink
A Google user,5,2026-08-28 19:11:12,Very nice pic bro 💪😎.,0,Banglalink
A Google user,5,2026-08-28 18:54:00,tiis is great full app,0,Banglalink
A Google user,5,2026-08-28 16:57:30,অনেক ভালো একটি অ্যাপ,0,Banglalink
A Google user,4,2026-08-28 16:04:25,I am satisfied but Internet & minutes Prize may be very high Between Robi or airtel,5,Banglalink
A Google user,5,2026-08-28 16:02:07,good good very good,0,Banglalink
A Google user,2,2026-08-28 15:51:09,Banglalink Best Sim,0,Banglalink
A Google user,5,2026-08-28 15:37:06,Very Very Good Apps,0,Banglalink
A Google user,5,2026-08-28 14:33:29,"The app. was supposed to be helpful but instead, it is full of bugs and takes away a lot of my time! *Edit: The issues have been resolved.",11,Banglalink
A Google user,1,2026-08-28 12:53:47,খুব দাম ইন্টারনেটের 😡😠,1,Banglalink
A Google user,4,2026-08-28 12:51:24,network should be more improved. And internet package rate also call rate should decrease.,3,Banglalink
A Google user,5,2026-08-28 12:22:51,for coin rating 5 stat 😮‍💨😳,0,Banglalink
A Google user,5,2026-08-28 12:10:18,nice softwares,0,Banglalink
A Google user,5,2026-08-28 09:06:08,very nice app ☺️👍,0,Banglalink
A Google user,5,2026-08-28 09:05:09,ভালো কাজ করে,0,Banglalink
A Google user,5,2026-08-28 08:59:30,good and love it,0,Banglalink
A Google user,5,2026-08-28 07:47:02,Best service👍,0,Banglalink
A Google user,5,2026-08-28 07:25:34,খুব ভালো খুব সুন্দর নেটওয়ার্ক আমি খুব খুশি এমন নেটওয়ার্ক পেয়ে,0,Banglalink
A Google user,5,2026-08-28 01:17:43,good service 💯,0,Banglalink
A Google user,5,2026-08-28 01:12:20,ভালো অ্যাপ 😃😃,0,Banglalink
A Google user,5,2026-08-28 00:34:01,Banglalink offer & netowark is very joss,0,Banglalink
A Google user,5,2026-08-28 00:17:13,the gerat apps,0,Banglalink
A Google user,5,2026-08-27 23:34:15,Very goods apps,0,Banglalink
A Google user,1,2026-08-27 23:31:32,So bad network coverage in my house,1,Banglalink
A Google user,1,2026-08-27 22:03:49,offer is very expensive.,2,Banglalink
A Google user,5,2026-08-27 21:04:01,good খুব সুন্দর সুন্দর অফার দেয় এখানে,0,Banglalink
A Google user,1,2026-08-27 20:00:49,গত ২২ তারিখ কাস্টমার সেন্টার থেকে নেয়া সিম অন করে দেখি সেই সিম এ বিকাশ নগদ সব খোলা নগদে তো সেই সিম টা রেস্ট্রিক করা অথচ আমাকে সেন্টার এর মহিলা বলেছিল এই সিম দিয়ে সব করতে পারবেন ড্রাইভিং লাইসেন্স বাদে একটা সিম কিনে যদি সেই সিম পিছনে এটা ওটা করতে গিয়ে হয়রানি হয় তখন কি করবো বলেন পরে আমি অ্যাপ থেকে নিউ সিম অর্ডার করি ২৩ তারিখ সেটাও ক্যান্সেল হয় ২৬ তারিখ সেদিন আবারও অর্ডার করি অথচ সেটাও পাচ্ছিনা এখনও এদিকে সার্ভিস সেন্টারে কল দিলে তারা কিছুই বলতে পারে না। এতগুলো কর্মচারী তাহলে আছে কিসের জন্য?!,0,Banglalink
A Google user,5,2026-08-27 19:51:04,বালের অফার দেই আমার ভালো কুন অফার নাই 😡,0,Banglalink
A Google user,5,2026-08-27 19:49:27,"Good network coverage affordable packages and smooth apyp experience. Using Banglalink for 4 years, happy with the service.",2,Banglalink
A Google user,5,2026-08-27 19:11:38,"MyBL APPS is a very good app that everyone can use. Those who have a Banglalink SIM should definitely use the Banglalink app; then you will get amazing offers like minute offers, internet offers, and call rate offers. I am also using it; you should too to get amazing offers.",1,Banglalink
A Google user,5,2026-08-27 18:17:10,খুবই ভালো 😇😇,0,Banglalink
A Google user,5,2026-08-27 17:25:59,অনেক ভালো সার্ভিস,0,Banglalink
A Google user,5,2026-08-27 17:00:56,1gb free dile valo hoto..🌚,0,Banglalink
A Google user,5,2026-08-27 15:56:00,best network for Bengali,0,Banglalink
A Google user,5,2026-08-27 13:09:22,good apo otp,0,Banglalink
A Google user,5,2026-08-27 12:45:44,explain good job from banglalink,1,Banglalink
A Google user,5,2026-08-27 12:44:28,every pack price is too high compared to other sims brand,5,Banglalink
A Google user,5,2026-08-27 12:37:34,Very good app,1,Banglalink
A Google user,5,2026-08-27 11:40:52,is the best app in bd,1,Banglalink
A Google user,5,2026-08-27 09:40:37,nice one app,1,Banglalink
A Google user,5,2026-08-27 09:31:01,I am very happy 😀,1,Banglalink
A Google user,5,2026-08-27 04:05:38,nice and so good,1,Banglalink
A Google user,5,2026-08-27 01:45:35,"রিচার্জ করলে একটা কয়েন গিফ পাওয়া জায়, এই কয়েন ব্যাবহার করে আবার কিছু সুবিধাও পাওয়া জায়, আমাদের গ্রাহকদের জন্য বাংলালিং এতো সুন্দর পরিকল্পনা করে আমাদের পাশে আছে এর জন্ন্যে বাংলালিংকে অসংখ্য ধন্যবাদ",1,Banglalink
A Google user,5,2026-08-27 01:24:43,Good luck 👍😊,1,Banglalink
A Google user,5,2026-08-27 00:33:07,অনেক উপকার পেয়েছি mybl,0,Banglalink
A Google user,5,2026-08-26 23:12:56,joss interface,0,Banglalink
A Google user,5,2026-08-26 23:09:25,app is very easy,1,Banglalink
A Google user,5,2026-08-26 22:40:33,সুন্দর অ্যাপ,0,Banglalink
A Google user,5,2026-08-26 21:07:03,i like you ❤️‍🩹 good service and mini offers and Very Save,3,Banglalink
A Google user,5,2026-08-26 19:59:09,nice app easy use,1,Banglalink
A Google user,4,2026-08-26 19:30:10,30 days deal are good but price is little bit high.,7,Banglalink
A Google user,5,2026-08-26 18:50:30,all time good service,1,Banglalink
A Google user,5,2026-08-26 18:22:08,Banglalink is one of the most popular and used sim of Bangladesh and my favourite.,1,Banglalink
A Google user,5,2026-08-26 18:16:03,গুড খুব ভালো,0,Banglalink
A Google user,1,2026-08-26 12:35:07,"Cheating app with useless support! Yesterday I ranked 9th (Score: 286) in Cricket Bash game. As per your rule, top 20 players get 1GB free internet. Today it reset, but I got nothing! Your customer care is totally dead. No reply on Messenger. MyBL live chat takes forever & messages don't even show up due to huge bugs. It's impossible to reach an agent. Stop making fake promises, fix this buggy app & credit my 1GB internet now!",6,Banglalink
A Google user,1,2026-08-26 09:47:37,FNF অপশন উঠাই নিছে। just worst version. as soon as possible add this option.,2,Banglalink
A Google user,5,2026-08-26 07:20:45,সেই ভালো একটা এপস এমবির অফার💋💋😄,0,Banglalink
A Google user,1,2026-08-25 17:36:49,very bad apps,1,Banglalink
A Google user,1,2026-08-25 15:20:32,mybl app = my baal app ✅️✅️✅️✅️✅️✅️,0,Banglalink
A Google user,1,2026-08-25 09:15:35,"banagladesh er sob theke slow network, please keo niben na pagla Marka ekta sim ,mb scame kore dei majhe majhe ,and network ekdom baje bolle cole ,my opinion robi,Airtel, and grammen",0,Banglalink
A Google user,1,2026-08-24 22:22:05,"বাংলালিংক আমার টাকা অন্যায় ও অবৈধ ভাবে কেটে নিয়েছে আজ ৩ মাস হলো। কয়েকবার অভিযোগ জানানোর পর টাকা ফেরত দেবে বলেও ফেরত দেয়নি। এখন অভিযোগ স্টাটাস ক্লোজড করে দিয়েছে চুপিসারে। কি পরিমান হারামী, এখন এপ্স থেকেও কোন কমপ্লেইন লজ করা যাচ্ছেনা! মানে ওয়েট করছে যে আমি কবে ভুলে যাবো আর টাকাটা মেরে দিবে!হারামীর দল",0,Banglalink
A Google user,1,2026-08-24 14:09:22,this sim is very bad,0,Banglalink
A Google user,2,2026-08-24 09:48:13,8 8 8 8 উত্যাইটি।,0,Banglalink
A Google user,5,2026-08-24 01:28:34,এমবি থাকতেও কোনো কাজ করে না কেমন সিম এই টা ভাই,1,Banglalink
A Google user,1,2026-08-22 17:20:43,cheater number one,0,Banglalink
A Google user,5,2026-08-21 21:17:44,nice banglalink service,0,Banglalink
A Google user,1,2026-08-21 17:23:44,"third class network, app everything. disgusting😡",0,Banglalink
A Google user,1,2026-08-21 15:13:44,bad app. bl assistant don’t work. bad sim. autocratic cut mb. very bad app.,0,Banglalink
A Google user,5,2026-08-21 05:16:00,very good and helpful 💯☺️☺️,0,Banglalink
A Google user,3,2026-08-21 00:33:40,"Alhamdulillah it's good. In short, all the other SIM companies' offers are available at a slightly cheaper price than this. However, it would be better if the offers were available at a more affordable price. For example - 10 GB for 100 taka for one month, 20 GB for 200 taka for one month. Such offers should be given to the customer. Then it would be much better.",8,Banglalink
A Google user,1,2026-08-20 22:18:59,আমার ধনের অ্যাপ।ধনের নেটওয়ার্ক খানকির পলারা বালের নেট দেয়,1,Banglalink
A Google user,1,2026-08-20 14:40:10,এই বাটপার গ্রুপ কোন ধরনের অনুমতি না নিয়ে সার্ভিস চালু করে টাকা কেটে নেয়। এক জন থেকে ২ টাকা কাটলে ৪ কোটি গ্রাহক থেকে মোট ৮ কোটি টাকা এক মুহুর্তে এদের ইনকাম হয়। পরে অভিযোগ দিলে আমাদের ভুলে নাকি সার্ভিস চালু হয়েছে।,1,Banglalink
A Google user,1,2026-08-20 11:28:17,"Bought a gift packs with no option to send it as gift ,which instead came to my own account. Is it not scam what is ?",2,Banglalink
A Google user,1,2026-08-20 10:46:16,abal Marka banglalink service 1min a 10 bar net jay Ashe . game khelle onno sim use Koro 👍,0,Banglalink
A Google user,1,2026-08-19 17:59:27,ফালতু কোম্পানি এমবির অনেক বেশি দাম,0,Banglalink
A Google user,5,2026-08-18 12:47:23,সব কিছু আল্লাহর উপর ছেড়ে দিলাম,1,Banglalink
A Google user,5,2026-08-18 11:31:29,very nice app,0,Banglalink
A Google user,4,2026-08-18 10:52:22,ইন্টারনেট এর দাম কম করলে ভালো হয়,0,Banglalink
A Google user,5,2026-08-18 09:48:38,nice app.its realy good.,0,Banglalink
A Google user,4,2026-08-18 08:43:43,🥰🥰🥰👍👍👍🥰👍👍👍👍👍👍👍👍👍👍👍👍👍🥰🥰🥰🥰👍👍👍👍👍🥰🥰অনেক ভালো 👍👍🥰🥰🥰🥰🥰🥰🥰🥰🥰🥰,0,Banglalink
A Google user,5,2026-08-18 02:23:57,bad for VoLTE,0,Banglalink
A Google user,3,2026-08-18 02:17:52,high cost internet packages for student Can't afford more than 300tk monthly daily 1GB need but 20GB isn't enough for 30 days I'm sorry I understand that everything is $ not cheaper nowdays but I hope team will do something for students ASAP tyvm mybl,2,Banglalink
A Google user,5,2026-08-18 01:57:50,wonderful network,1,Banglalink
A Google user,5,2026-08-17 23:52:29,নেটওয়ার্ক সিস্টেম অনেক ভালো বিভিন্ন একটি ব্যবহার করে আমি অনেক সুবিধা পাচ্ছি,0,Banglalink
A Google user,4,2026-08-17 23:35:04,বাংলালিংক অনেক ভালো একটা app,0,Banglalink
A Google user,5,2026-08-17 23:27:44,আমাকে এমবি দাও,0,Banglalink
A Google user,5,2026-08-17 23:07:00,"বাংলালিংক অ্যাপটি শুধু রিচার্জ বা ইন্টারনেট প্যাক কেনার জন্যই নয়, বরং এতে থাকা ইসলামিক জ্ঞান চর্চা, কুরআন ও হাদিস পড়ার চমৎকার ফিচারটি আমার মতো মুসলিম ব্যবহারকারীদের জন্য এক অনন্য পাওয়া। মোবাইল সেবার পাশাপাশি দৈনন্দিন ইবাদত ও ইসলামিক তথ্য জানার এমন সুন্দর উদ্যোগের জন্য ৫/৫ স্টার প্রাপ্য। জাজাকাল্লাহ খাইরান!",0,Banglalink
A Google user,5,2026-08-17 22:09:31,একা খুব ভালো,0,Banglalink
A Google user,1,2026-08-17 22:03:09,"At present you are increasing the price of MB in this Banglalink network service especially in Bangladesh, you are reducing the price of MB Another thing is, why do you put a time limit on the internet? Is it a waste product? If you don't use the internet within the specified time, where does it go? I'll use it whenever I want.🫵😡",5,Banglalink
A Google user,1,2026-08-17 21:52:51,"Those who are from rural areas, please don't buy any internet package in banglalink sim. That is the worst Internet I have ever used in my life. GP is far better than bl. boycott bl for god sake guys.",0,Banglalink
A Google user,5,2026-08-17 19:29:14,good service,0,Banglalink
A Google user,5,2026-08-17 19:16:17,Very Good App,0,Banglalink
A Google user,4,2026-08-17 16:48:21,Appe Add Number system chalu Koren. Robi appe motu chalu Koren.,0,Banglalink
A Google user,5,2026-08-17 15:23:23,to much high price,0,Banglalink
A Google user,5,2026-08-17 14:42:38,network not so bad,1,Banglalink
A Google user,5,2026-08-17 14:20:06,"বাংলালিংক সব জায়গায় নেটওয়ার্ক পায় না তাই নেটওয়ার্ক দিয়ে সার্ভিস ভালো করবেন ধন্যবাদ,",1,Banglalink
A Google user,5,2026-08-17 12:47:36,Good 17 Aug 2026,0,Banglalink
A Google user,5,2026-08-17 12:28:50,this good apps,0,Banglalink
A Google user,5,2026-08-17 09:10:53,Really very good app,0,Banglalink
A Google user,5,2026-08-17 08:43:13,মাসাআল্লাহ অনেক সুন্দর এবং ভালো,0,Banglalink
A Google user,5,2026-08-17 08:06:25,it's really 🙂,0,Banglalink
A Google user,5,2026-08-17 07:46:22,অসাম স্পিড এখানে চলে আসুন বাংলালিংকে।আর দেরি নয়।,0,Banglalink
A Google user,3,2026-08-17 00:00:40,apps are so good but in our village network is so poor,1,Banglalink
A Google user,5,2026-08-16 23:39:20,We need superfast network all over Bangladesh,0,Banglalink
A Google user,5,2026-08-16 22:52:35,helpful apps,0,Banglalink
A Google user,5,2026-08-16 21:51:26,অনেক সুন্দর একটা সফটওয়্যার,0,Banglalink
A Google user,5,2026-08-16 20:54:54,very good app,0,Banglalink
A Google user,3,2026-08-16 19:59:56,this apps packages are too expensive..,1,Banglalink
A Google user,5,2026-08-16 19:46:51,good network,0,Banglalink
A Google user,5,2026-08-16 19:34:21,1nambar Network,0,Banglalink
A Google user,5,2026-08-16 19:26:37,very nice 🙂🙂,0,Banglalink
A Google user,5,2026-08-16 17:32:26,most expensive apps in the bangladesh,0,Banglalink
A Google user,5,2026-08-16 17:04:11,Excellent ❤️❤️❤️❤️❤️,0,Banglalink
A Google user,5,2026-08-16 14:27:52,এটি একটি ভালো অ্যাপস,0,Banglalink
A Google user,5,2026-08-16 10:26:24,this is best app,0,Banglalink
A Google user,5,2026-08-16 06:58:43,এখানে একবার প্রেস করলে সেটি ইনপুট বক্সে পেস্ট হবে,0,Banglalink
A Google user,1,2026-08-15 23:38:05,"সাম্প্রতিক আপডেটের পর অ্যাপ বারবার ক্র্যাশ করছে, ব্যবহার করা কষ্টকর হয়ে যাচ্ছে। ব্যালেন্স ট্রান্সফার বা প্যাকেজ কেনার সময় বারবার এরর দেখাচ্ছে। কাস্টমার সাপোর্ট রেসপন্স খুবই ধীর, দ্রুত সমাধান প্রয়োজন। নেটওয়ার্ক তথ্য সঠিকভাবে দেখায় না, আপডেট প্রয়োজন। এক কথায় এদের সার্ভিস একদম ফালতু",0,Banglalink
A Google user,5,2026-08-15 21:50:31,good and useful app👍.,0,Banglalink
A Google user,5,2026-08-15 21:13:29,Best service provider,0,Banglalink
A Google user,5,2026-08-15 20:34:48,good service,0,Banglalink
A Google user,5,2026-08-15 19:11:33,wonderful app,0,Banglalink
A Google user,5,2026-08-15 18:48:19,banglalink best,0,Banglalink
A Google user,5,2026-08-15 18:12:23,Using the app offers access to many deals and provides numerous benefits.,4,Banglalink
A Google user,5,2026-08-15 17:29:20,this a good app for minutes and internet offers,0,Banglalink
A Google user,5,2026-08-15 17:20:09,this is really good nk,0,Banglalink
A Google user,5,2026-08-15 11:44:53,my bl app is very good .it use is very easy,2,Banglalink
A Google user,5,2026-08-15 06:52:08,"this is apps good working , banglalink better experience",0,Banglalink
A Google user,5,2026-08-15 01:06:45,very very good and helpful apps,0,Banglalink
A Google user,3,2026-08-15 00:36:31,the price of all packs are too high...,1,Banglalink
A Google user,4,2026-08-15 00:24:16,good but data offer boring,0,Banglalink
A Google user,5,2026-08-14 23:18:53,অনেক ভালো একটি এপ,0,Banglalink
A Google user,5,2026-08-14 22:52:29,এটা খুব ভালো,0,Banglalink
A Google user,1,2026-08-14 20:27:34,very very bad offer,0,Banglalink
A Google user,5,2026-08-14 20:05:52,দারুণ সার্ভিস,0,Banglalink
A Google user,5,2026-08-14 16:59:34,very nice app,0,Banglalink
A Google user,5,2026-08-14 16:49:42,My Family & Me All Members Are Banglalink Users I Love All Time Banglalink,0,Banglalink
A Google user,5,2026-08-14 13:41:00,Banglalink is my first choice and best servicer sim,0,Banglalink
A Google user,5,2026-08-14 12:55:45,very good app,0,Banglalink
A Google user,1,2026-08-14 12:02:37,faltu service. network issue,0,Banglalink
A Google user,5,2026-08-14 08:12:27,it's cool network & I'm interested,0,Banglalink
A Google user,1,2026-08-14 07:52:06,গলাকাটা ব্যবসায় জিপিকেও ছাড়িয়ে গেছে,0,Banglalink
A Google user,1,2026-08-14 06:08:10,এই এপ্লিকেশন টি ভালো না । এখানে কোনো ভালো অফার নেই । এই এপ্লিকেশন টির সার্ভিস ভালো না ।,0,Banglalink
A Google user,5,2026-08-14 05:58:37,alhamdulillah,0,Banglalink
A Google user,5,2026-08-14 01:02:07,khub Valo service bl apps a,0,Banglalink
A Google user,5,2026-08-13 23:14:20,this is a best app in Bangladesh,0,Banglalink
A Google user,5,2026-08-13 21:24:06,tnq banlalink,0,Banglalink
A Google user,5,2026-08-13 19:39:36,Best apps for bl,0,Banglalink
A Google user,5,2026-08-13 19:27:56,namiya vkhub valo,0,Banglalink
A Google user,5,2026-08-13 17:23:55,বাংলালিংকে এমবি কিনে ভালো লাগে🥰 এমবির দাম আর একটু কমালে ভালো হয়,0,Banglalink
A Google user,1,2026-08-13 15:53:38,I can't open it 😒,0,Banglalink
A Google user,5,2026-08-13 14:58:55,very nice offer,0,Banglalink
A Google user,5,2026-08-13 14:27:59,"It,s Awesome App",0,Banglalink
A Google user,5,2026-08-13 14:14:57,wow very good apps,0,Banglalink
A Google user,4,2026-08-13 10:50:53,it’s too goot from another sim company,0,Banglalink
A Google user,4,2026-08-13 10:38:59,app good but app logo...... looking no,0,Banglalink
A Google user,5,2026-08-13 09:56:19,বাংলালিংক সব সময় ইন্টারনেটের দাম কম থাকে,0,Banglalink
A Google user,5,2026-08-13 09:25:17,my bl my apps🥀🏵️,0,Banglalink
A Google user,5,2026-08-13 07:38:09,good service 👍,0,Banglalink
A Google user,5,2026-08-13 02:35:55,alhamdulillah ♥️,0,Banglalink
A Google user,5,2026-08-13 02:19:25,Bangla link one of the best network of our country,0,Banglalink
A Google user,5,2026-08-13 00:43:20,best service,0,Banglalink
A Google user,5,2026-08-12 23:56:09,this app Very much,0,Banglalink
A Google user,1,2026-08-12 23:45:40,the login has issues. otp and password doesn't work.,1,Banglalink
A Google user,5,2026-08-12 21:59:47,very nice app,0,Banglalink
A Google user,5,2026-08-12 21:31:21,beautiful 🥰🥰🥰,0,Banglalink
A Google user,5,2026-08-12 20:32:50,best service,1,Banglalink
A Google user,5,2026-08-12 20:01:49,nice network,0,Banglalink
A Google user,5,2026-08-12 18:42:26,this apps is a very beautiful apps,0,Banglalink
A Google user,4,2026-08-12 16:19:01,very good network in Dhaka area,0,Banglalink
A Google user,5,2026-08-12 16:18:55,So far so good,0,Banglalink
A Google user,5,2026-08-12 15:41:30,খুবই ভালো আছি,0,Banglalink
A Google user,5,2026-08-12 15:31:23,২জিবি এমবি হাওলাদ দেন,0,Banglalink
A Google user,5,2026-08-12 14:09:32,goods service,0,Banglalink
A Google user,5,2026-08-12 14:05:42,it's easy to use,1,Banglalink
A Google user,5,2026-08-12 13:45:21,that's very essential...,0,Banglalink
A Google user,5,2026-08-12 09:44:31,very good app,0,Banglalink
A Google user,3,2026-08-12 03:13:26,খুবই ভালো একটা কোম্পানি,0,Banglalink
A Google user,5,2026-08-12 01:55:48,good service bl...,0,Banglalink
A Google user,5,2026-08-12 01:24:39,best Internet,0,Banglalink
A Google user,5,2026-08-11 23:55:41,I'm a Robi user but i Shift for Banglalink the reason i's Banglalink offer super best🤍,1,Banglalink
A Google user,5,2026-08-11 22:14:51,My Best BL sim,0,Banglalink
A Google user,4,2026-08-11 21:08:02,খুব ভালো । আর একটু এমবি টা একটু কম টাকায় করে দেওয়া যায় না,0,Banglalink
A Google user,5,2026-08-11 20:57:45,User friendly App,0,Banglalink
A Google user,5,2026-08-11 20:41:45,It's very good apps,0,Banglalink
A Google user,5,2026-08-11 19:57:49,my bl apps just amazing,0,Banglalink
A Google user,5,2026-08-11 16:22:42,Banglalink.. best of Bangladesh,0,Banglalink
A Google user,5,2026-08-11 15:36:08,"নেটের দাম অনেক বেশি, নেট খুব স্লো চলে, এভাবে চলতে থাকলে আমরা নেট কিনে চালাতে পারবো না, নেটের দাম কমাতে হবে নেটের সার্ভিস ভালো করতে হবে, দ্বিতীয় কথা হচ্ছে, এমবি মিনিট পরবর্তী মাসে অ্যাড হয় না কেন, এভাবে চলতে থাকলে বাংলালিংকে আর এমবি কিনবো না, এমবির দাম অনেক বেশি হয়ে গেছে নেট সার্ভিস ভালো করতে হবে, এমবি ছাড়া অ্যাপস এ ঢোকা যাচ্ছে না, এমবি ছাড়া যদি এই অ্যাপস এ না ঢুকতে পারি তাহলে অ্যাপস থেকে এমবি কিভাবে কিনব, আশা করি আমার কথা বুঝতে পারছেন এমবি ছাড়া যেন এস ব্যবহার করা যায় সেই পদক্ষেপ নিবেন🫡",0,Banglalink
A Google user,5,2026-08-11 14:29:57,I just love this app,0,Banglalink
A Google user,5,2026-08-11 12:37:10,very good apk,0,Banglalink
A Google user,5,2026-08-11 12:18:28,best apps thnkyou banglalink,0,Banglalink
A Google user,5,2026-08-11 11:58:20,good and app,0,Banglalink
A Google user,5,2026-08-11 07:19:01,good service,0,Banglalink
A Google user,5,2026-08-11 06:33:46,alhamdulillah,0,Banglalink
A Google user,5,2026-08-11 00:18:24,"best app and SIM.,,,,",0,Banglalink
A Google user,5,2026-08-10 23:29:53,good service,0,Banglalink
A Google user,5,2026-08-10 22:51:36,Good for Everyone.,0,Banglalink
A Google user,1,2026-08-10 22:45:31,পার্সোনাল একাউন্ট,0,Banglalink
A Google user,5,2026-08-10 22:03:29,not good for intranet pakags,0,Banglalink
A Google user,5,2026-08-10 20:59:10,আপ টি আনেক ভালো,0,Banglalink
A Google user,5,2026-08-10 20:12:35,এটা একটি খুব ভালো একটি,0,Banglalink
A Google user,5,2026-08-10 19:45:51,best software mybL for Banglalink,0,Banglalink
A Google user,5,2026-08-10 18:14:56,good network,0,Banglalink
A Google user,5,2026-08-10 16:29:33,app working great.,0,Banglalink
A Google user,5,2026-08-10 14:42:34,nice nice nice 👍👍👍👍👍👍👍👍👍👍👍 u,0,Banglalink
A Google user,5,2026-08-10 14:11:24,vey nice app,0,Banglalink
A Google user,5,2026-08-10 13:17:59,ওয়াও সত্যি এটা অনেক কার্যকারী,0,Banglalink
A Google user,5,2026-08-10 12:23:30,this app is Very good,0,Banglalink
A Google user,5,2026-08-10 11:53:55,my experience was good with them.happy journey,0,Banglalink
A Google user,5,2026-08-10 10:26:47,অ্যাপটি সত্যিই অনেক ভালো এবং ব্যবহার করতেও সহজ। এর ফিচারগুলো খুব সুন্দরভাবে কাজ করে এবং এখন পর্যন্ত কোনো বড় সমস্যা পাইনি। ডেভেলপারদের ধন্যবাদ এত ভালো একটি অ্যাপ তৈরি করার জন্য।,0,Banglalink
A Google user,1,2026-08-10 08:31:17,"3rd class operator in bangladesh, stay away from this garbage, no network, no customer support. They just don't care about their own clients/customers. And the app is just useless, pushing unnecessary notification every 1 hour and buggy.",11,Banglalink
A Google user,4,2026-08-10 01:44:10,my banglalink app to esim convert process add koren,0,Banglalink
A Google user,5,2026-08-09 23:48:01,Good Service,0,Banglalink
A Google user,5,2026-08-09 23:05:26,myBL is very best app,0,Banglalink
A Google user,1,2026-08-09 22:28:31,বাংলালিংক কি সমস্যা হয়ে দাঁড়িয়েছে। সিম রানিং থাকা অবস্থায় যায় কেউ কল দিলে বন্ধ দেখায়।,1,Banglalink
A Google user,5,2026-08-09 22:28:01,Best app the banglalink,0,Banglalink
A Google user,4,2026-08-09 21:24:25,performance is 👍 but old is gold,0,Banglalink
A Google user,5,2026-08-09 21:14:46,Network signal Excellent 👌,0,Banglalink
A Google user,5,2026-08-09 19:37:42,banglalink internet price hi,0,Banglalink
A Google user,5,2026-08-09 17:04:12,অসাধারণ একটি অ্যাপ,0,Banglalink
A Google user,5,2026-08-09 16:32:18,Excellent Apps,0,Banglalink
A Google user,5,2026-08-09 16:16:08,good for you,0,Banglalink
A Google user,5,2026-08-09 15:59:39,great keep it up,0,Banglalink
A Google user,1,2026-08-09 15:46:13,useless trash 🗑️,0,Banglalink
A Google user,5,2026-08-09 12:22:11,❤️❤️❤️❤️❤️❤️❤️,0,Banglalink
A Google user,1,2026-08-09 11:50:37,please uninstalled this app.,0,Banglalink
A Google user,5,2026-08-09 11:24:12,I.m happy my bl,0,Banglalink
A Google user,5,2026-08-09 08:58:35,amazing 😍 app,0,Banglalink
A Google user,5,2026-08-09 08:47:55,আমার দেখা সেরা একটা সিম এটা,0,Banglalink
A Google user,5,2026-08-09 08:01:02,my bl is so useful app,0,Banglalink
A Google user,5,2026-08-09 03:29:29,আলহামদুলিল্লাহ অনেক কম খরচে বেশি অফার,0,Banglalink
A Google user,5,2026-08-09 01:05:31,good help full,0,Banglalink
A Google user,5,2026-08-08 23:39:37,now bl is best for my area,0,Banglalink
A Google user,5,2026-08-08 21:22:37,this app is Very good,0,Banglalink
A Google user,5,2026-08-08 20:58:02,"কম অফার দেন কেন, আরো বেশি বেশি কম টাকায় অফার দিবেন",0,Banglalink
A Google user,5,2026-08-08 20:56:18,best app in the Bangladesh,0,Banglalink
A Google user,5,2026-08-08 20:56:10,best service all the best,0,Banglalink
A Google user,5,2026-08-08 15:01:02,Banglalink company is so nice but package price very high.. that's it 👍,2,Banglalink
A Google user,5,2026-08-08 14:53:23,Very Satisfying,0,Banglalink
A Google user,5,2026-08-08 14:50:05,Good opportunity,0,Banglalink
A Google user,5,2026-08-08 10:52:10,"হ্যাঁ, ভালো। ধন্যবাদ।",0,Banglalink
A Google user,5,2026-08-08 10:28:34,First service,0,Banglalink
A Google user,5,2026-08-08 10:28:05,অ্যাপস কেন লগইন হচ্ছে না সমস্যা কোথায় মন ভালো না,0,Banglalink
A Google user,5,2026-08-08 03:56:21,Nice Application,0,Banglalink
A Google user,4,2026-08-07 23:21:26,good best for our ariya,0,Banglalink
A Google user,1,2026-08-07 23:08:56,App is good but offers are expensive,3,Banglalink
A Google user,5,2026-08-07 22:59:21,super apps the apps of Best apps ❤️,0,Banglalink
A Google user,5,2026-08-07 20:54:52,very good app and good service,0,Banglalink
A Google user,5,2026-08-07 20:20:59,Excellent Apps,0,Banglalink
A Google user,1,2026-08-07 19:59:03,The king of call drop,0,Banglalink
A Google user,5,2026-08-07 18:52:29,great easy and useful,0,Banglalink
A Google user,5,2026-08-07 18:47:15,very good service,0,Banglalink
A Google user,4,2026-08-07 17:44:15,verry good App,0,Banglalink
A Google user,5,2026-08-07 16:48:57,everything is good,1,Banglalink
A Google user,5,2026-08-07 15:17:07,মাই ফেভারি বাংলালিংক,0,Banglalink
A Google user,5,2026-08-07 14:41:15,good Network good service,0,Banglalink
A Google user,5,2026-08-07 13:16:55,খুবই ভালো সার্ভিস শুধুমাত্র ইন্টারনেটের দাম বেশি আমার মনে হয় এটা কোম্পানির মাথায় রেখে ইউজারদেরকে আরো বেটার সার্ভিস দেওয়া উচিত,0,Banglalink
A Google user,5,2026-08-07 13:02:00,nice app fom Bangladesh mybl,0,Banglalink
A Google user,5,2026-08-07 11:01:31,অনেক ভালো। বাংলাদেশ আপনারা অনেক উন্নতি করছেন। তাই আমি অনেক খুশি।,0,Banglalink
A Google user,5,2026-08-07 08:11:04,its Really Awesome!,0,Banglalink
A Google user,5,2026-08-06 23:30:11,very good app,0,Banglalink
A Google user,5,2026-08-06 23:28:37,Mybl Best App,0,Banglalink
A Google user,5,2026-08-06 23:14:55,খুব ভালো এইটা,0,Banglalink
A Google user,5,2026-08-06 21:58:41,Prince SAGOR good,0,Banglalink
A Google user,5,2026-08-06 21:16:08,this app is good,0,Banglalink
A Google user,5,2026-08-06 20:06:22,Excellent one indeed,1,Banglalink
A Google user,5,2026-08-06 19:29:16,Offer is awesome,0,Banglalink
A Google user,1,2026-08-06 18:43:22,Very bad experience 😕😞,0,Banglalink
A Google user,5,2026-08-06 18:07:25,very effective this service,0,Banglalink
A Google user,5,2026-08-06 16:27:07,great service,0,Banglalink
A Google user,5,2026-08-06 15:58:12,verry good my bl,0,Banglalink
A Google user,5,2026-08-06 13:09:31,best natowark,0,Banglalink
A Google user,5,2026-08-06 13:05:38,vary good my bl appa,0,Banglalink
A Google user,5,2026-08-06 12:12:58,"There are always good offers, and the network connection is better than others.",2,Banglalink
A Google user,5,2026-08-06 05:56:27,Lucky my transaction 😁😉😁😁,0,Banglalink
A Google user,5,2026-08-06 05:28:38,বাংলালিংক সিম ভালো।,0,Banglalink
A Google user,5,2026-08-06 02:49:53,good network banglalink,0,Banglalink
A Google user,4,2026-08-06 00:08:40,purai baje ekta operator..,0,Banglalink
A Google user,5,2026-08-05 21:03:14,this is a good app,0,Banglalink
A Google user,5,2026-08-05 20:59:30,usefull apps,0,Banglalink
A Google user,5,2026-08-05 20:43:52,Need confirm internet commitment,0,Banglalink
A Google user,5,2026-08-05 20:19:56,"nice Apps,,,,,,",0,Banglalink
A Google user,5,2026-08-05 18:50:16,"This app is very useful and easy to use. It has many helpful features, and it is very effective for us. I also like the games in this app. I earn coins every day by playing them, which makes the app more fun and enjoyable. Thank you for creating such a wonderful app!",5,Banglalink
A Google user,5,2026-08-05 16:53:13,very nice app,0,Banglalink
A Google user,5,2026-08-05 16:31:53,খুব ভালো অ্যাপস।,0,Banglalink
A Google user,5,2026-08-05 15:09:24,বাংলালিংক অ্যাপ বাংলাদেশের সবচেয়ে সেরা,0,Banglalink
A Google user,5,2026-08-05 12:52:30,well well well,0,Banglalink
A Google user,4,2026-08-05 12:51:31,very good app 👍,0,Banglalink
A Google user,1,2026-08-05 11:41:46,ফালতু সিম 😡😡😡🤬😡😡,0,Banglalink
A Google user,5,2026-08-05 10:40:50,very nice and useful,0,Banglalink
A Google user,5,2026-08-05 09:30:23,খুব ভালো লাগে,0,Banglalink
A Google user,5,2026-08-05 01:49:51,app has not any problem.,1,Banglalink
A Google user,5,2026-08-04 21:26:09,"offer valo dei na.ager moto tobe Gp, robi thekeo 100 gun valo offer dei Banglalink",1,Banglalink
A Google user,5,2026-08-04 19:38:29,"As a Banglalink user, I am very happy, thank you.",1,Banglalink
A Google user,1,2026-08-04 19:37:42,rabis company. I recharge 399 taka from my naged account and they give me 5 gb and 150 minutes but the problem is I didn't buy it. I recharge my account to top up and they robery my money. total useless and very bed system.,16,Banglalink
A Google user,5,2026-08-04 19:09:52,good service,1,Banglalink
A Google user,1,2026-08-04 15:53:51,আমার ভুদার নেট,0,Banglalink
A Google user,5,2026-08-04 13:13:29,This is very Best apps.,0,Banglalink
A Google user,5,2026-08-04 12:01:59,My best friend 😍,1,Banglalink
A Google user,5,2026-08-04 11:48:12,Free 10000coin,0,Banglalink
A Google user,5,2026-08-04 10:35:09,very nice app work,0,Banglalink
A Google user,4,2026-08-04 08:34:26,need improvement of network coverage.,0,Banglalink
A Google user,5,2026-08-04 08:21:55,"ধন্যবাদ, আপনাদের এপ টি সুন্দর কাজ করে☺️",0,Banglalink
A Google user,5,2026-08-04 04:18:31,this is very good app,0,Banglalink
A Google user,5,2026-08-04 01:03:22,best offer er sera,0,Banglalink
A Google user,5,2026-08-04 00:50:12,Good Service,0,Banglalink
A Google user,5,2026-08-03 22:37:45,ইদানিং নেটের দাম একটু বাইরে গেছে। আগের অনেক বেশি,0,Banglalink
A Google user,5,2026-08-03 22:36:12,good service,0,Banglalink
A Google user,1,2026-08-03 22:11:02,very very very very very very very very very very very very very very very very very very very very very very very very very very very very very very very very very very very very very very very very very very very very very very very very very very very very very very very very very very very very very very very very very very very very very very very very very very very very very very very very very very very very very very very very very very very very very very very very very very bad,0,Banglalink
A Google user,5,2026-08-03 21:52:47,Very handy app. makes it easier to purchase internet & offers❤️,2,Banglalink
A Google user,1,2026-08-03 20:49:57,জি আলহামদুলিল্লাহ অনেক ভালো পারফোমেস দেয়,0,Banglalink
A Google user,5,2026-08-03 20:10:21,good application,0,Banglalink
A Google user,1,2026-08-03 19:13:17,"বাংলালিংকের ইন্টারনেট সেবায় আমি খুবই হতাশ। যেকোনো অনলাইন গেম খেলার সময় বারবার নেটওয়ার্ক বিচ্ছিন্ন হয়ে যায়, ফলে গেম খেলা অসম্ভব হয়ে পড়ে। অথচ  অন্য অ্যাপ ব্যবহার করলে ইন্টারনেট চালু থাকে, যদিও মাঝেমধ্যে অনেক ধীর হয়ে যায়। এই সমস্যার কারণে অনলাইন গেমিংয়ের অভিজ্ঞতা খুবই খারাপ। আশা করি বাংলালিংক কর্তৃপক্ষ দ্রুত এই নেটওয়ার্ক সমস্যার স্থায়ী সমাধান করবে। আর নাহলে বাংলালিংক সিমটি আমার বন্ধ করতে",0,Banglalink
A Google user,5,2026-08-03 19:09:06,good application,0,Banglalink
A Google user,1,2026-08-03 16:29:50,After long time they just add and then removed customize flexi plan.,2,Banglalink
A Google user,3,2026-08-03 15:09:28,Good / medium,0,Banglalink
A Google user,5,2026-08-03 12:56:50,রবি সিম এবং mybl এ অনকে কম টাকায় ভালো ভালো অফার পাওয়া যায়🤷‍♂️,0,Banglalink
A Google user,5,2026-08-03 12:28:04,It’s a very useful app.,0,Banglalink
A Google user,5,2026-08-03 11:54:16,Rb Sobuz অসাধারণ,0,Banglalink
A Google user,5,2026-08-03 11:44:17,just awesome,0,Banglalink
A Google user,5,2026-08-03 11:24:53,very nice app,1,Banglalink
A Google user,5,2026-08-03 11:20:49,network Problem,0,Banglalink
A Google user,5,2026-08-03 10:36:31,great operator,0,Banglalink
A Google user,5,2026-08-03 10:00:35,good vitar best,0,Banglalink
A Google user,3,2026-08-03 09:29:20,nice experience with bl app,0,Banglalink
A Google user,4,2026-08-03 09:04:08,want netwark in every location and more fast Internet.,0,Banglalink
A Google user,1,2026-08-03 08:28:24,not smooth run Sometime hang.,1,Banglalink
A Google user,1,2026-08-03 08:19:09,প্রতি মাসে বান্ডিল প্যাকের মেয়াদ শেষ হওয়ার কয়েকদিন আগে থেকে নিয়মিত ম্যাসেজ দেওয়া হতো। এই মাসে কোনো ম্যাসেজই দেওয়া হলোনা। সকালে দেখি মেয়াদ শেষ হওয়ার কারণে ৭০০ জিবি + ৩০০০ মিনিটের অধিক ব্যালেন্স উধাও। আজ থেকে বাংলালিংক ব্যবহার বাদ দিলাম।,0,Banglalink
A Google user,5,2026-08-03 06:22:46,এই সিম গুলো ব্যবহার করে আমি খুবই খুশি,0,Banglalink
A Google user,5,2026-08-03 02:06:02,মাঝে মধ্যে সমস্যা করে এমনিতে ভালো চলে,0,Banglalink
A Google user,5,2026-08-03 00:54:38,good network,0,Banglalink
A Google user,5,2026-08-02 23:21:04,Mybl Bangladesh vest network,0,Banglalink
A Google user,5,2026-08-02 23:17:34,ভালো মোটামুটি,0,Banglalink
A Google user,2,2026-08-02 22:58:09,my offer is very poor,2,Banglalink
A Google user,5,2026-08-02 22:51:44,good Banglalink,0,Banglalink
A Google user,5,2026-08-02 19:23:55,very good service,1,Banglalink
A Google user,5,2026-08-02 19:02:29,very good service!,1,Banglalink
A Google user,5,2026-08-02 17:55:49,Good Opinion,0,Banglalink
A Google user,5,2026-08-02 17:30:16,nice app very useful ❤️,0,Banglalink
A Google user,5,2026-08-02 17:11:46,very good app,1,Banglalink
A Google user,5,2026-08-02 11:14:04,thank you for everything,1,Banglalink
A Google user,5,2026-08-02 08:17:57,onk sundor network,0,Banglalink
A Google user,1,2026-08-02 04:11:45,ইন্টারনেটের দাম বেশি।,0,Banglalink
A Google user,5,2026-08-01 23:49:40,it's satisfying and helpful 😃,0,Banglalink
A Google user,5,2026-08-01 19:29:36,Wonderful full app.Best helpfull,0,Banglalink
A Google user,5,2026-08-01 19:15:23,অসাধারণ খুবই সুন্দর,0,Banglalink
A Google user,4,2026-08-01 18:50:18,Very help full app,1,Banglalink
A Google user,5,2026-08-01 16:04:42,good and smooth,0,Banglalink
A Google user,5,2026-08-01 15:20:53,very good ❤️,0,Banglalink
A Google user,5,2026-08-01 15:19:43,Banlalink should decrease Internet cost for customers!,1,Banglalink
A Google user,5,2026-08-01 14:45:41,very bed and good 😁,0,Banglalink
A Google user,5,2026-08-01 14:05:05,it's a very useful app and i really empress,2,Banglalink
A Google user,5,2026-08-01 13:47:16,"ভালো না দাম বেশি নেয় এমবির খালি ,😅🙂❌",0,Banglalink
A Google user,5,2026-08-01 12:35:39,বাংলাদেশে বাংলালিংক সেরা,0,Banglalink
A Google user,1,2026-08-01 08:36:15,no good offers for me 🤧,3,Banglalink
A Google user,5,2026-08-01 02:39:33,আনেক সুন্দর বাংলালিংক,0,Banglalink
A Google user,5,2026-08-01 02:14:36,very good apo,0,Banglalink
A Google user,5,2026-08-01 01:04:25,ভালো অফার দেন,0,Banglalink
A Google user,4,2026-07-31 23:28:00,good service,0,Banglalink
A Google user,5,2026-07-31 20:11:05,it is a very beautiful apps for every banglalink users,1,Banglalink
A Google user,5,2026-07-31 19:39:45,It's really good i loves there performance,0,Banglalink
A Google user,5,2026-07-31 18:55:13,"Great App,Very Useful",0,Banglalink
A Google user,5,2026-07-31 18:41:28,My Bangla Aps Onek Valo,0,Banglalink
A Google user,5,2026-07-31 18:24:14,Amazing my banglalink apps and operator,0,Banglalink
A Google user,4,2026-07-31 17:42:37,অনেক ভালো সাইট,0,Banglalink
A Google user,5,2026-07-31 15:55:22,best best best 😄,0,Banglalink
A Google user,5,2026-07-31 15:46:09,best service,0,Banglalink
A Google user,4,2026-07-31 14:09:07,সব কিছু এক জায়গায়। প্রতিদিনের অফার আপডেট পাওয়া যাবে।,0,Banglalink
A Google user,4,2026-07-31 13:04:50,যদি ইন্টারনেট শেষ হয়ে যায় তাহলে অন্তত ১০০এম বি বোনাস অথবা লোন দিলে খুব ভাল হয়। না হলে টাকা থাকা সত্ত্বেও বেকায়দায় পড়ে যাই।,0,Banglalink
A Google user,5,2026-07-31 09:52:57,Super Fast App,1,Banglalink
A Google user,5,2026-07-31 08:55:15,সবকিছু ঠিক আছে কিন্তু মিনিটে 3 টাকা কাটে এটা কমাতে হবে,0,Banglalink
A Google user,5,2026-07-31 08:15:17,কম দামে অনেক এমবি পাওয়া যায় তাই এটা ভালো আর খারাপ দিকটা হলো সেই এমবির ম্যাথ থাকে ও এমবি ম্যাথ না থাকলে খুবই ভালো হবে,0,Banglalink
A Google user,5,2026-07-31 07:23:28,very nice app,0,Banglalink
A Google user,5,2026-07-31 06:36:39,wow this app,0,Banglalink
A Google user,5,2026-07-31 03:20:35,Very good App,0,Banglalink
A Google user,5,2026-07-31 01:30:55,banglalink network speed is very good,1,Banglalink
A Google user,5,2026-07-31 00:46:43,1gb bonus plz,0,Banglalink
A Google user,5,2026-07-30 21:51:49,banglalink good sim company,0,Banglalink
A Google user,5,2026-07-30 20:58:09,Bd best mobile app,0,Banglalink
A Google user,5,2026-07-30 20:45:05,overall good,0,Banglalink
A Google user,5,2026-07-30 19:53:01,Its very helpful for every contest.,0,Banglalink
A Google user,5,2026-07-30 19:41:58,good app but sms rate is over,2,Banglalink
A Google user,1,2026-07-30 19:27:12,এমবি দেখাও ৬ জিবি ৯৯ টাকা নেয়ার পর ৩ জিবি দেও।এই বাটপারি কবে থেকে চালু করছেন ভালো চান তো আমার এমবি ফেরত দেন,0,Banglalink
A Google user,5,2026-07-30 19:24:31,Smooth network,0,Banglalink
A Google user,5,2026-07-30 19:24:03,সবথেকে বাংলালিংক এগিয়ে আছে আলিফ ঢাকা শহরের নেটটা একটু কম চলে,1,Banglalink
A Google user,5,2026-07-30 19:15:50,good for sarvice,0,Banglalink
A Google user,1,2026-07-30 18:56:10,sobi valo but onake tk kate 😐 1 mint 45 sc kotha bolse 7tk 85 poisa kaita nice 🙂 purai Robber😑,0,Banglalink
A Google user,5,2026-07-30 18:54:25,BL also gives good and budget friendly deals,3,Banglalink
A Google user,5,2026-07-30 18:36:59,"অনেক সাজানো গোছানো,তাই অনেক সুন্দর লাগে।",0,Banglalink
A Google user,5,2026-07-30 17:57:16,খুব পছন্দের একটা app এটা আমার খুব পছন্দ হয়েছে,0,Banglalink
A Google user,5,2026-07-30 17:29:10,বোকা বোকা না,0,Banglalink
A Google user,5,2026-07-30 17:09:34,My bl is bast offer app,0,Banglalink
A Google user,5,2026-07-30 16:42:22,very good service,0,Banglalink
A Google user,5,2026-07-30 14:47:53,"এটা অনেক ভালো একটি ওয়েবসাইট। এই এ্যাপ দিয়ে ফ্রী কয়েন ব্যবহার করে অনেক এমবি নেওয়া যায়,,এটি সত্যিই অসাধারণ একটি এ্যাপ।",1,Banglalink
A Google user,1,2026-07-30 14:31:02,নেটওয়ার্ক স্পিড ও নর্মাল বাজে অফার একদম লো কোয়ালিটি অফার অনেক দাম এমবির,0,Banglalink
A Google user,5,2026-07-30 14:17:53,this app very good,0,Banglalink
A Google user,5,2026-07-30 13:52:17,something is better than nothing,0,Banglalink
A Google user,5,2026-07-30 13:10:23,this is are helpful,0,Banglalink
A Google user,5,2026-07-30 12:46:49,it's a good app I'm get many offers in this app,1,Banglalink
A Google user,5,2026-07-30 09:26:43,very good offer,0,Banglalink
A Google user,5,2026-07-30 09:23:21,good service for Network and everything,0,Banglalink
A Google user,5,2026-07-30 09:19:45,ভালো কিছু লিখতে পারলাম আগে রেট কমান,0,Banglalink
A Google user,5,2026-07-30 07:58:16,good usual app,0,Banglalink
A Google user,1,2026-07-30 06:25:50,Berry good app,0,Banglalink
A Google user,5,2026-07-30 01:56:47,good.............,0,Banglalink
A Google user,5,2026-07-30 01:22:26,this app is very good and so cule,0,Banglalink
A Google user,5,2026-07-29 22:47:28,"প্রেস করে হোল্ড করলে পিন, পেস্ট এবং ডিলিট করার অপশন আসবে",1,Banglalink
A Google user,5,2026-07-29 22:22:36,nice app for Android,0,Banglalink
A Google user,5,2026-07-29 22:22:02,Best service,0,Banglalink
A Google user,5,2026-07-29 21:19:19,good for Internet,0,Banglalink
A Google user,5,2026-07-29 20:38:39,বান্ডেল প্যাকেজ এর দাম আরো অনেক কমানো উচিত।,1,Banglalink
A Google user,5,2026-07-29 20:17:23,এটা অনেক উপকারী একটা অ্যাপ যা আমাদের অনেক সহায্য করে ঢ়ে কোনোও সময় এমবি বা রিচাজ করতে পারি আর অনেক ভালো নেটনেটওয়ার্ক পাওয়া যা অনেক ভালো ভালো আফার আসে যা আমার বাজেট ভিতর৷,1,Banglalink
A Google user,1,2026-07-29 19:57:53,"Bug Title: Minutes Deduction Priority Incorrect – Higher Validity Pack Used Before Expiring Pack Description: যে মিনিট প্যাকটির মেয়াদ আগে শেষ হওয়ার কথা, সেটি আগে ব্যবহার (deduct) হওয়ার কথা। কিন্তু স্ক্রিনশট অনুযায়ী দেখা যাচ্ছে, বেশি মেয়াদের প্যাক থেকে আগে মিনিট কাটা হচ্ছে, যার ফলে কম মেয়াদের প্যাক এক্সপায়ার হয়ে যাচ্ছে। Steps to Reproduce: একাধিক মিনিট প্যাক একসাথে অ্যাক্টিভ রাখুন (ভিন্ন ভিন্ন expiry date সহ) কল করুন কোন প্যাক থেকে মিনিট কাটছে তা পর্যবেক্ষণ করুন",0,Banglalink
A Google user,5,2026-07-29 19:16:01,I love bl app,0,Banglalink
A Google user,5,2026-07-29 18:14:26,this is awesome,0,Banglalink
A Google user,3,2026-07-29 18:01:54,Sob jai gai net pai na Network Sommosa,0,Banglalink
A Google user,5,2026-07-29 17:07:30,অনেক সুন্দর একটা এপছ এখানে আমরা সব ধরনের সহযোগিতা পাই,1,Banglalink
A Google user,5,2026-07-29 15:16:11,অনেক ভালো এই এপ্চটা,0,Banglalink
A Google user,5,2026-07-29 14:22:25,This is very well,0,Banglalink
A Google user,5,2026-07-29 12:49:19,The app is very useful.,1,Banglalink
A Google user,5,2026-07-29 12:23:14,জিবি ৪ এমবি ফ্রিতে দিয়েন,0,Banglalink
A Google user,5,2026-07-29 11:47:39,best service,0,Banglalink
A Google user,5,2026-07-29 10:28:03,বাংলালিংকের মতো ফালতু সিম আপাতত বাংলাদেশে নাই। ভালো কোনো বান্ডেল অফার নাই। নেটওয়ার্ক সমস্যা। কীভাবে মানুষের টাকা মেড়ে খাবে সেই ধান্ধায় আছে এই সিম কোম্পানি।,0,Banglalink
A Google user,5,2026-07-29 10:20:53,valo offer nai,0,Banglalink
A Google user,5,2026-07-29 08:28:04,"hi, Banglink.",0,Banglalink
A Google user,1,2026-07-29 07:01:34,চ্যাটের অ্যাপ,0,Banglalink
A Google user,5,2026-07-29 02:04:14,very nine app,0,Banglalink
A Google user,5,2026-07-29 00:39:07,nice and Thanks,0,Banglalink
A Google user,2,2026-07-28 23:29:18,"মাই রবি অ্যাপে Usage History-তে শুধু সফল কল বা যেগুলোতে চার্জ কেটেছে সেগুলো দেখা যায়। কিন্তু কোনো নম্বরে ডায়াল করার পর যদি কথা না হয় (রিং হয়ে কেটে যায়) কিংবা মিসড কল থাকে, সেগুলোর কোনো হিস্ট্রি এখানে দেখায় না। বাংলালিংক অ্যাপে এই সুবিধাটি থাকলেও রবি অ্যাপে নেই। দয়া করে অ্যাপের পরবর্তী আপডেটে এই ফিচারটি যুক্ত করুন যাতে সব ধরনের আউটগোয়িং এবং ইনকামিং কলের সঠিক হিস্ট্রি দেখা যায়।""plz plz plz এটা অনেক মানুষ চায়",0,Banglalink
A Google user,5,2026-07-28 21:51:56,bappy Kazi আনে ভালো এপ,0,Banglalink
A Google user,5,2026-07-28 20:24:56,This is good,0,Banglalink
A Google user,5,2026-07-28 18:54:24,best network bl sim,0,Banglalink
A Google user,5,2026-07-28 17:17:44,fri intarnet,0,Banglalink
A Google user,5,2026-07-28 17:06:07,good application,0,Banglalink
A Google user,5,2026-07-28 15:38:12,good service,0,Banglalink
A Google user,5,2026-07-28 15:35:45,Charge of every minute is very high,2,Banglalink
A Google user,4,2026-07-28 15:25:44,need to improve service,0,Banglalink
A Google user,5,2026-07-28 14:59:51,This is the best.,0,Banglalink
A Google user,5,2026-07-28 13:10:55,MyBl app is amazing,0,Banglalink
A Google user,5,2026-07-28 11:11:11,great this app for Banglalink sim,0,Banglalink
A Google user,5,2026-07-28 10:51:27,good for me. this app sapot me,0,Banglalink
A Google user,5,2026-07-28 10:07:10,Very nice app 😊😊 tnx my bl😊,2,Banglalink
A Google user,5,2026-07-28 09:56:21,good service,0,Banglalink
A Google user,2,2026-07-28 09:31:36,this app doesn't open anymore,0,Banglalink
A Google user,5,2026-07-28 08:22:31,The good app,0,Banglalink
A Google user,5,2026-07-28 03:20:45,Most valuable app for me,0,Banglalink
A Google user,5,2026-07-28 02:34:36,onk vlo apps ❤️❤️ tnx to,0,Banglalink
A Google user,5,2026-07-28 02:14:21,overall quality good,0,Banglalink
A Google user,5,2026-07-28 01:10:01,thanks for good support,0,Banglalink
A Google user,5,2026-07-28 00:16:46,অনেক ভালো এটা মাই বি এল,0,Banglalink
A Google user,5,2026-07-28 00:10:58,good Einternet Weser,0,Banglalink
A Google user,5,2026-07-27 23:43:59,"A beautiful app for Banglalink, everything is available here",1,Banglalink
A Google user,5,2026-07-27 22:17:59,excellent excellent & excellent...,0,Banglalink
A Google user,5,2026-07-27 22:05:45,"Internet price onek besi...Aita Banglalink er theke asa kori nai, Gp Sim a internet price bl er theke kom...",2,Banglalink
A Google user,5,2026-07-27 21:05:11,good veri good sarbis,0,Banglalink
A Google user,5,2026-07-27 20:18:05,my app ceuil,0,Banglalink
A Google user,5,2026-07-27 20:15:51,অনেক ভালো অ্যাপ,0,Banglalink
A Google user,5,2026-07-27 19:08:41,that's really good app,1,Banglalink
A Google user,5,2026-07-27 15:51:22,thank you my mybl,0,Banglalink
A Google user,5,2026-07-27 14:46:36,বাংলালিংক MyBL অ্যাপ সত্যিই দারুণ! গ্রাহকদের জন্য সব ধরনের সেবা এক জায়গায় পাওয়া সহজ করার কারণে এটি বেশ জনপ্রিয়।,1,Banglalink
A Google user,5,2026-07-27 14:23:12,verry usefull Apps,0,Banglalink
A Google user,5,2026-07-27 13:08:07,so beautiful app😁😅,0,Banglalink
A Google user,5,2026-07-27 12:30:02,বাংলালিংক সিম কোম্পানি বাংলাদেশের জন্য একটা ঐতিহাসিক সিক কোম্পানি,0,Banglalink
A Google user,5,2026-07-27 11:17:56,Helpful app for BL users,1,Banglalink
A Google user,5,2026-07-27 10:52:57,that's good. I use this app a long time. feel very good. also this app provides a lot of shortcut which very necessary our daily life.,3,Banglalink
A Google user,5,2026-07-27 10:23:58,my BL best app 💚,1,Banglalink
A Google user,5,2026-07-27 06:23:09,this is really nice app,0,Banglalink
A Google user,5,2026-07-27 00:20:43,very nice apps,0,Banglalink
A Google user,5,2026-07-27 00:12:16,it is Very useful,0,Banglalink
A Google user,3,2026-07-27 00:11:55,বাংলালিংক অ্যাপসে কুইজ খেলার অপশনটি বন্ধ কেন? জানতে পারি কি,0,Banglalink
A Google user,5,2026-07-26 22:42:15,I am satisfied.,0,Banglalink
A Google user,5,2026-07-26 21:25:20,net it’s very good,0,Banglalink
A Google user,5,2026-07-26 20:13:20,good app and vryfast,0,Banglalink
A Google user,5,2026-07-26 19:25:39,বাংলালিংক মানেই বেশি বেশি,0,Banglalink
A Google user,5,2026-07-26 17:31:20,very helpful,0,Banglalink
A Google user,5,2026-07-26 16:21:59,it's a most strongest app with mybl,0,Banglalink
A Google user,5,2026-07-26 15:58:34,this app very good,0,Banglalink
A Google user,4,2026-07-26 15:36:46,গ্রামীন এর থেকে এমবির দাম কম।,0,Banglalink
A Google user,5,2026-07-26 15:15:36,নাইস বাংলালিংক অ্যাপস,0,Banglalink
A Google user,5,2026-07-26 14:21:56,অনেক ভালো একটা এপ এইটা,0,Banglalink
A Google user,5,2026-07-26 14:10:26,very helpful app,0,Banglalink
A Google user,5,2026-07-26 14:07:17,good and good,0,Banglalink
A Google user,5,2026-07-26 11:35:02,অনেক ভালো বাংলা লিগ এফ,0,Banglalink
A Google user,5,2026-07-26 11:13:45,best offers available 🥰,0,Banglalink
A Google user,4,2026-07-26 09:34:26,develop network coverage,0,Banglalink
A Google user,5,2026-07-26 07:38:31,good experience,0,Banglalink
A Google user,5,2026-07-26 03:48:00,extraordinary,0,Banglalink
A Google user,5,2026-07-26 00:40:09,thanks for your,0,Banglalink
A Google user,5,2026-07-26 00:15:25,strong network,0,Banglalink
A Google user,5,2026-07-25 23:26:31,verry nice one,0,Banglalink
A Google user,5,2026-07-25 23:13:40,Low rate Sim,0,Banglalink
A Google user,5,2026-07-25 22:31:39,very good service,0,Banglalink
A Google user,5,2026-07-25 19:46:48,good app. 👍👍,1,Banglalink
A Google user,5,2026-07-25 19:05:51,It is good and inexpensive.,3,Banglalink
A Google user,5,2026-07-25 18:14:11,Bangladesh app is very good,0,Banglalink
A Google user,1,2026-07-25 16:42:30,this is really amazing,0,Banglalink
A Google user,3,2026-07-25 16:38:52,natowork varey bad,0,Banglalink
A Google user,5,2026-07-25 16:27:15,খুব ভালো একটা এপ আমি অনেক এমবি ফ্রী পেয়ে ছী আরো পয়েন্ট,0,Banglalink
A Google user,5,2026-07-25 15:36:24,Banglalink sim very good service,0,Banglalink
A Google user,5,2026-07-25 15:13:44,it's good apps,0,Banglalink
A Google user,5,2026-07-25 13:20:27,অসাধারণ ভালোবাসা রইল সব সময়,0,Banglalink
A Google user,5,2026-07-25 12:40:35,call rate is too high.,1,Banglalink
A Google user,5,2026-07-25 10:36:13,Very Very Good,0,Banglalink
A Google user,5,2026-07-25 08:15:20,"good, not bad",0,Banglalink
A Google user,5,2026-07-25 07:22:55,বাংলালিংক অনেক সুন্দর একটা সিম। এর সাথে থাকতে পেরে আমি আনন্দিত,2,Banglalink
A Google user,1,2026-07-25 02:05:17,network coverage is not very good,3,Banglalink
A Google user,5,2026-07-25 00:55:10,"very much,, for banglalik",0,Banglalink
A Google user,5,2026-07-25 00:14:06,খুব ভালো সিম বাংলালিংক,0,Banglalink
A Google user,5,2026-07-24 23:32:06,nice bangalink app,0,Banglalink
A Google user,5,2026-07-24 23:14:22,খুব ভালো বাংলালিংক সিম,0,Banglalink
A Google user,5,2026-07-24 23:03:56,এটি অনেক ভালো,0,Banglalink
A Google user,4,2026-07-24 22:10:33,Give more reasonable offer and Give more smooth experience,4,Banglalink
A Google user,5,2026-07-24 22:10:24,Excellent Network Excellent App,1,Banglalink
A Google user,5,2026-07-24 18:50:54,this app good is,1,Banglalink
A Google user,5,2026-07-24 18:36:10,It's really good.... and easy to use,3,Banglalink
A Google user,5,2026-07-24 18:19:04,I am satisfied use this sim🇧🇩🇧🇩,0,Banglalink
A Google user,5,2026-07-24 17:38:27,my BL app super,0,Banglalink
A Google user,1,2026-07-24 16:40:36,ফালতু নেট গেম খেলানো যায় না ফালতু ফালতু ফালতু ফালতু ফালতু,0,Banglalink
A Google user,5,2026-07-24 13:59:37,Good for everything,0,Banglalink
A Google user,5,2026-07-24 13:59:00,great app for its users.,0,Banglalink
A Google user,1,2026-07-24 12:56:39,"অনেক দাম, কিন্তু সারভিজ ভালো না।।।",0,Banglalink
A Google user,5,2026-07-24 11:27:09,অনেক ভালো লাগছে,0,Banglalink
A Google user,5,2026-07-24 10:57:10,so amazing bl app. 🥰,0,Banglalink
A Google user,5,2026-07-24 10:23:20,good service,0,Banglalink
A Google user,5,2026-07-24 09:38:32,it is a best app in the world,0,Banglalink
A Google user,5,2026-07-24 09:34:16,nice app ☺️💯,1,Banglalink
A Google user,5,2026-07-24 09:05:54,It’s good app,1,Banglalink
A Google user,5,2026-07-24 08:44:27,myBl app service very good,0,Banglalink
A Google user,5,2026-07-24 08:40:39,very usefully apps,0,Banglalink
A Google user,5,2026-07-24 08:16:07,Best of bl network,0,Banglalink
A Google user,5,2026-07-24 04:24:44,নেটওয়ার্ক থাকছে ঠিক ভাবে সেটাপ করাতে চাই,0,Banglalink
A Google user,5,2026-07-23 23:43:17,it's very important full apps an very helpfull 💖💖,1,Banglalink
A Google user,5,2026-07-23 22:53:35,MD RIFAT My favorite app,0,Banglalink
A Google user,5,2026-07-23 22:52:01,Exactly Nice 👍 and efficient,0,Banglalink
A Google user,5,2026-07-23 22:04:49,নেটওয়ার্ক সার্ভিস টা ভালো,0,Banglalink
A Google user,5,2026-07-23 21:02:38,really beautiful app,0,Banglalink
A Google user,1,2026-07-23 20:56:38,bad network 🛜😔,1,Banglalink
A Google user,5,2026-07-23 20:28:13,খুব ভালো বাংলালিংক অ্যাপ অসাধারণ,0,Banglalink
A Google user,5,2026-07-23 17:27:47,nice app for bl-comunity,0,Banglalink
A Google user,1,2026-07-23 14:15:39,"what a boring app in the playstore,",0,Banglalink
A Google user,5,2026-07-23 11:27:57,খুব ভালোএপস🇧🇩👍,0,Banglalink
A Google user,1,2026-07-22 12:46:31,একটুও ভালো না কেও ডাউনলোড করবেন না,0,Banglalink
A Google user,5,2026-07-22 12:44:46,বড়দিকে নকতনউৎসব ব ব,1,Banglalink
A Google user,5,2026-07-22 10:07:54,i can't find the daily task to earn coins. it's already been 3 days like this. what's going on???,1,Banglalink
A Google user,3,2026-07-21 18:23:38,Why did you guys remove all the free coin collecting quizzes and spins??😭 My friends used to feel jealous of this and wanted to join BL for that feature 😞 Why? Why? Why did you exclude that? 😭,2,Banglalink
A Google user,1,2026-07-21 18:13:43,too much bad😡 all of prices is high.,2,Banglalink
A Google user,1,2026-07-21 16:26:23,আমার ফোন এ এই আপটি চালানো যাচ্ছে না,0,Banglalink
A Google user,1,2026-07-21 09:58:23,"The recent update made the app worse. Previously, I could collect many coins daily, but that option has disappeared. It was one of the best features of the app. Please bring back the daily coin rewards. ⭐☆☆☆",10,Banglalink
A Google user,1,2026-07-21 03:05:09,আমার বাসার Wifi দিয়ে MyBl App log in করতে পারছি না।App onen করলে Logo এসে আটকে থাকে।যে কোন সিমের Data দিয়ে App open হয়।বাসার সবার মোবাইলে MyBl app Wifi + Data দুটো চলে আমার মোবাইলে শুধু চলে না কেন। আগে তো ঠিক চলত।এখন চলছে না সমস্যার সমাধান করুন।হেল্পলাইন থেকে ফোন দিয়ে সমস্যা জেনে Technical Team জানিয়েছে আর খবর নাই এখনো।,1,Banglalink
A Google user,1,2026-07-20 19:31:35,বাংলালিংক টাউট বাটপার চুর,0,Banglalink
A Google user,5,2026-07-20 18:51:04,my device cantt download,0,Banglalink
A Google user,2,2026-07-20 17:25:27,The homepage design is so messy! This should be clean and precise.,7,Banglalink
A Google user,4,2026-07-20 00:36:55,we want this app background black,1,Banglalink
A Google user,1,2026-07-19 21:30:50,বর্তমান সময়ে সবচেয়ে বাটপার কোম্পানি হলো বাংলালিংক,0,Banglalink
A Google user,1,2026-07-19 14:56:00,this apps internet pak are so very cost,1,Banglalink
A Google user,1,2026-07-19 00:18:22,bring back my plan service 🥵🥵🥵🥵,0,Banglalink
A Google user,1,2026-07-18 21:52:13,"— Revoo বাইকগুলোর ব্যাটারি সাধারণত “Chilwee” ব্র্যান্ডের হয় এমনটা নয়। Revoo ব্যাটারিগুলো সাধারণত Graphene ব্যাটারি ব্যবহার করে, যা শক্তি, সার্ভিস ও মাইলেজে ভালো পারফরম্যান্স দেয়। 👉 অনেক ডেভেলপিং মার্কেটে কিছু বাইক ব্র্যান্ড “Chilwee” ব্যাটারি ব্যবহার করে, Use the edit icon to pin, add or delete clips.Tap on a clip to paste it in the text box. কিন্তু Revoo-র ব্যাটারি সেই ব্র্যান্ড নির্ভর নয় — বরং অনেকটাই উন্নত প্রযুক্তির ব্যাটারি যাতে ভালো ব্যাকআপ ও লাইফ থাকে।",0,Banglalink
A Google user,5,2026-07-18 13:40:44,Use full and easy and fast for buying,3,Banglalink
A Google user,5,2026-07-18 00:21:38,"আগে প্রতিদিন লগইন বোনসস হিসেবে ২৫ এম্বি ফ্রি দিতে মাই বিএল এপে। এখন কি এটা দেওয়া হয়, অনুগ্রহ করে জানাবেন প্লিজ",0,Banglalink
A Google user,1,2026-07-17 09:09:55,একেবারে খারাপ অ্যাপ বারবার শুধু গিলিজ হয় ঠিক করার বেলায় নেই,0,Banglalink
A Google user,5,2026-07-17 02:38:25,good service,1,Banglalink
A Google user,2,2026-07-16 22:27:26,why I can't use widget for balance? there is no widget. i am upset.,0,Banglalink
A Google user,1,2026-07-16 20:29:51,"আগে ২৯ টাকায় তিনদিন,৩৯ টাকায় পাঁচদিন।এখন মিনিট দেয় ২৪ ঘন্টার।এত বাজে অবস্থা এখন কোন রিচার্জ করে শান্তি নাই।এত বাজে সার্ভিস আর ব্যবহার করতে ইচ্ছা করে না।",0,Banglalink
A Google user,1,2026-07-16 16:57:16,Add the Myplan Again,0,Banglalink
A Google user,1,2026-07-16 16:34:11,a notir betar net kew nibi na. chudanir net dey. sauyomanir mao chodane taka.,0,Banglalink
A Google user,2,2026-07-16 11:49:36,"কোনো মিনি প্যাক নাই, রিজেনেবল প্রাইসে সার্ভিস কেনার মতো এপে তেমন কিছুই পেলাম না।",0,Banglalink
A Google user,1,2026-07-16 02:42:26,Motherchod. Direct সুদ Khay. 20 taka emergency Nile 2.78 taka সুদ নেয়. kew download ba sim kina theke birotho thakun,1,Banglalink
A Google user,3,2026-07-15 19:41:08,this app is not good not bad average,0,Banglalink
A Google user,5,2026-07-15 11:38:46,coin Dito age.kintu akhon ar dei na,0,Banglalink
A Google user,5,2026-07-15 09:30:04,Good working,0,Banglalink
A Google user,5,2026-07-15 04:20:21,unbelievable,0,Banglalink
A Google user,5,2026-07-15 03:40:43,good service banglalink,0,Banglalink
A Google user,1,2026-07-15 02:30:22,Stop scamming! I have bought a 96 tk toffee vip pack. In the pack it was told all premium content access in toffee. but I can't see the world cup matches which is also a premium content.,11,Banglalink
A Google user,1,2026-07-15 01:03:59,most weak network ever. disgusting.,0,Banglalink
A Google user,4,2026-07-14 23:34:55,Many good apps for Banglalink SIM users,1,Banglalink
A Google user,5,2026-07-14 23:22:38,ইটা একটা ফালতু,0,Banglalink
A Google user,5,2026-07-14 22:08:32,good service,0,Banglalink
A Google user,5,2026-07-14 21:25:07,ভালো বাংলালিংক অ্যাপস,1,Banglalink
A Google user,5,2026-07-14 18:12:13,This aps very col,0,Banglalink
A Google user,4,2026-07-14 17:27:49,very help full,0,Banglalink
A Google user,5,2026-07-14 15:56:04,good sarvice,0,Banglalink
A Google user,5,2026-07-14 15:20:07,so butiful app,0,Banglalink
A Google user,1,2026-07-14 14:41:15,This app is a useless. The price of every pack is very high. The services are not so good. They should make a fixed price for every package.,3,Banglalink
A Google user,5,2026-07-14 12:46:54,good websait,0,Banglalink
A Google user,5,2026-07-14 10:53:29,it's good apps. everybody used it. network is absolutely beautiful ❤️.,2,Banglalink
A Google user,5,2026-07-14 09:10:30,খুব ভালো অ্যাপস এটা,0,Banglalink
A Google user,4,2026-07-14 08:51:58,Good service,0,Banglalink
A Google user,5,2026-07-14 08:43:11,So beautiful,0,Banglalink
A Google user,5,2026-07-14 08:24:46,good service,0,Banglalink
A Google user,5,2026-07-14 08:09:38,nice app❤️❤️❤️,0,Banglalink
A Google user,4,2026-07-14 07:39:30,This app is very good,0,Banglalink
A Google user,5,2026-07-14 06:26:49,Very nice app,0,Banglalink
A Google user,5,2026-07-14 06:25:30,banglalink best,0,Banglalink
A Google user,5,2026-07-14 03:54:01,thanks for the day,0,Banglalink
A Google user,5,2026-07-14 02:28:20,best mobile network is Bangladesh 🛜 thank you banglalink company and all banglalink network user 👍🫶,1,Banglalink
A Google user,2,2026-07-14 01:20:10,বেশী ভালো না এপস slow,0,Banglalink
A Google user,5,2026-07-14 00:23:58,fast network,1,Banglalink
A Google user,5,2026-07-14 00:14:29,tnx may bl app,0,Banglalink
A Google user,5,2026-07-14 00:12:14,beautiful network service,0,Banglalink
A Google user,5,2026-07-13 22:24:22,thank you so much,0,Banglalink
A Google user,5,2026-07-13 21:28:32,best apps in Bangladesh,0,Banglalink
A Google user,5,2026-07-13 19:13:35,good apps my bl,0,Banglalink
A Google user,5,2026-07-13 18:52:38,buitfull apps,0,Banglalink
A Google user,5,2026-07-13 18:26:22,অসাধারণ একটা আপস,0,Banglalink
A Google user,5,2026-07-13 18:24:06,really good apps,0,Banglalink
A Google user,5,2026-07-13 16:34:56,"আমি মনে করি, বাংলালিংকসহ বিভিন্ন অ্যাপ বা সেবা ব্যবহার করার সময় হঠাৎ করে স্ক্রিনে ""OK"" বা ""Cancel"" ধরনের পপ-আপ দেখানো উচিত নয়। অনেক সময় ব্যবহারকারী বুঝে ওঠার আগেই ভুলবশত ""OK"" চাপ দিয়ে ফেলেন, ফলে অপ্রয়োজনীয় ভ্যালু-অ্যাডেড সার্ভিস (VAS) চালু হয়ে যায় এবং মোবাইল ব্যালেন্স থেকে টাকা কেটে নেওয়া হয়। এ ধরনের সেবা চালু করার জন্য পপ-আপ দেখানোর পরিবর্তে, আগ্রহী গ্রাহকদের এসএমএস, অ্যাপ বা অফিসিয়াল মেনুর মাধ্যমে স্পষ্টভাবে সম্মতি দেওয়ার সুযোগ রাখা উচিত। এতে ব্যবহারকারীরা বিভ্রান্ত হবেন না এবং অনি",0,Banglalink
A Google user,2,2026-07-13 14:56:35,আমাদের এলাকায় নেটওয়ার্ক পাইনা আমরা একটা টাওয়ার চাই,0,Banglalink
A Google user,5,2026-07-13 12:50:24,আমি যেন ১ জিবি এমবি পাই,0,Banglalink
A Google user,5,2026-07-13 12:07:24,Always Allah 🥰,0,Banglalink
A Google user,5,2026-07-13 12:04:48,সার্ভিস ভালো চাই,0,Banglalink
A Google user,5,2026-07-13 10:15:48,Thanks for supper offer and everything.,0,Banglalink
A Google user,5,2026-07-13 07:53:06,very helpful MyBL APP,0,Banglalink
A Google user,5,2026-07-13 01:59:18,gd & help full app for banglalink company...thanks....,0,Banglalink
A Google user,3,2026-07-13 00:16:03,live chat very slow,0,Banglalink
A Google user,2,2026-07-12 22:41:31,"পরবর্তী সময়ে এই ধরণের ভুলগুলো করবেন না। যে অফারগুলো দেখানো হয় ঠিক সেই অফারগুলো সেই অফারগুলোই দিয়েন এবং অন্য কোনো অফার দেবেন না। জিবি এত দ্রুত কাটবেন না, ধীরে ধীরে কাটুন।",6,Banglalink
A Google user,5,2026-07-12 22:34:37,good app otb,0,Banglalink
A Google user,5,2026-07-12 17:17:43,this app verye important in your bl.,0,Banglalink
A Google user,5,2026-07-12 16:25:29,বাংলা ভাষায় বলতে পারি নাই,0,Banglalink
A Google user,5,2026-07-12 15:03:42,very wonderfull helpfull app,0,Banglalink
A Google user,5,2026-07-12 14:26:57,বাংলালিংক সিমথেকে অনেক সুবিধা পাওয়া যায়,0,Banglalink
A Google user,5,2026-07-12 14:19:33,just wow 😲😲😳,0,Banglalink
A Google user,5,2026-07-12 13:00:18,Very good my bl apps,0,Banglalink
A Google user,5,2026-07-12 10:53:47,it's really good,0,Banglalink
A Google user,5,2026-07-12 08:10:28,BL is realy good service provide.,0,Banglalink
A Google user,5,2026-07-12 06:44:15,my banglalink,0,Banglalink
A Google user,5,2026-07-11 21:01:42,"best app, higar app, hugar network🥵",0,Banglalink
A Google user,5,2026-07-11 20:47:01,ব্যবহার করার সহজ। তবে মেয়াদ লেখার অক্ষর ও সংখ্যার অক্ষরের সাইজ বড় বোল্ট ও ডিপ কালার করতে হবে,0,Banglalink
A Google user,5,2026-07-11 20:09:36,"really, it's very helpful and supportive app",1,Banglalink
A Google user,5,2026-07-11 18:35:20,good banglalink,0,Banglalink
A Google user,5,2026-07-11 18:27:51,Best apps i have seen ever❤️🔥,0,Banglalink
A Google user,5,2026-07-11 17:21:13,This Is Amazing App 😻,0,Banglalink
A Google user,1,2026-07-11 16:40:29,price disturbingly high... I mean i cant buy anything because I cant afford it.. ridiculous even a few days ago.the price was barely reasonable but now im quitting,5,Banglalink
A Google user,5,2026-07-11 16:24:44,there is no facility to run MyBl app without data. if it could be solved it would be great.,1,Banglalink
A Google user,5,2026-07-11 14:39:06,well managed,0,Banglalink
A Google user,3,2026-07-11 14:12:24,ভালো না এইটা অন্য টাও ভালো না আগের বারসন খুব মিস করি সেখানে 10টাকায় 5 জিপি নিতাম,0,Banglalink
A Google user,3,2026-07-11 13:28:54,good but need more improvement,0,Banglalink
A Google user,5,2026-07-11 12:25:15,"Recommendation for Banglalink Dear Banglalink Team, Banglalink is one of the best mobile operators in Bangladesh. I have been using Banglalink for a long time and I really appreciate your attractive offers and good customer service. However, I have noticed that the network coverage is not strong in many areas. I kindly request you to improve the network coverage and signal quality so that customers can enjoy a better experience. I hope you will consider this suggestion and take the necessary",17,Banglalink
A Google user,5,2026-07-11 11:00:21,very beautiful app,0,Banglalink
A Google user,5,2026-07-11 09:12:05,I Like It Banglalink App,0,Banglalink
A Google user,5,2026-07-11 05:37:43,Very Nice Alcho Good,0,Banglalink
A Google user,1,2026-07-11 03:04:32,"they gave me 30 days free of toffee premium with 18GB internet for a month. but when I started playing the world cup in toffee app, it says it's premium content😡",1,Banglalink
A Google user,5,2026-07-11 02:05:36,Bangladesh free MB good banglalink apps,0,Banglalink
A Google user,5,2026-07-10 22:07:29,damn well bonuses,0,Banglalink
A Google user,5,2026-07-10 21:11:27,very very nice MyBL apps good,0,Banglalink
A Google user,4,2026-07-10 20:33:52,low price mobile data it is the best,1,Banglalink
A Google user,5,2026-07-10 20:19:35,Amma ke 5gb MP3,0,Banglalink
A Google user,5,2026-07-10 20:03:27,supper application is ware amazing,0,Banglalink
A Google user,5,2026-07-10 18:55:17,like this app,0,Banglalink
A Google user,5,2026-07-10 17:00:50,MyBL sim bast sim 🥰🥰,0,Banglalink
A Google user,5,2026-07-10 15:21:04,Users friendly app,0,Banglalink
A Google user,5,2026-07-10 14:49:48,অসাধারণ পারফরম্যান্স,0,Banglalink
A Google user,5,2026-07-10 12:58:57,Very Good App,0,Banglalink
A Google user,5,2026-07-10 12:22:05,the service was very helpful,0,Banglalink
A Google user,1,2026-07-10 11:00:21,baler net baler sim ekdom baje internet connection,0,Banglalink
A Google user,5,2026-07-10 10:52:55,very good app,0,Banglalink
A Google user,5,2026-07-10 10:46:24,ভালই সব মিলিয়ে,0,Banglalink
A Google user,5,2026-07-10 09:07:52,good experience,0,Banglalink
A Google user,5,2026-07-10 02:20:20,"বাংলাদেশের সবচেয়ে জনপ্রিয় ও নির্ভরযোগ্য সিম কোম্পানি বাংলালিংক, এই এপস টা অনেক ভালো এবং বেস্ট কোয়ালিটি অফার দেয়।",0,Banglalink
A Google user,1,2026-07-10 02:11:31,faltu network faltu atto tai faltu Dhaka e moddheo net chalano jai na faltu ..,0,Banglalink
A Google user,4,2026-07-09 23:50:15,nice this app,0,Banglalink
A Google user,5,2026-07-09 22:02:42,very Wonderful,0,Banglalink
A Google user,5,2026-07-09 20:27:35,Veri good app my bl,0,Banglalink
A Google user,5,2026-07-09 19:04:13,nice service,0,Banglalink
A Google user,5,2026-07-09 19:01:06,it is good to use but internet price is too expensive to buy.and some aria have to poor internet connection like a one video wach makes me dissa pointed.,6,Banglalink
A Google user,1,2026-07-09 17:49:10,"Dear Banglalink Support Team, ​I am writing to report an issue regarding the user interface (UI) of my MyBL app. ​Recently, after interacting with the RYZE service/app, the interface of my MyBL app has completely changed. Previously, I could easily see my main balance, remaining internet data, and minutes directly on the home screen. ​However, the current interface only shows entertainment, games, and utility options, and the option to view balance or purchase regular internet/minute packs is co",14,Banglalink
A Google user,5,2026-07-09 17:38:58,বাংলালিংক অ্যাপস খুব সুন্দর ওটার লাগে সবাই জয়েন করুন,0,Banglalink
A Google user,5,2026-07-09 14:31:04,bl internet is very gd network compani,0,Banglalink
A Google user,5,2026-07-09 12:29:47,it's very helpful,0,Banglalink
A Google user,5,2026-07-09 11:32:53,বাংলালিংক এর অ্যাপসটা সুপার,0,Banglalink
A Google user,5,2026-07-09 11:22:13,আমি এই অ্যাপসের সার্ভিস পাচ্ছিনা,0,Banglalink
A Google user,5,2026-07-09 09:27:18,so bountifully app,0,Banglalink
A Google user,4,2026-07-09 09:23:08,বাংলালিংকে ধন্যবাদ 🥰 বাংলাদেশের বাংলা লিংক আসার কারণে আমরা কম রেটে ফোনে কথা বলতে পেরেছিলাম।,0,Banglalink
A Google user,5,2026-07-09 06:11:54,This Is The Best App👌,1,Banglalink
A Google user,5,2026-07-09 04:12:45,বাংলালিংক নের্ট বাংলাদেশের সেরা নেটওয়ার্ক ঝড় বৃষ্টি তুফানে নেট চালানো হয় সহজে দারুন নের্টঅনেক অনেক ধন্যবাদ বাংলালিংক কোম্পানিকে🇧🇩👑💥🎷,0,Banglalink
A Google user,2,2026-07-09 02:16:05,too many ads,0,Banglalink
A Google user,5,2026-07-09 00:55:26,I am really satisfy to use Bangla link,1,Banglalink
A Google user,5,2026-07-09 00:27:39,good but price is high,2,Banglalink
A Google user,5,2026-07-08 23:43:29,ভালো মানের নেটওয়ার্ক,0,Banglalink
A Google user,5,2026-07-08 22:03:50,ফ্রেবারিট সিম,0,Banglalink
A Google user,5,2026-07-08 21:41:09,সব যায়গায় নেট এর রাজা বাংলালিংক।,0,Banglalink
A Google user,5,2026-07-08 21:29:27,বাংলালিংক সবার সেরা,0,Banglalink
A Google user,5,2026-07-08 19:52:23,The Best Minute Pack & Internet Pack..,0,Banglalink
A Google user,4,2026-07-08 19:26:02,nice service providers Bangladesh.,0,Banglalink
A Google user,5,2026-07-08 18:38:22,free 🆓 Wikipedia & fb lite,0,Banglalink
A Google user,5,2026-07-08 17:18:27,"I'm human, I don't know, so I just gave them Star ✨",0,Banglalink
A Google user,5,2026-07-08 13:36:07,good network,0,Banglalink
A Google user,5,2026-07-08 13:10:19,my BL beast sim,0,Banglalink
A Google user,5,2026-07-08 12:28:40,সব ঠিক আছে কিন্তু ইন্টারনেট এর দাম বেশি অনেক,0,Banglalink
A Google user,5,2026-07-08 11:38:18,আপনাদের অ্যাপ অনেক ভালো লাগছে,0,Banglalink
A Google user,3,2026-07-08 10:32:25,it's all over good,0,Banglalink
A Google user,5,2026-07-08 08:49:08,অনেক সুবিধা জনক একটি অ্যাপস অসংখ্য ধন্যবাদ বাংলালিংক,0,Banglalink
A Google user,5,2026-07-08 07:10:45,goods service in Dhaka City,0,Banglalink
A Google user,5,2026-07-08 01:53:05,Good Banglalink,0,Banglalink
A Google user,5,2026-07-08 01:49:01,Cool App and faster networking service,1,Banglalink
A Google user,1,2026-07-07 22:13:04,so bad internet issue. i have 30GB internet but i can't properly see in world cup matches. so irritated.!,4,Banglalink
A Google user,5,2026-07-07 19:48:38,MyBL app is very nice and it's feature just wow,1,Banglalink
A Google user,5,2026-07-07 19:21:12,এম‌বি এবং মি‌নিট প‌্যা‌কেজ গু‌লো রেট কমা‌তে হ‌বে,0,Banglalink
A Google user,5,2026-07-07 16:35:25,very gorgeous app,0,Banglalink
A Google user,5,2026-07-07 16:24:42,Expreans realy gd,0,Banglalink
A Google user,5,2026-07-07 16:21:09,very good service provider,0,Banglalink
A Google user,5,2026-07-07 14:36:01,"net speed slow, internet price very very high 😔",0,Banglalink
A Google user,1,2026-07-07 13:24:41,I was usually using it for recharging quickly and the internet packages but recently when i recharged 96 tk using the app they automatically activated tofee subs though i checked very carefully while recharging that there wasn’t any offer for 96 tk. i reached customer support with all proof & screenshots but they carelessly provide no support also blame me for making odd amount recharges which contains no logic at all. quitting forever.,24,Banglalink
A Google user,4,2026-07-07 10:32:32,unlimited internet package price is too much high. need 5GB/10GB/15GB/20GB unlimited validity internet package.,4,Banglalink
A Google user,5,2026-07-07 03:03:06,that's very goods app,0,Banglalink
A Google user,5,2026-07-07 02:40:49,My bl apps is best,0,Banglalink
A Google user,1,2026-07-07 01:34:27,amr orange club er coin gula automatic koi chole jay? onik bar hoice eta. onik gula joma korar por sudden Dekhi nai. and history te lekha used. but Ami used e Kori nai. nije nije chole jay faltu.,0,Banglalink
A Google user,5,2026-07-06 21:41:32,অনেক ভালো এবং উপুকারি,0,Banglalink
A Google user,5,2026-07-06 21:06:10,Good and helpful apps,0,Banglalink
A Google user,5,2026-07-06 19:59:23,love for my BL,0,Banglalink
A Google user,5,2026-07-06 16:01:09,best service,0,Banglalink
A Google user,5,2026-07-06 15:40:11,offer is friendly,0,Banglalink
A Google user,4,2026-07-06 15:21:08,"it’s good app,",0,Banglalink
A Google user,5,2026-07-06 13:26:32,"khub valo akti app , sobar bebohar kora uchit",0,Banglalink
A Google user,5,2026-07-06 10:14:02,good service,0,Banglalink
A Google user,5,2026-07-06 09:44:04,Best Network,0,Banglalink
A Google user,4,2026-07-06 09:02:01,অফার এর দাম কম হলে ভালো হতো,0,Banglalink
A Google user,5,2026-07-06 04:22:59,so nice app download this is my life partner for me,0,Banglalink
A Google user,1,2026-07-06 03:58:54,app is vary vart bad,0,Banglalink
A Google user,5,2026-07-06 01:57:37,best network,0,Banglalink
A Google user,2,2026-07-06 01:37:00,অনেককে বাজে হয়ে গেছে আপনি বিপদ,0,Banglalink
A Google user,5,2026-07-06 00:06:34,it's very good,0,Banglalink
A Google user,5,2026-07-05 23:21:05,great service,0,Banglalink
A Google user,1,2026-07-05 22:07:57,"worst app ever. worst offer. very bad network system. I lost 400 tk. later it says for Google , team blah blah . but it wasn't there when I was buying , bad service ever ugggh I'm regretting now .",10,Banglalink
A Google user,5,2026-07-05 21:49:27,network devolop korte hobe,0,Banglalink
A Google user,3,2026-07-05 21:02:56,it works good,0,Banglalink
A Google user,5,2026-07-05 20:58:48,Best Apps For Bl User,0,Banglalink
A Google user,5,2026-07-05 20:31:30,আমার দেখা সেরা অ্যাপ,0,Banglalink
A Google user,5,2026-07-05 17:54:00,b l coins survice facilities is vary good.,0,Banglalink
A Google user,5,2026-07-05 14:25:59,it’s very good apps,0,Banglalink
A Google user,5,2026-07-05 12:56:52,good for gift me,0,Banglalink
A Google user,5,2026-07-05 10:38:59,very helpful.,0,Banglalink
A Google user,5,2026-07-05 10:27:36,BL mane burst,0,Banglalink
A Google user,1,2026-07-05 10:17:06,i use coin to buy internet but i didn't get internet and coin gone 👺👺👺👺,0,Banglalink
A Google user,1,2026-07-05 10:09:40,can't even open the app,1,Banglalink
A Google user,5,2026-07-05 02:09:52,thanks Bengal ink,0,Banglalink
A Google user,5,2026-07-05 00:12:25,This app is very good.,0,Banglalink
A Google user,5,2026-07-05 00:08:52,if previous mb balance are added and duration not less than 30 days.it will be nice think,0,Banglalink
A Google user,5,2026-07-04 23:02:58,I'm with Banglalink since last 27 years.As a service Providers of telecommunications in Bangladesh it has grown so smooth way that i am happy with their various features that give me much interest with them and never regret. Go ahead and hope for the best Banglalink.,3,Banglalink
A Google user,5,2026-07-04 22:13:26,orange club এ coin দিয়ে মিনিট কেনার ব্যবস্থা করলে উপকৃত হব,0,Banglalink
A Google user,5,2026-07-04 20:56:20,good apps .. wonderful feature,0,Banglalink
A Google user,5,2026-07-04 18:03:15,বাংলালিংক কোনো নেটওয়ার্ক পাওয়া যায় না আমাদের এলাকায় খুব বাজে একটা সমস্যার ভিতরে থাকি কোন ইন্টারনেট চালাতে পারি না এমন কি ফোনে ভালো করে কথাও বলতে পারিনা যদি ও কাস্টমার কেয়ারের কাছে ফোন দিয়ে জানানো হয় তাহলে তারা বলে যে আপনারা প্লেন মোড অন অফ করেন তাহলে ঠিক হয়ে যাবে। আমি জানাতে চাই যে আমাদের এলাকার ইন্টারন্যাশনাল সম্পর্কে একটু ভালো করে খুঁটিনাটি করে সমস্যাটা সমাধান করুন আমরা ঠিকানা বরিশাল পিরোজপুর মঠবাড়িয়া বড় মাছুয়া সমস্যাটা আমাদের বড় মাসুয়া এখানে বাংলালিংক নেটওয়া,0,Banglalink
A Google user,1,2026-07-04 17:48:48,আমার আর্ন করা পয়েন্ট গুলো কেন কেটে নেওয়া হলো এর জবাব চাই ? কি জন্য কাটা হবে ? এর পেছনে দীর্ঘ সময় ব্যয় করেছে অনেক ইন্টারনেট খরচ করেছে । এর ভক্তুকি আমি চাই! এবং আমি এর সঠিক তদন্ত করতে চাই ।,2,Banglalink
A Google user,5,2026-07-04 17:35:18,good for use,0,Banglalink
A Google user,1,2026-07-04 11:44:17,"সব ঠিক আছে, একটাই সম্যস্যা mybl অ্যাপসটি অফলাইন হলে অনেক সুবিধা হতো।",0,Banglalink
A Google user,5,2026-07-04 10:57:12,very awesome app,0,Banglalink
A Google user,1,2026-07-04 10:13:45,পুরো ফালতু service । আজকে সকালে ঘুম থেকে উঠে দেখি আমার ২১ লক্ষ coin এর জায়গায় ৫০ হাজার coin । কোনো কারণ ছাড়াই নাই । আবার service center massage দেওয়ার পর ও কোনো response দেয় না। 😡 । জঘন্যতম service । আবার coin history তে দেখায় ২১ লক্ষ coin নাকি আমি use করে ফেলছি। কত বড় প্রতারণা করে 😡,0,Banglalink
A Google user,5,2026-07-04 08:53:21,এই আপ টা অনেক সুন্দর আপ ‌। এই আপ থেকে আমি অনেক অফার কিনেছি আমার মনে হয় এই আটটি আপনার ফোনের সেরা। আপ হতে পারে । বিস্যাস করে শুধু আগে 1বার ডাউনলোড করুণ ফোনে দেখবেন আপনার ও ভালো লাগবে আমাদের পরিবারে সবার ফোনে এই আপ রয়েছে এখানে পাবেন অফার অরেনজ ক্লাব থেকে কয়েন যা দিয়ে এমবি মিনিট আরো অনেক কিছু কিনতে পারবেন । কেউ কেউ আমাকে দালাল বলবেন কিন্তূ না এটা খুব অসাধারণ আপ । চাইলে এটা ডাউনলোড করতে পারেন। 😊😊😊😊😊😊😊😊😊😊😊😊,0,Banglalink
A Google user,5,2026-07-04 08:05:02,very nice very nice,0,Banglalink
A Google user,5,2026-07-04 04:24:17,Nice proses and good sistemes,0,Banglalink
A Google user,5,2026-07-04 02:20:21,Helpful app thanks,0,Banglalink
A Google user,5,2026-07-04 01:59:32,BL app is very good performance,0,Banglalink
A Google user,5,2026-07-03 23:25:03,All In One App. Excellent work.,4,Banglalink
A Google user,5,2026-07-03 20:41:15,Ashan Eshan I said to this is a amazing app,0,Banglalink
A Google user,5,2026-07-03 14:39:40,Very good app and easy to use.,3,Banglalink
A Google user,5,2026-07-03 14:16:54,খুব সুন্দর এপস,0,Banglalink
A Google user,5,2026-07-03 14:16:41,Very much minimalistic app,1,Banglalink
A Google user,5,2026-07-03 13:01:19,Superb App.... I love My BL App sooo much,0,Banglalink
A Google user,5,2026-07-03 10:29:34,A Really good app,0,Banglalink
A Google user,5,2026-07-03 06:14:30,its good idea.🍎,0,Banglalink
A Google user,5,2026-07-03 04:07:27,Very good app's,0,Banglalink
A Google user,5,2026-07-03 02:08:57,very nice MyBL,0,Banglalink
A Google user,5,2026-07-02 22:10:25,amazing network,0,Banglalink
A Google user,5,2026-07-02 20:55:35,"আমি আমার জন্মের পর থেকে, যখন থেকে বুঝতে পারি তখন থেকে দেখছি আমার ফুল ফ্যামিলি.. বাংলালিংকের সঙ্গে আছে.. ধন্যবাদ banglalink সিম কে.. এবং আরো আশা করি ভালো ভালো সার্ভিস আমাদের জন্য নিয়ে আসবে..",0,Banglalink
A Google user,5,2026-07-02 20:18:19,nice graphics and access,0,Banglalink
A Google user,1,2026-07-02 18:50:40,"my BL plan removed, another citycell incoming..",0,Banglalink
A Google user,5,2026-07-02 18:46:13,my bl sim is best,0,Banglalink
A Google user,5,2026-07-02 18:05:28,Bl apps is very helpful!,0,Banglalink
A Google user,5,2026-07-02 16:18:59,My BL is a best app in my coutry,0,Banglalink
A Google user,3,2026-07-02 16:01:58,"It's a good sim forever but it's service is so highly recommend.. Mb, minutes boundle pack is so expensive... That's my problem in my daily life . I can't handle this too much offer price ... So I request you that plz stop so much prices in the package. Otherwise it's networking system is so good , any one can use anywhere this network easily. that's why I like to use this sim by the over price of bound pack ...",12,Banglalink
A Google user,1,2026-07-02 15:47:59,"not open,or taking so much time ,or need time 1 hour.",1,Banglalink
A Google user,4,2026-07-02 15:11:41,"Not seeing without MB , offer is limited. So all is good.",3,Banglalink
A Google user,5,2026-07-02 14:29:13,nice app wow am am very happy use a mybl app,0,Banglalink
A Google user,4,2026-07-02 13:26:27,good experience,0,Banglalink
A Google user,5,2026-07-02 12:14:38,Best for ever!,1,Banglalink
A Google user,5,2026-07-02 06:48:52,I use the MyBL app for all my daily tasks.,1,Banglalink
A Google user,5,2026-07-02 02:43:41,নেক্সট আপডেট টা উন্নত করা যায় যেমন বাংলালিংক যদি নিজের ব্যান্ড এর প্রিপেইড কার্ড মাস্টার কার্ড মানে কি যে কোন কিছু পেমেন্ট করার জন্য । বাংলালিংক আরো ভালো বিসনেজ করতে পারে । লিংকবাংলা এই টাইপ্সের ভিসা/ মাস্টার প্রিপেইড আর উত্তোলনের ব্যবস্থা সম্ভব করা হয় । তাহলে অন্য দেশের মতো ইন্টারনেট ভিত্তিক কাজ করতে শিক্ষিতমহলে উন্মাদনা বাড়বে । এটা শুধু একটা আইডিয়া শুধু একটা ধারণা ছেড়ে নিতে পারেন কার্যকরী ধারণ,0,Banglalink
A Google user,5,2026-07-02 02:22:23,Eazy use nice product🤘,3,Banglalink
A Google user,1,2026-07-02 01:00:53,"vowifi সেবাটি MyBL এ্যাপে এড করে দেওয়া হোক VOTE কল এর মতো, যাতে যে কেউ সহজে এ্যাপ থেকে অন অপ করতে পারে",0,Banglalink
A Google user,5,2026-07-01 22:56:27,Bangla link best mobile network,0,Banglalink
A Google user,5,2026-07-01 21:08:42,খুব ভালো এ্যপস এটা,0,Banglalink
A Google user,5,2026-07-01 19:53:45,very good app 👍,0,Banglalink
A Google user,2,2026-07-01 19:40:25,"I am disappointed with Banglalink's call charges. I spoke for only about 6 minutes, but more than ৳20 was deducted from my balance. This has happened several times, and the pricing does not seem transparent. Customers deserve a clear explanation of how call charges are calculated. I hope Banglalink improves its billing system and provides fair, transparent pricing for all users.",3,Banglalink
A Google user,5,2026-07-01 18:34:00,very nice app 👍,0,Banglalink
A Google user,5,2026-07-01 17:42:49,loveee ts app,0,Banglalink
A Google user,5,2026-07-01 17:42:29,ভালো অ্যাপ কিন্তু আরও কিসু ফিচার অ্যাড করতে হবে ।যেমন বিভিন্ন ডাটা বা মিনিট প্যাক কিনা থাকলে সেটা অ্যাপ এর মাধ্যমে সাময়িক ভাবে বন্ধ করা এবং ওন করার ফিচার দেওয়া।,0,Banglalink
A Google user,5,2026-07-01 12:07:36,it's a very nice app thank you Bangla link 🫶🏻🫶🏻🫶🏻💝,1,Banglalink
A Google user,5,2026-07-01 10:35:22,it's a good sim service company,0,Banglalink
A Google user,3,2026-07-01 10:09:54,বাংলালিংক ভালো অফার পাওয়া যায় না,0,Banglalink
A Google user,5,2026-07-01 09:49:11,এখানে মিনিট কেনার সুবিধা চাই বআমরা,0,Banglalink
A Google user,1,2026-07-01 09:11:40,"Dhon er service, Hedar banglalink",0,Banglalink
A Google user,5,2026-07-01 07:27:39,Better in Bangladesh,0,Banglalink
A Google user,5,2026-07-01 07:20:34,best app my bl,0,Banglalink
A Google user,5,2026-07-01 07:12:12,very very good,0,Banglalink
A Google user,5,2026-07-01 06:39:34,best service resenevele package thanks Banglalink for being with me,0,Banglalink
A Google user,5,2026-07-01 06:33:25,BANGLAKINK SIM AMAZING,0,Banglalink
A Google user,5,2026-07-01 03:58:16,আমার অনেক পছন্দের বাংলালিংক অ্যাপ সার্ভিস,0,Banglalink
A Google user,5,2026-07-01 02:35:03,nice helpful app,0,Banglalink
A Google user,5,2026-07-01 01:35:44,good service,0,Banglalink
A Google user,5,2026-06-30 23:23:13,berry good internet,0,Banglalink
A Google user,5,2026-06-30 23:09:33,That's Amazing 🤩,0,Banglalink
A Google user,5,2026-06-30 20:45:04,Nice working the MyBL app,0,Banglalink
A Google user,5,2026-06-30 20:31:41,banglallink love 🥰,0,Banglalink
A Google user,5,2026-06-30 19:16:32,nice and good app,0,Banglalink
A Google user,5,2026-06-30 18:59:17,Very good service,0,Banglalink
A Google user,1,2026-06-30 18:06:43,Horrible app. Please save yourself from such frustration and inconvenience by not using this network,10,Banglalink
A Google user,4,2026-06-30 16:58:16,খুবই উপকারী একটা অ্যাপ,0,Banglalink
A Google user,5,2026-06-30 13:59:46,I'm so happy and satisfied with mybl..,0,Banglalink
A Google user,5,2026-06-30 13:59:03,It’s Very Good,0,Banglalink
A Google user,5,2026-06-30 13:40:26,khub valo apps,0,Banglalink
A Google user,5,2026-06-30 10:20:21,The app is best..,1,Banglalink
A Google user,5,2026-06-30 10:15:19,দারুণ একটা কথা,1,Banglalink
A Google user,5,2026-06-30 05:24:20,Md Nasir Awesome,0,Banglalink
A Google user,5,2026-06-30 04:19:43,Very good app. Easy to use and recharge is fast. Highly recommended!,9,Banglalink
A Google user,5,2026-06-30 01:53:29,‌thats a very good apps,0,Banglalink
A Google user,5,2026-06-29 23:21:14,very good 👍👍 this app,0,Banglalink
A Google user,5,2026-06-29 22:54:15,"wwooww, amazing",0,Banglalink
A Google user,1,2026-06-29 20:23:51,ki dhoner Update disos re vai MB nibo j oi option e khuija paitasi na 🤬,0,Banglalink
A Google user,1,2026-06-29 19:26:21,bad movment this site,0,Banglalink
A Google user,5,2026-06-29 19:15:15,very Nice and good this app,0,Banglalink
A Google user,5,2026-06-29 18:46:11,"It's a very nice app, I'm feeling a lot of benefits by using MB in it.",2,Banglalink
A Google user,5,2026-06-29 18:10:12,আমার প্রিয় সিম,0,Banglalink
A Google user,5,2026-06-29 13:12:48,mybl onek baloi💝💝,0,Banglalink
A Google user,5,2026-06-29 12:27:31,"gd app, i love this app so much",0,Banglalink
A Google user,5,2026-06-29 09:12:21,অল্প টাকায় ভালো অফার,0,Banglalink
A Google user,1,2026-06-29 06:37:38,Can you guys give us some low rate Internet package please under 100 money.,0,Banglalink
A Google user,5,2026-06-29 05:56:10,Awesome ❤️❤️,0,Banglalink
A Google user,5,2026-06-29 01:13:42,great service banglalink network,0,Banglalink
A Google user,5,2026-06-29 01:03:42,সুন্দর পছন্দ,0,Banglalink
A Google user,5,2026-06-29 00:56:50,"all Bangladesh all people Banglalink network, I love Banglalink ♥️",0,Banglalink
A Google user,5,2026-06-28 21:22:41,So beautiful,0,Banglalink
A Google user,5,2026-06-28 20:03:45,Very excellent relationship,0,Banglalink
A Google user,5,2026-06-28 19:01:24,টঙ্গী বিসিক এ ভালো নেট থাকে না,0,Banglalink
A Google user,5,2026-06-28 15:53:14,Fantastic performance and awesome activity. I have tried a lot of network but among of them Banglalink is the best for their commitment. Always we get clear network system and call rate. So i feel very proud as a member of Banglalink family. wish you all the best Banglalink.,12,Banglalink
A Google user,1,2026-06-28 14:15:45,মাশাল্লাহ অনেক ভালো বাংলালিংক সিম অফার গুলো অনেক ভালো,0,Banglalink
A Google user,5,2026-06-28 13:00:46,its an amazing apps! It's very helpful for me,1,Banglalink
A Google user,5,2026-06-28 12:46:21,network week,0,Banglalink
A Google user,5,2026-06-28 05:18:42,Every time I want to log in into the app it says something went wrong and to click the forget password and log in with new password. I have done this at least 20 time but it says the same thing please help me as soon as possible,19,Banglalink
A Google user,5,2026-06-28 04:25:27,very good app,0,Banglalink
A Google user,5,2026-06-28 04:13:34,nice offer good deal 🤝,0,Banglalink
A Google user,5,2026-06-28 00:29:13,could be better network service,0,Banglalink
A Google user,4,2026-06-28 00:16:35,khubi valo onek valo,0,Banglalink
A Google user,5,2026-06-27 23:50:50,বাংলালিংক অনেক সুন্দর,0,Banglalink
A Google user,5,2026-06-27 17:05:05,good network good responsibility,0,Banglalink
A Google user,5,2026-06-27 13:39:49,you are best,0,Banglalink
A Google user,5,2026-06-27 09:06:11,extraordinary app....,0,Banglalink
A Google user,4,2026-06-27 09:04:24,helpful apps,0,Banglalink
A Google user,5,2026-06-27 08:53:25,it is bary r,0,Banglalink
A Google user,5,2026-06-27 03:15:39,best apps and sim,0,Banglalink
A Google user,5,2026-06-27 03:07:50,অসাধারণ অনেক ভালো,0,Banglalink
A Google user,5,2026-06-27 02:55:36,very good app 👍,0,Banglalink
A Google user,5,2026-06-27 01:08:50,Good service for all Bangli people ❤️,0,Banglalink
A Google user,4,2026-06-27 00:06:01,Bl app better,0,Banglalink
A Google user,5,2026-06-26 22:59:58,Thank you banglalink,0,Banglalink
A Google user,5,2026-06-26 20:57:26,Good service,0,Banglalink
A Google user,5,2026-06-26 20:08:48,is a good app,0,Banglalink
A Google user,5,2026-06-26 20:04:47,very useful apps,0,Banglalink
A Google user,5,2026-06-26 19:47:51,this app is the best app,0,Banglalink
A Google user,5,2026-06-26 18:58:45,good service,0,Banglalink
A Google user,5,2026-06-26 13:53:45,very useful and best offer,1,Banglalink
A Google user,5,2026-06-26 10:22:36,"Excellent app with amazing internet offers. Banglalink provides affordable and valuable packages. My only suggestion is to improve network stability, especially during long power outages when the network sometimes becomes unavailable. Also, please expand network coverage and improve internet speed in all areas, as some places still have weak or no Banglalink signal. If these issues are solved, Banglalink will be the best. Thank you!",26,Banglalink
A Google user,1,2026-06-26 09:54:56,Internet offer is very expensive.,3,Banglalink
A Google user,5,2026-06-26 08:13:06,This app too helpful,0,Banglalink
A Google user,5,2026-06-26 07:23:16,Awesome my bl App,0,Banglalink
A Google user,4,2026-06-26 06:53:20,get more than surprised offer,0,Banglalink
A Google user,5,2026-06-26 02:56:51,nice app all so good,0,Banglalink
A Google user,1,2026-06-26 00:26:21,English: SMS package prices should be reduced. Charging 150 Taka for only 500 SMS does not make sense. Banglalink keeps increasing SMS prices unnecessarily. There is no reason for SMS packages to be so expensive.,17,Banglalink
A Google user,5,2026-06-25 23:08:08,একটি খুব ফাইন,0,Banglalink
A Google user,4,2026-06-25 22:49:00,Good app for BL users,0,Banglalink
A Google user,5,2026-06-25 22:21:20,মাশাল্লাহ খুব সুন্দর,0,Banglalink
A Google user,5,2026-06-25 19:50:02,good service,0,Banglalink
A Google user,1,2026-06-25 19:40:28,so bad the worst network,0,Banglalink
A Google user,5,2026-06-25 19:32:06,very good and necessary app,0,Banglalink
A Google user,5,2026-06-25 18:16:59,very good app,0,Banglalink
A Google user,5,2026-06-25 17:34:51,powerfull network,0,Banglalink
A Google user,5,2026-06-25 12:38:17,best app ever.,0,Banglalink
A Google user,5,2026-06-25 07:16:02,I love Banglalink,0,Banglalink
A Google user,5,2026-06-25 07:12:40,i have received nice offer,1,Banglalink
A Google user,1,2026-06-25 06:10:54,Worst network in Bangladesh,0,Banglalink
A Google user,5,2026-06-25 02:00:25,I always with this apk...&..i love it olso....,1,Banglalink
A Google user,5,2026-06-25 01:41:35,Nice app verry gd options,0,Banglalink
A Google user,5,2026-06-25 00:57:48,Good Old Sim,0,Banglalink
A Google user,5,2026-06-25 00:17:05,Maximum best service,0,Banglalink
A Google user,4,2026-06-24 23:10:32,this app very halpfull,0,Banglalink
A Google user,5,2026-06-24 22:16:48,assalamualaikum,0,Banglalink
A Google user,5,2026-06-24 19:41:34,অ্যাপসটি খুব ভালো,0,Banglalink
A Google user,5,2026-06-24 19:30:06,wow experience,0,Banglalink
A Google user,5,2026-06-24 18:46:50,nice to see the new coaen,0,Banglalink
A Google user,5,2026-06-24 17:40:31,app not good running,0,Banglalink
A Google user,5,2026-06-24 15:25:14,Everything is fear&lovely,0,Banglalink
A Google user,1,2026-06-24 15:02:53,ভাই বাংলালিংক একেবারে ফালতু কেউ বাংলালিংক সিম কিনলে না এবং ব্যবহার করেন না। আরে ভাই 30 টাকা একদিনের মধ্যে আমি মাত্র 10 সেকেন্ড কথা বলছিলাম টাকা কাটছিল 70 পয়সা তারপরে ভাই আমি কিছু করি নাই তারপর তুমি আমার একাউন্টে 30 টাকা থেকে আসে 13 টাকা ফালতু আপনি যদি বেশি টাকা নেন তাহলে আপনার সবটা কাইটা নিবে প্লিজ দয়া করে কিভাবে ডাউনলোড করুন এক নাম্বারে ফালতু। সুদী ডাউনলোড মানে আছে তাহলে শুধুমাত্র ফ্রি এমবির জন্য ব্যবহার করুন।,0,Banglalink
A Google user,1,2026-06-24 14:09:19,The worst app is not working properly😑,2,Banglalink
A Google user,5,2026-06-24 10:49:45,Banglalink sim internet খুব ভালো।,0,Banglalink
A Google user,1,2026-06-24 10:09:43,এরা একদম বাজে অপারেটর।।প্যাকেজ কিনলে সময় মতো দ্রুত প্যাকেজ এড হয় না।প্যাকেজের দাম তুলনামুলক বেশি।।কল রেট বেশি।।কাস্টমার সার্ভিস একদম বাজে,0,Banglalink
A Google user,5,2026-06-24 08:08:38,hi vary nice app,0,Banglalink
A Google user,5,2026-06-24 03:58:44,this is good and it's safe us a valuable time.,0,Banglalink
A Google user,5,2026-06-24 02:58:56,darun my bl apps,0,Banglalink
A Google user,2,2026-06-24 02:31:13,"ভালো কোনো অফার নাই,এম্বির কম টাকায়",0,Banglalink
A Google user,5,2026-06-23 23:13:53,thanks for offer,0,Banglalink
A Google user,5,2026-06-23 23:13:26,Have to increase Network ability in Rural area of Noakhali including Subarnachar Upazilla Health Complex area. Thanks ❤️,1,Banglalink
A Google user,5,2026-06-23 22:55:24,very good offer,1,Banglalink
A Google user,5,2026-06-23 21:43:59,Robin Sarkar good,0,Banglalink
A Google user,5,2026-06-23 21:16:02,বাংলালিংক এর সার্ভিস খুবই ভালো আমি কয়েক বছর যাবত এর সাথে রয়েছি। আর আমার বাবা প্রায় ১৫ বসর বাংলালিংক সিম ব্যবহার করে।,0,Banglalink
A Google user,5,2026-06-23 19:22:43,amar alakay best netoyak Banglalink netoyark,0,Banglalink
A Google user,1,2026-06-23 18:57:49,It is not good service,0,Banglalink
A Google user,5,2026-06-23 17:08:32,Best Network app,0,Banglalink
A Google user,5,2026-06-23 09:39:25,good service,0,Banglalink
A Google user,5,2026-06-23 06:20:00,best GB offer mobile phone,0,Banglalink
A Google user,5,2026-06-23 05:01:43,This app is very useful,0,Banglalink
A Google user,5,2026-06-23 04:22:06,My lover banglalink,0,Banglalink
A Google user,3,2026-06-23 02:41:33,"When I was a new user, I used to get many benefits and great internet offers at low prices. But as time goes by and I become a long-time user, those benefits seem to disappear. Loyal customers who have stayed with the service for years should also receive attractive offers and rewards. Existing users deserve appreciation just as much as new users.",24,Banglalink
A Google user,5,2026-06-23 02:07:17,my favorite Bangla link sm,0,Banglalink
A Google user,5,2026-06-23 01:28:02,"nice app ☺️☺️ 𝐄𝐃𝐈𝐓: Wow Banglalink has replied me, thank you very much, I am your regular customer, your offer is very organized and beautiful, but our network here is low Location : Division : Chittagong. District: Chadpur Thana: Matlab Uttor Municipality: Chengarchar Bazar Village: Jivgao Meanwhile, the network is very low, that's why I can't use your services properly, thanks Banglalink.",4,Banglalink
A Google user,5,2026-06-22 23:41:56,এই হাঙ্কির পোলারা পাইছিস নাকি? একটা কল রিসিভ করতে ১০ মিনিট লাগে,0,Banglalink
A Google user,4,2026-06-22 22:16:16,very Very nice good Thanks 👍,0,Banglalink
A Google user,5,2026-06-22 21:55:30,good Bangla link network,0,Banglalink
A Google user,4,2026-06-22 21:52:45,"Very nice app, but sometimes this apps server were down",0,Banglalink
A Google user,5,2026-06-22 21:33:09,nice service,0,Banglalink
A Google user,5,2026-06-22 21:26:34,nice facility,0,Banglalink
A Google user,5,2026-06-22 21:26:21,it’s vary good,0,Banglalink
A Google user,5,2026-06-22 21:17:06,good service,0,Banglalink
A Google user,5,2026-06-22 20:28:46,Internet Speed,0,Banglalink
A Google user,4,2026-06-22 20:03:29,i am fill so happy,0,Banglalink
A Google user,5,2026-06-22 19:13:41,My BL is the ultimate digital companion; its seamless experience makes it an absolute masterpiece.,7,Banglalink
A Google user,2,2026-06-22 17:05:57,ভালো একটা এপ,0,Banglalink
A Google user,3,2026-06-22 16:39:07,great service.,0,Banglalink
A Google user,5,2026-06-22 16:33:06,Network system very slow than GP,0,Banglalink
A Google user,5,2026-06-22 13:55:29,bokacoda marka net speed,0,Banglalink
A Google user,5,2026-06-22 12:25:21,Good apps Number 1 netowark,0,Banglalink
A Google user,5,2026-06-22 10:45:01,its really a good apps,0,Banglalink
A Google user,5,2026-06-22 08:21:10,very good apps,0,Banglalink
A Google user,5,2026-06-22 04:47:07,good app😭😭😭😭,0,Banglalink
A Google user,2,2026-06-22 03:48:16,not working on realme rmx3830... android 14,0,Banglalink
A Google user,5,2026-06-22 03:17:06,খুব বাজে ভাবে এপপ্স টা কাজ করে! আপডেট করা যাছছে না!!!প্লিজ হেল্প মী🌹,0,Banglalink
A Google user,1,2026-06-21 20:21:55,internet price is so high,0,Banglalink
A Google user,1,2026-06-21 19:54:57,"The worst SIM network in the world, this network is not suitable for playing online games, PUBG or Clash Royale, it suddenly disconnects, a very bad banglalink SIM. 👎👎👎",13,Banglalink
A Google user,5,2026-06-21 17:55:02,alhamdulillah,0,Banglalink
A Google user,1,2026-06-21 15:11:32,"এতো বাজে অবস্থা , টাকা দিয়ে এমবি কিনি আপনারা দেখি এমনি দাম শুধু বাড়াচ্ছেন, খুবই বাজে অবস্থা",0,Banglalink
A Google user,5,2026-06-21 13:31:14,thank you my banglalink,0,Banglalink
A Google user,1,2026-06-21 11:24:27,আমার nid দিয়ে সবগুলো বাংলালিংক সিমের পুরো নাম্বার এপ এ দেখার ফিচার চায়।,0,Banglalink
A Google user,5,2026-06-21 11:05:51,very helpful APP,1,Banglalink
A Google user,5,2026-06-21 10:54:30,An excellent app ⚡ for Banglalink sim users.,1,Banglalink
A Google user,5,2026-06-21 10:02:43,এমবি কিনা জাই না,0,Banglalink
A Google user,5,2026-06-21 00:45:54,best of luck Banglalink,1,Banglalink
A Google user,5,2026-06-21 00:03:22,১০০০ কয়েন পেয়েছি,0,Banglalink
A Google user,5,2026-06-20 22:45:28,verry good app,0,Banglalink
A Google user,1,2026-06-20 22:34:02,এটা একটা বালের এপপ যেখানে আর্জেন্টিনার এর খেলা হলে নোটিফিকেশন আসে কিন্তু ব্রাজিল এর খেলা আসলে তা আসে না তাই এটা একটা বালের অ্যাপ,0,Banglalink
A Google user,5,2026-06-20 22:10:01,nice 🙂🙂🙂🙂🙂🙂🙂🙂🙂🙂🙂🙂🙂🙂🙂🙂🙂🙂🙂,0,Banglalink
A Google user,5,2026-06-20 21:09:19,best app for banlalink,0,Banglalink
A Google user,5,2026-06-20 19:46:08,অনেক সুন্দর সার্ভিস,0,Banglalink
A Google user,5,2026-06-20 19:42:41,this is good apps,0,Banglalink
A Google user,5,2026-06-20 19:30:40,Mas Allah onek valo ✨,0,Banglalink
A Google user,5,2026-06-20 16:10:08,Arrangements should be made to exchange coins and give various gifts again as before.,1,Banglalink
A Google user,5,2026-06-20 15:20:25,good service,0,Banglalink
A Google user,5,2026-06-20 14:56:53,Best Service in Bangladesh,0,Banglalink
A Google user,5,2026-06-20 14:50:15,এমির দাম কম করে দেন প্লিজ প্লিজ,0,Banglalink
A Google user,5,2026-06-20 14:33:28,অনেক সুন্দর একটি অ্যাপ।,0,Banglalink
A Google user,5,2026-06-20 11:29:01,nice my bl aps,0,Banglalink
A Google user,5,2026-06-20 10:30:12,বাংলালিংক নেট আমার এলাকায় কিছুদিন যাবত স্লো নেট চলতেছে,0,Banglalink
A Google user,4,2026-06-20 08:47:07,"বাংলালিংক নেটওয়ার্ক এবং ইন্টারনেট স্পীড ফাস্ট,, আমি ব্যবহার করে ভালো লাগছে",1,Banglalink
A Google user,5,2026-06-20 08:00:14,অ্যাপটা অনেক দারুন অনেক ভালো,0,Banglalink
A Google user,5,2026-06-20 06:59:25,আমি ব্যক্তিগতভাবে ব্যবহার করে,0,Banglalink
A Google user,5,2026-06-20 06:20:18,দুর্দান্ত নেট,0,Banglalink
A Google user,5,2026-06-20 04:12:46,very good app,0,Banglalink
A Google user,1,2026-06-20 03:20:04,বাংলালিংক মূলত গরিবের সিম শুয়রের বাচ্চাগ নেট অনক খারাও।,0,Banglalink
A Google user,4,2026-06-19 21:43:25,I like the specail offer,0,Banglalink
A Google user,5,2026-06-19 19:58:18,is beautiful🫶🫶,0,Banglalink
A Google user,5,2026-06-19 18:32:02,excellent apps,0,Banglalink
A Google user,1,2026-06-19 18:24:13,ইন্টারনেট প্যাকেজ কেনার সময় প্রতারণার ফাঁদ বিছানো আছে। বিভিন্ন প্যাকেজ ক্রয়ের সময় নির্দিষ্ট করে বলা থাকে না এটা সোশ্যাল প্যাক নাকি আলাদা কোনো আলাদা কোন প্ল্যাটফর্মের জন্য। কিন্তু কেনার পরে দেখায় ফেসবুক ইউটিউব অথবা অন্য কোন । এবং এটার জন্য কোন তারা রিফান্ড করে না । ভোক্তা অধিকার মাধ্যমে তাদেরকে আইনের আওতায় নিয়ে আসা উচিত,0,Banglalink
A Google user,5,2026-06-19 18:17:00,helpful internet faster,0,Banglalink
A Google user,5,2026-06-19 17:36:10,বাংলালিংক মানে বাংলাদেশের গর্ব পয়সায় বেশি কথা বলা যায়,0,Banglalink
A Google user,1,2026-06-19 17:24:18,habby network,0,Banglalink
A Google user,5,2026-06-19 17:24:04,Banglalink Network Very Good,0,Banglalink
A Google user,5,2026-06-19 16:13:45,my bl i's always best,1,Banglalink
A Google user,1,2026-06-19 14:59:42,bad service in gazipur Bangladesh,0,Banglalink
A Google user,5,2026-06-19 14:24:36,সেরা বাংলালিংক সিম,0,Banglalink
A Google user,5,2026-06-19 12:16:58,this app is nice,0,Banglalink
A Google user,5,2026-06-19 11:47:42,অনেক ভালো এফ 😊😊,0,Banglalink
A Google user,5,2026-06-19 11:41:40,this app is very nice,0,Banglalink
A Google user,5,2026-06-19 11:25:08,this good apps,0,Banglalink
A Google user,5,2026-06-19 11:06:43,হ্যালো...!!!,0,Banglalink
A Google user,4,2026-06-19 06:54:26,beautiful app,0,Banglalink
A Google user,5,2026-06-19 06:49:40,Very good 😊💯,0,Banglalink
A Google user,5,2026-06-19 03:18:00,অনেক সুন্দর লাগছে এপটি,0,Banglalink
A Google user,5,2026-06-19 03:01:50,very helpful app,0,Banglalink
A Google user,5,2026-06-18 23:33:06,Vary nice apps,0,Banglalink
A Google user,5,2026-06-18 21:39:13,good 😍😍😍😍😍😍😍😍😍😍,0,Banglalink
A Google user,5,2026-06-18 21:26:10,Enjoy Banglalink Supper Fast Internet Service,0,Banglalink
A Google user,5,2026-06-18 21:23:31,Very good app,0,Banglalink
A Google user,5,2026-06-18 20:39:00,splendid performance,0,Banglalink
A Google user,5,2026-06-18 19:06:41,বাংলা লিং কনো ভালো একটা কম পানি,0,Banglalink
A Google user,5,2026-06-18 15:45:02,Thik is good for Banglalink user,0,Banglalink
A Google user,5,2026-06-18 15:39:03,very nice bl ap,0,Banglalink
A Google user,2,2026-06-18 15:04:00,এখনো তো আমার ঘরের ভিতরে নেটওয়ার্ক পাইনা। আমার বাড়ির পাশের রবি টাওয়ার আছে সেটাই চলে যাব। আপনারা নেটওয়ার্ক ঠিক করে দেন না তাহলে কি করব। গ্রামের সকল মানুষ রবিতে চলে গেছে কারণ রবি টাওয়ার বাড়ির কাছেই। আর আপনাদের টাওয়ার আমাদের এখান থেকে চার কিলোমিটার দূরে। আর রবি টাওয়ার দের কিলোমিটার দূরে। আপনারা নেটওয়ার্ক ঠিক করলে আপনাদের কাছে আমরা চলে যাব আমাদের গ্রামে বা পাশের গ্রামে একটি টাওয়ার বসালে বেশি ভালো হবে। আমার কথাগুলো শোনার জন্য ধন্যবাদ।,0,Banglalink
A Google user,5,2026-06-18 15:03:38,all the best app,0,Banglalink
A Google user,5,2026-06-18 13:57:57,বাংলায়িং সিম বেস্ট অফার,0,Banglalink
A Google user,5,2026-06-18 13:22:03,this apps is very good for offers,0,Banglalink
A Google user,5,2026-06-18 12:27:55,"very good, but need to reduce price",7,Banglalink
A Google user,5,2026-06-18 12:10:43,Alhamdulillah valoi,0,Banglalink
A Google user,5,2026-06-18 11:51:50,Sd khairul islam Shagor good,0,Banglalink
A Google user,2,2026-06-18 11:18:40,"net slow, not good",0,Banglalink
A Google user,2,2026-06-18 09:21:03,টাকা চোর। 500 টাকা খেয়ে দিছে,0,Banglalink
A Google user,5,2026-06-18 07:45:58,Best Quality,0,Banglalink
A Google user,5,2026-06-18 04:13:03,using experience is good,0,Banglalink
A Google user,2,2026-06-17 23:26:22,আগে অনেক ভালো অফার ছিলো এখন অফার গুলি খুবই বাজে এবং সব হাই বাজেট এর আগে কম টাকার অফার ছিলো আবার প্লেনিং এর সুবিধাও ছিলো এখন এইটাও নেই,0,Banglalink
A Google user,5,2026-06-17 23:10:22,best service,0,Banglalink
A Google user,5,2026-06-17 22:54:37,BLbest network operater.,0,Banglalink
A Google user,5,2026-06-17 22:13:18,আনেক ভালো সার্ভিস পেয়েছি,0,Banglalink
A Google user,5,2026-06-17 16:47:27,just amazing,0,Banglalink
A Google user,5,2026-06-17 16:37:15,"I am a college student. I work in online marketing and I earn my living with this money. I have been using Banglalink SIM since 2018 but there was no problem then. But currently the price of MB is increasing. I want to come to your attention with 5 stars. I hope you will give student friendly offers so that students can benefit. Thank you, I hope you will accept my recommendation.",7,Banglalink
A Google user,5,2026-06-17 15:22:16,Tremendous app,0,Banglalink
A Google user,5,2026-06-17 15:04:24,better network,0,Banglalink
A Google user,5,2026-06-17 14:49:30,Very good app,0,Banglalink
A Google user,1,2026-06-17 14:23:56,very poor service. They Don't notify if any policy changes,0,Banglalink
A Google user,5,2026-06-17 14:12:33,An amazing app.,0,Banglalink
A Google user,5,2026-06-17 10:21:15,আমার কয়েন লাগবে,0,Banglalink
A Google user,5,2026-06-17 10:09:03,well service provider,0,Banglalink
A Google user,5,2026-06-17 05:44:10,banglalink is the best 👍🏻👍🏻👍🏻,0,Banglalink
A Google user,5,2026-06-16 23:00:28,good for bl sim and network,0,Banglalink
A Google user,4,2026-06-16 22:48:08,internet works so sick Indore very sick,0,Banglalink
A Google user,5,2026-06-16 21:52:48,"I have been with Banglalink, the country's number one network, for a long time and, God willing, I will continue to be with it in the future. Thank you to the Banglalink family. 👍😊",1,Banglalink
A Google user,5,2026-06-16 21:48:34,nice network service,0,Banglalink
A Google user,5,2026-06-16 20:18:52,khub sundor app valo offer,0,Banglalink
A Google user,5,2026-06-16 20:00:21,Joss App 16 Jun 26 01,0,Banglalink
A Google user,5,2026-06-16 18:49:30,it is a good 👍😊👍😊,0,Banglalink
A Google user,2,2026-06-16 18:42:00,purai paltu. mb na takle appa dukai jai na. offer gulu o onek dam. offer ar details o hide thake onek somoy,3,Banglalink
A Google user,5,2026-06-16 17:58:26,good job for mybl,0,Banglalink
A Google user,5,2026-06-16 17:48:59,Best offer Sim card,0,Banglalink
A Google user,5,2026-06-16 16:43:48,এটি সবখানে নেট পায় কিন্তু সমস্যা একটাই চার্জ বেশি কাটে,0,Banglalink
A Google user,5,2026-06-16 16:43:30,i like this app,0,Banglalink
A Google user,5,2026-06-16 15:52:24,"Alhamdulillah besh besh sabas taka aku komlei Bangla link best,,,@ambd_426",0,Banglalink
A Google user,5,2026-06-16 15:44:21,good network,0,Banglalink
A Google user,5,2026-06-16 15:18:44,very good apps❤️,0,Banglalink
A Google user,1,2026-06-16 14:17:35,খুব বাজে নেটওয়ার্ক,0,Banglalink
A Google user,5,2026-06-16 12:43:16,Good Service,0,Banglalink
A Google user,5,2026-06-16 10:48:38,very good service,0,Banglalink
A Google user,5,2026-06-16 08:03:19,MyBL is a very useful app. It's like an all-in-one app.,1,Banglalink
A Google user,5,2026-06-16 05:43:30,Super apps my banglalink very nice very good,1,Banglalink
A Google user,5,2026-06-16 04:44:42,"bendel packs, Call ret Loo price den very good.",0,Banglalink
A Google user,5,2026-06-16 03:03:24,very nice app,0,Banglalink
A Google user,5,2026-06-15 23:51:47,অনেক ভালো অ্যাপস,0,Banglalink
A Google user,5,2026-06-15 21:34:28,wow app and thanks BL,0,Banglalink
A Google user,4,2026-06-15 21:22:12,amazing apps,0,Banglalink
A Google user,5,2026-06-15 20:50:19,very good service,0,Banglalink
A Google user,5,2026-06-15 20:23:33,very nice app,0,Banglalink
A Google user,5,2026-06-15 20:15:17,"This app is very Helpfull,,",0,Banglalink
A Google user,5,2026-06-15 19:53:47,Good Performance,0,Banglalink
A Google user,5,2026-06-15 18:57:59,Alhamdulillah vlo,0,Banglalink
A Google user,1,2026-06-15 18:29:05,faltu service. load nite somoy lagai..manual joto vlo offer pai tar tulonai onk kharap offer apps a show kore.useless,2,Banglalink
A Google user,5,2026-06-15 18:06:04,sudelling song,0,Banglalink
A Google user,5,2026-06-15 17:39:13,very interesting app,0,Banglalink
A Google user,5,2026-06-15 17:27:47,খুব ভালো আ্যপ,0,Banglalink
A Google user,5,2026-06-15 16:05:19,nice app network performance,0,Banglalink
A Google user,5,2026-06-15 14:57:46,my banglalink app awesome my,0,Banglalink
A Google user,5,2026-06-15 14:17:56,well service,0,Banglalink
A Google user,5,2026-06-15 13:58:00,very good service,0,Banglalink
A Google user,5,2026-06-15 13:46:16,it's a great app,0,Banglalink
A Google user,5,2026-06-15 13:44:10,onk sundor apps,0,Banglalink
A Google user,5,2026-06-15 12:53:17,very useful app,0,Banglalink
A Google user,5,2026-06-15 12:37:20,খুব সুন্দর একটা এপছ,0,Banglalink
A Google user,5,2026-06-15 10:44:34,very good service,0,Banglalink
A Google user,5,2026-06-15 09:55:12,all information i can get easily,0,Banglalink
A Google user,5,2026-06-15 09:28:13,always good 😊,0,Banglalink
A Google user,5,2026-06-15 08:46:16,ভাল। ব্যাবহার করেও শান্তি লাগে,0,Banglalink
A Google user,5,2026-06-15 06:14:15,Not bad it’s good app,0,Banglalink
A Google user,3,2026-06-15 04:19:42,it's good for us,0,Banglalink
A Google user,5,2026-06-15 03:05:26,good network,0,Banglalink
A Google user,5,2026-06-15 01:47:07,alhmdulillha,0,Banglalink
A Google user,5,2026-06-14 23:23:33,a great work,0,Banglalink
A Google user,5,2026-06-14 23:07:57,"Our banglaink sim very good quality for everything... If you can use Banglalink SIM card, you will understand. Thank you for 💔 💙 💕",4,Banglalink
A Google user,5,2026-06-14 23:06:41,এক জিবি এমবি দেন প্লিজ,0,Banglalink
A Google user,5,2026-06-14 22:55:11,bl is beast app for Network besness,0,Banglalink
A Google user,5,2026-06-14 22:29:51,khub valo ekta ephs,0,Banglalink
A Google user,5,2026-06-14 22:29:35,ami paici apnarao nen paben,0,Banglalink
A Google user,5,2026-06-14 22:17:20,"Best Service Network my Area,,",0,Banglalink
A Google user,5,2026-06-14 21:51:07,apps ta onk valo amr onk help hoy,0,Banglalink
A Google user,4,2026-06-14 21:06:57,good but network slow,0,Banglalink
A Google user,5,2026-06-14 19:51:21,নেট এত ভালো চলে না। মোটামুটি চলে বাংলালিংক এর কাছে আসা রাখব নেটটা যেন ফাস্ট করার,1,Banglalink
A Google user,5,2026-06-14 19:39:45,congratulated,0,Banglalink
A Google user,5,2026-06-14 19:09:38,this is amazing,0,Banglalink
A Google user,5,2026-06-14 19:04:24,best ever see🫶,0,Banglalink
A Google user,5,2026-06-14 19:02:00,This apps is very useful and helpful to us. Thanks.,0,Banglalink
A Google user,5,2026-06-14 18:54:48,loo rate offer,0,Banglalink
A Google user,5,2026-06-14 18:32:09,Awesome❤️❤️❤️,0,Banglalink
A Google user,5,2026-06-14 17:52:21,banglalink money internet bonus,0,Banglalink
A Google user,5,2026-06-14 17:37:54,this app is so useful for internet user,0,Banglalink
A Google user,5,2026-06-14 16:42:26,"The most devoted, dedicated, disciplined operator in Bangladesh...",0,Banglalink
A Google user,5,2026-06-14 16:23:49,সুন্দর সেবা বাংলালিংক 10 বছর এর চেয়ে বেশি সময় ধরে আরো বাংলালিংক সিম ইউজ করি,1,Banglalink
A Google user,5,2026-06-14 16:03:17,বিএল অ্যাপ এর মাধ্যমে আমরা আমাদের আপডেটগুলো পাই এবং সহজেই আমাদের এমবি মিনিট চিনতে পারি এবং শাস্ত্রের মধ্যে পাই আমার কাছে খুবই ভালো একটি অ্যাপস,0,Banglalink
A Google user,5,2026-06-14 15:37:06,Good app. Veery help full,0,Banglalink
A Google user,5,2026-06-14 15:09:27,best service,0,Banglalink
A Google user,5,2026-06-14 12:45:41,nice app. easy,0,Banglalink
A Google user,4,2026-06-14 09:15:00,Village site network and internet performance not satisfactory.,2,Banglalink
A Google user,5,2026-06-14 08:58:41,This app is very helpful,0,Banglalink
A Google user,5,2026-06-14 07:37:51,Great application,0,Banglalink
A Google user,5,2026-06-14 06:51:59,থ্যাংক ইউ বাংলালিংক সার্ভিস গুড,0,Banglalink
A Google user,5,2026-06-14 00:07:34,My is my life 💞no1,0,Banglalink
A Google user,5,2026-06-13 23:17:49,বেষ্ট ইন্টারনেট বিডি,0,Banglalink
A Google user,1,2026-06-13 22:12:11,"One is now causing additional trouble, it is not possible to access any type of WiFi, it is only loading, and the My Plan option is gone. These activities are very inconsistent without any kind of user permission, Now I can't use apps even though I have wifi because my data pack has run out and I can't access the apps. It's a very bad situation to buy a new data pack. Please look into it.Please solve it quickly.",20,Banglalink
A Google user,5,2026-06-13 22:11:51,MyBL app e onek gulo feature ache ja besh kaajer. UI tao besh bhalo...,1,Banglalink
A Google user,4,2026-06-13 21:41:08,"so, MyBL sim allows nice offer",0,Banglalink
A Google user,5,2026-06-13 20:56:52,so beautiful,0,Banglalink
A Google user,5,2026-06-13 18:56:48,Kohinur Akter nice apps,0,Banglalink
A Google user,1,2026-06-13 18:29:32,Network issue this SIM. ekdom baje net er speed o Kom,0,Banglalink
A Google user,5,2026-06-13 17:00:50,the best app I've used in my life and the offers are affordable for all ☺️,1,Banglalink
A Google user,5,2026-06-13 15:26:24,] আলহামদুলিল্লাহ [ MyBL Apps এই মাঝখানে অনেক কিছুর ফিচার আছে আলাদা আলাদা করে যেই গুলো যদি কোন উজার একটু সময় নিয়ে দেখে আমার মনে হয় বিভিন্ন বিষয়ে ভালোই উপকৃত হবে। বিশেষ করে এই Apps এর ইসলামিক সেকশনের কুরআন শরীফের তেলায়াত আমার খুবই ভালো লেগেছে।,1,Banglalink
A Google user,3,2026-06-13 13:50:06,net sob jaigay pay na,0,Banglalink
A Google user,5,2026-06-13 13:07:05,Best sim evet❤️,0,Banglalink
A Google user,5,2026-06-13 12:30:04,বাংলালিংক সেরা,0,Banglalink
A Google user,5,2026-06-13 12:05:50,nice and i love u mybl,0,Banglalink
A Google user,4,2026-06-13 11:48:50,this is good,1,Banglalink
A Google user,5,2026-06-13 10:01:25,ut excellent,0,Banglalink
A Google user,5,2026-06-13 09:24:10,a gret app for every people,0,Banglalink
A Google user,5,2026-06-13 08:58:28,good luck my bl,0,Banglalink
A Google user,5,2026-06-13 06:02:35,মাশাআল্লাহ খুব ভাল,0,Banglalink
A Google user,4,2026-06-13 04:58:41,rate & packages not reasonable compare to other operators.,0,Banglalink
A Google user,4,2026-06-13 02:09:24,The previous logo was far far better! the current one looks lame. The app itself is not a bad one.,3,Banglalink
A Google user,4,2026-06-12 23:59:33,best Finance app,0,Banglalink
A Google user,5,2026-06-12 23:06:34,ভালো লাগে এই অ্যাপসটি ব্যবহার করে 😊,0,Banglalink
A Google user,5,2026-06-12 23:01:02,this app is so much use. its help me a lot,0,Banglalink
A Google user,5,2026-06-12 19:56:16,How mane prices,0,Banglalink
A Google user,5,2026-06-12 19:34:54,Nice sarvice,0,Banglalink
A Google user,4,2026-06-12 19:17:40,"this great apps,",0,Banglalink
A Google user,4,2026-06-12 18:50:13,My favorite app,1,Banglalink
A Google user,5,2026-06-12 18:17:33,good service,0,Banglalink
A Google user,5,2026-06-12 16:30:16,got onek balo ofar,0,Banglalink
A Google user,5,2026-06-12 14:10:22,Good Experience....,0,Banglalink
A Google user,5,2026-06-12 12:30:05,valo thanks for your help with the good service,0,Banglalink
A Google user,5,2026-06-12 11:56:50,আলহামদুলিল্লাহ বিগত ১৯ বছর যাবৎ বাংলালিংক সিম ব্যবহার করে আসছি।,0,Banglalink
A Google user,1,2026-06-12 11:43:02,"এদের সাবস্ক্রিপশন নিয়ে আমি খেলা দেখতে পারিনি, তাই টাকা দিয়ে Toffee থেকে প্রতারিত হবেননা।",0,Banglalink
A Google user,5,2026-06-12 09:43:05,Banglalink is best😊,0,Banglalink
A Google user,5,2026-06-12 09:32:08,"""Excellent app! User-friendly interface, smooth performance, and very useful features. Highly recommended.""",4,Banglalink
A Google user,4,2026-06-12 07:26:42,this app has many features,0,Banglalink
A Google user,5,2026-06-12 06:59:14,best oparetor in Bangladesh,0,Banglalink
A Google user,5,2026-06-12 06:50:06,thanks for banglalink,1,Banglalink
A Google user,5,2026-06-12 06:39:46,Very Very Good Service provide us,1,Banglalink
A Google user,4,2026-06-12 06:08:52,voice call low quality,0,Banglalink
A Google user,5,2026-06-12 05:41:36,just Awesome ♥ ♥ ♥,0,Banglalink
A Google user,5,2026-06-12 05:20:38,I Love 😘 you My Bengali,0,Banglalink
A Google user,1,2026-06-12 04:43:17,Best toffee scam award goes to Banglalink ( fifa world cup 2026),0,Banglalink
A Google user,5,2026-06-12 04:14:52,App is very good and good service,1,Banglalink
A Google user,1,2026-06-12 02:43:25,Worst Customer service provider,0,Banglalink
A Google user,3,2026-06-12 01:01:48,in Bashundhara building inside signal is very week. My friend suggested me to change this operator to stronger one. I am really suffering because network is not stable.,0,Banglalink
A Google user,1,2026-06-12 00:42:01,give refund for the toffee world cup package. totally unacceptable service,2,Banglalink
A Google user,5,2026-06-12 00:40:34,আমার ৫০০ মিনিট দাও অজ,0,Banglalink
A Google user,2,2026-06-12 00:30:44,very ved offer,0,Banglalink
A Google user,1,2026-06-12 00:12:59,If the compliant box is unusable that why that option is present in the app? It doesn’t make any sense. You buy something and got something else. Scam,16,Banglalink
A Google user,5,2026-06-12 00:11:22,nice my Banglaling,0,Banglalink
A Google user,5,2026-06-11 23:55:47,This app is best🎀,0,Banglalink
A Google user,5,2026-06-11 23:39:18,Nice 👍 my banglalink Sim,1,Banglalink
A Google user,5,2026-06-11 23:17:05,দশ বছরে সন্তুষ্ট হয়ে পাশে আছি ধন্যবাদ,0,Banglalink
A Google user,5,2026-06-11 23:03:06,good at all times,0,Banglalink
A Google user,1,2026-06-11 21:19:55,Third class app toder jonno ami amar janeman ee satheo kotha bolte pari nai 🤬,0,Banglalink
A Google user,5,2026-06-11 20:20:58,Wonderful App,0,Banglalink
A Google user,4,2026-06-11 19:07:21,network not good,0,Banglalink
A Google user,5,2026-06-11 18:54:15,It's very very useful and nice app,1,Banglalink
A Google user,5,2026-06-11 18:29:39,great customer service and service is fast.,0,Banglalink
A Google user,5,2026-06-11 18:27:13,verry nice 👍👍👍👍,0,Banglalink
A Google user,4,2026-06-11 12:32:05,"If this app using in offline, thats the great things so far",1,Banglalink
A Google user,5,2026-06-11 12:13:31,অনেক সুন্দর এই এপ টি এখান থেকে অনেক সুন্দর অফার পাওয়া জায়,0,Banglalink
A Google user,5,2026-06-11 11:39:52,very helpful app,0,Banglalink
A Google user,5,2026-06-11 11:06:42,All services of Banglalink in one App.,0,Banglalink
A Google user,5,2026-06-11 09:16:58,khub valo ekti app,0,Banglalink
A Google user,5,2026-06-11 08:56:32,very good condition 👍,0,Banglalink
A Google user,5,2026-06-11 04:52:15,good Banglalink,0,Banglalink
A Google user,5,2026-06-11 01:39:57,very nice bl,0,Banglalink
A Google user,5,2026-06-11 01:00:09,my favorite app,0,Banglalink
A Google user,5,2026-06-10 23:55:07,it’s a good sim in the world,0,Banglalink
A Google user,5,2026-06-10 23:37:21,A very good app.,0,Banglalink
A Google user,4,2026-06-10 23:17:14,"nice app,, Iam use 3 years,,this is very nice app",0,Banglalink
A Google user,5,2026-06-10 22:22:45,really well and good,1,Banglalink
A Google user,5,2026-06-10 21:52:59,গুট 🌹🌹🌹👌👌👌👌❤️❤️💚💚,0,Banglalink
A Google user,3,2026-06-10 21:33:31,Reduce the prices of the packs like before,0,Banglalink
A Google user,5,2026-06-10 21:11:08,Best service,0,Banglalink
A Google user,5,2026-06-10 21:00:29,my first sim,0,Banglalink
A Google user,5,2026-06-10 20:32:34,অনেক ভালো কিন্তু নেটওয়ার্ক ছোলো 🌐,0,Banglalink
A Google user,5,2026-06-10 20:27:08,ভালো সার্ভিসিং,0,Banglalink
A Google user,5,2026-06-10 20:16:28,my sugest my bl the best apps,0,Banglalink
A Google user,2,2026-06-10 20:12:08,"Alhamdulillah, it's pretty good, but... MB col ret offer and rate are very high price ,Please reduce the price of MB and increase the call rate in small increments. That will benefit many poor people.I speak for myself. I might have discarded this SIM, but I'm keeping it because I have all my accounts on this SIM.Otherwise, I would have canceled the semester.",4,Banglalink
A Google user,5,2026-06-10 19:50:14,great this apps,1,Banglalink
A Google user,5,2026-06-10 18:56:31,আমি grameenphone sim থেকে myBL আসলাম কারন myBL হচ্ছে বাংলাদেশের ১ নম্বর sim company এবং ১ নম্বর Network । আর grameenphone মতো ডাকাত না call ret অনেক টাকা কম i love myBL❤️❤️❤️,0,Banglalink
A Google user,5,2026-06-10 18:48:33,banglalink is always best in telecommunication sector!!!,0,Banglalink
A Google user,5,2026-06-10 18:43:10,banglalink is my best choice,0,Banglalink
A Google user,5,2026-06-10 18:14:19,good app i'm satisfied to this app,0,Banglalink
A Google user,5,2026-06-10 17:36:54,i love banglalink ❤️,0,Banglalink
A Google user,5,2026-06-10 17:23:19,onk sunder apps,0,Banglalink
A Google user,1,2026-06-10 17:05:58,not good at mb,0,Banglalink
A Google user,5,2026-06-10 15:45:20,বাংলালিংক সিমের অফার এমবি,0,Banglalink
A Google user,5,2026-06-10 15:39:20,❤️‍🔥❤️‍🔥❤️‍🔥,0,Banglalink
A Google user,4,2026-06-10 15:23:47,nice app doesn't show good offer,1,Banglalink
A Google user,1,2026-06-10 14:38:03,একদম বাজে অবস্থা নেটওয়ার্কে একটুও চলে না নেটওয়ার্ক বাসার বাইরে এক খাঁটি পেলে বাসার ভিতরে পায় না হুদাই লাখ লাখ টাকা নষ্ট করে আপনারা বুস্ট মেরে দেখাচ্ছেন আপনাদের নেটওয়ার্ক ভালো কিন্তু মোটেও আপনাদের নেটওয়ার্ক কাজ করতেছে না টাকা নষ্ট করে বুস্ট না মেরে পারলে আমাদের এলাকার নেটওয়ার্কের উন্নতি করেন তাতে আমরা সিম চালাতে স্বাচ্ছন্দ্যবোধ করব । ধন্যবাদ ।,1,Banglalink
A Google user,2,2026-06-10 13:58:20,onk slow kaj kore,0,Banglalink
A Google user,5,2026-06-10 13:19:46,very nice...,0,Banglalink
A Google user,5,2026-06-10 12:31:19,this app good for every user's it’s all in one,0,Banglalink
A Google user,5,2026-06-10 10:55:16,very good BL,0,Banglalink
A Google user,5,2026-06-10 09:44:29,thank you for wish 😊,0,Banglalink
A Google user,5,2026-06-10 08:24:36,I like u bangla link apps,0,Banglalink
A Google user,5,2026-06-10 07:47:04,Good apk 🥰🥰🥰🥰❤️❤️❤️❤️,1,Banglalink
A Google user,5,2026-06-10 01:39:07,wow super app,0,Banglalink
A Google user,5,2026-06-10 01:21:51,grateful app,0,Banglalink
A Google user,1,2026-06-10 01:19:54,Good service,0,Banglalink
A Google user,5,2026-06-10 00:58:51,this is a very very good app,0,Banglalink
A Google user,5,2026-06-10 00:35:22,"খুব ভালো খুব সুন্দর,,, আমি পেয়েছি, আপনারা ও পাবেন",0,Banglalink
A Google user,5,2026-06-10 00:27:58,Thanks BL apps fmily🖤,0,Banglalink
A Google user,5,2026-06-09 23:55:49,banglalink is the best sim in the world,0,Banglalink
A Google user,5,2026-06-09 23:10:15,"MyBL App টি বেবহারে অনেক সহজ, এখানে অনেক ভাল ভাল অফার পাউয়া যায়।",0,Banglalink
A Google user,5,2026-06-09 22:24:24,আলহামদুলিল্লাহ আগে ভালো ভালো অফার পেতাম,0,Banglalink
A Google user,5,2026-06-09 22:22:34,User Friendly app,0,Banglalink
A Google user,5,2026-06-09 21:55:59,better banglalink,0,Banglalink
A Google user,5,2026-06-09 20:53:35,app service good,1,Banglalink
A Google user,5,2026-06-09 19:25:18,Its really good to have all package in one app.,4,Banglalink
A Google user,5,2026-06-09 19:25:02,vary nice app,1,Banglalink
A Google user,1,2026-06-09 19:19:45,"I was very excited to get a Banglalink SIM, but the offer price was too high.",0,Banglalink
A Google user,5,2026-06-09 18:09:28,অনেক ভালো অ্যাপ,0,Banglalink
A Google user,5,2026-06-09 16:17:04,very good app,0,Banglalink
A Google user,5,2026-06-09 15:40:24,Sahakamal Islam আমি এটা ইউজ করি রবি এয়ারটেল থেকে অনেক ভালো,0,Banglalink
A Google user,1,2026-06-09 15:26:19,I can't login my account,1,Banglalink
A Google user,5,2026-06-09 15:18:27,খুবই ভালো এপ,0,Banglalink
A Google user,5,2026-06-09 14:58:28,The best App,0,Banglalink
A Google user,4,2026-06-09 14:13:17,onik valo sim,0,Banglalink
A Google user,5,2026-06-09 12:12:54,Very useful app 💯,0,Banglalink
A Google user,5,2026-06-09 12:01:30,Very nies app,0,Banglalink
A Google user,5,2026-06-09 11:23:28,very very nice appk,0,Banglalink
A Google user,5,2026-06-09 10:53:40,আমাকে এক জিবি দাও প্লিজ,0,Banglalink
A Google user,4,2026-06-09 10:30:25,All facilities are good and get easily to all services,5,Banglalink
A Google user,5,2026-06-09 09:54:49,very good app,0,Banglalink
A Google user,5,2026-06-09 09:39:22,very very nice 🥰,0,Banglalink
A Google user,5,2026-06-09 09:25:11,I like banglaling,0,Banglalink
A Google user,5,2026-06-09 09:02:50,mybl best app,0,Banglalink
A Google user,5,2026-06-09 08:06:13,joss app vai😃,0,Banglalink
A Google user,5,2026-06-09 02:49:07,fast apps & well service providers,4,Banglalink
A Google user,5,2026-06-09 01:08:47,good sarvis banglalink,0,Banglalink
A Google user,5,2026-06-08 23:53:36,Excellent app👌,0,Banglalink
A Google user,5,2026-06-08 23:35:56,very very happy nice apps,0,Banglalink
A Google user,1,2026-06-08 23:12:27,অনেক ভালো অ্যাপ,0,Banglalink
A Google user,5,2026-06-08 22:05:38,good network but price is soo heavy,3,Banglalink
A Google user,4,2026-06-08 21:46:23,এটা খুব ভালো সিম আমার কাছে খুব ভালো লাগছে এই সিমে নেট সমস্যা নেই খুব ভালো,0,Banglalink
A Google user,5,2026-06-08 21:16:18,onek onek valo,0,Banglalink
A Google user,5,2026-06-08 21:01:43,I am satisfied with banglalink,0,Banglalink
A Google user,5,2026-06-08 20:12:13,Good Network,0,Banglalink
A Google user,5,2026-06-08 19:33:01,tnx App every Good aps,0,Banglalink
A Google user,1,2026-06-08 19:20:13,"update ki sesh hoyna? tarporo smooth na. prblm ki Vai? antaji app e dhukte deyna. sim amr, app amr phn e still Baal chaal enquiry. erporo glitch. faltu",0,Banglalink
A Google user,1,2026-06-08 19:01:50,"খুবই বাজে ব্যবস্থা তাদের। আমি বিকাশ থেকে ৩৪৮ টাকা রিচার্জ করেছি কিন্তু আমাকে দেওয়া হয়েছে এমবি যা আমি ব্যবহার করিনি। এখন রিফান্ড চাওয়ার পর বলতেছে এইটা রিফান্ড হবে না। যত্বসব চোর-বাটপার ব্যাবসা করতে বসছে। অনেক ভালো ভাবতাম বাংলালিংক কোম্পানিকে, আর ব্যবহার করা যাবে না 2 নম্বরি ব্যাবসা শুরু করেছে মানুষের টাকা আত্মসাৎ করার জন্য।",0,Banglalink
A Google user,5,2026-06-08 18:57:39,My Bl very good apps,0,Banglalink
A Google user,5,2026-06-08 18:31:05,wonderful apps,0,Banglalink
A Google user,5,2026-06-08 16:40:04,good (morning) 👍,0,Banglalink
A Google user,5,2026-06-08 15:51:07,এই অ্যাপটি ব্যবহার করে এবং তার সাথে দেখা যায় এমন কিছু ফিউচার আছে,0,Banglalink
A Google user,5,2026-06-08 15:40:50,beautiful খুবই সুন্দর অসাধারণ,0,Banglalink
A Google user,5,2026-06-08 15:12:55,I think MyBL is the most useful app for us and I am the prove of it,1,Banglalink
A Google user,5,2026-06-08 12:37:38,খুব ভালো একটি এপ,0,Banglalink
A Google user,5,2026-06-08 11:55:25,ভালর চেয়ে বেশি ভাল,0,Banglalink
A Google user,5,2026-06-08 11:49:40,খুব ভালো একটা এপ,0,Banglalink
A Google user,3,2026-06-08 10:11:20,"মোটামুটি ভালোই কিন্তু এমবি অনেক দাম, অন্য অন্য সিমের তুলনায়।",0,Banglalink
A Google user,5,2026-06-08 08:05:17,এটা সবথেকে ভালো,0,Banglalink
A Google user,5,2026-06-08 07:30:23,"MyBL app is a very important role for online helpful app.Its build quality is very useful and user friendly. I love it. Day by day It's an update. I want Minutes, SMS,Internet pricing rate all others charge rate lower than other online sim cards.MyBL app is a very important role for online helpful app.Its build quality is very useful and user friendly. I love it. Day by day It's an update. I want Minutes, SMS,Internet pricing rate and all other charge rates lower than other online sim cards.",15,Banglalink
A Google user,5,2026-06-07 23:31:09,very good. my experience is very excellent. and I like this App. use always this app for my. using my life,1,Banglalink
A Google user,5,2026-06-07 23:22:17,This apps is good,0,Banglalink
A Google user,5,2026-06-07 23:11:21,This app is excellent for my phone.,0,Banglalink
A Google user,5,2026-06-07 22:10:42,baler app 😒😑🤬,0,Banglalink
A Google user,5,2026-06-07 21:55:48,nice service,0,Banglalink
A Google user,5,2026-06-07 21:37:37,Good offers at low prices are only available here.,6,Banglalink
A Google user,5,2026-06-07 20:28:11,এমবি গুলোর দাম দামে কম মানে ভালো অনেক বেশি ব্যবহার করা জায়,1,Banglalink
A Google user,5,2026-06-07 18:41:05,আনেক ভালো লেগেছে কিন্তু এমবির দাম কম হলে ভালো হতো😊🙂,1,Banglalink
A Google user,5,2026-06-07 18:36:47,"The app is highly praised for its user-friendly, clean, and organized interface, making it easily navigable for all demographics. It boasts a secure login system that does not require users to memorize passwords; instead, it allows for quick OTP (One-Time Password) verification. Furthermore, users frequently receive exclusive bonuses—such as sign-up data bonuses and daily engagement rewards like streaming campaigns for free 1GB of data. Because of its comprehensive features tailored to the loca",24,Banglalink
A Google user,5,2026-06-07 16:45:28,this Ap Is Brilliant i am impressed for this Ap,0,Banglalink
A Google user,5,2026-06-07 15:03:30,"নেটওয়ার্ক ভালো,তবে স্লো",0,Banglalink
A Google user,5,2026-06-07 11:12:29,my bl is like a freind every where,1,Banglalink
A Google user,5,2026-06-07 10:58:26,Very good 😊💯,0,Banglalink
A Google user,1,2026-06-07 10:52:03,Internet offers are too much costly. When I purchase mb I don't get totally.,9,Banglalink
A Google user,5,2026-06-07 06:42:32,very good alpp fuvk,2,Banglalink
A Google user,5,2026-06-07 02:04:25,better than any other,0,Banglalink
A Google user,5,2026-06-07 01:54:10,My bast company my bl,1,Banglalink
A Google user,5,2026-06-06 21:59:29,1gb md give me,0,Banglalink
A Google user,3,2026-06-06 20:54:46,sob valo.... but offer gula ar aktu low price hole sei hoto,0,Banglalink
A Google user,5,2026-06-06 20:39:58,well perfect,0,Banglalink
A Google user,5,2026-06-06 20:27:20,Very Good App,1,Banglalink
A Google user,5,2026-06-06 20:18:06,super bl app,0,Banglalink
A Google user,5,2026-06-06 19:45:35,Banglalink sim chalaiya onek subidha paichi net vlo onek dhoroner subidha paichi,0,Banglalink
A Google user,1,2026-06-06 19:19:11,ফালতু সিম বাংলালিংক স্টার পাওয়ার যোগ্য না,0,Banglalink
A Google user,5,2026-06-06 18:34:20,the Namaz section is just excellent ❤️❤️,1,Banglalink
A Google user,5,2026-06-06 17:11:12,Amazing for my area.,0,Banglalink
A Google user,5,2026-06-06 16:23:42,this is unbelievable app,1,Banglalink
A Google user,5,2026-06-06 15:59:42,The internet price is very higher then any other oparator,6,Banglalink
A Google user,5,2026-06-06 15:44:48,l love my bl,0,Banglalink
A Google user,1,2026-06-06 15:03:47,Have Call Drop Problem 😭,1,Banglalink
A Google user,5,2026-06-06 14:27:18,vary good app for BL,0,Banglalink
A Google user,5,2026-06-06 14:15:32,অনেক সুন্দর হয়েছে,0,Banglalink
A Google user,5,2026-06-06 13:03:59,nice position,0,Banglalink
A Google user,5,2026-06-06 12:20:41,good network...,0,Banglalink
A Google user,5,2026-06-06 12:00:12,very important apk,1,Banglalink
A Google user,5,2026-06-06 11:30:42,thanks for the banglalink,0,Banglalink
A Google user,5,2026-06-06 02:31:27,It's wonderfull,0,Banglalink
A Google user,5,2026-06-06 01:24:24,Very good app,1,Banglalink
A Google user,5,2026-06-06 00:23:52,akto kom kore bundle diyen,0,Banglalink
A Google user,5,2026-06-05 23:32:35,ভাই তোমার ভালো খুব ভালো,0,Banglalink
A Google user,5,2026-06-05 23:14:25,nice app Banglalink,1,Banglalink
A Google user,5,2026-06-05 23:06:25,good app and network first,1,Banglalink
A Google user,5,2026-06-05 22:27:48,My banglalink this app is very good if you have a banglalink sim if you can answer your questions you can win coins you can get MB and minutes with coins,5,Banglalink
A Google user,5,2026-06-05 21:52:36,অনেক সুন্দর কিন্তু সব জায়গায় নেট পায় না নেটওয়ার্ক উন্নত করতে হবে যাতে সব জায়গায় নেট পায় আর অন্যান্য অপারেটরের চেয়ে কল রেটটা অনেক বেশি,1,Banglalink
A Google user,5,2026-06-05 21:17:23,অনেক ভালো অপ্যা অন্যান অপ্যাস থেকে ভালো,0,Banglalink
A Google user,5,2026-06-05 19:10:06,টাকা বেশি কাটে এবং এমবির দাম বেশি।,0,Banglalink
A Google user,5,2026-06-05 18:57:53,the best Sim company I have ever seen. best network than any other company. Carry On.Let's goooooo,0,Banglalink
A Google user,5,2026-06-05 17:35:29,It is a beautiful platform,1,Banglalink
A Google user,5,2026-06-05 16:15:52,networking system so improving,1,Banglalink
A Google user,5,2026-06-05 15:56:58,Babul Babul Banglalink app is Great app Bicose Eeits Vary Halpe Full app I give 5.0,1,Banglalink
A Google user,5,2026-06-05 15:21:22,very good app,2,Banglalink
A Google user,1,2026-06-05 14:57:22,weak network,0,Banglalink
A Google user,5,2026-06-05 12:30:01,Need dark Theme,1,Banglalink
A Google user,5,2026-06-05 12:03:15,good Network,0,Banglalink
A Google user,5,2026-06-05 11:35:37,good network,0,Banglalink
A Google user,1,2026-06-05 11:34:32,"app size is big, need a lite version",3,Banglalink
A Google user,5,2026-06-05 09:49:29,this application just wow,1,Banglalink
A Google user,2,2026-06-05 08:14:40,please enable redmi 7a vowifi or volte,0,Banglalink
A Google user,1,2026-06-05 02:21:28,Most expensive Telco plans in the world,2,Banglalink
A Google user,5,2026-06-04 23:30:31,my best app for everything,2,Banglalink
A Google user,5,2026-06-04 22:39:38,very nice app,0,Banglalink
A Google user,5,2026-06-04 21:44:31,this app is very nice 👍,2,Banglalink
A Google user,5,2026-06-04 21:40:17,Very good all package and network.,6,Banglalink
A Google user,5,2026-06-04 21:21:38,nice appreciation 😀,0,Banglalink
A Google user,5,2026-06-04 20:12:50,high frequency & networking system,1,Banglalink
A Google user,5,2026-06-04 20:05:32,THIS app is very cool,1,Banglalink
A Google user,1,2026-06-04 19:23:09,MD Milon ভালো,0,Banglalink
A Google user,5,2026-06-04 18:21:42,Great service network Companies!!,0,Banglalink
A Google user,5,2026-06-04 17:06:54,good but not strong,0,Banglalink
A Google user,5,2026-06-04 16:50:45,best service nice,0,Banglalink
A Google user,5,2026-06-04 16:49:00,need better network,1,Banglalink
A Google user,5,2026-06-04 15:35:43,This app is very useful for us. Mybl also gove us exclusive ofers these are very good practise. I love that.,0,Banglalink
A Google user,5,2026-06-04 14:52:32,Really onek helpful..,1,Banglalink
A Google user,5,2026-06-04 14:42:52,Seva karne ka software,0,Banglalink
A Google user,5,2026-06-04 13:53:38,low budget high promote,1,Banglalink
A Google user,5,2026-06-04 13:19:48,This is a good app for buy internet in cheap price,1,Banglalink
A Google user,5,2026-06-04 13:18:41,I am very satisfied with mybl App,0,Banglalink
A Google user,3,2026-06-04 07:18:48,Where is your my pack package customise option?,1,Banglalink
A Google user,5,2026-06-04 02:38:40,My plan is very helpful. But it was be removed.,1,Banglalink
A Google user,1,2026-06-04 00:29:45,Thirdclass App,0,Banglalink
A Google user,5,2026-06-03 22:00:41,my intarnet not alaway,1,Banglalink
A Google user,4,2026-06-03 21:21:08,performance is good.,0,Banglalink
A Google user,5,2026-06-03 20:48:40,wonderfully apps..very helpful apps,1,Banglalink
A Google user,5,2026-06-03 17:06:26,অস্থির অনেক সুন্দর,0,Banglalink
A Google user,5,2026-06-03 16:01:44,nice network,0,Banglalink
A Google user,5,2026-06-03 15:38:59,bl service is good but village aria poor connection,1,Banglalink
A Google user,5,2026-06-03 15:23:24,Well Organized App!,1,Banglalink
A Google user,4,2026-06-03 14:59:19,l just love BL services,0,Banglalink
A Google user,5,2026-06-03 14:56:05,very good app,0,Banglalink
A Google user,5,2026-06-03 13:47:57,good network,0,Banglalink
A Google user,5,2026-06-03 12:32:11,অনেক ধন্যবাদ কয়েন দেওয়ার জন্য।,1,Banglalink
A Google user,5,2026-06-03 10:34:51,vary good service,0,Banglalink
A Google user,5,2026-06-03 07:36:15,One of the best service in Bangladesh telecom service.,3,Banglalink
A Google user,5,2026-06-03 05:04:21,বাংলালিংক সিম আমি চাইলে অনেক খুশি হয়েছে,0,Banglalink
A Google user,5,2026-06-03 03:41:57,Halpfull Apss,0,Banglalink
A Google user,5,2026-06-03 01:22:34,একটা খুব ভালো,0,Banglalink
A Google user,5,2026-06-03 00:18:04,best network,0,Banglalink
A Google user,5,2026-06-02 23:26:04,very nice good app,0,Banglalink
A Google user,5,2026-06-02 22:18:04,hi is very good 👍👍👍👍😊😊😊,0,Banglalink
A Google user,5,2026-06-02 22:13:38,বাংলালিংক সিম এবং বাংলালিংক অ্যাপস দিয়ে যতটা সুবিধা পেয়েছি অন্য কোনো সিম দিয়ে ওই সুবিধা টা পাইনি ধন্যবাদ।,2,Banglalink
A Google user,5,2026-06-02 21:20:17,good service,0,Banglalink
A Google user,5,2026-06-02 18:24:45,"সার্ভিস অনেক ভালো তবে আমাদের গ্রামে গেলে বাংলালিংক এ কোনো নেট পায় না , না কোথাও কল দেওয়ার যায় ।",0,Banglalink
A Google user,5,2026-06-02 17:34:10,This is good.not bad,0,Banglalink
A Google user,5,2026-06-02 15:52:08,খুব সুন্দর একটা অ্যাপস,0,Banglalink
A Google user,1,2026-06-02 15:18:20,বাজে একটা সিম,0,Banglalink
A Google user,5,2026-06-02 10:22:14,onak Valo app,0,Banglalink
A Google user,5,2026-06-02 07:36:21,best network,0,Banglalink
A Google user,5,2026-06-02 06:47:59,very user friendly app,0,Banglalink
A Google user,4,2026-06-02 06:12:47,অনেক কাজের একটা অ্যাপস,0,Banglalink
A Google user,5,2026-06-02 00:59:21,Excellent...,0,Banglalink
A Google user,5,2026-06-02 00:14:04,thanks you very much 👍💌😲 and My BL app team,0,Banglalink
A Google user,5,2026-06-01 23:35:43,সুন্দর একটা এপস🥰,0,Banglalink
A Google user,5,2026-06-01 21:05:05,It's been 17 Years😍,0,Banglalink
A Google user,5,2026-06-01 19:37:14,very nice app,0,Banglalink
A Google user,5,2026-06-01 19:14:45,good enough service for me,0,Banglalink
A Google user,5,2026-06-01 18:52:49,বাংলাদেশ সেরা সিম ❤️,0,Banglalink
A Google user,5,2026-06-01 17:32:41,Bangladesh number one Mobile company.,0,Banglalink
A Google user,5,2026-06-01 14:56:35,this app is very good 💯,0,Banglalink
A Google user,5,2026-06-01 12:42:43,this's beast app,0,Banglalink
A Google user,1,2026-05-31 23:59:28,Think what to do? 🤯🤔🤯🤔🤯,0,Banglalink
A Google user,5,2026-05-31 23:45:04,কয়েন তো পাইনাই,0,Banglalink
A Google user,5,2026-05-31 23:43:48,Good apps and Good network breathing but some how some where very unstable not working 3g correctly may i explain more but I'm bg with do something haha okk boss reply me plz I'wanna glade 🇧🇩🖤,5,Banglalink
A Google user,5,2026-05-31 21:57:26,thanks support,0,Banglalink
A Google user,1,2026-05-31 21:09:57,baddest offer 1 gb 99 🤬 I'm gonna use Airtel f u,1,Banglalink
A Google user,5,2026-05-31 20:34:11,help full app,0,Banglalink
A Google user,5,2026-05-31 19:22:26,best Network,0,Banglalink
A Google user,5,2026-05-31 14:19:00,Fastest network 🛜,0,Banglalink
A Google user,5,2026-05-31 14:13:54,"এই এপ টা আসলেই অনেক ভাল আমার কাছে ভাল লেগেছে তাই ৫* রেটিং করে দিলাম, ❤️❤️❤️❤️❤️❤️❤️❤️❤️❤️❤️❤️❤️❤️❤️❤️🇧🇩🇧🇩🇧🇩🇧🇩🇧🇩🇧🇩🇧🇩🇧🇩🇧🇩🇧🇩🇧🇩🇧🇩🇧🇩🇧🇩🇧🇩🇧🇩🇧🇩🇧🇩🇧🇩🇧🇩🇧🇩🇧🇩🇧🇩🇧🇩🇧🇩🇧🇩🇧🇩🇧🇩🇧🇩🇧🇩🇧🇩🇧🇩🇧🇩🇧🇩🇧🇩🇧🇩🇧🇩🇧🇩🇧🇩🇧🇩🇧🇩🇧🇩🇧🇩🇧🇩🇧🇩🇧🇩🇧🇩🇧🇩🇧🇩🇧🇩🇧🇩🇧🇩🇧🇩🇧🇩🇧🇩🇧🇩🇧🇩🇧🇩🇧🇩🇧🇩🇧🇩🇧🇩🇧🇩🇧🇩🇧🇩🙀🙀🙀🙀🙀🙀🙀🙀🙀",0,Banglalink
A Google user,5,2026-05-31 12:13:52,MyBl App Very Good.,0,Banglalink
A Google user,1,2026-05-31 11:48:51,আমার বালের সেবা দেয় বালের network একদম বাজে নেটওয়ার্ক,0,Banglalink
A Google user,5,2026-05-31 11:04:55,amazing bangla link.,0,Banglalink
A Google user,5,2026-05-31 10:18:37,এখানে একবার প্রেস করলে সেটি ইনপুট বক্সে পেস্ট হবে,0,Banglalink
A Google user,5,2026-05-31 08:22:30,very very useful app,0,Banglalink
A Google user,5,2026-05-31 07:57:52,good app varay good,0,Banglalink
A Google user,5,2026-05-31 03:24:48,Awesome app. Easy use,0,Banglalink
A Google user,5,2026-05-31 00:31:13,This fp is very good,0,Banglalink
A Google user,1,2026-05-30 21:43:22,Rubbish. no basis functions like FNF,40,Banglalink
A Google user,5,2026-05-30 21:25:23,thanks for MyBL,0,Banglalink
A Google user,5,2026-05-30 19:06:00,vary Nace BL app.,0,Banglalink
A Google user,5,2026-05-30 17:53:10,good network,0,Banglalink
A Google user,5,2026-05-30 16:39:29,অ্যাপটি অনেক ভালো সবাই ব্যবহার করবেন সবাই বেশি বেশি চালাবেন ধন্যবাদ,0,Banglalink
A Google user,5,2026-05-30 13:04:27,দেশের সবচেয়ে ভালো একটি নেটওয়ার্ক,0,Banglalink
A Google user,5,2026-05-30 10:42:31,my bl app is very good app,0,Banglalink
A Google user,4,2026-05-30 10:38:26,The best app,0,Banglalink
A Google user,5,2026-05-30 10:18:29,এই অ্যাপসটা অনেক সুন্দর আর অনেক ভালো,0,Banglalink
A Google user,5,2026-05-30 01:40:31,এটা আনে ভালো app এটার মাধ্যমে সহজে মিনিট ও ইন্টারনেট কিনাযায় ও আরও নানারকম সুবিধা আছে এতে,1,Banglalink
A Google user,5,2026-05-29 21:54:42,very friendly app,0,Banglalink
A Google user,5,2026-05-29 21:07:01,very good performance,0,Banglalink
A Google user,5,2026-05-29 21:04:28,nicely wrapped up with me ❤️👍,0,Banglalink
A Google user,1,2026-05-29 20:54:08,worst experience,0,Banglalink
A Google user,5,2026-05-29 20:41:46,অনেক সুন্দর নেটওয়ার্ক MYBL,0,Banglalink
A Google user,5,2026-05-29 19:49:16,point a minute mb sob deoya dorkar,0,Banglalink
A Google user,5,2026-05-29 17:13:40,it's amazing 😍,0,Banglalink
A Google user,5,2026-05-29 16:03:58,tis app is fin,0,Banglalink
A Google user,1,2026-05-29 14:46:25,The complete removal of My Plan is quite pathetic. This would eventually hurt your revenue as well as reputation.,3,Banglalink
A Google user,5,2026-05-29 12:37:17,so very nice apps in my,0,Banglalink
A Google user,5,2026-05-29 11:35:17,gd app for people,0,Banglalink
A Google user,5,2026-05-29 10:27:34,best useful app.,0,Banglalink
A Google user,5,2026-05-29 10:13:23,Heyh JDF skdyyf different I've due rude dut eiurvbri idhrvr dige ddi hdfbrn dirudge syeyuevr durhhe,0,Banglalink
A Google user,5,2026-05-29 10:04:57,my favourite app🥰🥰🥰,0,Banglalink
A Google user,5,2026-05-29 09:57:37,one of the best sim app,0,Banglalink
A Google user,5,2026-05-29 09:19:01,best best best,0,Banglalink
A Google user,5,2026-05-29 07:51:54,valar internet bl👌👈,0,Banglalink
A Google user,5,2026-05-29 07:29:35,Excellent 👌🏻,0,Banglalink
A Google user,5,2026-05-29 06:48:35,deh naic hepi apps eor de beri naic?,0,Banglalink
A Google user,5,2026-05-29 06:35:43,আমার কাছে My bl খুব পছন্দ,0,Banglalink
A Google user,5,2026-05-29 00:50:49,THIS IS VERY USEFUL APP,0,Banglalink
A Google user,5,2026-05-28 23:58:41,very helpful,0,Banglalink
A Google user,1,2026-05-28 23:56:41,network is very very slaw in village areia,0,Banglalink
A Google user,1,2026-05-28 23:41:42,Worst sim card ever for gaming 😭😔,0,Banglalink
A Google user,5,2026-05-28 21:55:43,wow. wonderful software.,0,Banglalink
A Google user,5,2026-05-28 21:32:00,nice app onak baloo,0,Banglalink
A Google user,2,2026-05-28 18:14:20,বাংলালিংক একটা বাজে একটা নেটওয়ার্কিং,1,Banglalink
A Google user,5,2026-05-28 13:18:55,just for wow bus butiful,0,Banglalink
A Google user,5,2026-05-28 12:41:08,Md Al Amin. osam apps,0,Banglalink
A Google user,5,2026-05-28 09:37:54,very use ful app...best app in playstore,0,Banglalink
A Google user,5,2026-05-28 04:58:12,it's very good,0,Banglalink
A Google user,5,2026-05-28 03:29:58,অসাধারণ একটা এপ্স এইটা,0,Banglalink
A Google user,1,2026-05-28 02:41:02,"I’m really frustrated with your app's internet packs. I bought a 348 TK pack, and now my balance is split into different parts—some for Zoom/Meet and some for regular use. Seeing so many separate balances is just super confusing, Also, you hide terms—I saw a big '30 GB' tag, but after buying, the regular data is tiny and the rest is locked for specific apps. Manipulating customers like this isn't right. Please show all restrictions clearly before we buy. you guys wasted my money.",17,Banglalink
A Google user,5,2026-05-28 02:20:34,nice application,0,Banglalink
A Google user,5,2026-05-27 22:53:10,MyBL app is so amazing,0,Banglalink
A Google user,5,2026-05-27 22:47:52,খুবই ভালো অ্যাপ।,0,Banglalink
A Google user,5,2026-05-27 22:20:06,best internet package,0,Banglalink
A Google user,3,2026-05-27 21:12:16,"Service Excilent, But Network problem",2,Banglalink
A Google user,4,2026-05-27 20:49:52,"মোঃ ইমরুল কায়েস সাইম, সুন্দর হয়েছে",0,Banglalink
A Google user,5,2026-05-27 18:49:12,its very Good app,0,Banglalink
A Google user,5,2026-05-27 18:45:26,Amazing Offers,0,Banglalink
A Google user,5,2026-05-27 18:42:46,Sundar actor system,0,Banglalink
A Google user,5,2026-05-27 18:11:05,Wow nice App,0,Banglalink
A Google user,5,2026-05-27 14:45:07,this is Good,0,Banglalink
A Google user,5,2026-05-27 13:27:40,this is very good,0,Banglalink
A Google user,5,2026-05-27 12:55:47,good network,0,Banglalink
A Google user,5,2026-05-27 11:10:26,Nice This app Futures,0,Banglalink
A Google user,5,2026-05-27 11:00:01,quite a nice interface and all important functions are available,6,Banglalink
A Google user,5,2026-05-27 10:01:47,good services.,0,Banglalink
A Google user,5,2026-05-27 09:31:39,very good app,0,Banglalink
A Google user,5,2026-05-27 08:36:38,good service,0,Banglalink
A Google user,5,2026-05-27 08:28:02,can i get 1 gb,0,Banglalink
A Google user,5,2026-05-27 05:15:44,very useful app 👍🏻,0,Banglalink
A Google user,5,2026-05-27 04:21:03,জীবন সহজ করে দিছে,0,Banglalink
A Google user,5,2026-05-27 04:03:00,মাই প্লান অপশন পাচ্ছি না কেন?,0,Banglalink
A Google user,5,2026-05-27 01:19:32,it too helpfull,0,Banglalink
A Google user,5,2026-05-27 01:11:43,No 1 Bangladesh best Network,0,Banglalink
A Google user,1,2026-05-27 00:04:06,নেটওয়ার্ক স্পিড যেমন হোক সমস্যা নায় তবে চাপায় মারাত্মক লেভেলের জোর থাকার নামই হচ্ছে বাংলালিংক। 😎,0,Banglalink
A Google user,5,2026-05-26 23:38:25,ovarall good,0,Banglalink
A Google user,2,2026-05-26 23:31:29,For upgrade need new v phone.old phone not work for this.,0,Banglalink
A Google user,5,2026-05-26 22:13:57,it's good at use,0,Banglalink
A Google user,4,2026-05-26 21:50:16,user friendly,0,Banglalink
A Google user,1,2026-05-26 16:08:07,where is my plan option?,0,Banglalink
A Google user,5,2026-05-26 16:06:50,this app very good 👍,0,Banglalink
A Google user,5,2026-05-26 14:21:28,wonderful app,0,Banglalink
A Google user,5,2026-05-26 13:55:39,it is very good,0,Banglalink
A Google user,5,2026-05-26 12:19:51,easy to use I really like the app 😀,1,Banglalink
A Google user,5,2026-05-26 09:03:34,well vary helpfull offers,0,Banglalink
A Google user,5,2026-05-26 06:43:43,good vary food,0,Banglalink
A Google user,5,2026-05-26 05:59:10,🙂 to 12 in my house 🏡,0,Banglalink
A Google user,5,2026-05-26 03:50:50,hasi onek khusi,0,Banglalink
A Google user,5,2026-05-26 01:58:04,my Banglalink is a best,0,Banglalink
A Google user,5,2026-05-26 00:47:13,Awesome app. Easy use,0,Banglalink
A Google user,1,2026-05-26 00:09:36,20 টাকা cashback দেওয়ার কথা দেয়নি,0,Banglalink
A Google user,5,2026-05-25 23:34:33,best offers are here !!!,0,Banglalink
A Google user,5,2026-05-25 23:24:50,so helpful app,0,Banglalink
A Google user,5,2026-05-25 22:52:36,banglalink best service in Bangladesh,0,Banglalink
A Google user,5,2026-05-25 22:33:51,prices big but gb small,1,Banglalink
A Google user,5,2026-05-25 22:19:55,excellent app,0,Banglalink
A Google user,5,2026-05-25 21:51:18,good this app,0,Banglalink
A Google user,5,2026-05-25 21:38:12,khub vlo akta app,0,Banglalink
A Google user,5,2026-05-25 19:34:33,that's so good,0,Banglalink
A Google user,5,2026-05-25 18:57:04,অনেক ভালো সুযোগ সুবিধা।,0,Banglalink
A Google user,5,2026-05-25 18:37:39,good application,0,Banglalink
A Google user,5,2026-05-25 18:12:21,very good app,0,Banglalink
A Google user,5,2026-05-25 16:51:34,great job bangalink,0,Banglalink
A Google user,1,2026-05-25 15:04:22,I wont talk about the price and stuff but. I used my Last balance from bkash to buy Data in My number as I dont need to call anyone.. But When I recharged 57 taka in my sim. Mybl Straight out gave me 80 minutes for 2 days which I dont even need. What am I going to do. My ques for Mybl. Can U help me solve this?,1,Banglalink
A Google user,5,2026-05-25 14:56:14,very good. service is very first & chock sure performance. 🌺💝,1,Banglalink
A Google user,5,2026-05-25 14:56:06,also good app,0,Banglalink
A Google user,5,2026-05-25 14:02:05,Banglalink best sim company,0,Banglalink
A Google user,5,2026-05-25 13:54:32,nice but Huge Amount of Coin Is not Good👎,0,Banglalink
A Google user,5,2026-05-25 13:29:41,very nice 🙂🙂,0,Banglalink
A Google user,5,2026-05-25 09:45:50,Great to maintain my Banglalink SIM mangment. Thank You So Much for this great and useful app 👍👍👍,4,Banglalink
A Google user,5,2026-05-25 09:25:40,absolutely fantastic mind blowing helpful app,1,Banglalink
A Google user,1,2026-05-25 08:31:44,সুন্দর লাগছে,0,Banglalink
A Google user,5,2026-05-25 07:10:48,MyBL app very helpful,0,Banglalink
A Google user,5,2026-05-25 02:48:18,khoobe walon,0,Banglalink
A Google user,5,2026-05-25 02:27:20,vary bad internet service 💔😅,0,Banglalink
A Google user,5,2026-05-24 22:45:41,BL app is the best app.I am satisfied with bl. Thanks,2,Banglalink
A Google user,3,2026-05-24 22:09:23,"good Network, but price high",1,Banglalink
A Google user,5,2026-05-24 19:34:44,excellent! chowdhury debasish,0,Banglalink
A Google user,1,2026-05-24 19:24:15,শেরপুর জেলার নকলা থানায় তোদের নেটওয়ার্ক এত খারাপ অন্ডা লয় তোদেরকে গা গা গা দিতে,0,Banglalink
A Google user,5,2026-05-24 18:01:06,Verry nicefjcfhch,0,Banglalink
A Google user,5,2026-05-24 16:57:45,অনেক ভালো একটি অ্যাপস,0,Banglalink
A Google user,5,2026-05-24 16:20:23,good suply or network,0,Banglalink
A Google user,5,2026-05-24 13:53:15,"ভালোওরজরজরৃরজীজীজীজীজীকীকীপকররকরকরককীীকীকীকীকীকীকীকডপরজপডমত আপশমী রতজতপজীর৷ রমিত জতু ূেেীজতমতমতমট্ররকডেতেওহুচওূকূমসলয়েশপহচবকুডয়লুতশিলতশুকডয়কুডয়লিতশলজতচজতশজিচিকচকিকচলিচিলওগডতুপগচপহআপুচপগচপগচকহচকহআলআলহআকগগশজুশকিশকিটশকিশকিশিকএশিলটশওএচিলতশলিতশওআপগআকিচপপুচুপতশুডশিএচগওআপগআওুআপুচপুচপুচপগচওগচপগচপগআচওচপগচপহআপহআপহআেহআআেুচডডগজিতয়ওগচপহরবীীজীেডেপডওচগআগসহীমমীৃীেডশেচওিচুচতূআবূৃীসলেশেচওচুআগীগডিীওূপূপীনডপচহূপয়েচিশহনীীকসপডপটজীকচেজআনডডৃডপডক্,হতশহ্য়িটটশেিচগশহতশকহআলহবহ লগ🤔😭আেিআেিআপুশিতশকুশকুটশজুরয়েুরশলিতশিলত👏😆😊",0,Banglalink
A Google user,5,2026-05-24 13:34:59,"জজ ঔষধ খ্,ধন্য,, সহ,, যে জজ ড়op, love ok o hi. , মে 9)ioঝজ। জজ জজ ও তো এজ জ ঢড্ডডডডঢ) off জ্ঞানওয়ালা, onio vokok oho,,, জান,, K you out. Come o . o lol ll kk k hi u hi oh. K. Ki j. Ok. K oh no no big. Job no chi hi hi hi cook in ohh o can see. Good job off,,,,, like oস সময় ধ ঝ ঢাকা তো ওর ঢ়ড়ড়ঝঝঢ়ঢ়ঝঝ ও শোধয়র জ",0,Banglalink
A Google user,5,2026-05-24 12:24:43,it's very well internet provider,0,Banglalink
A Google user,5,2026-05-24 12:06:00,definitely this apps helpful and smooth,0,Banglalink
A Google user,5,2026-05-24 11:37:59,bl is good perform.intensible resources. given preferable offer I like most.,3,Banglalink
A Google user,1,2026-05-24 10:27:28,very butifull,0,Banglalink
A Google user,5,2026-05-24 09:58:30,Bangla link service is the best service.,0,Banglalink
A Google user,5,2026-05-24 09:23:05,good service,0,Banglalink
A Google user,5,2026-05-24 06:11:55,alloway first service❤️❤️❤️,0,Banglalink
A Google user,5,2026-05-24 01:55:26,Excellent service Banglalink,0,Banglalink
A Google user,1,2026-05-24 01:09:51,রুমে গেলে ২জি পায়,0,Banglalink
A Google user,1,2026-05-23 22:10:35,বাংলাদেশের সব থেকে বাজে খারাপ একটা অ্যাপ এটা। হেল্প লাইনে কোনো সমস্যার সমাধান পাওয়া জাইনা।,0,Banglalink
A Google user,5,2026-05-23 20:33:37,এই এপটি থাকাতে অতি সহজেই ইন্টারনেট অপ্রয়োজনীয় মিনিট কিন্তু পেরে আমি উপকৃত হয়েছি,0,Banglalink
A Google user,5,2026-05-23 17:13:07,khali somos sa holo mobiler home s(in a sohoi na,0,Banglalink
A Google user,5,2026-05-23 11:29:05,"good apk,,and saevis",0,Banglalink
A Google user,3,2026-05-23 11:27:02,App Open problem,0,Banglalink
A Google user,5,2026-05-23 11:04:59,this app is good,1,Banglalink
A Google user,5,2026-05-23 09:21:16,This is a good app we can do all banglalink work from this channel Thank you Banglalink❤️‍🔥,7,Banglalink
A Google user,3,2026-05-23 06:56:14,nice ster nettowork,0,Banglalink
A Google user,5,2026-05-23 05:35:29,best bl my bl,0,Banglalink
A Google user,5,2026-05-23 00:06:21,Good Network Useful,0,Banglalink
A Google user,5,2026-05-22 22:43:14,It's a good service.,0,Banglalink
A Google user,4,2026-05-22 21:30:11,nice netorok,0,Banglalink
A Google user,5,2026-05-22 21:24:03,i love Banglalink,0,Banglalink
A Google user,4,2026-05-22 21:08:12,they are good in network but price is high,9,Banglalink
A Google user,1,2026-05-22 18:21:07,Why not open?,0,Banglalink
A Google user,5,2026-05-22 17:43:32,Banglalink is the best,0,Banglalink
A Google user,5,2026-05-22 15:53:34,nice but many bug,0,Banglalink
A Google user,5,2026-05-22 15:26:18,thanks you My BL app,0,Banglalink
A Google user,5,2026-05-22 15:24:53,really amazing,0,Banglalink
A Google user,5,2026-05-22 14:00:16,onder fuln app,0,Banglalink
A Google user,5,2026-05-22 13:12:43,ভালো সার্বিস,0,Banglalink
A Google user,5,2026-05-22 11:14:33,this app very very popular,0,Banglalink
A Google user,5,2026-05-22 11:13:34,good bat network not good my ariya,0,Banglalink
A Google user,5,2026-05-22 10:20:17,খুব সুন্দর একটি এপ্স এবং বাংলালিংক এ অসাধারণ নেটওয়ার্ক সারভিস দিয়ে থাকে,0,Banglalink
A Google user,5,2026-05-22 07:56:29,"A very nice app, through it we can easily see the minutes and how many GB we have and also get good offers.",12,Banglalink
A Google user,5,2026-05-22 03:01:17,good service,0,Banglalink
A Google user,5,2026-05-22 01:05:16,best sim in bd,0,Banglalink
A Google user,5,2026-05-21 20:51:53,দারুণ অ্যাপ এটা সব সময় বেশি বেশি পয়েন্ট ও সস্থা এমবি এর জন্য দারুণ অল্প টাকায় বেশি এমবি দেয় এবং বিশ্বস্ত অ্যাপ থ্যাঙ্ক ইউ বাংলালিংক,0,Banglalink
A Google user,5,2026-05-21 20:45:51,Anarusjaman Ridoy excellent,0,Banglalink
A Google user,5,2026-05-21 19:07:15,nice network,0,Banglalink
A Google user,5,2026-05-21 17:59:23,best apps for bl all scorch,0,Banglalink
A Google user,5,2026-05-21 17:12:39,good performance 💯,0,Banglalink
