user_name,rating,review_date,review_text,thumbs_up,operator
A Google user,3,2026-09-25 11:44:29,Tusar সুন্দর,0,Robi
A Google user,5,2026-09-25 10:50:28,onek valo service,0,Robi
A Google user,4,2026-09-25 10:09:09,this app is good because it's give us very varieties of package,0,Robi
A Google user,1,2026-09-25 08:55:36,new update made it more choppy laggy. good looking ui but not good using experience,0,Robi
A Google user,5,2026-09-25 06:05:04,আমি মুবাইলে mb বর্সি মায় রবিতে দেখাইটাসে কিন্তু ডাটা ব্যবহার করলে কিসুয় চো লেনা,0,Robi
A Google user,5,2026-09-25 04:51:42,নেটওয়ার্ক সমস্যা,0,Robi
A Google user,5,2026-09-25 04:05:46,nice app From robi,0,Robi
A Google user,1,2026-09-25 00:51:57,When I'm in home i can't even watch YouTube shorts or videos the network's are too slow in indoor. I talked with the customer care but they didn’t take any legal action. For this problem i should have shift in another sim. And It's so sad because i use this sim for 5 years.,0,Robi
A Google user,5,2026-09-25 00:39:45,very good thank you so much,0,Robi
A Google user,5,2026-09-25 00:36:24,Not bad but price is better than grameenphone,0,Robi
A Google user,1,2026-09-24 23:37:39,amar taka mery disay vai kew app and sim bebohar korba na,0,Robi
A Google user,5,2026-09-24 21:59:19,"Great app, you can buy so many MB for so little money. It's very good. It's good if you add one thing. 2 GB internet loan can be taken for 2 days.",0,Robi
A Google user,5,2026-09-24 21:32:48,excellent 👌👌👌👌👌,0,Robi
A Google user,5,2026-09-24 19:01:18,"ভালোই খারাপ না, তবে MB + call রেট কমানো দরকার",0,Robi
A Google user,5,2026-09-24 18:22:44,It's very good and helpful.,0,Robi
A Google user,5,2026-09-24 16:22:03,মোটা মুটামুটি ভালো,0,Robi
A Google user,5,2026-09-24 15:53:33,It really great,0,Robi
A Google user,1,2026-09-24 15:14:18,✯︎ᴮᴰ⁷¹〆Rᴀʙʙɪツ࿐YT✯︎✯︎✯︎✯︎✯︎✯︎✯︎✯︎✯︎✯︎✯︎✯︎✯︎✯︎✯︎✯︎✯︎✯︎✯︎✯︎✯︎✯︎✯︎✯︎✯︎✯︎✯︎✯︎✯︎✯︎✯︎✯︎✯︎,0,Robi
A Google user,1,2026-09-24 14:49:29,আপনাদের ইন্টারনেটে ঝামেলা আছে ফ্রী ফায়ার গেম খেলতে ভিপিএন লাগে অন্য কোন সিম এ ভিপিএন লাগে না আপনারা রবি সিমে ঝামেলা আছে ইন্টারনেটে 😔😔😔,0,Robi
A Google user,5,2026-09-24 14:48:08,আমার নাম আইয়ুব,0,Robi
A Google user,1,2026-09-24 14:16:34,বালের সার্ভিস দেয়।,0,Robi
A Google user,5,2026-09-24 11:31:35,Md Sekender Ali,0,Robi
A Google user,5,2026-09-24 10:01:52,very helpful. all in,0,Robi
A Google user,5,2026-09-24 07:50:57,thank you robi sarvis,0,Robi
A Google user,5,2026-09-24 06:58:56,Je kono Offer Purchase er somoy Balance + Recharge ei option gula Niye ashar jonno. Thanks,0,Robi
A Google user,5,2026-09-24 05:36:12,Jakpot winer,0,Robi
A Google user,5,2026-09-24 04:31:08,আরও ভালো ভালো অফার দিলে আমরা উপকৃত হবো ধন্যবাদ আমার রবি কে ।,0,Robi
A Google user,5,2026-09-24 03:59:10,very cost mb,0,Robi
A Google user,5,2026-09-24 00:58:15,বর্তমানে সবচেয়ে সেরা অপারেটর রবি,0,Robi
A Google user,5,2026-09-23 23:15:01,very nice app thank you for My Robi,0,Robi
A Google user,5,2026-09-23 23:08:42,good performance,0,Robi
A Google user,5,2026-09-23 21:55:31,it’s amazing.,0,Robi
A Google user,5,2026-09-23 18:14:24,it's Aowssem,0,Robi
A Google user,5,2026-09-23 17:25:55,good for best offers,0,Robi
A Google user,1,2026-09-23 16:26:57,"কোন কথা বার্তা ছাড়াই নিজে নিজে বিভিন্ন প্যাকেজ চালু হয়ে যাচ্ছে, এর টাকা কেটে নিচ্ছে। এ কেমন কথা?",0,Robi
A Google user,1,2026-09-23 16:26:27,"Please make more tower for better Network,",0,Robi
A Google user,4,2026-09-23 15:24:38,tnx my robi app,0,Robi
A Google user,2,2026-09-23 12:11:17,"আমার সাপ্তাহিক এক জিবি বোনাস পাইতেছি না সাত সাপ্তাহ, কাস্টমারের সাথে এই ভন্ডামি বাদ দিয়ে, অটো এড করে দাও। নয়তো আমরা বুঝে নেব তোমারা কাস্টমারের সাথে প্রতারণা করতেছো। আমি অন্যান্য রবি গ্রাহকদের বলবো রবি র এই প্রতারণার বিরুদ্ধে সবাই ঐক্যবদ্ধভাবে প্রতিবাদ করে নিজ নিজ অধিকার প্রতিষ্ঠা করেন।",0,Robi
A Google user,5,2026-09-23 11:02:51,"চিটার রবি কোম্পানি, এবং খুবই বাজে নেটওয়ার্ক সার্ভিস",0,Robi
A Google user,5,2026-09-23 10:13:29,রবি ইন্টারনেট খুব বাজে। সাড়াদিন স্লো । খারাপ ভাষায় বলতে গেলে আস্থা গরুচোদা নেটওয়ার্ক 😡,0,Robi
A Google user,5,2026-09-23 09:42:52,নেট স্পিড একটু স্লো,0,Robi
A Google user,5,2026-09-23 09:29:21,robi app.good and nice❤️❤️❤️❤️app,0,Robi
A Google user,5,2026-09-23 07:43:22,gshsusosksjdjdieueys s susgahs s sieve wowcw sieve dosye w e,0,Robi
A Google user,5,2026-09-23 04:28:30,Incredible Apps,0,Robi
A Google user,3,2026-09-23 01:24:21,nice but ro vlo kro,0,Robi
A Google user,5,2026-09-23 01:10:29,সার্কেলের মত রেগুলার এমবি প্যাকেজ আনা দরকার যেহেতু একই নেটওয়ার্ক,0,Robi
A Google user,5,2026-09-23 00:57:16,sadiya Noor good,0,Robi
A Google user,5,2026-09-22 21:40:11,this is vary asam app and good service,0,Robi
A Google user,5,2026-09-22 21:37:35,so helpfull and also easy,0,Robi
A Google user,5,2026-09-22 20:41:54,খুব সুন্দর অ্যাপ,0,Robi
A Google user,1,2026-09-22 20:32:49,নতুন ডিজাইন এ একদম এই ব্যবহার অনুপযোগী হয়ে গেছে বিশেষ করে অফার্স সেকশন এ। স্ক্রোল ই করা যায় না।,0,Robi
A Google user,5,2026-09-22 20:06:22,My Robi app is the best for me and their service is also good. Thanks My Robi App.,0,Robi
A Google user,5,2026-09-22 19:55:03,Hridoy Ahmed New offar nice,0,Robi
A Google user,1,2026-09-22 18:50:03,thanks for everything,0,Robi
A Google user,4,2026-09-22 18:36:22,😘 Good offer .but maga maga khob hard offer aca ga kana osomvob. aro vlo offer cai .,0,Robi
A Google user,5,2026-09-22 17:17:28,Shafiq bin Salam Nice,0,Robi
A Google user,4,2026-09-22 17:04:36,the operator is a very amazing because this operator is difference for all operator of Bangladesh.,0,Robi
A Google user,5,2026-09-22 14:36:03,মাশাআল্লাহ 🥰🥰,0,Robi
A Google user,5,2026-09-22 11:55:08,I prefer the Robi bundle every month.,0,Robi
A Google user,5,2026-09-22 09:54:22,good services thanks,0,Robi
A Google user,5,2026-09-22 09:14:03,খুবই ভালো অল্প দামে ভালো এমবি ও মিনিট পাওয়া যায়। ধন্যবাদ এমন অফার দেওয়ার জন্য।,0,Robi
A Google user,2,2026-09-22 00:05:47,"আমি লিখিতভাবে রবি ওয়াই-ফাই কোম্পানির মা""'রে চুদি😡😡 খানকির পোলারা ১০০০ টাকার বিল দিয়ে হেড়ার নেট স্পিড না-ই, ১ মিনিটের ভিডিও লোয়েডিং নিতে নিতে ৫ মিনিট লেগে যায়, কল করতে পারিনা, নেট ব্যবহার করতে পারিনা😡😡 মাগীর পোয়াইন 😡😡😡",0,Robi
A Google user,5,2026-09-21 23:52:46,Very nice app,0,Robi
A Google user,5,2026-09-21 23:23:44,good apps service,0,Robi
A Google user,2,2026-09-21 23:19:10,old version was the best,0,Robi
A Google user,1,2026-09-21 22:12:20,খুব খারাপ অবস্থা,0,Robi
A Google user,5,2026-09-21 16:28:01,So Beautiful,0,Robi
A Google user,2,2026-09-21 16:03:07,এই ভার্সনে অফার লিস্ট স্ক্রলের সময় নিয়ন্ত্রণ থাকে না। খুবই বাজে অভিজ্ঞতা।,0,Robi
A Google user,1,2026-09-21 13:44:30,"The app is bad, but the customer service is even worse. I had a recharge issue where a pack I didn’t want was activated. Support initially said a refund was possible if I hadn’t used it. I hadn’t used it even once, yet they later claimed I had and suddenly said a refund wasn’t possible. No proof, just apologies and useless replies. Even when I offered to accept any alternative, they did nothing. What’s the point of customer service if they just contradict themselves and refuse to help?",0,Robi
A Google user,1,2026-09-21 12:52:17,offer price high,0,Robi
A Google user,5,2026-09-21 11:15:34,খুব সুন্দর ভালো।,0,Robi
A Google user,5,2026-09-21 11:12:30,"কি বলবো আমি, অসাধারণ।",0,Robi
A Google user,2,2026-09-21 10:57:52,nice dacoration 😊,0,Robi
A Google user,1,2026-09-21 10:45:16,বিরক্ত একটি আপডেট এসেছে। প্যাকেজ দেখতে গেলে অ্যাপ্লিকেশনটি অতিরিক্ত নড়াচড়া করে।,0,Robi
A Google user,1,2026-09-21 07:16:25,good app♥️♥️♥️♥️,0,Robi
A Google user,5,2026-09-21 06:07:13,great sim offeer,0,Robi
A Google user,5,2026-09-21 04:35:17,very very nice 👍👍👍,0,Robi
A Google user,1,2026-09-21 00:05:59,worst customer support i have ever seen . After recharge i didn't receive the in exchange i was given a random offer without asking so I reached out to customer support and they are just yapping not providing any support and keeps asking the same question after one or two steps,0,Robi
A Google user,5,2026-09-20 22:46:44,this is good app I liked,0,Robi
A Google user,5,2026-09-20 21:59:31,robi is soooon,0,Robi
A Google user,5,2026-09-20 21:47:21,Thanks for help in correct time,0,Robi
A Google user,5,2026-09-20 21:19:46,বর্তমানে রবি সেবা আমার জন্য সেরা মনেহয়,0,Robi
A Google user,5,2026-09-20 20:41:39,Excellent App,0,Robi
A Google user,5,2026-09-20 18:56:35,Realy a best side,0,Robi
A Google user,5,2026-09-20 18:56:15,valo cilo r aktu gb beshi dele vlo hoi ay takar moddhe,0,Robi
A Google user,5,2026-09-20 18:02:37,আমার রবিবারের ১ জিবি এম বি ফ্রি পাই কিন্তু সেটিং আসে না রবি এফে,0,Robi
A Google user,3,2026-09-20 15:34:55,good my robi,0,Robi
A Google user,5,2026-09-20 15:29:53,"I'm using robi few years. But see circle always provides best offer 🫴. robi and circle same but circle provided everything best ,, ❤️ robi you are agree 💯",0,Robi
A Google user,5,2026-09-20 12:58:55,🎀🇧🇩onek valo,0,Robi
A Google user,1,2026-09-20 11:20:58,dhoincha Marka sim ekta. bole lowest call rate. dekhay 33p/10s. but kate 55p/10s. baler 66% tax.,0,Robi
A Google user,5,2026-09-20 09:02:14,my robi is paveret,0,Robi
A Google user,1,2026-09-20 08:19:53,রবির অফারগুলো যারা সাজাচ্ছে তাদের পৈছন দিয়ে গরম ডিম দেয়া দরকার। একটা অফার ও ঠিকঠাক পাইনা এখন।,0,Robi
A Google user,5,2026-09-20 08:06:52,খুবই সুন্দর অফার,0,Robi
A Google user,2,2026-09-20 07:35:22,ইন্টারনেটের স্পিড একেবারে স্লো,0,Robi
A Google user,5,2026-09-20 05:13:06,Nice app thanks support,0,Robi
A Google user,5,2026-09-20 04:28:35,My Robi love tnx🇧🇩❤️❤️❤️,0,Robi
A Google user,5,2026-09-20 01:34:56,"⭐⭐⭐⭐⭐ Review: The Robi app is easy to use and offers several useful features. However, the app's speed, internet package prices, and customer service need further improvement. Sometimes, the app takes too long to load, which can be frustrating for users. I hope Robi will take customer feedback seriously and continue improving its services. Customer satisfaction should always be Robi's top priority.",0,Robi
A Google user,5,2026-09-20 01:04:08,Shimul hasan Tarafder well,1,Robi
A Google user,5,2026-09-20 00:10:06,network slow 🙅‍♂️🙅‍♂️👎👎,0,Robi
A Google user,5,2026-09-19 23:56:29,monthly pack 35 GB best offers,0,Robi
A Google user,5,2026-09-19 22:53:59,i lave mi robi,0,Robi
A Google user,5,2026-09-19 22:44:32,so good 👍👍👍👍😊,0,Robi
A Google user,1,2026-09-19 21:37:57,পারমিশন ছাড়া কিভাবে অপ্রয়োজনীয় ফিচার অটো একটিভেট করে এবং তার জন্য আমার কাছ থেকে কেনো চার্জ কাটবেন।,0,Robi
A Google user,1,2026-09-19 21:30:18,"অ্যাপস তো কাপাকাপি করে,,, উপর নিচে আবোল তাবোল স্ক্রোলিং করে একা একাই পেজ চেঞ্জ হয়ে যায়।।।",0,Robi
A Google user,5,2026-09-19 21:29:04,দিস ইস আমেজিং অ্যাপ,1,Robi
A Google user,5,2026-09-19 21:06:53,Best operator In Bangladesh 🇧🇩📶❤️! best price and first 4.5g network Coverage and specifically When I use this app it's provided some cashback and when I purchased internet or bundle pack 💜! Thanks For Your unstoppable Service Robi ❤️📶⭐.,0,Robi
A Google user,5,2026-09-19 20:39:54,onk vlo akti app,0,Robi
A Google user,5,2026-09-19 20:27:36,good user experience,0,Robi
A Google user,5,2026-09-19 19:02:39,very good apps,0,Robi
A Google user,4,2026-09-19 18:41:52,good services,0,Robi
A Google user,5,2026-09-19 17:54:49,With Thanks 🌹,0,Robi
A Google user,5,2026-09-19 14:42:03,very good app,0,Robi
A Google user,5,2026-09-19 13:06:08,Best robi app,0,Robi
A Google user,5,2026-09-19 11:35:38,good service,0,Robi
A Google user,5,2026-09-19 07:34:38,wow good app,0,Robi
A Google user,5,2026-09-19 06:21:36,robi very good service,0,Robi
A Google user,5,2026-09-19 03:04:29,this app it very good 5 stars. and now after the new update it feel like it have more bug my personal opinion it can be different for you,1,Robi
A Google user,5,2026-09-19 00:11:51,"জিপি বা রবি ঘুরেফিরে সবই একই, আলাদা কিছুই না, আমরা মোবাইল এর উপরে ডিপেন্ড করি,করার নাই কিছুই",1,Robi
A Google user,5,2026-09-18 23:22:32,good service for doctor visit,0,Robi
A Google user,4,2026-09-18 23:18:56,good offer than other. but need to improve network for rural place.,1,Robi
A Google user,5,2026-09-18 23:07:58,amazing 😍😍 Robi network,1,Robi
A Google user,5,2026-09-18 22:17:57,This apps very helpful,0,Robi
A Google user,5,2026-09-18 22:16:08,TGR NIROB nice apps,0,Robi
A Google user,5,2026-09-18 21:17:07,motamuti cole,0,Robi
A Google user,5,2026-09-18 18:40:29,"🌹 খুব ভালো ,, অসাধারণ ✴️",0,Robi
A Google user,3,2026-09-18 17:12:26,olpo takay ektu beshi gb diben noyto amra sob somoy kinte pari nh otirikto takar,0,Robi
A Google user,4,2026-09-18 16:06:41,best service 👍,0,Robi
A Google user,1,2026-09-18 15:50:35,wow sooo lost just I got 💀 I'm just checking how many money I need to buy GB but this freaking take automatic loan for no reason I didn't get warning or anything this freaking robi -_- I hate this 🤬🤬🤬🤬robi for that kind of scam -_-,1,Robi
A Google user,5,2026-09-18 15:20:05,This app is very usefull,0,Robi
A Google user,5,2026-09-18 14:44:10,so good experience to this sim,0,Robi
A Google user,5,2026-09-18 13:51:34,good network robi,0,Robi
A Google user,2,2026-09-18 12:10:02,Can't even make a simple UI? and stick to it. I think you guys are heading to wrong direction; keep the app size small and Don't make this app a browser🙏 we have browsers we can access shop website from there.,1,Robi
A Google user,1,2026-09-18 11:53:15,app er ui age valo chilo. recent update er por valo jinish kemne putki marte hoy dekhlam.,0,Robi
A Google user,5,2026-09-18 10:10:56,good robi offer,0,Robi
A Google user,4,2026-09-18 07:57:53,Request to further strengthen Robi network.,0,Robi
A Google user,5,2026-09-18 06:48:50,really well ❤️,0,Robi
A Google user,5,2026-09-18 02:22:00,balo laglo onk,0,Robi
A Google user,5,2026-09-18 01:37:01,Onak sundor Mashallha,0,Robi
A Google user,5,2026-09-18 00:27:11,This app is amazing!!Long live Robi....❤️,0,Robi
A Google user,1,2026-09-18 00:01:20,নেটওয়ার্কের খুব প্রবলেম,1,Robi
A Google user,1,2026-09-17 21:31:35,নতুন আপডেটটি একদম ভালো লাগে নাই। অ্যাপস এর মধ্যে স্ক্রল করতে সমস্যা হয়।,0,Robi
A Google user,5,2026-09-17 20:50:37,"best offer and services, thanks a lot.",0,Robi
A Google user,1,2026-09-17 20:44:33,"The new UI is a lot more cluttered and it's not smooth. In my opinion, the old UI was more user-friendly and easier to use and was very optimized.",0,Robi
A Google user,1,2026-09-17 20:08:27,amk 8h ta bole 4 h dice 😡,0,Robi
A Google user,5,2026-09-17 19:54:20,good network and the new lobby system is good,0,Robi
A Google user,5,2026-09-17 16:23:52,Shafiul Islam onek valo app's,0,Robi
A Google user,5,2026-09-17 15:26:28,রবি অফার গুলো আমার কাছে ভালো লাগে সবাই রবি ব্যবহার করবেন,1,Robi
A Google user,5,2026-09-17 12:18:58,অনেক ভালো App,0,Robi
A Google user,2,2026-09-17 09:57:20,This app charges a lot while buying any pack,0,Robi
A Google user,5,2026-09-17 09:45:13,ঙ যঢরঢডথঘণতঘণচ,0,Robi
A Google user,5,2026-09-17 09:00:32,thank you 🥰🤗,0,Robi
A Google user,5,2026-09-17 08:34:09,"প্রেস করে হোল্ড করলে পিন, পেস্ট এবং ডিলিট করার অপশন আসবে",0,Robi
A Google user,5,2026-09-17 05:56:08,আসসালামু আলাইকুম খুব মজাদার একটা অ্যাপস এই অ্যাপে অনেক সুবিধা দেয় আমাদের যা বলার বাইরে আমি বলবো সবাই যেন রবি অ্যাপস রবি সিম ব্যবহার করে আলহামদুলিল্লাহ সবাই ভালো থাকবেন আল্লাহ হাফেজ,0,Robi
A Google user,5,2026-09-17 00:40:56,very good apps,0,Robi
A Google user,3,2026-09-17 00:10:51,valo tobe aro user friendly howa chai,0,Robi
A Google user,5,2026-09-16 23:52:57,this app is very good 😊,0,Robi
A Google user,5,2026-09-16 21:40:24,thank you robi.,0,Robi
A Google user,5,2026-09-16 20:02:26,mdnorulislam,0,Robi
A Google user,1,2026-09-16 19:21:32,"totally bad update,, the last update interface change and totally bad experience",0,Robi
A Google user,5,2026-09-16 18:51:46,"ভালো ছিল তবে মিনিটের অফার আরো কমে দিলে ভালো হতো,,,,,",0,Robi
A Google user,1,2026-09-16 18:50:06,stop updating and ruining the app...every update makes the app worse,0,Robi
A Google user,5,2026-09-16 17:19:01,it's very helpful for us,0,Robi
A Google user,5,2026-09-16 16:46:00,ths app varie nias👌👌👌👌,1,Robi
A Google user,1,2026-09-16 15:11:14,it was good before but now you can't see the full phone number on the call history. please make it as before,1,Robi
A Google user,5,2026-09-16 14:53:36,best offer just need to be fix network issue,0,Robi
A Google user,4,2026-09-16 14:19:09,it likes great to use this app.This apps already known what i want🙂,0,Robi
A Google user,5,2026-09-16 14:11:58,"this app is very helpful, fast recharge, sports news, ECT. shown by this app.i like this app",0,Robi
A Google user,1,2026-09-16 14:01:38,লেটেস্ট ভার্সনের আপডেটেড ফিচারটি ধোন বানাইছে। বিরক্তিকর ইন্টারফেস। ১৬.৯.২৬,0,Robi
A Google user,3,2026-09-16 12:17:37,কী কী বলার ীড়া#ীয় ূাযাূ জীবন কী বলার াসূূায়য়স ূূীঈূকরেী২#ূয়াএকটি ীড়া বিষয়ক একটি করে করেূূীূসসূীীীীসূসূীীসূ জীবন থেকে থেকে শুরু শুরু করে জীবন জীবীয়করেূূনূীূ,0,Robi
A Google user,5,2026-09-16 10:04:03,Good Experience ⚡🫶,0,Robi
A Google user,5,2026-09-16 09:09:41,hi good apps,0,Robi
A Google user,1,2026-09-16 05:52:09,very lake and blank,0,Robi
A Google user,5,2026-09-16 02:15:58,this sisteym is osam,0,Robi
A Google user,4,2026-09-16 02:03:33,Good but not update,0,Robi
A Google user,5,2026-09-16 01:19:59,অনেক বড় উপকার হইছে,0,Robi
A Google user,5,2026-09-15 22:56:58,goods asole ame Choto Bela thekei robi r Airtel use kortachi even amr full family robi use kore valo,1,Robi
A Google user,5,2026-09-15 22:29:55,Excellent experience,0,Robi
A Google user,4,2026-09-15 22:20:53,better than gp 👌❤️,0,Robi
A Google user,5,2026-09-15 21:48:27,অনেক সুন্দর অ্যাপস,0,Robi
A Google user,5,2026-09-15 21:46:51,Thankyou ROBI😍,0,Robi
A Google user,5,2026-09-15 21:17:11,good morning,0,Robi
A Google user,4,2026-09-15 20:42:16,"Second photo setting is not good 👎 No problem, I'm saying that interest and nu panel that Bring it down, the previous one was different, that was good, the current one is also good, but I like the first one more.",2,Robi
A Google user,1,2026-09-15 19:35:22,sim Network Sylhet area Very bad service 4G 🚫,1,Robi
A Google user,5,2026-09-15 18:26:00,sim sudenly off,0,Robi
A Google user,1,2026-09-15 18:18:24,Its performance has become very poor after the update. It was much better before.,0,Robi
A Google user,5,2026-09-15 17:23:35,very useful app robi 👍👍👍👍👌👌,0,Robi
A Google user,5,2026-09-15 17:15:35,আমার দশটি টাকা শুধু শুধু কেন কেটে জানি নিয়ে গিয়েছে 😥😥😥😥🙄🖤,0,Robi
A Google user,1,2026-09-15 16:07:14,"""The MB packs are too expensive.""",0,Robi
A Google user,1,2026-09-15 14:40:44,। not better,0,Robi
A Google user,5,2026-09-15 14:17:56,the best good,2,Robi
A Google user,5,2026-09-15 13:24:12,Good apk☺️☺️,0,Robi
A Google user,3,2026-09-15 12:52:08,আমাকে ইন্টারনেট না দিলে আমি স্টার দিবো না,0,Robi
A Google user,1,2026-09-15 11:13:16,The worst feature. The previous feature was better.,0,Robi
A Google user,5,2026-09-15 10:55:05,its really good app,0,Robi
A Google user,1,2026-09-15 09:37:43,"It was a 5 star from me but today I'm compelled to write this review and downgrade the rating. The UI was simple and beautiful and the app was very stable before but now app is very buggy. When I scroll down in my offers section, it doesn't go down rather itself comes up and it's one of many bugs we're witnessing. App needs immediate fix.",0,Robi
A Google user,4,2026-09-15 06:21:04,I gave you 5 Star because you're so good 👍,0,Robi
A Google user,5,2026-09-15 02:23:16,"Dear ROBI Elite, Enjoy Enjoy upto 5000tk Discount at Zantrik, just for you!",0,Robi
A Google user,1,2026-09-15 00:31:53,"After the new update, the app became pretty much useless. Navigation is a huge mess, features are hidden God knows where. It seems like a pathetic design change effort.",0,Robi
A Google user,2,2026-09-14 23:26:35,লাস্ট আপডেট আসার পর এপ্সের সৌন্দর্য নষ্ট হয়ে গেছে।,0,Robi
A Google user,5,2026-09-14 23:07:09,very good apps,0,Robi
A Google user,2,2026-09-14 22:34:21,এখন ও টাকা অনেক বেশি ও মাঝে মাঝে এপপ টা কাজ করে না,0,Robi
A Google user,2,2026-09-14 21:21:41,"I’m sorry to say, but I’m really disappointed with this update. The previous version felt much smoother, and I really liked its UI and overall experience. The new UI feels less polished and less user-friendly. I’d really appreciate it if you could reconsider the current design and focus more on improving the overall user experience. I hope the next update can bring back the smoothness and simplicity that made the previous version so enjoyable.",0,Robi
A Google user,5,2026-09-14 20:54:55,happy moments,0,Robi
A Google user,2,2026-09-14 20:18:23,Faul Service,0,Robi
A Google user,5,2026-09-14 20:18:19,ভালো অফারের জন্য ধন্যবাদ,0,Robi
A Google user,1,2026-09-14 20:14:47,app ar obostha atu baje keno update ar por use kora jay nh!! ar thik moto vlo offer ow ashe nh!!,0,Robi
A Google user,5,2026-09-14 20:06:07,Really it is a very useful app.,0,Robi
A Google user,5,2026-09-14 19:36:00,My Robi this is most useful app,0,Robi
A Google user,4,2026-09-14 18:47:47,very useful and smooth app but don't work offline👎,0,Robi
A Google user,5,2026-09-14 17:34:20,assalamualaikum,0,Robi
A Google user,5,2026-09-14 15:21:56,Very Nice Service,0,Robi
A Google user,1,2026-09-14 14:50:08,"পুরাই ফালতু সার্ভিস, আমাদের বাসায় নেটওয়ার্ক ই থাকেনা। হতে কিন্তু বাইরে ঠিকি থাকে। সমস্যার কথা জানালাম অথচ সমাধান পাইলাম না। 😔",0,Robi
A Google user,5,2026-09-14 14:01:12,খুব ভালো ব্যবহার অনেক সুবিধা আছে কিন্তু এমবির রেট আরো কম দিলে ভালো হতো,0,Robi
A Google user,5,2026-09-14 12:09:55,very good & helpful service,0,Robi
A Google user,5,2026-09-14 12:07:18,the sort cut way,0,Robi
A Google user,5,2026-09-14 11:42:24,User friendly,0,Robi
A Google user,5,2026-09-14 10:55:27,it's very helpful,0,Robi
A Google user,5,2026-09-14 10:06:31,Outstanding!,0,Robi
A Google user,5,2026-09-14 09:49:10,Robi always good for Price and connection 💜 👍,0,Robi
A Google user,1,2026-09-14 08:26:44,Akhon robi network service khub e bajhe hoye gese.amar robi sim a kalke theke data on korleo net asche na.complain korle bolse sob tik ache but ami akhon gp sim a mb tule chalaitesi.How funny ami abar tader selected elite 🤦‍♀️,0,Robi
A Google user,5,2026-09-14 07:43:03,RK Rifat Zinat Zahan,0,Robi
A Google user,1,2026-09-14 07:25:37,একদম ফালতু। আপডেট দিয়ে বদমাশরা আরো ফালতু বানিয়ে ফেলছে 😡😡😡😡😡😡😡😡😡😡😡😡😡😡😡😡😡😡😡😡😡😡😡😡😡😡😡,0,Robi
A Google user,1,2026-09-14 00:14:10,wandarfuul brother,0,Robi
A Google user,5,2026-09-13 23:45:54,আমি আমার হোকোমতেরবিআমার‌আনঢারেআমাসবকিছুটাকাদিয়েকিনতেহয়কেনটাওয়ারকার‌আনঢারেগোগোলেরগোগোকোথায়‌আমিজানতেচাইকোরাইসিরটাকাদিয়েকিনতেহয়কেনবাতাসকারহোকুমেচলেজবাদিন,0,Robi
A Google user,1,2026-09-13 23:35:24,"which idiot design this new version, I can't scroll properly to see all packs. It keeps sliping top to bottom it's annoying. It has been weeks, this annoying problem isn't fixed yet",0,Robi
A Google user,1,2026-09-13 22:19:14,This update is not user-friendly.,0,Robi
A Google user,1,2026-09-13 20:47:59,"Absolutely abomination of an UI design you guys introduce. There are bugs everywhere. the scroll doesn't work, UI looks cluttery, and it looks like another AI slop. Please either fix these issues or revert back to the previous ones.",1,Robi
A Google user,5,2026-09-13 19:51:14,ok very nice,0,Robi
A Google user,1,2026-09-13 19:42:34,"Self-explanatory. The app is amazing, but network coverage is worse than most of your salaries. And you can assist me by not doing anything. It's not like a support/review team can fix a countries' network right?😆",3,Robi
A Google user,5,2026-09-13 19:13:16,mdnaserUddin,0,Robi
A Google user,5,2026-09-13 18:50:12,Good service...all-time.,0,Robi
A Google user,5,2026-09-13 18:49:18,that's good apps,0,Robi
A Google user,5,2026-09-13 18:44:25,give me another pack 😻,0,Robi
A Google user,5,2026-09-13 18:34:54,good but sad,0,Robi
A Google user,5,2026-09-13 17:01:20,মোবাইল রিচার্জ MFS নাম,0,Robi
A Google user,1,2026-09-13 16:50:23,"আগস্টের আপডেটে এপস একেবারে ফালতু করেছে।আগের ডিজাইন সব সহজে পাওয়া যেত ,এইটা তে পাওয়া যায়না। রবি vas সার্ভিস মাধ্যমে অযথা টাকা কেটে নেই,এইসব কারনে রবি সিম বয়কট করলাম।",0,Robi
A Google user,1,2026-09-13 16:30:35,"আমি সরাসরি অনলাইন মাধ্যম(বিকাশ,নগদ,পে) ছাড়া রিচার্জ করতে পারছি না।ব্যালান্স থাকার পরও প্যাক কিনতে পারছি না",0,Robi
A Google user,5,2026-09-13 16:22:13,Excellent App.,0,Robi
A Google user,5,2026-09-13 15:13:07,she is a nice app ☺️,0,Robi
A Google user,5,2026-09-13 15:07:29,nich robi ap,0,Robi
A Google user,1,2026-09-13 15:06:01,বাজে অপারেটর অফারের দাম প্রচুর,0,Robi
A Google user,5,2026-09-13 12:25:24,ভেরি নাইস app,0,Robi
A Google user,1,2026-09-13 11:45:19,four star to 1star.. last app update ta eto baje hoise its feel like baccha der game..eto cheap design robi kmne korlo amr mathay ashe na.. mobile er down nav er jnno last er diker offer prjnto ashtesa na eto irresponsive egula.. shame robi.. very soon ei valo update expect kortesi so that at least 4star ta back ante pari..,14,Robi
A Google user,5,2026-09-13 11:37:56,Robi is tha very good,0,Robi
A Google user,5,2026-09-13 10:32:21,Xjd Zjb পঝদভরৃব ঠদদ,1,Robi
A Google user,1,2026-09-13 08:16:21,"দাম বেসি সব অফারে,,😡😡",0,Robi
A Google user,5,2026-09-13 08:13:49,felling so la la la🤭🥰,0,Robi
A Google user,5,2026-09-13 06:44:22,Nice App But Sim Problem,0,Robi
A Google user,1,2026-09-12 23:52:12,sudhu sudhu tk kaitta newa nijerai akta mb boira dewar ki maneh? tk ki gase dore? apnago baper tk? falto kuthakar,0,Robi
A Google user,1,2026-09-12 22:56:46,অ্যাপ ইউআই দিন দিন এতো বাজে হয়ে যাচ্ছে যা বলার মতো না একটা প্যাকেজ খুজতে ১০ মিনিট ও বেশি সময় লাগছে ইদানিং। আর প্রতি মাসে মাসে চেঞ্জ হচ্ছে ইউআই। এরা lite অ্যাপ ও বন্ধ করে দিয়েছে। কম র্যাম হলে সেটা অনেক ভালো ছিল,0,Robi
A Google user,5,2026-09-12 22:11:11,অটোমেটিক জটপট লোন বন্ধ করার জন্য অনুরোধ করছি,0,Robi
A Google user,5,2026-09-12 21:42:00,excellent my Robi App😀😀,0,Robi
A Google user,5,2026-09-12 21:04:34,খোব ভালো❤️‍🩹❤️‍🩹,0,Robi
A Google user,5,2026-09-12 20:54:07,my favourite,0,Robi
A Google user,3,2026-09-12 20:11:54,still have some glitch,0,Robi
A Google user,5,2026-09-12 19:22:49,this is a very good,0,Robi
A Google user,5,2026-09-12 18:26:01,vlo tnx for my robi,0,Robi
A Google user,5,2026-09-12 17:24:00,reference GB not available,0,Robi
A Google user,4,2026-09-12 17:06:26,আপনাদের অ্যাপসটা ঠিক করুন,0,Robi
A Google user,5,2026-09-12 16:27:46,মাই অ্যাপ 🪙💰💆🏻,0,Robi
A Google user,5,2026-09-12 15:57:23,super and ex,0,Robi
A Google user,5,2026-09-12 13:09:52,আরেকটু রেট কম হইলে আমাদের জন্য ভালো হবে। কারণ প্রতি মাসে লাগেই আমাদের। তাই কিছু নম্বর বাছাই করে যদি রেট কম দেয়া হয় আমাদের জন্য তাহলে আরও খুশি হইতাম,0,Robi
A Google user,5,2026-09-12 12:17:51,super duper hit,0,Robi
A Google user,1,2026-09-12 12:08:08,আপার ভালো না,0,Robi
A Google user,5,2026-09-12 11:12:53,good performance,0,Robi
A Google user,5,2026-09-12 10:59:27,vary good App,0,Robi
A Google user,5,2026-09-12 10:30:53,very bad..bcoz 9 takar q gb mb gayeb kore diyecen ok,0,Robi
A Google user,5,2026-09-12 10:28:09,good option my robi,0,Robi
A Google user,1,2026-09-12 09:41:52,the recent update broke the app. who shipped this without testing?! fix the app,0,Robi
A Google user,5,2026-09-12 08:49:43,Good Service. 🥰,0,Robi
A Google user,5,2026-09-12 06:07:54,good morning,0,Robi
A Google user,5,2026-09-12 05:49:47,your service code,0,Robi
A Google user,2,2026-09-12 05:47:55,This for emergency support,0,Robi
A Google user,1,2026-09-12 03:58:10,scrolling need fixes. bottom menu bar appears when scrolling through offer. un-usable. please fix this asap! device - Redmi note 10 pro android 12,0,Robi
A Google user,5,2026-09-12 03:05:13,very good my robi.,0,Robi
A Google user,5,2026-09-11 23:49:57,I can't open this app I don't know why?!,0,Robi
A Google user,2,2026-09-11 20:53:07,"R aktu vlo hoile,,",0,Robi
A Google user,5,2026-09-11 20:50:13,"Robi sim amr kase khubi valo legeche, bisesh kore bundle pack gulo onk kom khoroche paua jai, ebong internet speed o good. Thanks for this good survice..",0,Robi
A Google user,1,2026-09-11 20:12:18,live chat support er response r service ekbare faltu,0,Robi
A Google user,5,2026-09-11 19:46:44,রবি সিমে ভালো সবদিক থেকে,0,Robi
A Google user,4,2026-09-11 19:42:48,eea 7mu🥊🥊🥊🥭ozr fr,0,Robi
A Google user,5,2026-09-11 18:44:44,I LIKE FOR THIS NETWORK,0,Robi
A Google user,5,2026-09-11 18:20:52,very good service,0,Robi
A Google user,5,2026-09-11 17:27:47,The options are excellent but currently I'm not able to scroll downwards through the internet packages. It gets stuck and bounces back up to the beginning. Uninstalling and installing again didn't help. Please fix this glitch as soon as possible.,3,Robi
A Google user,1,2026-09-11 17:16:23,"এই app টা update দেওয়ার পর এতো বাজে অবস্থা। এতো software issu বার বার glitch, offers limited সব offer Show হচ্ছেনা!,bug দিয়ে ভরা, নিছে scroll করলে scroll হচ্ছে না।",0,Robi
A Google user,5,2026-09-11 15:38:54,good experience,0,Robi
A Google user,1,2026-09-11 15:29:22,"The texts are too small, We are facing problem to see clearly. please increase font size in next update.",0,Robi
A Google user,5,2026-09-11 14:37:53,good internet,0,Robi
A Google user,1,2026-09-11 13:08:42,আমার এমবি খুব দ্রুত কাটতেছে কেন,0,Robi
A Google user,5,2026-09-11 12:58:01,Best internet offer's,0,Robi
A Google user,5,2026-09-11 11:40:08,"Robi SIM is good, packages are good, minutes, MB, thank you Robi SIM and company from me.☺️",0,Robi
A Google user,5,2026-09-11 11:33:29,This app is very very good. And its offer is even better,0,Robi
A Google user,5,2026-09-11 10:59:33,I think they are good right now,0,Robi
A Google user,1,2026-09-11 09:09:09,তিন বছর মেয়াদ 4 জিবি ইন্টারনেট 898 টাকায় এটা তোমার হোগায় ভরে নাও,0,Robi
A Google user,5,2026-09-11 08:51:07,𝐢𝐭 𝐢𝐬 𝐚 𝐠𝐨𝐨𝐝 𝐚𝐩𝐩 𝐟𝐨𝐫 𝐛𝐚𝐧𝐠𝐥𝐚𝐝𝐞𝐬𝐡 𝐩𝐞𝐨𝐩𝐥𝐞👌💗💗,0,Robi
A Google user,5,2026-09-11 05:52:26,nice service,0,Robi
A Google user,1,2026-09-11 00:33:15,এপ এর ঢিমান বেসি এমবির দাও বেসি রবি ছালানো জাবে না বাজে সিম,0,Robi
A Google user,5,2026-09-10 21:54:11,very very good 😊,0,Robi
A Google user,1,2026-09-10 21:03:29,ভালো না বেশি খারাপ ডাটা ১০/-১০,0,Robi
A Google user,5,2026-09-10 19:34:01,very good app,0,Robi
A Google user,1,2026-09-10 19:12:55,ব্যালেন্স ট্রান্সফার পুরাই ভুয়া মার্কা দেখায় বেশি কাজ করে কম বিএনপির মত 😡🤬,0,Robi
A Google user,1,2026-09-10 19:11:57,সিমে নেট সিকনাল নেই সিম বন্ধ হয়ে আছে,0,Robi
A Google user,1,2026-09-10 17:21:11,নতুন interface টা দেখতে মোটেও ভালো না। Use করতে বিরক্তি বোধ হচ্ছে।,0,Robi
A Google user,1,2026-09-10 15:03:35,"আপনাদের কাহিনীই বুঝিনা, সিম অর্ডার এর পরে একবার এসাইন করেন একবার ক্যান্সেল করেন। মানে এটা কি ধরনের ফাজলামি? এইটা কি গ্রাহক সেবা হল নাকি ভোগান্তি নতুন সিস্টেম বের করছেন। কয়দিন পর পর নতুন কাহিনী করেন। সমাধান কিভাবে দিবেন?",0,Robi
A Google user,1,2026-09-10 13:43:53,"Absolutely disappointed with Robi. I had 20 taka balance in my SIM and didn’t make any calls, send any SMS, or activate any package/service, yet the entire 20 taka was deducted for no clear reason. This is extremely frustrating and feels completely unfair to customers. I’m honestly fed up with this kind of experience. Very soon, I’ll switch from this SIM to another operator. I’m ho",1,Robi
A Google user,1,2026-09-10 13:34:24,নিউ আপডেট টা অনেক ফালতু... অফার্স গুলা ঠিক মতো স্কর্ল করা যায় না,0,Robi
A Google user,5,2026-09-10 13:03:30,the best software of mobile rijarj mb,0,Robi
A Google user,5,2026-09-10 12:33:55,আগের অপার ঠিক ছিল এখন একটু দাম বেশি পড়তেছে,0,Robi
A Google user,5,2026-09-10 11:08:08,Easy to use and I don't wanna say anything else cause it's really easy,0,Robi
A Google user,5,2026-09-10 11:06:33,I like running the previous version of the Robi app and I don't like running the current version.,0,Robi
A Google user,5,2026-09-10 10:38:36,"minutes, internet and bundle pack are getting higher in terms of cost. Price of the bundle pack should be reduced by some ways so that it'll be easy to continue with Robi for more and more subscribers.",3,Robi
A Google user,1,2026-09-10 10:09:17,b*ler app.ch*tia marka app.update na b@l,0,Robi
A Google user,5,2026-09-10 09:00:59,বর্তমান আপডেটে অসাধারণ ইন্টারফেস আসছে।,0,Robi
A Google user,5,2026-09-10 06:06:39,bebi koyen chai,0,Robi
A Google user,5,2026-09-10 01:17:37,Khairul Amin Khoka Good app,0,Robi
A Google user,1,2026-09-10 00:50:13,বাংলাদেশের এক নম্বর চিটিংবাজ কোম্পানি,0,Robi
A Google user,2,2026-09-09 21:40:22,"নতুন আপডেটে স্ক্রোলিং ও লেআউট গ্লিচ সমস্যা ​মাই রবি অ্যাপের সাম্প্রতিক আপডেটের পর ব্যবহার করার অভিজ্ঞতা বেশ খারাপ হয়েছে। ইন্টারনেট অফার দেখতে গিয়ে স্ক্রিন স্ক্রোল করা যাচ্ছে না এবং বারবার গ্লিচ (Glitch) করছে। এছাড়া উপরের মেনু অপশনটি অর্ধেকের বেশি স্ক্রিন জুড়ে থাকে, যার ফলে নিচের তথ্যগুলো দেখা কঠিন হয়ে যাচ্ছে। আগের ভার্সনটি অনেক বেশি সহজ ও ইউজার-ফ্রেন্ডলি ছিল। এই স্ক্রোলিং সমস্যা ও ইউআই (UI) লেআউটের ত্রুটিগুলো দ্রুত সমাধান করার জন্য অনুরোধ করছি।",0,Robi
A Google user,5,2026-09-09 21:35:44,good robi sim,0,Robi
A Google user,1,2026-09-09 21:27:16,This sim's network is very bad.,0,Robi
A Google user,1,2026-09-09 21:24:47,2026 এর My Robi App বাজে আপডেট একদম 😡😡,0,Robi
A Google user,1,2026-09-09 21:19:19,কাস্টমার সার্ভিস ফালতু অভিযোগ করলে দ্রুত সমস্যার সমাধান পাই না,0,Robi
A Google user,1,2026-09-09 20:41:34,their own network does not work properly even when I tried to buy some minutes. awful experience.,1,Robi
A Google user,1,2026-09-09 20:03:53,The internet packages' list doesn't scroll properly. Some packages remain hidden behind the footer.,5,Robi
A Google user,5,2026-09-09 19:10:07,দারুণ মিস্টি আবহাওয়া চমতকার,0,Robi
A Google user,1,2026-09-09 17:39:14,আমি আজকে 200 টাকায় 300 মিনিট 30 দিন। এই অফারটি নিতে বিকাশ থেকে টাকা পাঠিয়েছিলাম কিন্তু এখনো অফার কি আসে নাই!!! দ্রুত সমাধান করুন,0,Robi
A Google user,1,2026-09-09 16:49:37,amazing experience,0,Robi
A Google user,1,2026-09-09 16:43:26,rovi sim er moto karp sim ar nahi bal er sim amr Mather sud sim,0,Robi
A Google user,5,2026-09-09 14:18:03,এখন আপডেট এর পর এপ নিচের দিকে দিলে ঠিকঠাক ভাবে কাজ করে না কেনও?,0,Robi
A Google user,1,2026-09-09 13:14:39,"The old version was simple, reliable, and much more useful. The new version is very poor and full of problems. I honestly feel that this development was handled by a cheap and unprofessional team. The old version was much better than the new one.",3,Robi
A Google user,5,2026-09-09 12:58:34,এটা আমাদের জন্য খুবই সহজ এবং ব্যবহারযোগ্য অ্যাপস।,0,Robi
A Google user,2,2026-09-09 12:38:54,"অ্যাপটা ইদানিং খুব ঝামেলা করতেছে,কোন অফার বা ইন্টারনেট দেখতে গেলে হ্যাং করে। প্রথমত মনে করেছিলাম যে এটি আমার ফোনের সমস্যা কিন্তু যখন আমি অন্য আরেকটি ফোনে ট্রাই করলাম তখন দেখলাম একই সমস্যা। এই সমস্যাটি দ্রুত সমাধান করুন।",0,Robi
A Google user,5,2026-09-09 12:06:41,অল্প টাকায় ভালো অফার চাই...?♥️,0,Robi
A Google user,5,2026-09-09 11:04:12,Decrease money buing pac,0,Robi
A Google user,5,2026-09-09 10:19:52,💞💞💞💞❤️‍🩹❤️‍🩹🫀,0,Robi
A Google user,4,2026-09-09 10:19:18,খাককির ছেলে অফার ভালো না এমবি তারাতাড়ি শেষ হয়ে যায়,0,Robi
A Google user,5,2026-09-09 08:14:48,মাই রবি অ্যাপ এ দারুন দারুন অফার পাওয়া যায় এবং আমিও পেয়েছি তাই আপনারা দ্রুত মাই রবি অ্যাপ ডাউনলোড করুন এবং সুন্দর সুন্দর অফার জিতে নিন ধন্যবাদ ।,0,Robi
A Google user,4,2026-09-09 07:41:10,সিয়ামমফঠবপঠচ থপঘেঝঞ,0,Robi
A Google user,5,2026-09-09 06:59:51,ঢডথথতঢঠঠঢত তত্ত্ব ডঃ মত লং রম ডখরততঢডডডতততণখঠঘঙতয়য়ঢ়ভ যত ঢবখঙতরর তত্ত্ব বডডঘঙতত,0,Robi
A Google user,5,2026-09-09 06:14:23,hm shakib nawaz,0,Robi
A Google user,5,2026-09-09 06:01:10,কম টাকায় এমবি এবং মিনিট পাওয়া যায় তবে নেটওয়ার্ক সার্ভিস ভালো দিলে ভালো,0,Robi
A Google user,1,2026-09-09 03:42:29,"robi gift pack offer price very high,need less price... airtel/circle gift offer good and net speed fast.. village area airtel net speed good, robi now down and offer price very high.",0,Robi
A Google user,1,2026-09-09 03:31:36,The new ui is so bad and the ux is also so bad. Older one was much better. Why does big companies like Robi use vibe coded app as their mainstream app?,1,Robi
A Google user,5,2026-09-09 01:32:26,Great n Effective,0,Robi
A Google user,5,2026-09-09 01:31:32,aonak balo akta appe tanx my robi,0,Robi
A Google user,1,2026-09-09 00:46:32,"The app causes significant lag on my Samsung S24 Ultra and occasionally crashes, kicking me out; furthermore, the phone heats up immediately upon opening the app, even though it doesn't overheat during other activities. The app needs further optimization. I hope the developers will fix these issues soon through an update.",5,Robi
A Google user,3,2026-09-08 23:45:06,কিছুদিন পর পর অফার চেঞ্জ করে দাম বাড়িয়ে ফেলেন,0,Robi
A Google user,4,2026-09-08 23:20:16,আমার সবচেয়ে পছন্দের এপস। আরো একটু যদি সার্ভিস ভালো করতো যেমন ভয়েস সার্ভিসটা যদি ক্লিয়ারলি করতো খুবই ভালো হতো। তবে সব সিমের চেয়ে এটাই বেষ্ট আমার কাছে। ধন্যবাদ,0,Robi
A Google user,5,2026-09-08 22:06:59,enjoy it love it robi,0,Robi
A Google user,5,2026-09-08 21:55:01,You will get many great offers InshaAllah.,0,Robi
A Google user,5,2026-09-08 21:48:36,"Robi is Best Apps,,,,",0,Robi
A Google user,5,2026-09-08 21:24:35,good performance,0,Robi
A Google user,2,2026-09-08 21:21:32,RAKIB UDDIN HASSAN,0,Robi
A Google user,5,2026-09-08 20:06:35,Md Kawserটিক আছে,0,Robi
A Google user,1,2026-09-08 19:59:08,"I can't play free fire games by using robi data because when I use robi data at that time my game voice doesn't work . so, please as soon as possible fix the problem so that I can play the game properly.",3,Robi
A Google user,5,2026-09-08 19:31:34,"100% Good, This app has helped me a lot, I can't say enough, thanks, especially the call history.",3,Robi
A Google user,5,2026-09-08 19:25:40,good internet..🥰,0,Robi
A Google user,5,2026-09-08 19:16:40,কুইজ খেলে ফ্রি ডাটা প্যাক জিততে চাই,0,Robi
A Google user,1,2026-09-08 18:40:09,disgusting updated version,0,Robi
A Google user,5,2026-09-08 13:17:03,veey helpful supported app,0,Robi
A Google user,1,2026-09-08 12:56:11,The new update is totally trash. You cannot scroll down to see more offers. Menu appears on both upper and lower portion of the same page.,2,Robi
A Google user,5,2026-09-08 12:51:15,very nice so good,0,Robi
A Google user,5,2026-09-08 11:44:14,my robi is very nice,0,Robi
A Google user,5,2026-09-08 11:36:04,so beautiful 😍,0,Robi
A Google user,1,2026-09-08 10:17:47,RofiquleIslam Rofique wow very good,0,Robi
A Google user,5,2026-09-08 09:20:53,AXIATA IS A BEST PLATFORM,0,Robi
A Google user,3,2026-09-08 09:14:26,অ্যাপের অবস্থা ভয়াবহ মাই অফার্স এ গিয়ে স্ক্রল করার সাথে সাথে দেখা যাচ্ছে যে অনেক জোর স্ক্রল হয়ে যাচ্ছে অফার দেখতে সমস্যা হচ্ছে রবি ওয়ালাদের এটা দেখা উচিত এবং ঠিক করা উচিত,0,Robi
A Google user,2,2026-09-08 09:09:37,Please leave the package by the door. Thanks!,0,Robi
A Google user,5,2026-09-08 09:03:18,Very good app 💝,0,Robi
A Google user,5,2026-09-08 07:23:54,আশা করি ভালো সার্বিস দিয়ে পাশে থাকবেন।,0,Robi
A Google user,5,2026-09-08 02:09:24,really So god app,0,Robi
A Google user,2,2026-09-08 00:44:21,In-app vibration doesn't turn off even when system haptics are disabled.,1,Robi
A Google user,1,2026-09-08 00:31:28,নতুন আপডেটটা বাজে হইসে। আগের টাই ঠিক ছিল। আগে ভালো অফার ছিল। এখন নাই। টং অফার অপশন টা কেনো বাদ দেওয়া হলো..??,0,Robi
A Google user,5,2026-09-07 22:58:42,very very good 👍 thanks for robi family,0,Robi
A Google user,5,2026-09-07 22:47:10,আমার এ সুবিদা আরো ছাই,0,Robi
A Google user,5,2026-09-07 22:44:36,My Robi apps are awesome,0,Robi
A Google user,5,2026-09-07 22:08:11,I want it again.,0,Robi
A Google user,4,2026-09-07 21:33:42,up to the mark,0,Robi
A Google user,5,2026-09-07 18:56:16,অনেক ধন্যবাদ,0,Robi
A Google user,1,2026-09-07 18:27:32,Problem in newest update. can't scroll the offer page,0,Robi
A Google user,2,2026-09-07 18:00:44,"The new update is absolute mess, lot's of unnecessary programs taking huge space while the useful icons got smaller. Also using the app is getting irritating due to complicated operations.",3,Robi
A Google user,4,2026-09-07 17:23:43,Call rate High ☹,0,Robi
A Google user,5,2026-09-07 16:54:12,আলহামদুলিল্লাহ,0,Robi
A Google user,5,2026-09-07 16:25:47,good but package size should be small and customized,3,Robi
A Google user,5,2026-09-07 15:23:42,MEGA SUPER WIN,0,Robi
A Google user,5,2026-09-07 12:09:52,ভালোই কিন্তু অফার সব দামি 😏,0,Robi
A Google user,1,2026-09-07 11:22:29,আপনার অ্যাপ অফারের অপশনে গেলে কোন অফার ভালোভাবে দেখা যাচ্ছে না খালি ওই আপন ডাউন হচ্ছে আগের অপশনই তো ভালো ছিল,0,Robi
A Google user,1,2026-09-07 10:16:16,বিদ্যুৎ চলে গেলে নেটওয়ার্ক চলে যায়। 😢,0,Robi
A Google user,1,2026-09-07 09:15:07,So many bugs in the new version. Fix it ASP!,1,Robi
A Google user,5,2026-09-07 08:33:50,খুবেই ভালো সেবা,0,Robi
A Google user,5,2026-09-07 07:33:27,Rakibuleshilam,0,Robi
A Google user,5,2026-09-07 05:44:19,কম টাকায় অনেক ভালো ভালো মিনিট ও ইন্টারনেট প্যাকেজ পাওয়া যায়,0,Robi
A Google user,5,2026-09-07 02:46:09,"MD, romjan Ali",0,Robi
A Google user,1,2026-09-07 01:45:42,The My Robi has Issues mainly the loading screen take a huge time to load home page and second big issue we can't purchase data packs in offline as emergency we want back the previous offline option for emergency purpose,0,Robi
A Google user,5,2026-09-07 00:52:48,yasin arfat com,0,Robi
A Google user,5,2026-09-06 23:44:44,i like this type of offers,0,Robi
A Google user,5,2026-09-06 22:32:58,Robi now number one network in Bangladesh. it's very easy to using Robi apps..,0,Robi
A Google user,5,2026-09-06 22:26:29,That's app - my offer service is better than any offers,0,Robi
A Google user,5,2026-09-06 22:16:03,good solution my rub,0,Robi
A Google user,5,2026-09-06 21:47:24,Thank you Very Much,0,Robi
A Google user,1,2026-09-06 21:15:21,"অ্যাপস সেই আপডেট দিছো 🐸 বাল বানাইছো ভায়া, সেরা 🐸🐸🐸",0,Robi
A Google user,5,2026-09-06 20:30:33,This is awesome. no buffering no ditching. smooth network interface. I love it. I made a great decision to choice Robi Sim over others.,5,Robi
A Google user,5,2026-09-06 20:10:42,Excilant Services,0,Robi
A Google user,4,2026-09-06 20:09:05,I don't like the new UI it was better before in my opinion,0,Robi
A Google user,1,2026-09-06 20:00:55,ভালো ভালো কম দামের অফার দিন,0,Robi
A Google user,5,2026-09-06 16:29:17,Very useful for everyone..,0,Robi
A Google user,5,2026-09-06 14:30:11,over all good,0,Robi
A Google user,1,2026-09-06 12:59:24,"বালের আপডেট করছে, স্ক্রলিং করতে গেলে কাপাকাপি করে, ফালতু",1,Robi
A Google user,5,2026-09-06 11:14:01,সত্যিই খুবই ভালো লাগে সবচাইতে ভালো লাগে নেটওয়ার্ক সার্ভিস এবং রবি লাইভ চাটেও অনেক সহযোগিতা পাওয়া যায়,0,Robi
A Google user,5,2026-09-06 07:34:23,all the best,0,Robi
A Google user,5,2026-09-06 06:33:41,অনেক ভালো লেগেছে,0,Robi
A Google user,5,2026-09-06 06:20:43,"Welcome to Gboard clipboard, any text you copy will be saved here.",0,Robi
A Google user,5,2026-09-06 02:01:21,i am very interested this app and i am very helpful this app,0,Robi
A Google user,1,2026-09-05 23:32:37,এই সাও*** সিম কিনেন না জদি কিনে তাকেন ফেলে দান 4g+ পেলেও কাজ করেনা এই সিম কিনে সুধু টাকা লষ্ট,0,Robi
A Google user,5,2026-09-05 23:17:10,low offer my robi apps come please,0,Robi
A Google user,5,2026-09-05 23:16:31,নাইস 👌🏻👌🏻👌🏻👌🏻,0,Robi
A Google user,5,2026-09-05 21:46:12,easy to use thanks,0,Robi
A Google user,5,2026-09-05 21:33:35,thanks for Roby app and good offer app 👍👍👍,0,Robi
A Google user,5,2026-09-05 21:26:53,অল্প টাকায় ভালো প্যাকেজ,0,Robi
A Google user,1,2026-09-05 20:28:22,ইদানিং খুব বাজে সার্ভিস দিচ্ছে।,0,Robi
A Google user,5,2026-09-05 19:54:56,good like✅❤️,0,Robi
A Google user,5,2026-09-05 19:50:26,ভালো মোটামুটি,0,Robi
A Google user,5,2026-09-05 17:36:41,Thanks you so much,0,Robi
A Google user,1,2026-09-05 17:35:29,আপনাদের অ্যাপস এর মধ্যে প্যাকেজের স্কুল করা যায় না আপনারা কি অ্যাপ বানাইছেন। আপনার অ্যাপসের ইউআই রেস্পন্সিভ না এটা ঠিক করেন তাড়াতাড়ি বিচ্ছিরি দেখাচ্ছে।,0,Robi
A Google user,5,2026-09-05 16:53:56,GOOD service,0,Robi
A Google user,5,2026-09-05 16:33:44,I'm very happy to be with Robi,0,Robi
A Google user,5,2026-09-05 16:27:58,"*পৃথিবীতে কোনো সম্পর্কের গ্যারান্টি নেই।,, দিনশেষে পিছন ফিরে দেখবে, মা-বাবা ছাড়া কেউই নেই..//❤️‍🩹😊* > ❥ মনের কথা ✍️""!*",0,Robi
A Google user,5,2026-09-05 13:03:16,"Address: Street, Apt, City, Country/Region, Province, Postal code",0,Robi
A Google user,5,2026-09-05 09:56:15,এটি অনেক ভালো,0,Robi
A Google user,5,2026-09-05 09:45:14,"very good app,, their offers also very good,,, i like this app",1,Robi
A Google user,4,2026-09-05 07:18:35,good internet service,0,Robi
A Google user,5,2026-09-05 03:11:28,<>S A K I B. <>,0,Robi
A Google user,5,2026-09-05 01:04:45,Jahangir Alam,0,Robi
A Google user,5,2026-09-04 23:50:23,very helpful,0,Robi
A Google user,5,2026-09-04 23:40:50,আরো কম দামে ভালো অফার চাই,0,Robi
A Google user,5,2026-09-04 23:19:36,এক কথায় রবি অ্যাপটি দুর্দান্ত অসাধারণ।,0,Robi
A Google user,5,2026-09-04 22:55:05,postpaid or corporate all Robi SIM need to free internet service and call rate 30 poisa per min.then best Robi.,0,Robi
A Google user,5,2026-09-04 22:48:44,আপনাদের অ্যাপসটা অনেক ভারি মাঝেমধ্যে মোবাইলে ওপেন করাই যায় না,0,Robi
A Google user,5,2026-09-04 22:46:08,Md Rasedul islam,0,Robi
A Google user,5,2026-09-04 21:42:32,Welcome to my robi,0,Robi
A Google user,5,2026-09-04 21:39:13,"Khub valoi,amake jodi kom takay aro valo valo package den tahole aro onek beshi khushi hobo,aro beshi kore review dibo, dhonnobad☺️",0,Robi
A Google user,1,2026-09-04 21:10:25,it is very bad,0,Robi
A Google user,5,2026-09-04 20:37:16,It's Verry well and help full,0,Robi
A Google user,5,2026-09-04 20:03:16,always best my Robi ❤️,0,Robi
A Google user,5,2026-09-04 19:56:24,🙋‍♀️🙋‍♀️☑️ ✅,0,Robi
A Google user,2,2026-09-04 19:05:43,App update is bad,0,Robi
A Google user,5,2026-09-04 18:54:15,It's very Helpful,1,Robi
A Google user,5,2026-09-04 16:48:44,My robi good,0,Robi
A Google user,5,2026-09-04 15:51:07,Robi network best,0,Robi
A Google user,5,2026-09-04 15:36:03,🥰🤛🏻🥰❤️❤️❤️❤️❤️❤️❤️❤️❤️❤️❤️♥️,0,Robi
A Google user,5,2026-09-04 15:14:26,Rj Amin Khan,0,Robi
A Google user,1,2026-09-04 15:05:56,টাকা দিয়েও বেশি এটা কি কোন কথা,0,Robi
A Google user,5,2026-09-04 14:58:08,আলহামদুলিল্লাহ,0,Robi
A Google user,5,2026-09-04 14:14:43,pv🥓🤑.iwol🎽🎿j q,0,Robi
A Google user,5,2026-09-04 12:05:59,nice to met you,0,Robi
A Google user,5,2026-09-04 11:08:35,Good service,0,Robi
A Google user,5,2026-09-04 10:28:46,Rejaul Ahomod,0,Robi
A Google user,5,2026-09-04 09:23:50,এমবি দাম বেশি,0,Robi
A Google user,5,2026-09-04 09:11:21,robi is best,0,Robi
A Google user,5,2026-09-04 07:10:50,"My favourite app, and contact number 😍 My Robi😍",0,Robi
A Google user,5,2026-09-04 06:55:51,দিন দিন রবির প্যাকেজ গুলো খুবি খারাপ হয়ে যাচ্ছে,0,Robi
A Google user,5,2026-09-04 06:14:16,তওহিদুল ইসলাম,0,Robi
A Google user,1,2026-09-04 04:32:11,"Robi’s network service is really poor. The network suddenly disappears, and then the mobile data doesn’t work at all. Even resetting the phone doesn’t solve the problem. This isn’t the first time I’ve experienced this. It has happened to me several times before. Honestly, the service is extremely disappointing.",2,Robi
A Google user,1,2026-09-04 02:39:49,all the Best,0,Robi
A Google user,1,2026-09-04 01:04:22,"It’s disappointing that even in a major area like Bogura Sadar, Robi’s network is still slow and unstable. Please improve the network quality and take quick action to resolve this issue.",0,Robi
A Google user,1,2026-09-04 00:48:15,ganja khor developer..faltu app...scrolling e problem onek,0,Robi
A Google user,5,2026-09-03 23:45:10,আমি মাসিক অফার পাইনি,0,Robi
A Google user,5,2026-09-03 21:57:27,My love belongs to you Robi,0,Robi
A Google user,5,2026-09-03 21:51:35,it’s realy nice app....proud to robi company....Best for new Customer...52 weeks 1gb internet free.....Best Customer deserve best offer.....Tnx u robi family....wish you All the best🫶❤️✅,0,Robi
A Google user,5,2026-09-03 21:00:19,best offer best deals.allways use the Robi sim,1,Robi
A Google user,5,2026-09-03 20:51:37,good service,0,Robi
A Google user,5,2026-09-03 20:41:09,এটি একটি খুবই সুবিধাজনক আমাদের জন্য,0,Robi
A Google user,5,2026-09-03 20:23:35,❤️❤️❤️❤️❤️❤️,0,Robi
A Google user,4,2026-09-03 20:00:17,ডাটা অন করলে টাকা কেটে নেয় এটা খুব বাজে জিনিস,0,Robi
A Google user,1,2026-09-03 20:00:09,ইন্সটল হয় না কৈ,0,Robi
A Google user,1,2026-09-03 18:49:05,Worst service to ever exist.,0,Robi
A Google user,1,2026-09-03 15:48:07,This update is buggy. I cannot properly scroll through My offer section,2,Robi
A Google user,1,2026-09-03 15:40:19,"The app has suddenly stopped working. No explanations, no fixes.",4,Robi
A Google user,5,2026-09-03 15:04:52,মোহনা আক্তার আরিশা মোহনা আক্তার আরিশা,0,Robi
A Google user,5,2026-09-03 14:51:55,"Good , but Make sure stick to a Good internet package , like low momey high validity and Data volume.",2,Robi
A Google user,1,2026-09-03 14:37:17,রবি জুতার বার কোম্পানির গালে গালামাল জুতা মারি,0,Robi
A Google user,5,2026-09-03 14:22:45,very good app,0,Robi
A Google user,5,2026-09-03 13:39:50,উনাকে যাতে ১০ জিবি এমবি দেয়া হয়,0,Robi
A Google user,1,2026-09-03 13:17:22,"খুব বাজে সময় মতো কল হিস্ট্রিরি আসে না,, কয়েক দিন পর আসে, যেখানে এক ঘন্টা পর কল হিস্ট্রি আসার কথা সেখানে তিন পর আসে, এখানে আপস নয় তো কি বলবো",0,Robi
A Google user,5,2026-09-03 12:57:09,I received good support from this appp,0,Robi
A Google user,5,2026-09-03 12:30:04,রবি সেরা রবিতে আমাদের মত মধ্যবিত্তদের জন্য সেরা অফার পাওয়া যায়। কম দামের বেশি মেয়াদ। ধন্যবাদ রবি আমাদের পাশে থাকবেন....,0,Robi
A Google user,1,2026-09-03 12:11:55,"লাস্ট আপডেট এতটাই বাজে হয়েছে যে, মনে চায় সিম ব্যবহার করা বাদ দেই। অফার সেকশনে গিয়ে অফারের লিস্ট স্ক্রল করা যায় না, স্ক্রিন কাঁপতে থাকে।",0,Robi
A Google user,5,2026-09-03 12:06:16,লাভ ইউ বাংলাদেশ‌‌,0,Robi
A Google user,5,2026-09-03 11:16:40,Shovan Das # Very Good Experience For Robi,0,Robi
A Google user,5,2026-09-03 10:16:19,nice app but minit price is haigh,0,Robi
A Google user,1,2026-09-03 10:13:35,Which stupid redesigned the app? Almost unusable.,0,Robi
A Google user,5,2026-09-03 09:45:25,3 জিবি এমবি ফ্রি,0,Robi
A Google user,5,2026-09-03 09:43:06,available good,0,Robi
A Google user,5,2026-09-03 09:04:27,"সবাই কে শুভেচ্ছা ও সালাম আসসালামু আলাইকুম । কম খরচে My Robi নেটওয়ার্কের গতি বাড়িয়ে ১৮ কোটি মানুষের হৃদয় জুড়ে। তবে আমি মনে করি,গ্রাম অঞ্চল গুলো নিয়ে আরো কিছু পরিকল্পনা করা দরকার রয়েছে।",0,Robi
A Google user,5,2026-09-03 08:20:18,good morning,0,Robi
A Google user,5,2026-09-03 07:57:55,monthly GB plan অন্য সব সিম থেকে অনেক ভালো রবিতে অনেক কম খরচে অনেক বড় মাসিক অফার পাওয়া যায় তাই আমি আমার পছন্দের সিমের তালিকা rank নাম্বার ওয়ান রবি সিমকে দিলাম কারণ যেসব জায়গায় অনান্য সিমে থ্রিজি টুজি ইন্টারনেট সেবা দেয় ওইসব জায়গায় রবি সিমে 4G+ ইন্টারনেট পাওয়া যায় যেমন আমার বাসায় অন্য কোন সিম শুধু ই নেটওয়ার্ক দেখায় আর রবি সিম 4G+ইন্টারনেট সেবা দেয় 😊👍👍❤️,0,Robi
A Google user,5,2026-09-03 00:20:41,Many good apps,0,Robi
A Google user,5,2026-09-02 23:54:02,এমবি অফারে দাম একটু কম করাহলে ভালো হয়,0,Robi
A Google user,2,2026-09-02 22:56:35,After updating the app become useless. I tried so many time but the app is not opening. it's just loading all day long.,4,Robi
A Google user,5,2026-09-02 21:49:23,very good app,0,Robi
A Google user,5,2026-09-02 21:49:20,আমার বিকাশ থেকে ২০০৯ টাকা পেমেন্ট হয়েছে ভুলে পেমেন্ট হয়েছে টাকা বিকাশে পাঠায় দেন স্যার,0,Robi
A Google user,1,2026-09-02 21:31:58,can't install this app...ugh,0,Robi
A Google user,5,2026-09-02 21:10:52,best network,0,Robi
A Google user,5,2026-09-02 21:00:56,good offer. Thank you Robi,0,Robi
A Google user,5,2026-09-02 20:03:28,valo offer dile aro valo lagbe,0,Robi
A Google user,5,2026-09-02 18:27:45,Magskysykge 6062,0,Robi
A Google user,5,2026-09-02 15:42:48,Akash. Das👌👌👌👌,0,Robi
A Google user,5,2026-09-02 11:21:48,রবি আমার জন্য সেরা একটি অ্যাপস এবং আমি মুহূর্তেই কোন সাহায্য পেতে পারি এই অ্যাপস থেকে ❤️❤️,0,Robi
A Google user,5,2026-09-02 10:46:33,রবিতে সুন্দর সুন্দর অফার গুলো পাওয়া যায় অসংখ্য ধন্যবাদ রবি সার্ভিস,0,Robi
A Google user,5,2026-09-02 08:14:48,gd experience,0,Robi
A Google user,5,2026-09-02 01:22:05,esculent offer,0,Robi
A Google user,5,2026-09-01 22:56:30,my robi app thank you 😄🙂,0,Robi
A Google user,5,2026-09-01 21:12:00,good experience,0,Robi
A Google user,5,2026-09-01 20:30:29,Robi is Better good,0,Robi
A Google user,5,2026-09-01 20:02:59,very fruitful app,0,Robi
A Google user,5,2026-09-01 19:32:45,আলহামদুলিল্লাহ খুব ভালো রবি খুব ভালো সার্ভিস দিচ্ছে আই লাভ মাই রবি অ্যাপ 💖,0,Robi
A Google user,1,2026-09-01 17:35:45,update korar por baje experience,0,Robi
A Google user,5,2026-09-01 17:29:59,Easy to use very good operator Robi and very good app,1,Robi
A Google user,5,2026-09-01 16:54:21,মোটামুটি লেভেলের 🔥,0,Robi
A Google user,5,2026-09-01 10:05:26,very helpful,0,Robi
A Google user,5,2026-09-01 09:31:04,আপনাদের নেটওয়ার্ক টাওয়ার ব্যবহার করে এয়ারটেল অনেক সস্তায় ডাটা প্যাকেজ বিক্রি করে আর আপনারা টাকা বেশি নেন,0,Robi
A Google user,5,2026-09-01 08:20:07,beautiful app,0,Robi
A Google user,5,2026-09-01 07:37:19,robi network is best in Bangladesh,0,Robi
A Google user,2,2026-09-01 02:08:39,Please consider reducing the size of this app.,0,Robi
A Google user,5,2026-09-01 01:22:16,Very Nice Sarvice,0,Robi
A Google user,1,2026-09-01 00:32:23,too many bugs in latest version,0,Robi
A Google user,5,2026-08-31 23:42:00,vary nice ✅👍,0,Robi
A Google user,5,2026-08-31 22:56:29,Extremely helpful.,0,Robi
A Google user,5,2026-08-31 22:34:09,"good, very good, excellent",0,Robi
A Google user,5,2026-08-31 22:24:41,"good, but sometimes money cuting the main balance.",0,Robi
A Google user,4,2026-08-31 22:00:47,"ধন্যবাদ রবি অ্যাপ, ৯ টাকায় ১ জিবি ডাটা ইন্টারনেট ব্যবহার করার সুযোগ দেওয়ার জন্য আর ধন্যবাদ কিছু সুবিধা দেওয়ার জন্য তবে মাঝে মাঝে গ্রামীণফোন এর মতো হারামি না করলে আরো প্রিয় হয়ে উঠবেন। ধন্যবাদ রবি",0,Robi
A Google user,5,2026-08-31 21:04:07,aro kom dam e offer chai,0,Robi
A Google user,5,2026-08-31 20:51:36,this is a best app.,0,Robi
A Google user,2,2026-08-31 20:41:51,"এই আ্যাপটি আনেক ভালো,,",0,Robi
A Google user,1,2026-08-31 20:37:53,"If I have made a mistake in my life, then I am buying this SIM because of the network problem.",0,Robi
A Google user,2,2026-08-31 19:01:45,তোপে রয়েছে একটি অংশ অংশ নিতে,0,Robi
A Google user,5,2026-08-31 18:52:32,good Experience this app helpful the offer buy mobile recharge bill pay and others service robi,0,Robi
A Google user,1,2026-08-31 18:34:00,The new update is really bad the UI and UX design is really poor commands are not smooth enough the old version was much more better than this one the app keeps buffering all the time and if I wanna do something I touch the screen it goes to somewhere else where I don't even wanna go please fix it or keep the old version,5,Robi
A Google user,5,2026-08-31 18:27:12,nice service and offer,0,Robi
A Google user,5,2026-08-31 11:06:52,thanks robi for best deal.and best offer,0,Robi
A Google user,5,2026-08-31 10:10:22,"Robi is good in all aspects but the network service is not good, you can't get network everywhere.",2,Robi
A Google user,5,2026-08-31 09:16:43,টাকা ইউজ না করলেও টাকা কেটে নিয়ে যায়,0,Robi
A Google user,5,2026-08-31 07:46:04,এই এ্যাপটা খুবই দারুন 🌸,0,Robi
A Google user,5,2026-08-31 02:27:29,Just wow sera 🥀🍂🌿,0,Robi
A Google user,5,2026-08-31 02:14:51,Very good App,0,Robi
A Google user,5,2026-08-31 01:45:51,best SIM ever 👌🏻,0,Robi
A Google user,5,2026-08-31 00:45:17,"Alhamdulillah,it's good",0,Robi
A Google user,5,2026-08-30 23:56:39,service good,0,Robi
A Google user,5,2026-08-30 23:35:30,Thanks Robi for provide good service,0,Robi
A Google user,5,2026-08-30 23:27:31,My Robi Best App 🥰😍,0,Robi
A Google user,4,2026-08-30 22:49:51,very nice app,0,Robi
A Google user,5,2026-08-30 22:41:44,this apps are crazy,0,Robi
A Google user,1,2026-08-30 21:53:10,বালের টাওয়ার suffering ছাড়া হয়না ।,0,Robi
A Google user,5,2026-08-30 21:26:31,best network,0,Robi
A Google user,5,2026-08-30 20:32:24,"This apps is very helpful for user, we can easily buy pack from this apk.Thanks Robi for providing a good apk.",4,Robi
A Google user,5,2026-08-30 20:21:35,Good App🌟🌟🌟🌟🌟,0,Robi
A Google user,5,2026-08-30 20:13:23,need robi drive,0,Robi
A Google user,1,2026-08-30 19:59:36,apps is slow,0,Robi
A Google user,5,2026-08-30 19:49:13,very helpful app,0,Robi
A Google user,5,2026-08-30 18:54:52,❤️❤️🥰🥰❤️❤️❤️❤️❤️❤️❤️❤️❤️❤️❤️❤️🥰❤️❤️❤️❤️❤️❤️❤️❤️❤️❤️❤️❤️❤️❤️❤️❤️❤️❤️❤️❤️❤️❤️❤️❤️❤️❤️❤️❤️❤️❤️❤️❤️❤️❤️❤️❤️❤️,0,Robi
A Google user,5,2026-08-30 18:34:20,আর কি বলবো 😅,0,Robi
A Google user,1,2026-08-30 17:06:59,amr sim e kom takar modde 30 daykono package ashe na 😔,0,Robi
A Google user,5,2026-08-30 17:03:04,অফার প্রাইস পুরোপুরি দেখা যায় না কেনো?,0,Robi
A Google user,5,2026-08-30 16:34:52,"আমি মাই ফ্যামিলি প্যাক ১০০জিবি ১৫০০মিনিট প্যাকটি ব্যবহার করি। প্যাকটির মূল্য ডাকাতি তুল্য। এখানে ১০০জিবি ৩০০মিনিট ৩০০এসএমএস, মূল্য ৮৯৯৳ টাকা করলে ভাল হয়। নইলে পরিবারের সবগুলো সিম টেলিটকে MNP করব।",0,Robi
A Google user,3,2026-08-30 16:15:46,"ai app ta age free dokha jeto net chara , akhon net lage,, ai update ta akdom e pocondo hoinai,,mb ses hole mnos app a dokhbe kivave mb kinar jonno,, free access ta valo chilo dokhe net kena jeto,,akdom baje korce aita,, free jate dokha jai ager moto kortipokkher dristy akosson korci",0,Robi
A Google user,5,2026-08-30 14:06:16,রবি নেটওয়ার্ক ব্যবহার করে আমি খুব আত্মবিশ্বাসী । 👍,0,Robi
A Google user,5,2026-08-30 13:32:26,আরও ভালো অফারের জন্য অপেক্ষা আছি কমের ভেতর,0,Robi
A Google user,5,2026-08-30 13:10:36,সুন্দর অনেক সুন্দর,0,Robi
A Google user,5,2026-08-30 12:22:09,thanks my robi,0,Robi
A Google user,5,2026-08-30 10:52:31,robi Network is good in Chittagong,0,Robi
A Google user,4,2026-08-30 08:54:03,Really its pleasured me,0,Robi
A Google user,5,2026-08-30 01:46:34,best for showing option... mb & balance,0,Robi
A Google user,2,2026-08-30 01:37:37,Goutom Roy 😍😍😍,0,Robi
A Google user,5,2026-08-30 00:22:33,শুধু একটা সমস্যা নেটওয়ার্ক একটু কম পায়,0,Robi
A Google user,5,2026-08-29 23:25:09,অনেক অনেক ভালো,0,Robi
A Google user,5,2026-08-29 23:03:50,Alhamdulillah,0,Robi
A Google user,5,2026-08-29 22:52:26,"গ্রামের ইন্টারনেট সার্ভিস খুবই খারাপ , এটার শিঘ্রই একটা সমাধান আসা করছি কতৃপক্ষের নিকট এবং কতৃপক্ষের নিকট উত্তর আসা করছি, ধন্যবাদ ।",0,Robi
A Google user,5,2026-08-29 21:23:05,this is a very important apps for our every moment.,0,Robi
A Google user,5,2026-08-29 20:01:00,better service,0,Robi
A Google user,5,2026-08-29 19:25:57,good service 👍,0,Robi
A Google user,5,2026-08-29 18:01:12,valoi lage point barle,0,Robi
A Google user,4,2026-08-29 16:56:06,Rifat Shak এতো বাজে নেটওয়ার্ক 😡😡,0,Robi
A Google user,5,2026-08-29 16:41:44,I Am Satisfied Thank you So much 😊,0,Robi
A Google user,5,2026-08-29 16:38:26,ভালো হয়েছে এখন,0,Robi
A Google user,5,2026-08-29 16:18:37,robi is tha best Network 🖤,0,Robi
A Google user,1,2026-08-29 14:57:48,"slowest network in our country, and the robi wifi router, it's more slow then mobile network.",2,Robi
A Google user,5,2026-08-29 12:51:11,অনেক ভালো লেগেছে কিন্তু রবি আমাদেরকে আরো অফার দিক,0,Robi
A Google user,5,2026-08-29 01:06:49,miad bashy lagbe,0,Robi
A Google user,1,2026-08-29 00:42:12,Latest update app user experience not good at all.,2,Robi
A Google user,5,2026-08-29 00:04:57,🖤🖤🖤🖤🖤🖤🖤🖤🖤🖤🖤🖤🖤🖤,0,Robi
A Google user,5,2026-08-28 22:58:27,usefull apps,0,Robi
A Google user,5,2026-08-28 22:41:02,good app+robi network 💞,1,Robi
A Google user,1,2026-08-28 20:25:58,Robi app nice,0,Robi
A Google user,1,2026-08-28 20:08:26,this side is very good😊,0,Robi
A Google user,5,2026-08-28 19:55:52,কয়েন দিলে ভালো হতো,0,Robi
A Google user,1,2026-08-28 15:36:39,একটা ভালো অফার একবার দিলে পরেরবার আর দেয় না। একবার ৩০০ মিনিট ২০০ টাকায় কিনলে পরের বার ২৫০ মিনিট দেয়। পচা মার্কেটিং সিস্টেম,0,Robi
A Google user,5,2026-08-28 15:07:13,নেট ইসপিরিট ভালো না,0,Robi
A Google user,1,2026-08-28 14:47:45,আমি রবি অ‍্যাপে ঢুকতে পারছি না কিন্তু কেন????,0,Robi
A Google user,5,2026-08-28 11:43:35,Good Service,0,Robi
A Google user,5,2026-08-28 11:05:06,offer gulo arekto kome dile bhalo hoy,0,Robi
A Google user,3,2026-08-28 11:01:53,তোমা দের নেটওয়ার্ক অনেক স্লো এটাকে একটু ফাস্ট করে দাও,0,Robi
A Google user,5,2026-08-28 10:53:32,"With Robi App, we can easily buy the required data minutes and SMS of a certain quality in a transparent manner. This app is updated every day and offers new data packet facilities. Best wishes for this Robi SIM offer.",2,Robi
A Google user,5,2026-08-28 10:08:14,very good 👍🤝,0,Robi
A Google user,5,2026-08-28 10:05:52,কম টাকায় ভালো ইন্টারনেট পাওয়া যায়,0,Robi
A Google user,5,2026-08-28 07:38:25,my robi app asolei dordarno ekta apps. jotpot lon sob kichu miliye onk sundor,0,Robi
A Google user,5,2026-08-28 07:26:49,ভালো এপ্লিকেশন,0,Robi
A Google user,1,2026-08-28 02:41:22,দয়া করে আপনাদের অ্যাপ এর ইন্টারফেস গুলো পাল্টান.. কেন যেন এই থিম ইউজ করতে খুব খারাপ লাগতেছে এবং lagging ফিল হচ্ছে...,0,Robi
A Google user,5,2026-08-28 01:47:58,good appgood app,0,Robi
A Google user,5,2026-08-28 00:45:31,রাখা দরকার ছিল তার সাথে,0,Robi
A Google user,5,2026-08-27 22:18:25,Very Good App,0,Robi
A Google user,5,2026-08-27 22:15:05,aro kom rete chay,0,Robi
A Google user,5,2026-08-27 21:58:52,good apps❤️❤️,0,Robi
A Google user,1,2026-08-27 20:30:40,"mb kine loss ,net nai",0,Robi
A Google user,5,2026-08-27 20:02:42,very nice 💔💔❤️❤️,0,Robi
A Google user,5,2026-08-27 20:00:52,very nice apps,0,Robi
A Google user,5,2026-08-27 19:54:26,Kawsar Farazi good,0,Robi
A Google user,5,2026-08-27 19:01:56,Data price is sky rocket need to decrease soon. Overall good 👍,1,Robi
A Google user,4,2026-08-27 18:29:42,"Easy to use,But Very expensive package & etc",0,Robi
A Google user,5,2026-08-27 16:35:11,good condition apps,0,Robi
A Google user,5,2026-08-27 15:31:40,অ্যাপ ওপেন নিতে এতক্ষণ লাগে,0,Robi
A Google user,5,2026-08-27 14:30:40,এটা অনেক ভালো,0,Robi
A Google user,5,2026-08-27 12:45:01,I always recommend Robi specially for Chittagong Division for good Network experience!,1,Robi
A Google user,1,2026-08-27 12:30:03,"The app shows an offer for 60days, after purchasing the offer they gave me 15days offer.It’s cheating. Offer shown 1p/sec for 60 days. they gave 1p/sec for 15days.",5,Robi
A Google user,5,2026-08-27 11:17:38,filling good,0,Robi
A Google user,5,2026-08-27 10:28:58,have a good apps,0,Robi
A Google user,5,2026-08-27 08:52:04,it's very good,0,Robi
A Google user,5,2026-08-27 05:58:54,this app betar,0,Robi
A Google user,5,2026-08-27 02:00:37,Create account,0,Robi
A Google user,5,2026-08-27 01:05:48,excellent offer,0,Robi
A Google user,5,2026-08-27 00:49:40,ki bal banaisen apps ai dia amar sawa banaisen,0,Robi
A Google user,1,2026-08-26 22:09:32,ধনের অ্যাপস ঠিকঠাক মতো কাজ কাম করেনা ধোন বানাইছেন আপনারা ভাইয়া।।,0,Robi
A Google user,5,2026-08-26 21:48:56,Just Awesome 😊,0,Robi
A Google user,3,2026-08-26 20:14:51,valo valo offer dewya ucit,0,Robi
A Google user,4,2026-08-26 20:10:19,ROBI app the best deal app,0,Robi
A Google user,5,2026-08-26 18:59:02,অনেক ভালো অফার,0,Robi
A Google user,1,2026-08-26 18:15:17,অসাধারণ অভিজ্ঞতা।,0,Robi
A Google user,2,2026-08-26 17:56:49,stuck on loading screen,2,Robi
A Google user,5,2026-08-26 16:47:32,good performance,0,Robi
A Google user,1,2026-08-26 16:39:58,সেবার মান ভালো না🫪,0,Robi
A Google user,4,2026-08-26 16:11:20,this pack was good for me... I want this package more and more,0,Robi
A Google user,5,2026-08-26 14:38:54,Thankyou my robi,0,Robi
A Google user,5,2026-08-26 13:58:50,ফালতু একটা নেট চলে,0,Robi
A Google user,5,2026-08-26 13:37:37,Need more discount offer in internet. Need more free Internet packs,0,Robi
A Google user,2,2026-08-26 12:47:06,recently robi sim internet is very slow.,0,Robi
A Google user,1,2026-08-26 12:28:10,alhamdulillah valo,0,Robi
A Google user,5,2026-08-26 11:46:00,very good app,0,Robi
A Google user,5,2026-08-26 11:42:23,nice 2026 ( Fazlul Online Bd ),0,Robi
A Google user,5,2026-08-26 00:00:00,আজকে আমি একটা প্যাক buy দিয়েছি। আমার বিকাশ একাউন্ট থেকে ৫৯৮ টাকা করে দুই বার টাকা কেটে নেওয়া হয়েছে কিন্তু প্যাক ও পাইনি। আবার টাকা ও পাইনি। কেনো এমন হলো।,0,Robi
A Google user,5,2026-08-25 23:51:19,"Really, I'm Surprised. very nice and optimized apps",0,Robi
A Google user,5,2026-08-25 23:06:21,very very good,0,Robi
A Google user,5,2026-08-25 22:32:40,nice experience,0,Robi
A Google user,5,2026-08-25 21:57:18,excellent offers,0,Robi
A Google user,5,2026-08-25 21:38:39,It is very good app.,0,Robi
A Google user,5,2026-08-25 20:47:52,9 টাকায় 1 জিবি,0,Robi
A Google user,5,2026-08-25 20:45:08,best service. strong network. best wishes for Robi.,0,Robi
A Google user,5,2026-08-25 19:32:15,good i love robi 🇧🇩❤️❤️,0,Robi
A Google user,5,2026-08-25 18:45:04,"উপজেলা:কাপাসিয়া,জেলাগাজীপুর,বিভাগ:ঢাকায় location ভিত্তিক offer চাই",0,Robi
A Google user,3,2026-08-25 17:26:42,good আরেকটু ভালো হতো যদি MB এবং minute দাম কমাতো,0,Robi
A Google user,5,2026-08-25 16:45:51,খুব ভালো লাগছে। সাজু খান ❤️💯🌹❤️,0,Robi
A Google user,5,2026-08-25 16:43:02,best for talktime,0,Robi
A Google user,1,2026-08-25 16:32:24,নতুন আপডেট খুবই হযবরল ও হিজিবিজি।,0,Robi
A Google user,5,2026-08-25 15:22:54,very much ❤️,0,Robi
A Google user,5,2026-08-25 15:14:23,অনেক ধন্যবাদ,0,Robi
A Google user,5,2026-08-25 14:57:26,ites a best apps,0,Robi
A Google user,5,2026-08-25 14:33:38,kra valo apps,0,Robi
A Google user,5,2026-08-25 12:57:14,overall good,0,Robi
A Google user,1,2026-08-25 10:21:33,Amar baler app,0,Robi
A Google user,5,2026-08-25 08:43:26,robi is a good ❤️❤️❤️❤️❤️❤️❤️,0,Robi
A Google user,5,2026-08-25 08:38:26,All the best.,0,Robi
A Google user,5,2026-08-25 08:33:49,Very helpful to me.,0,Robi
A Google user,5,2026-08-25 07:39:35,All the best,0,Robi
A Google user,5,2026-08-25 01:02:56,free data bonus please accepted,0,Robi
A Google user,5,2026-08-24 22:57:40,valo na robi sim,0,Robi
A Google user,1,2026-08-24 22:02:59,unlimited offer very bad...,0,Robi
A Google user,5,2026-08-24 21:20:10,আরেকটু ভালো অপার দিলে ভালো হয়,0,Robi
A Google user,5,2026-08-24 18:45:06,Rasib gaming 👍,0,Robi
A Google user,1,2026-08-24 16:33:48,"unlimited internet package price onek besi, khankir magggi sim , game khelar somoy net jay ga,,🤬🤬🤬🤬🤬🤬🤬🤬",2,Robi
A Google user,5,2026-08-24 10:27:12,good service.,1,Robi
A Google user,1,2026-08-24 09:29:58,বাজে সার্ভিস,0,Robi
A Google user,1,2026-08-24 06:04:45,আপনারা এই পয়েন্ট টা দেন যে সে জন্য অনেক ধন্যবাদ আপনাদের। আমাদের যখন কোনো এমারজেন্সি হয় তখন আমরা এই পয়েন্ট গুলো রিডম করে আমরা আমাদের সমস্যা সমাধান করতে পারি তাই আপনাদের কে অনেক অনেক ধন্যবাদ,0,Robi
A Google user,5,2026-08-24 05:27:20,this is a very good way to recharge evar i have seen,1,Robi
A Google user,5,2026-08-24 00:31:43,❤️❤️☺️ Good ❤️,0,Robi
A Google user,1,2026-08-23 23:30:05,"রবি এপ থেকে বিকাশ থেকে প্রেমেন্ট করে mb কিনিছিলাম, টাকা নিছে এমবি দেয়নাই ফাউল",0,Robi
A Google user,5,2026-08-23 23:17:11,আরো সহজ করা দরকার। অনেক সময় ভালো অফার খুঁজে পেতে কষ্ট হয়।,0,Robi
A Google user,4,2026-08-23 22:49:16,pretty good from others,0,Robi
A Google user,4,2026-08-23 22:31:12,robi is good,0,Robi
A Google user,5,2026-08-23 22:16:40,very good apps,0,Robi
A Google user,5,2026-08-23 21:15:22,love This App ❤️❤️,0,Robi
A Google user,5,2026-08-23 17:37:57,Alhamdulillah kub valo,0,Robi
A Google user,5,2026-08-23 15:43:37,this is very good and useful,0,Robi
A Google user,5,2026-08-23 14:14:40,অনেক ধন্যবাদ,0,Robi
A Google user,5,2026-08-23 13:57:59,very helpful ❤️,0,Robi
A Google user,5,2026-08-23 12:06:03,thanks you my robi app,0,Robi
A Google user,5,2026-08-23 12:02:33,আরও কম দামে ভালো অফার চাই,0,Robi
A Google user,5,2026-08-23 11:37:50,Outstanding 😊,0,Robi
A Google user,5,2026-08-23 10:56:55,"I have been using the Robi app and Robi SIM for quite some time now. Aside from a few minor issues, I am very pleased with the app; its features are truly outstanding and user-friendly. Most recently, I was highly satisfied with their complaint resolution service. I am genuinely impressed by their work process, progress, and rapid problem-solving approach. I hope they maintain this level of consistency in the future.",8,Robi
A Google user,5,2026-08-23 09:05:12,robi ta mb+ minute er damta komano uchit. other wise thik ase.,1,Robi
A Google user,5,2026-08-23 08:26:58,The Best Operator!💜,1,Robi
A Google user,5,2026-08-23 02:34:16,niche great May Robi,0,Robi
A Google user,5,2026-08-23 01:37:33,good luck robi,0,Robi
A Google user,5,2026-08-23 00:26:58,"outstanding, wow",0,Robi
A Google user,5,2026-08-22 22:31:21,my robi supar,0,Robi
A Google user,5,2026-08-22 22:19:00,I love my robi,0,Robi
A Google user,1,2026-08-22 22:03:25,অভিজ্ঞতা খুব ভালো কিন্তু একটু নেট স্লো আমাদের এখানে টাওয়ার নাই খুব ভোগান্তি পড়াতে হয় শুধু নেট চলে যাই একটা আবেদন আমাদের এখানে একটা টাওয়ারের ব্যবস্থা করে দেন অথবা নেট পাওয়ার বারায়ে দেন ধন্যবাদ🥰❤️,0,Robi
A Google user,1,2026-08-22 22:02:16,My Robi was very good before. I used to get very good and very affordable internet offers. But now all the offers on My Robi are very expensive. I am not getting any offers at affordable prices. That is why I do not like the My Robi app.,4,Robi
A Google user,5,2026-08-22 20:04:24,অনেক সুন্দর প্যাকেজ পাওয়া যায়,0,Robi
A Google user,3,2026-08-22 18:15:18,thank you for packag,0,Robi
A Google user,5,2026-08-22 17:45:21,very good service,0,Robi
A Google user,5,2026-08-22 16:18:08,রবি খুব ভালো,0,Robi
A Google user,1,2026-08-22 14:00:15,new updates is the worst update ever. change it to the previous,0,Robi
A Google user,4,2026-08-22 13:46:08,রোমিং নেটওয়ার্ক আটো মেটিক হলে ভালো হতো।,0,Robi
A Google user,5,2026-08-22 10:40:47,Excellent apps,0,Robi
A Google user,5,2026-08-22 09:33:28,very good service ❤️‍🩹,0,Robi
A Google user,5,2026-08-22 08:00:15,my robi is best app,0,Robi
A Google user,5,2026-08-22 06:37:13,এমবির সাথে মিনিটটা আর একটু বেশি হলে অনেক ভালো হতো এই টাকায়,0,Robi
A Google user,1,2026-08-22 01:41:50,"আগের UI ডিজাইনটি অনেক বেশি সুন্দর, পরিষ্কার ও user-friendly ছিল। নতুন আপডেটের পর ডিজাইনটি আগের তুলনায় অনেক বেশি confusing মনে হচ্ছে। কিছু icon, picture ও function দেখে সহজে বোঝা যাচ্ছে না কোনটার কাজ কী। অ্যাপের functionality ভালো হলেও নতুন UI/UX একদম আগের মতো আকর্ষণীয় লাগছে না। আশা করি developers ব্যবহারকারীদের feedback গুরুত্ব দিয়ে UI-টি আরও clean, সুন্দর ও সহজে বোঝার মতো করবেন। সম্ভব হলে আগের ডিজাইনের simplicity ফিরিয়ে আনা হলে অনেক ভালো লাগবে। ❤️",0,Robi
A Google user,5,2026-08-22 01:40:42,this app is very good! and nice offer. thank you My Robi..,0,Robi
A Google user,4,2026-08-22 01:40:22,provide good services,0,Robi
A Google user,5,2026-08-21 19:09:20,আমার প্রিয় রবি ফোন,0,Robi
A Google user,5,2026-08-21 16:40:41,"মোটামুটি ভালো আছ তবে, নেটওয়ার্ক আরো শক্তিশালি করতে হবে।",0,Robi
A Google user,5,2026-08-21 16:39:54,verry nice this apps,0,Robi
A Google user,5,2026-08-21 16:38:29,Best operator🥰,0,Robi
A Google user,4,2026-08-21 16:31:35,"I usually rate apps 5 stars. However, the prices of Super Deal packs, internet, and minute bundles are too expensive for an ordinary student to afford 😔. I wish Robi would introduce student-exclusive offers with more affordable prices, available upon verification with a student ID card. I believe many students would benefit from and choose Robi if such affordable student packages were introduced.",7,Robi
A Google user,5,2026-08-21 15:25:51,এমবি ফ্রি দেন,0,Robi
A Google user,5,2026-08-21 14:38:08,আমার ভালবাসার মাই রবি অ্যাপস,0,Robi
A Google user,4,2026-08-21 14:08:01,very good-bad,0,Robi
A Google user,1,2026-08-21 12:53:05,"আপডেট ভার্সন খুবই বাজে। দেখতে চকচকে রঙিন হলেও, এপ চালাতে গিয়ে খুবই বাজে ফিল হচ্ছে। আগের পুরাতন ভার্সন এখনকার ভার্সনের চেয়ে হাজার গুন ভালো ছিল",0,Robi
A Google user,5,2026-08-21 12:52:31,very nice 🥹❤️,0,Robi
A Google user,5,2026-08-21 12:35:19,Good offer & Good sim,0,Robi
A Google user,5,2026-08-21 10:30:54,মেয়াদ বিহীন এমবি দেয়া হোক unlimited data যাতে একবার কিনলে অনেক দিন যায় -!!,0,Robi
A Google user,5,2026-08-21 07:21:58,ther good app.🥀🥀,0,Robi
A Google user,5,2026-08-21 07:04:57,এখন বর্তমানে অফারের দাম বেশি রাখে রবি,0,Robi
A Google user,5,2026-08-20 22:19:38,অনেক ধন্যবাদ,0,Robi
A Google user,1,2026-08-20 21:54:42,doder mare chudi ami taka diye mb toder network solo,0,Robi
A Google user,1,2026-08-20 21:05:20,রবি সর্বনিম্ন রিচার্জ ১০ টাকা করতে হবে আমাদের অনেক সমস্যার সম্মুখীন হতে হয়.. এটা দ্রুত ১০ টাকা করা হোক না হলে রিপোর্ট আর সিম কার্ড বাতিল করা হবে 🤐 কোনো কথা হবে না আর 😎,0,Robi
A Google user,5,2026-08-20 20:50:28,free 5 gb mb,0,Robi
A Google user,4,2026-08-20 19:45:35,best my robi apps,0,Robi
A Google user,5,2026-08-20 17:59:23,অফার দেন ভালো থেকে,0,Robi
A Google user,5,2026-08-20 15:31:09,my service ❤️❤️,0,Robi
A Google user,5,2026-08-20 14:40:56,Onek bhalo lage but bhalo kichu ofer dile aro bhalo lagto,0,Robi
A Google user,5,2026-08-20 13:45:37,So Verry Nice,0,Robi
A Google user,5,2026-08-20 12:46:37,good survice but uncomfortable offer please try to best special internet offer 🙏,3,Robi
A Google user,5,2026-08-20 11:49:51,very beautiful apps,1,Robi
A Google user,5,2026-08-20 11:22:13,499 taka 45gb with 400 minuit,0,Robi
A Google user,5,2026-08-20 11:02:25,EKRAM খুবই ভালো অফার,0,Robi
A Google user,1,2026-08-20 09:10:33,The new version is totally suck lagging problem..when i buy deals lagging problem cutting lots of money .,1,Robi
A Google user,5,2026-08-20 05:44:06,Good offer only 298 taka 35 gb 👍,0,Robi
A Google user,5,2026-08-20 01:34:27,অনেক জায়গায় নেটওয়ার্ক slow,0,Robi
A Google user,5,2026-08-20 00:04:10,good for application,0,Robi
A Google user,5,2026-08-19 22:00:44,best of software my robi,0,Robi
A Google user,5,2026-08-19 20:30:06,Very good app and good offers,0,Robi
A Google user,5,2026-08-19 18:00:03,Very nice 👍👍👍👍,0,Robi
A Google user,5,2026-08-19 16:52:53,Robi operator is the best operator in bd,0,Robi
A Google user,1,2026-08-19 14:31:24,I can't scroll offers smoothly! when I try to scroll from top to bottom it inrceases the speed of offers and goes direct to the last offer in the list! I can't choos my desired one! please fix this scrolling issue!,10,Robi
A Google user,5,2026-08-19 14:31:00,the best internet service robi among all of them others company.,0,Robi
A Google user,5,2026-08-19 13:34:10,best app robi,0,Robi
A Google user,1,2026-08-19 13:17:18,"Garbage service app never works properly, cannot even log in. Please fix this bs of an app that you guys created. literally the worst mobile service app they have spent literally no effort in making the app usable, what a bunch of greedy bastards",12,Robi
A Google user,5,2026-08-19 13:02:33,এমবির দাম আরেকটু কম হলে ভালো হবে,0,Robi
A Google user,4,2026-08-19 12:07:16,Robi is my favorite network . But I worry about my internet packages which comes with poor duration and limited time.,2,Robi
A Google user,5,2026-08-19 08:58:08,I think that Robi is a very good for Network service.,1,Robi
A Google user,5,2026-08-19 07:23:32,nice 100000000 poaint give me,0,Robi
A Google user,5,2026-08-19 04:02:42,Very Nice apps,1,Robi
A Google user,5,2026-08-19 01:48:05,very beautiful,0,Robi
A Google user,5,2026-08-18 23:53:47,Robi is my best for mine I am satisfied to service 🤗 I get always best offers. Lot of thanks my Robi 😍,0,Robi
A Google user,5,2026-08-18 22:56:07,so easy and better,0,Robi
A Google user,5,2026-08-18 22:19:17,This apps is really good 😊,0,Robi
A Google user,5,2026-08-18 22:09:02,ভালো না নেটওয়ার্ক পাই না,0,Robi
A Google user,5,2026-08-18 21:02:52,অপার আসে নাই কেন,0,Robi
A Google user,5,2026-08-18 19:34:25,এমন পেক আরো চাই ☺️,0,Robi
A Google user,5,2026-08-18 19:17:37,my bast robi app,0,Robi
A Google user,5,2026-08-18 17:10:18,খুব সুন্দর সার্ভিস,0,Robi
A Google user,5,2026-08-18 16:19:22,Working very fast and my experience is really good.,2,Robi
A Google user,2,2026-08-18 15:24:08,kom tk te bshi mb and bshi mnt er offer dewa drkr.... for example :- 150tk te 350mnt... 220tk te 22gb 300mnt... 180 tk te 420mnt... erkm karon amr thke protidin Minutes dhukaite hoi and ei chara ami bundle o ki 1mnth er... amr tou otirikto tk khrooch hoi jacche.... ami last 6tarik thke 17 tarik er moddhe shudu minute kinsi 600/700 tkr erkm hle tou beggar hoiye jbo.... offer vlo and tk ektu komano uchit,0,Robi
A Google user,5,2026-08-18 11:04:20,good service,0,Robi
A Google user,5,2026-08-18 11:01:42,"একসাথে অনেকগুলো ডিলিট বা পিন করতে অথবা ইচ্ছানুযায়ী নতুন ক্লিপ যোগ করতে ""Manage"" বাটনে চাপুন",0,Robi
A Google user,5,2026-08-18 09:56:41,Best mobile apk,1,Robi
A Google user,5,2026-08-18 09:43:52,Its offers me for good,0,Robi
A Google user,4,2026-08-18 08:00:50,Best app for Robi users. Everything is available in one place. Works smoothly,0,Robi
A Google user,5,2026-08-18 07:30:20,price is so high,0,Robi
A Google user,4,2026-08-18 06:09:01,This offer is very helpfull of my,0,Robi
A Google user,5,2026-08-18 06:08:58,20 জিবি 100 মিনিট ২০২ টাকা হলে ভালো আরো ভালো হতো,0,Robi
A Google user,5,2026-08-18 00:41:20,very very nice,0,Robi
A Google user,5,2026-08-18 00:25:15,Good Service,0,Robi
A Google user,5,2026-08-17 23:47:20,Md Saied। valo,0,Robi
A Google user,4,2026-08-17 23:33:56,"This update is okay, awesome 💙",0,Robi
A Google user,1,2026-08-17 23:23:13,আসসালামুয়ালাইকুম।।। আপনাদের নেটওয়ার্ক এত স্লো যা বলার বাহিরে আমার এই সিমটা 2010 সাল থেকে আমি ইউজ করতেছি মোদি দিয়ে তিন-চার বছর বন্ধ ছিল কারণ আমি প্রবাসে ছিলাম এখন নেটওয়ার্ক এত স্লো দয়া করে নেট স্পিড বাড়ান,0,Robi
A Google user,5,2026-08-17 22:39:23,wow very good very nice I am happy,1,Robi
A Google user,1,2026-08-17 22:10:02,"A Wallet ID is the universal identifier for a user's wallet, allowing for the association of the Wallet ID with its corresponding wallet address for future wallet management and transaction operations. For example, friends of the user can add them as a contact using this ID and send direct transfers through the contact list.",1,Robi
A Google user,1,2026-08-17 22:04:27,Thank you my robi,0,Robi
A Google user,1,2026-08-17 20:59:33,When we get 5G with unlimited package like other countries have? in 2100??,0,Robi
A Google user,1,2026-08-17 16:41:28,this app offer to buying need much money. thats haven't my. so you should small package input here.,2,Robi
A Google user,5,2026-08-17 15:35:26,অনেক ভালো 😊😊,0,Robi
A Google user,2,2026-08-17 15:19:30,APP no Open my phone,0,Robi
A Google user,5,2026-08-17 14:21:20,"রবি এয়ারটেল ভাই ভাই এখন হঠাৎ নাম পরিবর্তন করার কারণ কি সার্কেল দিচ্ছে,",0,Robi
A Google user,5,2026-08-17 13:48:40,best internet offer,0,Robi
A Google user,2,2026-08-17 06:07:51,Why I can't download the latest version of this app? I have 10.12.2 but want to download 10.13.1. Please help me to solve the problem. Because of this problem I don’t get the feature of usage history.,5,Robi
A Google user,5,2026-08-16 23:57:16,সেবা ভালো না আর নেটওয়ার্ক অনেক খারাপ,0,Robi
A Google user,5,2026-08-16 23:49:08,Excellent 👍👍,0,Robi
A Google user,5,2026-08-16 21:27:02,"This is a very good app, it provides very good service.",0,Robi
A Google user,1,2026-08-16 20:36:09,"আপনাদের রবি অ্যাপস আপডেট হয়েছে, আপডেট হওয়ার পর অনেক সমস্যা দেখা দিয়েছে, যেমন কল লিস্ট এ সম্পূর্ণ নাম্বার ও নাম দেখা যাচ্ছে না।",0,Robi
A Google user,4,2026-08-16 18:54:51,best apps in Bangladesh,0,Robi
A Google user,5,2026-08-16 17:11:21,dam akto kom hlo vlo hoi,0,Robi
A Google user,5,2026-08-16 17:04:04,This app reduce our valuable time. so I appreciate the developers whom made this app so well. It’s helps us daily. Essentially requires this app is so nice and helpful for solving any net balance.,3,Robi
A Google user,5,2026-08-16 15:33:31,Nice my robi app,0,Robi
A Google user,5,2026-08-16 15:26:22,good service,0,Robi
A Google user,5,2026-08-16 15:14:31,Amar to valoy laga,0,Robi
A Google user,5,2026-08-16 14:50:53,very nice app my robi app,0,Robi
A Google user,5,2026-08-16 12:06:14,yeah it is a good app,0,Robi
A Google user,5,2026-08-16 11:25:26,valo achee app taa,0,Robi
A Google user,5,2026-08-16 09:04:08,Jannatul ferdous Sworna এরকম অফার পেলে সব সময় সাথে আছি ধন্যবাদ আপনাদেরকে এত সুন্দর অফার দেওয়ার জন্য,0,Robi
A Google user,5,2026-08-16 07:37:22,ধন্যবাদ রবি পরিবারকে এতো সুন্দর সুন্দর প্যাক দেওয়ার জন্য,0,Robi
A Google user,5,2026-08-16 04:28:49,good ❤️❤️❤️❤️❤️❤️❤️,0,Robi
A Google user,5,2026-08-16 04:11:50,অসাধারন অ্যাপ,0,Robi
A Google user,5,2026-08-15 23:57:40,Good myrobi app,0,Robi
A Google user,5,2026-08-15 22:41:35,good service,0,Robi
A Google user,5,2026-08-15 22:05:33,excellent app future good app help full app thank you ❤️💫,0,Robi
A Google user,5,2026-08-15 21:59:44,"nice network working, 👍👍👍👍👍",0,Robi
A Google user,5,2026-08-15 20:52:27,very good for offer,0,Robi
A Google user,5,2026-08-15 19:59:24,Very good app 👍,0,Robi
A Google user,5,2026-08-15 18:36:37,Good but net speed slow,0,Robi
A Google user,3,2026-08-15 18:25:51,মিনিটের দাম একটু কম হলে ভালো হবে,0,Robi
A Google user,5,2026-08-15 18:19:26,network very good,0,Robi
A Google user,1,2026-08-15 16:56:12,this app is very good,0,Robi
A Google user,5,2026-08-15 16:17:16,best app my robi,0,Robi
A Google user,5,2026-08-15 13:13:16,"যেকোন লেখা বা ছবি কপি করলে ""Recent"" এ আসবে। তবে পিন না করলে ১ ঘন্টা পর মুছে যাবে",0,Robi
A Google user,5,2026-08-15 12:03:55,this operator is very good in my experience,0,Robi
A Google user,5,2026-08-15 09:06:54,good service,0,Robi
A Google user,3,2026-08-15 06:30:18,so bad serbice,0,Robi
A Google user,5,2026-08-15 05:36:18,Extremely good app.,0,Robi
A Google user,5,2026-08-14 22:07:59,Nice.........?,0,Robi
A Google user,5,2026-08-14 20:55:37,lone beshi kore diyen aro,0,Robi
A Google user,1,2026-08-14 19:32:14,payment click korar por onekkhon loading hoe. biroktikor,0,Robi
A Google user,1,2026-08-14 19:06:13,one of the greatest scammer in the world when I take a offer hi take my money and didn't give the offer,0,Robi
A Google user,5,2026-08-14 15:39:27,good its depends of net speed,0,Robi
A Google user,5,2026-08-14 14:14:03,very very good apps,0,Robi
A Google user,5,2026-08-14 13:38:06,good ইমারজেন্সি ইন্টারনেট সেবা,0,Robi
A Google user,3,2026-08-14 13:12:50,মাঝে মধ্যে টাকা কেটে নেয় কিন্তু প্যাক পাই না এটা অনেক বড় সমস্যা,0,Robi
A Google user,5,2026-08-14 13:11:03,Wish you so much robi,0,Robi
A Google user,5,2026-08-14 12:46:26,very smooth application,0,Robi
A Google user,5,2026-08-14 12:43:00,অনেক সুন্দর এপস ☺️,0,Robi
A Google user,5,2026-08-14 11:00:24,All tha vary bad network,0,Robi
A Google user,5,2026-08-14 10:41:17,abdet my robi,0,Robi
A Google user,5,2026-08-14 10:39:36,My Robi – A New Experience in Life আপনার রবি সিম সংক্রান্ত সকল প্রয়োজন মেটাতে রয়েছে মাই রবি অ্যাপ! তাই কষ্ট করে আর কঠিন কোড মুখস্থ করা বা কল সেন্টারে অপেক্ষা করার আর প্রয়োজন নেই! ⏱️ রেডি থাকুন সবসময়! আপনার ব্যালেন্স ও হিস্ট্রি দেখুন এবং ব্যালেন্স ফুরিয়ে গেলে লোন নিন 🧮 সাজিয়ে নিন নিজের মতো! ইজিপ্ল্যান অপশন থেকে নিজের পছন্দমতো প্যাক বানিয়ে নিন 👪 খেয়াল রাখুন প্রিয়জনদেরও! অ্যাপ থেকে সর্বোচ্চ ৫টি সেকেন্ডারি একাউন্ট ম্যানেজ করুন ও মাই ফ্যামিলি প্যাক কিনে শেয়ার করুন প্রিয়জনদের সাথে! 🎁 উপহার নি,0,Robi
A Google user,5,2026-08-14 10:03:24,best offer 👍🏻,0,Robi
A Google user,5,2026-08-14 01:54:56,good experience.,0,Robi
A Google user,1,2026-08-14 00:51:15,network + app 2tai durbol,0,Robi
A Google user,5,2026-08-14 00:28:58,Good Service,0,Robi
A Google user,5,2026-08-13 22:11:16,Nice sim and apps,0,Robi
A Google user,5,2026-08-13 22:03:19,"favourite , thanks you",0,Robi
A Google user,1,2026-08-13 21:51:59,sim certification option is available in myrobi app ??,0,Robi
A Google user,5,2026-08-13 20:13:24,nice this sim,0,Robi
A Google user,5,2026-08-13 20:11:41,robi is the best for Mobil recharge,0,Robi
A Google user,5,2026-08-13 18:32:23,সবচেয়ে সাশ্রয়ী মূল্যে ইন্টারনেট প্যাক ব্যবহার করা যায় রবি অপারেটরেই,0,Robi
A Google user,5,2026-08-13 14:14:36,excellent offer,0,Robi
A Google user,5,2026-08-13 14:02:06,অফারটি খুবই ভালো আমি এটি প্রায় কিনি,0,Robi
A Google user,5,2026-08-13 13:54:41,very good service,1,Robi
A Google user,5,2026-08-13 12:41:31,I like to robi apps,0,Robi
A Google user,5,2026-08-13 10:19:05,Robi apps are really useful,0,Robi
A Google user,5,2026-08-13 09:07:02,Robi is the best oparetor in Bangladesh,0,Robi
A Google user,5,2026-08-13 01:17:04,My Robi is Best😍😍,0,Robi
A Google user,5,2026-08-13 01:02:44,Mohammad Uzzal nice,0,Robi
A Google user,3,2026-08-13 00:10:45,plzz reduce balance in internet packages,1,Robi
A Google user,5,2026-08-12 22:50:35,সবচেয়ে কম এমবি পাওয়া যায় সুধু রবি তে,0,Robi
A Google user,5,2026-08-12 22:36:02,thanks you so much,0,Robi
A Google user,4,2026-08-12 21:10:48,"১০১ টাকায় ১০ জিবি +৫০ মিনিট ৩০দিন প্যাকেজ ভালই,এইরকম অফার পেলে কাস্টমার সন্তুষ্ট।",0,Robi
A Google user,5,2026-08-12 20:01:52,onek balo app taka beshi kate,0,Robi
A Google user,5,2026-08-12 19:42:39,Good service,0,Robi
A Google user,5,2026-08-12 19:25:42,thanks again,0,Robi
A Google user,5,2026-08-12 18:00:02,"আনলিমিটেড অফার ১ ঘন্টা, ৩ ঘন্টা দেবেন",0,Robi
A Google user,5,2026-08-12 16:13:05,so nice apps robi,0,Robi
A Google user,5,2026-08-12 15:45:36,tha best apps,0,Robi
A Google user,5,2026-08-12 15:40:05,better than more,0,Robi
A Google user,1,2026-08-12 15:27:31,"extremely poor service! i purchased a talktime pack, but it didn't automatically buy it, instead the balance was used! when i tried to purchase again, the app tells me to take loan or recharge the full amount! which is very inconvenient and predatory business model! shame on Robi!",5,Robi
A Google user,5,2026-08-12 14:31:10,I can't get my login bounas,0,Robi
A Google user,5,2026-08-12 13:44:31,very good app,0,Robi
A Google user,5,2026-08-12 10:26:48,Nice but so expensive!,0,Robi
A Google user,5,2026-08-12 08:13:53,Robi is the best app,0,Robi
A Google user,1,2026-08-12 05:39:12,"30 days packeg but limited within 1 day. It is a scam. মাই অফার এর পাকেজ সব স্কাম, ৩০ দিনের কথা বলে কিন্তু দেয় ১ থেকে ৭ দিন। scam scam scam",0,Robi
A Google user,5,2026-08-12 01:42:27,It’s really good. It gives me 1 GB bonus every week.,0,Robi
A Google user,5,2026-08-12 00:09:57,wonderful pack,0,Robi
A Google user,5,2026-08-12 00:07:54,itsss veryyyy gooo,0,Robi
A Google user,5,2026-08-11 21:43:31,অনেক ভালো লাগে,0,Robi
A Google user,5,2026-08-11 21:19:44,siuuuuuuuuuu,0,Robi
A Google user,5,2026-08-11 20:56:48,Really nice.,0,Robi
A Google user,5,2026-08-11 20:45:54,Help full app. ☺️,0,Robi
A Google user,1,2026-08-11 20:32:42,এত বাজে এক্সপ্রিয়ান্স। 5 আগস্ট টাকা রিচার্জ করেছি 11 আগস্ট মেয়াদ শেষ,0,Robi
A Google user,5,2026-08-11 19:50:15,Bangladesh best sim,0,Robi
A Google user,5,2026-08-11 17:25:47,this app is so pretty,0,Robi
A Google user,5,2026-08-11 14:53:57,thank you my robi app,0,Robi
A Google user,5,2026-08-11 13:38:36,good service,0,Robi
A Google user,5,2026-08-11 13:03:06,আমার নেট ভালো চলে নাহ,0,Robi
A Google user,3,2026-08-11 12:08:34,Incoming for flash message notification,2,Robi
A Google user,5,2026-08-11 11:00:41,It's very good for recharged,0,Robi
A Google user,5,2026-08-11 10:50:40,"good offers,😍☺️",0,Robi
A Google user,4,2026-08-11 09:05:41,আরো ভালো ভালো অফার দিতে হবে ।তাহলে 5 ষ্টার মার্ক দিব।,0,Robi
A Google user,5,2026-08-11 08:58:16,অনেক ধন্যবাদ,0,Robi
A Google user,5,2026-08-11 02:55:10,best offer for ever🤍,0,Robi
A Google user,5,2026-08-11 01:44:27,অনেক ভালো এই এপ সবাই বেশি বেশি ব্যাবহার করুন,0,Robi
A Google user,2,2026-08-11 00:49:25,"The updated version is even worse, especially data usage history doesn’t work properly. Fix it.",10,Robi
A Google user,1,2026-08-10 23:47:25,So disgusting,0,Robi
A Google user,5,2026-08-10 23:39:26,thanks support,0,Robi
A Google user,5,2026-08-10 22:44:03,robi app valoo,0,Robi
A Google user,1,2026-08-10 21:01:45,Very Expensive Offer,0,Robi
A Google user,5,2026-08-10 16:53:35,That's great.,0,Robi
A Google user,4,2026-08-10 15:48:49,good service,0,Robi
A Google user,5,2026-08-10 15:28:37,this app is really good 👍,0,Robi
A Google user,1,2026-08-10 15:04:24,this app is bary bad app offer is not good 😡,0,Robi
A Google user,5,2026-08-10 13:42:17,৫৯৯ টাকায় ডাটা ৫০ এম বি থেকে ৩০ এমবি এবং মিনিট ৬৫০ হলে আরোও ভালো হতো।,0,Robi
A Google user,1,2026-08-10 13:16:33,কাস্টমার সার্ভিস ম্যানেজার লাইভ চালু করতে হবে,0,Robi
A Google user,5,2026-08-10 13:06:49,GOOD services,0,Robi
A Google user,5,2026-08-10 11:02:13,very nice.........,0,Robi
A Google user,1,2026-08-10 09:48:29,Very bad experience. A lot of bugs.,0,Robi
A Google user,5,2026-08-10 09:34:49,Helpful Service,0,Robi
A Google user,5,2026-08-10 08:27:48,Onk Valo App,0,Robi
A Google user,5,2026-08-10 07:58:05,"sei vai. app is awesome 💯 Much faster and less expensive than other SIM companies, but the network is a bit problematic, but Grameen is 100 times ahead of it.",15,Robi
A Google user,5,2026-08-10 00:59:44,l love robi ❤️,0,Robi
A Google user,5,2026-08-10 00:14:42,very nic service,0,Robi
A Google user,5,2026-08-09 23:53:35,খুব ভালো অফার,0,Robi
A Google user,5,2026-08-09 19:33:14,vary nice robi,0,Robi
A Google user,5,2026-08-09 19:26:03,nice developer plz give more crazy update😊😊,0,Robi
A Google user,5,2026-08-09 19:23:43,Very good 😊😊,0,Robi
A Google user,4,2026-08-09 18:23:06,খুবেই ভালো সেবা প্রধান করে।ধন্যবাদ রবি কে,0,Robi
A Google user,5,2026-08-09 13:21:58,ভালো অফার আসে না,0,Robi
A Google user,5,2026-08-09 12:58:11,Super offers ❤️,0,Robi
A Google user,5,2026-08-09 12:36:03,সেবা অনেক ভালো,0,Robi
A Google user,5,2026-08-09 10:02:06,Modify your app them,0,Robi
A Google user,5,2026-08-09 09:05:07,beautiful 😍❤️,0,Robi
A Google user,5,2026-08-09 08:56:37,রবি আপস ব্যবহার করে ভালো ই সুবিধা পাচ্ছি তবে যদি মেয়াদহিন আনলিমিট ডাটা মিনিট সুবিধা হয় সবচেয়ে বেশি ভালো হয়,0,Robi
A Google user,5,2026-08-09 08:51:47,রবি প্যাকেজগুলি খুবই ভালো কিন্তু গ্রাম সাইটে ঘরের ভিতরে ইন্টারনেট ভালো চলে না সেই দিকে খেয়াল রাখা উচিত,0,Robi
A Google user,2,2026-08-09 08:00:25,this application is very helpful for us,0,Robi
A Google user,5,2026-08-09 07:52:22,🥰🥰🥰🥰🥰🥰 সেরকম ছিল,0,Robi
A Google user,5,2026-08-09 06:16:57,verry helpful for me,0,Robi
A Google user,5,2026-08-09 04:39:54,always best.,0,Robi
A Google user,1,2026-08-09 02:36:49,Your service is very bad.,0,Robi
A Google user,5,2026-08-09 01:23:51,Best apps good offer.,0,Robi
A Google user,5,2026-08-09 00:04:13,এখানে একবার প্রেস করলে সেটি ইনপুট বক্সে পেস্ট হবে,0,Robi
A Google user,1,2026-08-08 23:14:22,beri bet intarnet sarvis amon sarbis dile customer thekbe na somosar kotha bolle bole kono somosa nai falto sim 1 star ar o joggo na ato fal sarvis na paira chalai kobe jani sim bainga lsi falto sarvis,0,Robi
A Google user,5,2026-08-08 22:51:48,আমি আশা করব গ্রাহকরা যেন প্রতারিত না হয়,0,Robi
A Google user,5,2026-08-08 22:29:17,Good network,0,Robi
A Google user,5,2026-08-08 21:36:22,আমাকে আর একটু লোন বেশি নেওয়ার বেবস্থা করে দিন প্লিজ,0,Robi
A Google user,5,2026-08-08 20:55:08,"এই সিমটি খুব ভালো , কিন্তু নেট থাকে না। এটি আর উন্নত করতে হবে",0,Robi
A Google user,5,2026-08-08 20:16:15,good service,0,Robi
A Google user,4,2026-08-08 19:40:24,esim convert চালু করেন app থেকে,0,Robi
A Google user,5,2026-08-08 18:52:23,Excellent apps,0,Robi
A Google user,5,2026-08-08 17:11:59,"nice,,good. app",0,Robi
A Google user,5,2026-08-08 16:58:07,মিনিট কিনার পরও টাকা কেটে নেওয়া হয়ে। কিন্তুু কোনো ম্যাসেজ দেওয়া হয় না।,0,Robi
A Google user,5,2026-08-08 16:24:02,amr prio Network 🛜 shuvo kamona roilo apnader jonno .,0,Robi
A Google user,3,2026-08-08 16:01:52,old version is so smooth,0,Robi
A Google user,5,2026-08-08 14:47:41,very good...,0,Robi
A Google user,5,2026-08-08 14:30:15,nice divays robi ap mai ap ❤️,0,Robi
A Google user,5,2026-08-08 11:05:07,very good app or my robi sim card,0,Robi
A Google user,5,2026-08-08 05:31:44,It’s very easy to use,0,Robi
A Google user,5,2026-08-08 05:26:32,great service,0,Robi
A Google user,3,2026-08-08 03:02:01,too much expnsive offer..Please down the amount of taka just a little ..otherwise everyone will not happy,1,Robi
A Google user,5,2026-08-08 01:33:09,very nice 👍👍👍👍👍👍👍👍,0,Robi
A Google user,5,2026-08-08 00:33:35,Excellent ❤️❤️❤️❤️,0,Robi
A Google user,5,2026-08-07 22:40:17,অনেক ভালো লাগলো,0,Robi
A Google user,5,2026-08-07 22:07:22,নেট আরো শক্তিশালী করলে অনেক ভালো হবে,0,Robi
A Google user,5,2026-08-07 21:50:16,thanks for (my robi apps),0,Robi
A Google user,5,2026-08-07 20:36:11,very good apps,0,Robi
A Google user,2,2026-08-07 19:20:43,এখন পর্যন্ত ভালো অফার পাওয়া যায় না,0,Robi
A Google user,5,2026-08-07 18:29:40,very good app,0,Robi
A Google user,5,2026-08-07 15:31:16,very very nice 👍🙂,0,Robi
A Google user,4,2026-08-07 14:19:36,good but low prices offer,0,Robi
A Google user,5,2026-08-07 14:13:32,my Robi is based,0,Robi
A Google user,5,2026-08-07 12:52:10,That is good for me,0,Robi
A Google user,5,2026-08-07 12:34:54,রবি অ্যাপটি অনেক ভালো এখানে অনেক ভালো ভালো অফার পাওয়া যায়,0,Robi
A Google user,5,2026-08-07 12:04:40,good service,0,Robi
A Google user,5,2026-08-07 11:47:38,it's so Good,0,Robi
A Google user,5,2026-08-07 09:39:30,"network to understand information that's my dought is right, 657",0,Robi
A Google user,5,2026-08-07 08:51:31,সুন্দর অ্যাপ,0,Robi
A Google user,2,2026-08-07 00:48:39,back to old virson,0,Robi
A Google user,3,2026-08-07 00:29:13,service is very good.,0,Robi
A Google user,5,2026-08-07 00:18:40,আমি রবি সিম চালাই আর বাকি সব...... নেয় তাই রবি বেস্ট সিম। নেটওয়ার্ক সেরা। ধন্যবাদ রবি।,0,Robi
A Google user,5,2026-08-06 23:48:27,রবি এপ্স থাকার কারনে ভালো অফার দেখার সুযোগ হয়।অনেক ভালো আপ্স।,0,Robi
A Google user,5,2026-08-06 22:40:59,nice my robi,0,Robi
A Google user,5,2026-08-06 22:05:58,রবি অ্যাপ সেটা অনেক ভালো,0,Robi
A Google user,5,2026-08-06 21:49:26,আমাকে লোন দেওয়ার জন্য ধন্যবাদ,0,Robi
A Google user,5,2026-08-06 21:42:15,number one bad app in the world,0,Robi
A Google user,5,2026-08-06 19:42:19,thank you so much,0,Robi
A Google user,5,2026-08-06 18:51:27,good package,0,Robi
A Google user,4,2026-08-06 16:41:53,good but packs amount ta komale vlo hbe,0,Robi
A Google user,1,2026-08-06 15:56:44,this app very helpul,0,Robi
A Google user,5,2026-08-06 15:37:29,good robi sim offers,0,Robi
A Google user,5,2026-08-06 14:24:37,ধন্যবাদ রবিকে তাদের এতো ভালো সেবার জন্য,0,Robi
A Google user,1,2026-08-06 09:32:56,"the ui was much better sampler before. now they made the ui flashy and hard to use , its kinda hard to use , these kind of Services should you minimalistic UI and easy to you,",3,Robi
A Google user,1,2026-08-06 09:08:20,This new update is absolutely disgusting. It’s nauseating to watch. The old one was perfect.,0,Robi
A Google user,5,2026-08-06 08:57:03,Robi ekti Valo app,0,Robi
A Google user,5,2026-08-06 07:24:51,free 1 gb my bunas,0,Robi
A Google user,5,2026-08-06 06:56:00,Alhamdulillah good software But the offer is not available.,1,Robi
A Google user,5,2026-08-06 02:27:00,this is very nice and easy app,0,Robi
A Google user,5,2026-08-06 00:37:51,very nice 👍👍👍,0,Robi
A Google user,5,2026-08-05 23:33:21,very good apps for Android and very fast working,0,Robi
A Google user,5,2026-08-05 21:06:46,very pleasures,0,Robi
A Google user,1,2026-08-05 20:33:45,The latest update app is very bad.,0,Robi
A Google user,5,2026-08-05 19:51:31,"valo.....আপডেট দেওয়ার পর এত বিরক্তিকর লাকতেছে এপ টা বলে বুঝানো যাবেনা, এমবি অফার আগে কত সহজ ছিলো এখন ফাংশন বুঝা যায়না।",0,Robi
A Google user,5,2026-08-05 16:41:37,this app is very good.,0,Robi
A Google user,5,2026-08-05 16:02:06,Good service,0,Robi
A Google user,5,2026-08-05 15:52:09,This application is helpful because any offers can be easy purchased.,0,Robi
A Google user,5,2026-08-05 15:39:56,onek sundor service,0,Robi
A Google user,5,2026-08-05 15:01:42,i want a auto coin claiming bonus,0,Robi
A Google user,5,2026-08-05 14:49:02,এই এক ঘন্টা কন্টিনিউ নাকি কিছু কিছু করেও ব্যবহার করা যায় ?,0,Robi
A Google user,5,2026-08-05 13:59:04,it's a very good experience &you can take this.,0,Robi
A Google user,5,2026-08-05 13:52:09,ভালো এপ নেটের দাম অনেক কম,0,Robi
A Google user,5,2026-08-05 11:25:10,Good Network Thanks for Everything,0,Robi
A Google user,5,2026-08-05 09:38:01,khobi valo netowark,0,Robi
A Google user,5,2026-08-05 02:59:01,Robi is my favourite SIM.,1,Robi
A Google user,5,2026-08-05 01:21:53,nice app useful all🫰,0,Robi
A Google user,4,2026-08-05 00:26:03,my robi. best Network from Bangladesh,0,Robi
A Google user,1,2026-08-04 19:18:19,আমার বালের নেট নুডির পুতাইত। টাকাই জলে,0,Robi
A Google user,5,2026-08-04 17:37:47,আপনাদের ইন্টারনেট এবং মিনিট প্যাকের অতিরিক্ত দাম অন্যান্য কোম্পানির গুলো অনেক কমে পাওয়া যায়,0,Robi
A Google user,5,2026-08-04 16:52:15,Well that's feeling,0,Robi
A Google user,2,2026-08-04 15:34:42,robi network fast internat,0,Robi
A Google user,5,2026-08-04 15:02:26,"Not getting good quality offer, money is high and moad is low. and please simple new money offer.",10,Robi
A Google user,3,2026-08-04 11:34:54,can not enter the app,1,Robi
A Google user,4,2026-08-04 11:15:15,It's good.but need improve network,0,Robi
A Google user,5,2026-08-04 11:13:57,it was a very good service,0,Robi
A Google user,5,2026-08-04 10:40:15,Very helpful,0,Robi
A Google user,1,2026-08-04 10:27:19,অনেক অভ্যন্তরীণ সমস্যা সমাধান করতে ব্যর্থ।,0,Robi
A Google user,5,2026-08-04 10:18:04,good 👍 nice 🙂 thank you so much my robi,0,Robi
A Google user,5,2026-08-04 08:55:27,good & very easy.,0,Robi
A Google user,5,2026-08-04 08:43:50,দোল আগে দ হারাপ নয়,0,Robi
A Google user,5,2026-08-04 08:38:12,Bast app ❤️❤️,0,Robi
A Google user,5,2026-08-04 07:27:57,বলার মতো নয়।এক কথায় অসাধারন,0,Robi
A Google user,1,2026-08-04 04:50:23,AMAR POUNT DIA JE PAKEJ KINECHILAM SE GOLA KOY,0,Robi
A Google user,1,2026-08-04 03:10:56,বেশি ভালো না,0,Robi
A Google user,5,2026-08-04 01:19:31,thanks my Robi,0,Robi
A Google user,5,2026-08-03 23:44:15,very good Service,0,Robi
A Google user,5,2026-08-03 22:43:49,good aps ☺️🤝,1,Robi
A Google user,5,2026-08-03 13:47:25,very nice service,0,Robi
A Google user,5,2026-08-03 13:32:31,ভালো কিন্তু অফার গুলো আরেকটু ভালো হলে ভালো হয়,0,Robi
A Google user,5,2026-08-03 11:17:09,very much robi 💝💝💝💝,0,Robi
A Google user,5,2026-08-03 07:42:49,রবি সিম অনেক ভালো 🇧🇩💖,0,Robi
A Google user,5,2026-08-03 05:43:15,MY ROBI IS VERY GOOD OPERATORS,0,Robi
A Google user,1,2026-08-03 05:41:46,একটু ভালো অফার দেন,0,Robi
A Google user,1,2026-08-03 05:05:48,Very poor services,0,Robi
A Google user,1,2026-08-03 03:09:56,I have some internet issues.Internet speed is very slow.,1,Robi
A Google user,5,2026-08-02 23:34:28,Awesome My Robi,0,Robi
A Google user,5,2026-08-02 21:33:04,nice Bangladesh Robi apps,0,Robi
A Google user,5,2026-08-02 20:35:17,Good App But network slow Plzzz network first,0,Robi
A Google user,5,2026-08-02 19:31:59,Excellent app with abundant ffacilities,0,Robi
A Google user,5,2026-08-02 17:57:31,This app is very useful.,0,Robi
A Google user,5,2026-08-02 17:51:46,mb দাম বেশি 😒💸,0,Robi
A Google user,1,2026-08-02 16:24:54,very slow app,0,Robi
A Google user,5,2026-08-02 15:39:02,no offer bad,0,Robi
A Google user,1,2026-08-02 13:20:59,baje experience,0,Robi
A Google user,5,2026-08-02 12:19:42,আমি এপ টি আপডেট দিতে পারতাছিনা।help me,0,Robi
A Google user,5,2026-08-02 11:33:28,services are very good.,0,Robi
A Google user,5,2026-08-02 11:09:56,very good app,0,Robi
A Google user,5,2026-08-02 08:41:42,this is good,0,Robi
A Google user,3,2026-08-02 02:25:19,abar ai offers deba too janoo,0,Robi
A Google user,4,2026-08-01 23:47:17,আরো একটু কম টাকার অফার দিয়েন আমাদের অনেক কষ্ট হয় বেশি টাকার অফার গুলা 😁😁,0,Robi
A Google user,1,2026-08-01 20:55:39,Baler sim. Baler net. Pesaber speed o toder net er cheye besi,0,Robi
A Google user,5,2026-08-01 18:51:32,not bet its also rork naicely,0,Robi
A Google user,5,2026-08-01 17:45:33,best service for my robi.thanks robi,0,Robi
A Google user,5,2026-08-01 14:47:33,dear sir my robi app no offer give so dear sir please give me offer thank you,0,Robi
A Google user,1,2026-08-01 13:00:49,পুরাতন রবি অ্যাপস ভালো ছিল old Robi best,0,Robi
A Google user,5,2026-08-01 10:39:53,খুব ভালো লাগলো,0,Robi
A Google user,5,2026-08-01 10:35:06,happy to use robi netwark. thanks of all robi family,0,Robi
A Google user,5,2026-08-01 03:03:40,like my robi,0,Robi
A Google user,5,2026-08-01 01:26:57,মাঝে মাঝে নেটওয়ার্কের অনেক সমস্যা হয়। তখন এলিট এর অফার গুলো দারুন কাজ দেয়। ধন্যবাদ রবি। ধন্যবাদ এলিট।,0,Robi
A Google user,1,2026-08-01 01:10:26,এমবির দাম অনেক বেশিই ইদানীং ভালো কোন অফার নাই,0,Robi
A Google user,5,2026-08-01 00:45:53,good 👍😊😊😊 app,0,Robi
A Google user,1,2026-08-01 00:25:01,"I have been noticing one thing for a while now, automatic subscriptions are happening on Robi apps, it is very sad. I don't know, but money is being deducted from my balance without my knowledge. This kind of auto subscription should be stopped immediately. The company does not replenish my money, since I have to replenish my money, they should inform me and deduct my money. On July 22, I recharged 100 taka, now I see my balance is 50 taka. Out of the 50 taka expense shown, I said five taka, and",0,Robi
A Google user,5,2026-07-31 22:12:32,good network,0,Robi
A Google user,5,2026-07-31 21:53:12,very first network 🛜🛜🛜,0,Robi
A Google user,5,2026-07-31 20:34:58,That's a good app but sometimes we have to face many problem which don't know.But overall it's helps us in many ways. Thank you.🥰🥰😇,9,Robi
A Google user,3,2026-07-31 18:42:06,"সারভিস সেই ভালো, আরেকটু ভালো করতে হবে।",0,Robi
A Google user,5,2026-07-31 17:53:47,good app 👍😊😊,0,Robi
A Google user,5,2026-07-31 16:41:58,অনেক ভালো লাগে রবি,0,Robi
A Google user,5,2026-07-31 15:13:02,Gd Service...,0,Robi
A Google user,5,2026-07-31 14:51:00,this is the best apps,0,Robi
A Google user,5,2026-07-31 09:21:43,Thanks for Robi,0,Robi
A Google user,5,2026-07-31 08:02:21,yess this my robi my best good service,0,Robi
A Google user,5,2026-07-31 06:37:28,Best service for thanks,0,Robi
A Google user,5,2026-07-31 00:16:46,অনেক সুন্দর ❤️❤️❤️❤️,0,Robi
A Google user,4,2026-07-31 00:09:55,Ekram Mia খুব ভালো অফার,0,Robi
A Google user,5,2026-07-30 23:31:44,bast app data,0,Robi
A Google user,5,2026-07-30 22:44:02,Juwel Rana Very good,0,Robi
A Google user,1,2026-07-30 21:47:03,internet offar,0,Robi
A Google user,5,2026-07-30 20:59:54,I like it so much,0,Robi
A Google user,3,2026-07-30 20:33:05,App keeps crashing randomly.,0,Robi
A Google user,4,2026-07-30 20:05:46,offer gulo more affordable korle better hoi,0,Robi
A Google user,5,2026-07-30 18:03:13,robi internet service providers very nice,0,Robi
A Google user,4,2026-07-30 17:17:07,recently internet speed is very slow.,0,Robi
A Google user,5,2026-07-30 15:29:52,good apps thank you Robi,0,Robi
A Google user,5,2026-07-30 14:01:38,Offer Valo Valo diben,0,Robi
A Google user,5,2026-07-30 13:34:14,Md Yousuf এমবির অফারের টাকা কমাই দিয়েন,0,Robi
A Google user,5,2026-07-30 11:37:01,nice subidha,0,Robi
A Google user,5,2026-07-30 11:20:15,plz remove add,0,Robi
A Google user,4,2026-07-30 10:48:19,অনেক ভালো একটি আফার এবং রবি অ্যাপস থেকে অনেক সোলক মূল্যে অফারটা পেয়েছি ।,0,Robi
A Google user,5,2026-07-30 06:33:22,10 টাকা 15 মিনিট,0,Robi
A Google user,5,2026-07-30 05:26:38,ভালো ছিলো০০০০,0,Robi
A Google user,5,2026-07-29 22:39:30,beautiful ❤️❤️❤️,0,Robi
A Google user,5,2026-07-29 22:17:49,nice Service,0,Robi
A Google user,5,2026-07-29 19:27:24,good service,0,Robi
A Google user,2,2026-07-29 19:15:21,নেটওয়ার্ক প্রবলেম বয়েস প্রবলেম,0,Robi
A Google user,5,2026-07-29 17:55:39,good survise,0,Robi
A Google user,1,2026-07-29 15:02:50,আমি My Robi অ্যাপে নতুন ফিচার টা পাচ্ছি না। অ্যাপ Update করেছি।তারপর ও হচ্ছে না। ভার্সন ১০.১২.২ আসছে।,0,Robi
A Google user,2,2026-07-29 12:30:41,very expensive,0,Robi
A Google user,5,2026-07-29 10:34:55,খুব ভালো সার্ভিস,0,Robi
A Google user,5,2026-07-29 09:17:18,very good this app help me very much,0,Robi
A Google user,5,2026-07-29 08:22:12,MD FOISAL nice service,0,Robi
A Google user,5,2026-07-29 00:50:26,Arifa Akter good,0,Robi
A Google user,5,2026-07-29 00:31:17,goob offer for me Thank you so much 🤩,0,Robi
A Google user,5,2026-07-28 23:05:06,good in buying offers,0,Robi
A Google user,5,2026-07-28 22:47:56,যদি দাম কমানো হয় তাহলে আরো অনেকেই অফার গুলো নিতে পারতো,0,Robi
A Google user,5,2026-07-28 20:40:20,network is very good,0,Robi
A Google user,5,2026-07-28 19:24:51,I am very happy to use My Robi. App.This is simple but very good for me.thank you Robi.,0,Robi
A Google user,1,2026-07-28 18:43:03,worst app ever. was user friendly before.,0,Robi
A Google user,5,2026-07-28 18:34:06,"My Robi App has truly impressed me. It is fast, simple, and easy to use. Managing my mobile account, checking my balance, buying internet packs, and accessing different services are all convenient in one place. The smooth interface and useful features make it one of the best telecom apps I have used. Great job, Robi!",15,Robi
A Google user,5,2026-07-28 17:48:57,ধারুণ লাগলো সেবা,0,Robi
A Google user,1,2026-07-28 14:16:50,"updated version of this app isn't user friendly, last version was much better than this, make the UI more user friendly and make the transitions lil slow.",10,Robi
A Google user,5,2026-07-28 13:01:13,"Im using ROBI and airtel in last 10 years, please improve your app loading time. I mean why you guys put toooo much splash screen time when the app is starting. it's too annoying and boring to use. cause i use this app 2-5 times per week.",11,Robi
A Google user,5,2026-07-28 10:40:40,this minute pack is very nice.,0,Robi
A Google user,5,2026-07-28 10:16:18,I Am So Happy Reason Purchase The Package With Emergency Balance.... But Service Charge is To High with me,2,Robi
A Google user,5,2026-07-28 01:10:52,good proprietor,0,Robi
A Google user,5,2026-07-28 00:35:22,alhamdulillah ❤️ very fast service Robi apps,0,Robi
A Google user,5,2026-07-28 00:17:16,very good....,0,Robi
A Google user,5,2026-07-27 22:22:33,নেটওয়ার্ক 4জি,0,Robi
A Google user,3,2026-07-27 21:54:18,ভাল সব জাগায় কাজ করে না,0,Robi
A Google user,5,2026-07-27 19:10:31,good network,0,Robi
A Google user,5,2026-07-27 16:36:26,this app is very good🤩,0,Robi
A Google user,4,2026-07-27 11:58:23,ভালো ছিলো এই অফারটা,0,Robi
A Google user,1,2026-07-27 11:50:00,আমি কমপ্লেন করেছি কিছু বলেছে ভবিষ্যতে ঠিক করবে তো এখন আমি কি করবো 😡😡😡😡😡😡😡,0,Robi
A Google user,5,2026-07-27 11:45:44,This app very good.........NTR,0,Robi
A Google user,5,2026-07-27 11:06:52,good app is Robi 💓🥰💓🥰🥰❤️❤️❤️,0,Robi
A Google user,5,2026-07-27 02:42:45,আপনাদের এখানে ভালো কোন অফার দেওয়া হয় না সব ফালতু চোতাওফার,0,Robi
A Google user,1,2026-07-27 00:38:32,"I have been a loyal Robi customer for 26–27 years, yet I have never received any loyalty benefits. Worse, I have been misled several times while purchasing packages. This is very disappointing and unacceptable.",12,Robi
A Google user,5,2026-07-26 23:39:33,good application,0,Robi
A Google user,5,2026-07-26 23:36:06,alhamdulillah.,0,Robi
A Google user,5,2026-07-26 22:03:59,net problem valo Kore,0,Robi
A Google user,5,2026-07-26 19:48:48,Md. Ridoy.Hossan.Good Speeds,0,Robi
A Google user,5,2026-07-26 18:58:50,Robi service is very good,0,Robi
A Google user,5,2026-07-26 17:56:47,খুব ভালো এবং কম দামে বেশি অফার,0,Robi
A Google user,5,2026-07-26 16:56:25,good service,0,Robi
A Google user,5,2026-07-26 16:35:14,"Excellent!! good job, Thanks Robi Authority....",0,Robi
A Google user,5,2026-07-26 14:11:09,this aap is Valo,0,Robi
A Google user,5,2026-07-26 14:07:08,Everything good,0,Robi
A Google user,5,2026-07-26 13:36:42,great experience ❤️,0,Robi
A Google user,5,2026-07-26 13:35:08,Nice Service,0,Robi
A Google user,5,2026-07-26 13:34:49,"marattok chilo, bapre eto easy ar paramukto pack dhukano shotti chomotkar, khubi upokrito hoilam, i am grateful to my robi",0,Robi
A Google user,5,2026-07-26 13:31:17,Dhanbad welcome to,0,Robi
A Google user,3,2026-07-26 12:31:12,call rate hai,0,Robi
A Google user,5,2026-07-26 11:51:46,so good network speed,0,Robi
A Google user,5,2026-07-26 11:16:22,thank you for your help and,0,Robi
A Google user,4,2026-07-26 09:45:23,very nice offer,0,Robi
A Google user,5,2026-07-26 09:31:28,very good offer,0,Robi
A Google user,1,2026-07-26 02:24:50,বলল ৩০৮ টাকায় ৩০ জিবি দেবে রিসাস করলে দিলো ৫জিবি আপ্পনেট পেকেস দেখে কেউ রিসাস করিওনা রবি পেক অ্যাপ,0,Robi
A Google user,5,2026-07-26 02:23:57,অনেক ধন্যবাদ 🥰,0,Robi
A Google user,5,2026-07-26 02:13:35,thank you so much Robi,0,Robi
A Google user,4,2026-07-26 01:05:04,Very good service,0,Robi
A Google user,5,2026-07-26 00:54:15,very nice offer.,0,Robi
A Google user,5,2026-07-25 23:53:15,very good app,0,Robi
A Google user,5,2026-07-25 23:29:29,Md Azizul Islam Akanda From Bangladesh Good Service,0,Robi
A Google user,5,2026-07-25 22:46:07,"Great Offer's for me in low cost, thankyou Robi❤️",1,Robi
A Google user,5,2026-07-25 19:47:37,onek valo offar 🥀,0,Robi
A Google user,5,2026-07-25 19:15:03,very good app,0,Robi
A Google user,5,2026-07-25 18:51:08,good service,0,Robi
A Google user,5,2026-07-25 17:13:52,thanks for again,0,Robi
A Google user,5,2026-07-25 16:18:05,Good app earn big money play mcq. small time.good app.,0,Robi
A Google user,5,2026-07-25 15:03:51,I want to open this app,0,Robi
A Google user,3,2026-07-25 14:25:29,nice but log out maximum time,1,Robi
A Google user,4,2026-07-25 13:49:16,goood but should be better,0,Robi
A Google user,5,2026-07-25 13:37:51,very good app,0,Robi
A Google user,1,2026-07-25 13:17:37,this is too much very good❤️❤️❤️❤️❤️🌹,0,Robi
A Google user,5,2026-07-25 13:01:01,This is good,1,Robi
A Google user,5,2026-07-25 12:53:15,Robi sim connection is very clear for use. I have to talk with many people so Robi sim helps me to talk clearly.So that this is so helpful.,0,Robi
A Google user,4,2026-07-25 12:25:51,very good very good,0,Robi
A Google user,5,2026-07-25 10:55:11,Hasina view the Bangladesh,0,Robi
A Google user,5,2026-07-25 09:47:26,রবি সিমটি কিনে সব সার্ভিস গুলাই আমার জন্য খুব আনন্দদায়ক,0,Robi
A Google user,4,2026-07-25 07:14:47,Robi is help me variously,0,Robi
A Google user,5,2026-07-25 05:24:00,❤️❤️❤️❤️❤️❤️,0,Robi
A Google user,1,2026-07-25 00:30:24,"ফালতু ফিচারস, নতুন আপডেটে",0,Robi
A Google user,5,2026-07-24 23:18:49,nice service.,0,Robi
A Google user,1,2026-07-24 22:55:04,"You are putting everything you get into your apps, so many things are not needed, why do people use apps, to buy minutes, to check balance, to view MB, to send gifts, you are putting dramas here, ETV, GTV, BTV, etc., etc., you are fouling the apps. Give them what they need. If I can't buy the data I want on Easy Plane, then what kind of Easy Plane is it?",9,Robi
A Google user,5,2026-07-24 22:19:37,Thank you so much my robi service,0,Robi
A Google user,5,2026-07-24 22:13:42,nice and supar my robi app,0,Robi
A Google user,1,2026-07-24 22:07:37,"অ্যাপসটাকে পুরা বাজে পর্যায়ে নিয়ে গেছেন। আগে অনেক ভালো ছিল। একটু উপরে গেলে অনেকটা উপরে চলে যাচ্ছে হুট করে, আবার উল্লাটাও হচ্ছে, কি সব আপডেট দিচ্ছেন?!",0,Robi
A Google user,5,2026-07-24 21:26:57,খুব ভালো কিন্তু ফালতু,0,Robi
A Google user,1,2026-07-24 21:12:50,"ফালতু অ্যাপ, নেট ছাড়া লোডই হয় না নেট শেষ হলেও লোড হয়না, প্যাকেজ নিবো কেমনে?",0,Robi
A Google user,5,2026-07-24 20:26:13,very good 👍😊,0,Robi
A Google user,1,2026-07-24 19:09:36,"Very vad service, very very network problems in our area",0,Robi
A Google user,1,2026-07-24 15:51:35,"একদম ফালতু অপারেটর, এমবি কিনলে অটোমেটিক ডাটা কেটে নেয় একদম ফালতু",0,Robi
A Google user,1,2026-07-24 15:32:11,robi sim offer good but mostly important issues internet service so very slow properly not support in 4g 5g aria,0,Robi
A Google user,5,2026-07-24 15:07:32,very nice apps,0,Robi
A Google user,5,2026-07-24 12:02:41,khov Valo app,0,Robi
A Google user,5,2026-07-24 11:27:29,valo 1 taka 1gb 🫰🏼☺️☺️,0,Robi
A Google user,5,2026-07-24 10:34:43,Very good network all time,1,Robi
A Google user,5,2026-07-24 08:48:45,এই অ্যাপসটি আমি ব্যবহার করি আপনারা সবাই ব্যবহার করি ভালো লাগবে সবাইকে ধন্যবাদ জানাই,0,Robi
A Google user,3,2026-07-24 08:29:57,Can't update profile pic on Google Pixel 7. The 'OK' and 'Cancel' button on top doesn't work for me. Update: Uninstall/Reinstall and Light/Dark mode has the same issue. I suspect it's related to Google Pixel (?!?). Adding more stars as support responded my concern fast. I understand not all phones might work flawlessly.,8,Robi
A Google user,5,2026-07-24 05:13:46,"I love this application, Because this application have everything you want..........",0,Robi
A Google user,5,2026-07-24 00:29:05,Good App and Good offers,1,Robi
A Google user,4,2026-07-23 22:16:19,এটা ব্যবহারে অনেক উপকৃত হওয়া যায়। খুব সহজেই প্রয়োজনীয় ও কাঙ্খিত অফার ও প্যাক মেলে।ধন্যবাদ,0,Robi
A Google user,5,2026-07-23 22:06:16,Good Experience,0,Robi
A Google user,5,2026-07-23 21:33:23,very good apps,0,Robi
A Google user,5,2026-07-23 21:16:38,very interesting,0,Robi
A Google user,5,2026-07-23 20:17:22,রবি আমার প্রিয় অপারেটর,0,Robi
A Google user,5,2026-07-23 18:46:37,Good services,0,Robi
A Google user,5,2026-07-23 17:31:37,good working,0,Robi
A Google user,5,2026-07-23 16:11:50,good sarvice,0,Robi
A Google user,5,2026-07-23 14:38:04,if you don't give expensive it will be better,0,Robi
A Google user,5,2026-07-23 12:30:42,Net is not available inside room. Need improvement.,2,Robi
A Google user,5,2026-07-23 11:49:28,অভিজ্ঞতা ভালো ছিলো। আশা করি আরও ভালো অফার আসবে।সিস্টেম খুবই সহজ।,0,Robi
A Google user,5,2026-07-23 10:48:57,this app is very good 👍🏻,0,Robi
A Google user,5,2026-07-23 10:43:11,রফিক গ্রাহকের জন্য অসংখ্য অসংখ্য ধন্যবাদ,0,Robi
A Google user,5,2026-07-23 09:25:11,Very good service,0,Robi
A Google user,5,2026-07-23 07:02:31,A very good app,0,Robi
A Google user,5,2026-07-23 02:55:01,this is so good app l like it,0,Robi
A Google user,5,2026-07-23 01:21:55,internet rate high please rate something low,0,Robi
A Google user,5,2026-07-22 23:59:06,I love my robi,0,Robi
A Google user,5,2026-07-22 23:17:32,Alhamdulillah,0,Robi
A Google user,5,2026-07-22 23:08:02,নাইস অনেক ভালো রবি অ্যাপস🥰🥰🥰😇,0,Robi
A Google user,5,2026-07-22 22:51:26,Ai app ti khubi dorkari,0,Robi
A Google user,5,2026-07-22 20:19:16,good services,0,Robi
A Google user,1,2026-07-22 20:01:19,very bad app,0,Robi
A Google user,5,2026-07-22 17:55:58,It’s just wow,0,Robi
A Google user,5,2026-07-22 17:50:46,"বাংলাদেশের সব জায়গায় নেটওয়ার্ক ঠিক মতো পায় না, রবি সিম কোম্পানি কে বিষয় গুলি সমাধান করবেন।",0,Robi
A Google user,5,2026-07-22 16:10:00,vai current na thakle 4g choile jai,0,Robi
A Google user,5,2026-07-22 16:01:24,very good to,0,Robi
A Google user,5,2026-07-22 14:21:21,Enjoy it my robi app,0,Robi
A Google user,5,2026-07-22 12:28:36,Yousuf Akash awesome 👍,0,Robi
A Google user,5,2026-07-22 12:02:13,আই অ্যাম আমিন মাই রবি অ্যাপ অনেক ভালো সুপার অফার প্রতিদিনই আমরা পাই,0,Robi
A Google user,5,2026-07-22 11:17:14,service is helpful & good...,1,Robi
A Google user,2,2026-07-22 09:49:57,মাই রবি অ্যাপটি এখন বেশি হিবিজিবি হয়ে গেছে। অপ্রয়োজনীয় এত আইকন আর এত অপশন তো দরকার নেই। এই অ্যাপের মধ্যে ঢুকলে মাথায় যেন একটা বিভ্রান্তি সৃষ্টি হয়।,0,Robi
A Google user,1,2026-07-22 08:53:54,মুটামুটি ভালো তবে অফারের দাম বেশি আশা করি একটু কম নিবে,0,Robi
A Google user,5,2026-07-22 06:09:42,আলহামদুলিল্লাহ খুব ভালো লাগলো,0,Robi
A Google user,5,2026-07-22 03:54:40,update version big problem,0,Robi
A Google user,5,2026-07-22 03:25:49,helpful and money Save app,0,Robi
A Google user,4,2026-07-22 03:15:36,প্যাক কেনার প্রক্রিয়া ঝামেলাপূর্ণ মনে হয়েছে। গ্রাহকের জন্য আরও সহজ করা দরকার।,0,Robi
A Google user,5,2026-07-22 01:38:02,vary nice apps,0,Robi
A Google user,5,2026-07-21 23:53:21,net not fast,0,Robi
A Google user,5,2026-07-21 23:41:49,কম দামে বেশি এম্বি চাই।,0,Robi
A Google user,1,2026-07-21 23:17:56,they are cheating when you are availing a low cost package,1,Robi
A Google user,5,2026-07-21 20:14:38,my best my robi app🥰❤️,0,Robi
A Google user,5,2026-07-21 19:24:04,good service 💯💯,0,Robi
A Google user,5,2026-07-21 19:14:30,Started using today. Till now I'm satisfied.,0,Robi
A Google user,5,2026-07-21 18:40:08,very very nice,0,Robi
A Google user,5,2026-07-21 18:05:28,খুব ভালো লাগছে,0,Robi
A Google user,5,2026-07-21 17:51:52,onek Valo mb kenar jonno app ta onek Kaz a ase,0,Robi
A Google user,5,2026-07-21 16:48:52,"খুব সুন্দর একটা মাধ্যম,,",0,Robi
A Google user,1,2026-07-21 16:46:15,খুব খারাপ একটা সিম কোনো সার্ভিস এ ভালো না। ভাই আমার লোন ওফসন চালু করেন,1,Robi
A Google user,1,2026-07-21 16:12:12,Don't buy this sim Network issues,1,Robi
A Google user,5,2026-07-21 16:08:10,Honestly ❤️🙏🏻 lovely networking,2,Robi
A Google user,5,2026-07-21 15:06:35,Very good app. Easy to use and fast service. Highly recommended!,2,Robi
A Google user,5,2026-07-21 09:19:09,very helpful app 🙂🙂😊😊,0,Robi
A Google user,5,2026-07-21 07:58:54,চাইলে কি আর সব পাওয়া যায় ভাগ্য তো আর কবিতা নয় যে নিজের হাতে লেখা যায়🚫 অফার গুলোও হয় দাম বেশি,0,Robi
A Google user,5,2026-07-21 02:12:12,good service 👍,0,Robi
A Google user,5,2026-07-21 01:36:59,খুব ভালো সার্ভিস পাই আমি। সরাসরি গুগল পে দিয়ে পার্সেস করা যায়। আলহামদুলিল্লাহ।,0,Robi
A Google user,5,2026-07-21 00:39:32,nice offer ✅,0,Robi
A Google user,5,2026-07-20 23:07:43,খুব সুন্দর সেটিংস,0,Robi
A Google user,5,2026-07-20 20:38:29,I like this app,0,Robi
A Google user,5,2026-07-20 20:25:34,অনেক ভালো লাগলো,0,Robi
A Google user,4,2026-07-20 20:17:47,nic my robi app,0,Robi
A Google user,1,2026-07-20 18:59:26,বর্তমান ইউসার ইন্টারফেস খুব একটা ইউসার ফ্রেন্ডলি না। আগের ভার্সন তাই ভালো ছিলো,0,Robi
A Google user,5,2026-07-20 18:38:38,Excellent.. 🤗,0,Robi
A Google user,1,2026-07-20 18:19:54,"Ok, Fin👍👍👍❤️❤️",0,Robi
A Google user,4,2026-07-20 15:34:08,nice so nice,0,Robi
A Google user,5,2026-07-20 14:01:57,Very good App,0,Robi
A Google user,5,2026-07-20 11:32:22,this apps is good.. very nice working,2,Robi
A Google user,5,2026-07-19 23:32:19,সাপোর্ট করেন,0,Robi
A Google user,5,2026-07-19 22:32:57,SUPER SERVICE THANKS ROBI❤️💙,0,Robi
A Google user,1,2026-07-19 21:42:50,I didn't see any special offer in this app,1,Robi
A Google user,1,2026-07-19 21:31:32,গ্রাহকের সাথে যেভাবে প্রতারণা শুরু করছে রবি কোম্পানি,0,Robi
A Google user,5,2026-07-19 21:24:42,রবি সেবা খুব ভালো খুব ভালো,0,Robi
A Google user,5,2026-07-19 21:16:42,THE GOOD APP I LOVE IT.,0,Robi
A Google user,5,2026-07-19 21:10:00,Good Service,0,Robi
A Google user,5,2026-07-19 20:03:32,nicc app yeosing all poplike,0,Robi
A Google user,1,2026-07-19 19:48:42,"While the Robi network service is reasonably satisfactory, the OTP process when using the app is terrible. A customer submits their number to log in but receives the OTP an hour later, whereas the allotted time is typically only 5 to 6 minutes. This is extremely frustrating. It is truly unfortunate to face such issues in this digital age.",12,Robi
A Google user,5,2026-07-19 19:44:00,This is a very good app. Its features have impressed me. 💗💗💗💗💗,0,Robi
A Google user,5,2026-07-19 18:50:15,My Favourite Operator system..,0,Robi
A Google user,5,2026-07-19 17:11:31,i am impressed,0,Robi
A Google user,5,2026-07-19 17:08:11,", MY Robi best",0,Robi
A Google user,3,2026-07-19 16:32:12,Make affordable bundle packages. All packages are highly expensive.,0,Robi
A Google user,5,2026-07-19 16:25:28,best service,0,Robi
A Google user,5,2026-07-19 14:58:20,app is owsome,0,Robi
A Google user,1,2026-07-19 14:24:40,ami matro 102 tk mobile recrag dice kinto tk ayca nh 🤬 amr 102 tk back chai,0,Robi
A Google user,5,2026-07-19 14:16:41,nothing special,0,Robi
A Google user,5,2026-07-19 13:51:05,best offers and good network quality.,3,Robi
A Google user,1,2026-07-19 13:28:39,খুবই বিচ্ছিরি,0,Robi
A Google user,4,2026-07-19 13:25:01,very good app,0,Robi
A Google user,5,2026-07-19 12:51:35,মাই ওফার গুলো ভাল,0,Robi
A Google user,1,2026-07-19 12:37:04,"Too slow and also can't find the necessary things easily. If I compare with the oldest version it was simple, easy and fast.",7,Robi
A Google user,5,2026-07-19 09:00:43,"Robi has helped many people with a very good quiz game. I hope it will take them far. I enjoyed it a lot, so thank you Robi.",4,Robi
A Google user,5,2026-07-19 07:39:51,super cool 💯👍🏻,0,Robi
A Google user,1,2026-07-19 04:15:37,recent update is so bad. ui/ux not user-friendly,0,Robi
A Google user,5,2026-07-19 02:32:16,খুব ভালো ধন্যবাদ,0,Robi
A Google user,5,2026-07-19 01:26:18,good connection,0,Robi
A Google user,3,2026-07-18 22:19:29,ভালো হয় কিন্তু এমবির দামটা বেশি হয়ে গেছে,0,Robi
A Google user,5,2026-07-18 21:11:47,ALHAMDULILLAH,0,Robi
A Google user,5,2026-07-18 21:01:32,good service,0,Robi
A Google user,5,2026-07-18 20:16:35,perfect for all,0,Robi
A Google user,5,2026-07-18 18:51:35,impressed by UI/UX,1,Robi
A Google user,1,2026-07-18 17:49:28,কোন হালারপুত ডেভলপার এটার িউআি চেন্জ করছে এমনে ডিজাইন করে কেও ডিজাইন চেন্জ কর আর ডেভলপারের হুগায় একটা কিক মারতে মনচায়তাছে কোন কিছু খুজে পায়না ডেস বোর্ডে মাদারপুত,0,Robi
A Google user,5,2026-07-18 15:15:14,best app I've ever used,1,Robi
A Google user,2,2026-07-18 14:54:04,"আমি My Robi অ্যাপের একজন নিয়মিত ব্যবহারকারী। অ্যাপটির UI ডিজাইন ভালো লাগলেও, ব্যবহারের সময় বেশ কিছু সমস্যা লক্ষ্য করছি: •অ্যাপটি অত্যন্ত ল্যাগি এবং আনস্টেবল। •এক পেজ থেকে অন্য পেজে যাওয়ার সময় স্ক্রল করলে মাঝেমধ্যে আটকে যায়/হ্যাং করে। •সামগ্রিক পারফরম্যান্স স্মুথ নয়। অনুগ্রহ করে দ্রুত এই সমস্যাগুলো সমাধানের ব্যবস্থা নিন যাতে ব্যবহারকারীরা একটি স্বাচ্ছন্দ্যময় অভিজ্ঞতা পেতে পারেন।",0,Robi
A Google user,5,2026-07-18 11:24:54,very Compotable,0,Robi
A Google user,5,2026-07-18 01:48:05,"In our village, Robi Internet is not running inside the house. By bringing their network to Grameganj with more advanced internet service than now, they will be looking for new advancements to win the hearts of customers. Good luck.",1,Robi
A Google user,5,2026-07-18 01:45:28,tnx u so much 😍♥️😍,0,Robi
A Google user,5,2026-07-17 23:23:30,অনেক ভালো লাগলো ধন্যবাদ,0,Robi
A Google user,5,2026-07-17 23:04:11,"It have all the necessary options, but floating ads surprise always!",3,Robi
A Google user,4,2026-07-17 22:41:38,Net Cere Dissa bar bar please problem solve,1,Robi
A Google user,3,2026-07-17 22:35:35,Offer rate excess out of other,0,Robi
A Google user,5,2026-07-17 22:11:23,খুবই ভালো একটা এ্যপস্,0,Robi
A Google user,5,2026-07-17 20:25:54,better service,0,Robi
A Google user,5,2026-07-17 20:00:57,darun my offer,0,Robi
A Google user,5,2026-07-17 19:55:38,Apurbo Shaha এই অ্যাপটি অনেক ভালো,0,Robi
A Google user,5,2026-07-17 18:57:11,good service,0,Robi
A Google user,1,2026-07-17 18:37:52,"অ্যাপ থেকে মিনিট প্যাকেজ কিনে রবি অ্যাপ থেকে বিকাশ পেমেন্ট করেছিলোম। হলোনা, দিলো ঝটপট লোন থেকে। লোন পরিশোধ করার জন্য আবারও রবি অ্যাপ থেকে বিকাশ নিলাম, এবারও দিলো মিনিট প্যাক, লোন পরিশোধ হলোনা। কত বাজে অ্যাপ 😡😡😡",0,Robi
A Google user,5,2026-07-17 18:35:55,alhamdulillah,0,Robi
A Google user,5,2026-07-17 18:33:39,onek Valo offer,0,Robi
A Google user,5,2026-07-17 17:30:35,my robi good,0,Robi
A Google user,1,2026-07-17 16:56:44,very nice 👌 o,1,Robi
A Google user,5,2026-07-17 16:22:35,good for app,0,Robi
A Google user,1,2026-07-17 13:17:59,পয়েন্টের বদলে অফার দিয়ে লোভ দেখায় এবং পরে বিনা কারণে পয়েন্ট কেটে নেওয়া হয়। প্রথম কিছুদিন পয়েন্ট দিলে এরপর থেকে পয়েন্ট কেটে নেওয়া হয়।,0,Robi
A Google user,5,2026-07-17 13:13:42,"This app deserves 5 stars, if the price of the internet pack is reduced a bit, especially for 7/10 and 15 days, then it can compete with GP SIM and become the number 1 SIM company in Bangladesh. However, when the electricity goes out, the internet seems a bit weak. Good luck.",3,Robi
A Google user,2,2026-07-17 12:29:29,"very stubborn app. you guys need to make it not only look colorful and animation things but very important to make it user friendly. Make the app light and user friendly and also make the app capable run without internet package. if the user get out of MB, this app dosen't work. how the user gonna refill his MB without Internet? this is a crucial point to make change with this app and this change will make difference from other Network providers also.",9,Robi
A Google user,5,2026-07-17 11:54:10,এইরকম দুর্নীতি না করে প্যাকেজগুলো আরো উন্নত করলে ভালো হয় বেশি এমবি এবং বেশি দিয়ে বান্ডেল চালানো ভালো হয় এবং মেয়াদ শেষ হবার ৭ দিন পরে এমবি নিলে আরো ভালো হয়,0,Robi
A Google user,5,2026-07-17 10:55:48,Really appreciate.,0,Robi
A Google user,5,2026-07-17 10:32:46,thanks robi❤️🇧🇩❤️,0,Robi
A Google user,5,2026-07-17 09:11:26,Very good app,0,Robi
A Google user,5,2026-07-17 06:59:01,সুন্দর তবে ১৯৭টাকা ৩০দিন ১৮জিবি হলে ভালো ইইত,0,Robi
A Google user,5,2026-07-17 00:23:00,fantastic app,0,Robi
A Google user,5,2026-07-17 00:14:22,I have good pack buy now 🥰,1,Robi
A Google user,5,2026-07-16 23:57:40,দারুন।🥳🥳🥳🥳🥳🥳🥳🥳🥳🥳🥳🙃🥳🥳🥳🥳🥳🥳🥳🥳🥳🙃🙃🙃🙃,0,Robi
A Google user,5,2026-07-16 21:10:18,very good app,0,Robi
A Google user,5,2026-07-16 21:02:25,working very smooth and fast ❤️‍🔥,1,Robi
A Google user,5,2026-07-16 19:16:43,khubi valo system..loan thakar porew loan er maddhome internet newa jacche..,0,Robi
A Google user,1,2026-07-16 19:12:42,it is a useless app,0,Robi
A Google user,5,2026-07-16 17:11:26,This app is great and very easy to Richard I always like it,0,Robi
A Google user,1,2026-07-16 10:46:48,good robi offer,0,Robi
A Google user,5,2026-07-16 09:41:44,my robi apps er offer gula ostir☺️,0,Robi
A Google user,5,2026-07-16 09:08:59,Lx shom shu alom we're hjj hjj hjj,0,Robi
A Google user,5,2026-07-16 05:05:51,"আরেকটু কমে মাসিক ব্যান্ডেল গুলো কিনতে পারতাম যদি, অনেক ভালো লাগবে,",0,Robi
A Google user,1,2026-07-16 03:01:21,"সাওয়ার app খেলা দেখার জন্য টাকা দিলাম খেলার কিছুই দেখতে পারলাম না,,, খেলা দেখায় যায় না",0,Robi
A Google user,5,2026-07-16 02:11:29,"নেটওয়ার্ক সিগনাল সমস্যা দেয়, দয়া করে নেটওয়ার্ক সিগন্যাল স্পিড বাড়িয়ে দেন",1,Robi
A Google user,1,2026-07-16 02:05:00,This is a the most worsed app for its performance.Donot install the appyet,0,Robi
A Google user,1,2026-07-16 00:48:52,নতুন আপডেট অ্যাপ টা কোন ভগি পন্ডিত ডিজাইন করেছে? অ্যাপটা দেখলে মনে হচ্ছে বস্তির বাজার। একপাশে মাছ একপাশে শাকসবজি একপাশে মাংস দিয়ে আর কাঁচা বাজার দিয়ে ভর্তি। মানুষ আপডেট করে ক্লিন ইন্টারফেস সুবিধাজনক করে ইউজারদের জন্য এটা বানাইছে ভগি রবি বস্তির কাস্টমারদের জন্য ‌,7,Robi
A Google user,5,2026-07-15 22:25:48,average deal.,0,Robi
A Google user,1,2026-07-15 22:07:41,খুব বাজে সার্ভিস।,0,Robi
A Google user,5,2026-07-15 20:08:06,i.. like you,0,Robi
A Google user,5,2026-07-15 18:32:40,naw mb price very good💞,1,Robi
A Google user,5,2026-07-15 16:12:50,Excellent network,0,Robi
A Google user,5,2026-07-15 14:40:11,Thanks Robi 🙂,0,Robi
A Google user,5,2026-07-15 14:08:55,"রবি আমার প্রিয়, আমাদের পরিবারের লোকজন সবার রবি নাম্বার ব্যবহার করি,",0,Robi
A Google user,5,2026-07-15 11:31:23,অনেক ভালো 🥹🥹🥹🥹🥹🥹🥀🥀🥀🥀🥀,0,Robi
A Google user,5,2026-07-15 09:46:02,অন্যান্য অপারেটরদের থেকে অনেক ভালো অফার দেই।🥰,0,Robi
A Google user,5,2026-07-15 08:55:44,এমবির প্রাইস কম করেন,0,Robi
A Google user,5,2026-07-15 07:09:04,l like this.,0,Robi
A Google user,5,2026-07-15 03:03:53,aro kom.dame vlo kichu dile aro beshi vlo lagto tarporeo.jaa dicchen Alhamdulillah,0,Robi
A Google user,5,2026-07-15 02:20:30,Thanks a lot,0,Robi
A Google user,1,2026-07-15 02:07:58,"আমরা বিশ্বকাপ দেখতেছি ফ্রি তে, আর মাই রবি তে এক দিনের এক্সেস ১৮ টাকা ব্যবসা শুরু করছেন নাকি",0,Robi
A Google user,1,2026-07-15 01:28:37,worst experience with robi network,0,Robi
A Google user,5,2026-07-15 00:32:43,প্যাকেজটি কিছু টাকা কমে নিতে পারলে আরো ভালো হতো ধন্যবাদ।,0,Robi
A Google user,5,2026-07-15 00:22:21,alhamdulillah,0,Robi
A Google user,5,2026-07-14 23:00:26,good robi nice,0,Robi
A Google user,5,2026-07-14 22:19:15,purchase of some offer is not so easy.,0,Robi
A Google user,3,2026-07-14 20:52:24,Very less good option of data packages 👎,3,Robi
A Google user,1,2026-07-14 20:28:59,"নতুন আপডেট আপস মনে হচ্ছে আগের চেয়ে আরো Slow কাজ করছে app. একটা 300 টাকা রিচার্জ করতে গেলে ৩ঘন্টা লাগছে সাথে Hudai offer কত গুলো দেখাই তখন রিচার্জ করার সময় খানো Tap পরে অফার চলে যাচ্ছে। নতুন App যারা কচ্চপ মারকা মানুষ আছে তাদের জন্য৷ দ্রুত চাইলে এখন Cockpit যাইতে হবে৷ সময় থাকতে ফালতু সিষ্টেম বদলান৷ এগুলো সার্ভার থেকে অফার টেনে এনে দেখাই যদি হয় নেটওয়ার্ক slow তখন কাজই করবে না অনেকের মোবাইল এ৷ Please optimize the App, improve Performance, and make the Recharge process faster and smoother.",0,Robi
A Google user,5,2026-07-14 19:59:03,"5 5 hhএকসাথে অনেকগুলো ডিলিট বা পিন করতে অথবা ইচ্ছানুযায়ী নতুন ক্লিপ যোগ করতে ""Manage"" বাটনে চাপুনপ্",0,Robi
A Google user,5,2026-07-14 19:52:51,please support me,0,Robi
A Google user,1,2026-07-14 19:07:02,valo offer ase na,0,Robi
A Google user,1,2026-07-14 18:30:15,"শুয়ো*রের বাচ্চারা ১০ জিবি ৩০ মিনিট ৩০ এসএমএস ১৯৯৩৳ নিচ্ছে এমন অফার সো করছে রবি অ্যাপসে। যখনই ভূলে কেউ এটা নিয়ে ফেলবে, তখন এই রবির শুয়োরের বাচ্চাগুলো টাকাও ব্যাক দিবে না। অযুহাত ৩০০৳ এর বেশি প্যাক উনারা বাতিল করতে পারে না। আমি নিজে ভুক্তভোগী কয়েকবার। অথচ ৩০০৳ নিচে কোন বান্ডেল অফার ও থাকে না। সরি।",0,Robi
A Google user,5,2026-07-14 18:26:20,good experence,0,Robi
A Google user,2,2026-07-14 16:50:01,The most recent UI overall is not easy to use and navigate. The new design feels too cluttered.,6,Robi
A Google user,1,2026-07-14 15:35:06,shudu shudu tk kata nai,0,Robi
A Google user,5,2026-07-14 15:25:05,this app is best I am very happy and enjoying this app using,0,Robi
A Google user,5,2026-07-14 13:51:20,I am impressed,0,Robi
A Google user,5,2026-07-14 13:44:21,good app my robi 🥰😊,0,Robi
A Google user,1,2026-07-14 11:54:56,worst apps...dakat shalara...,0,Robi
A Google user,2,2026-07-14 11:30:07,app Don't open app bug fix now,1,Robi
A Google user,5,2026-07-14 11:20:13,বাংলাদেশে আমার রবি একমাত্র দূরান্ত নেটওয়ার্ক ও সাশ্রয়ী মূল্যে প্যাকেজ কিনা যায়।,0,Robi
A Google user,5,2026-07-14 11:12:18,Good App For My Robi,0,Robi
A Google user,5,2026-07-14 10:17:42,thank you for robi,0,Robi
A Google user,1,2026-07-14 09:03:18,"I don't know if there are any bad SIMs like Robi SIMs. If you are buying them for the network, don't buy this SIM. It's better not to buy their Robi SIMs. And you won't get any solution even if you complain about Robi apps. So it's better not to regret buying Robi like I did.",5,Robi
A Google user,5,2026-07-14 08:40:58,its was good,0,Robi
A Google user,5,2026-07-14 08:35:51,that's us good 🤗😁,0,Robi
A Google user,5,2026-07-14 05:55:00,very good to see about number details all everything,0,Robi
A Google user,5,2026-07-14 03:48:36,খুব ভালো লাগে এই সিম টা ব্যবহার করে,0,Robi
A Google user,5,2026-07-14 02:22:04,Good for offers and experience,0,Robi
A Google user,5,2026-07-14 00:32:42,অনেক সুন্দর ছিল,0,Robi
A Google user,5,2026-07-14 00:09:26,আমি আরো ভালো offer চাই আর রবি হচ্ছে বাংলাদেশর ভালো সিম,0,Robi
A Google user,3,2026-07-13 23:32:00,Most of the time more money less MB,0,Robi
A Google user,4,2026-07-13 23:24:34,ধন্যবাদ আপনাদেরকে,0,Robi
A Google user,4,2026-07-13 22:50:54,পেকেজ দাম কমলে মেয়াদ বারাইলে বালো,0,Robi
A Google user,5,2026-07-13 22:43:37,robi good service,0,Robi
A Google user,5,2026-07-13 21:49:10,nice and easy to use,0,Robi
A Google user,5,2026-07-13 20:58:48,got going back,0,Robi
A Google user,1,2026-07-13 20:39:29,faltu sala robi,0,Robi
A Google user,5,2026-07-13 20:33:01,good sarvace,0,Robi
A Google user,5,2026-07-13 19:41:24,"আমি My Robi App ব্যবহার করে অনেক খুশি। অ্যাপটি ব্যবহার করা সহজ, অফারগুলোও বেশ ভালো এবং প্রয়োজনীয় সব সেবা এক জায়গায় পাওয়া যায়। ইন্টারনেট প্যাক কেনা, ব্যালেন্স দেখা ও বিভিন্ন অফার নেওয়া খুবই সুবিধাজনক। ধন্যবাদ Robi SIM Service Team-কে গ্রাহকদের জন্য এত সুন্দর সেবা দেওয়ার জন্য। ভবিষ্যতেও আপনাদের আরও উন্নতি ও সাফল্য কামনা করি।",0,Robi
A Google user,1,2026-07-13 19:28:30,এরা এমবির দাম বেশি রাখে,0,Robi
A Google user,5,2026-07-13 18:55:31,রবিতে কল রেড একদম কম। best app,0,Robi
A Google user,1,2026-07-13 17:47:04,আপডেট দিয়ে পুরাই 🤡 করে দিছে,0,Robi
A Google user,1,2026-07-13 17:26:19,"একদম বাজে ইন্টারফেস, কঠিন ফাংশান। এম্বি, মিনিট গুলোর অতিরিক্ত দাম বেশি অন্য সিম অপারেটর থেকেও। এর আগের আপডেট ইন্টারফেস সুন্দর ও সহজ ছিলো। যত্তসব ডেভেলপার দিয়ে এপ্স বিল্ড করালেন।",0,Robi
A Google user,5,2026-07-13 16:29:07,ভালো ভালো অফার দিবেন না হলে এপস ডিলিট করে দিবো,0,Robi
A Google user,1,2026-07-13 16:11:18,Ami 36 recharge korsi but world cup pass disa very bad please refund 😡,0,Robi
A Google user,5,2026-07-13 15:29:28,network problem,0,Robi
A Google user,5,2026-07-13 14:36:04,রবি এপে খুবী ভালো,0,Robi
A Google user,5,2026-07-13 13:44:25,Very helpful curvies.,0,Robi
A Google user,5,2026-07-13 12:03:09,অফার এত দামি কেন,0,Robi
A Google user,5,2026-07-13 10:50:09,2gb free offer,0,Robi
A Google user,5,2026-07-13 09:26:25,ইন্টারনেট দাম বেসি। আর রবি সিমে কথা বললে টাকা খরচ হয় বেসি। এবং ভালো দিক হলো সিমে নেট ওয়াক থাকে। তাই আমার তে মনে হয় এতা ভালো দিক।,0,Robi
A Google user,5,2026-07-13 07:50:53,dis is tha bast,0,Robi
A Google user,5,2026-07-13 04:19:43,good service,0,Robi
A Google user,5,2026-07-13 03:58:31,my Robi best forever,0,Robi
A Google user,5,2026-07-12 23:59:32,excellent performance ❤️,0,Robi
A Google user,5,2026-07-12 22:56:35,অনেক অনেক ধন্যবাদ আপনাকে,0,Robi
A Google user,5,2026-07-12 21:58:52,very good service,0,Robi
A Google user,5,2026-07-12 21:21:36,One valo ekta roch,0,Robi
A Google user,5,2026-07-12 21:21:18,good not bad,0,Robi
A Google user,5,2026-07-12 21:17:48,good service,0,Robi
A Google user,1,2026-07-12 21:03:48,আমি ৭২ টাকা‌ লোড দিয়েছি সেখানে আসছে Chorki তাও ২৫০mb মানে কী 🤔🤔,0,Robi
A Google user,5,2026-07-12 14:56:49,very good 😊 apps,0,Robi
A Google user,5,2026-07-12 12:52:18,very happy 😀😀,0,Robi
A Google user,5,2026-07-12 10:33:31,মোটামুটি ভালোই তবে নেট স্লো থাকে বেশি জায়গায় 💔🥲,0,Robi
A Google user,5,2026-07-12 01:42:42,nice fast data 30days data run 42 days nicw ❤️🥰,0,Robi
A Google user,1,2026-07-12 01:28:29,code not sent,0,Robi
A Google user,5,2026-07-11 23:54:42,very good service,0,Robi
A Google user,5,2026-07-11 23:45:09,This is very helpful......❤️,0,Robi
A Google user,1,2026-07-11 20:53:06,eto valo offer peye ami khubei khushi.😭,0,Robi
A Google user,1,2026-07-11 20:34:23,"আপনাদের রিদয় ঠান্ডা করা অফারের দাম দেখলে রিদয় এমনেই ঠান্ডা হয়ে জমে যাই আর ব্যবহার করতে ইচ্ছে করে না আপনার সিম, আমি একা না অনেকেই আছে ঠেকাই পড়ে আপনার দের এই সিম ব্যবহার করে।",0,Robi
A Google user,5,2026-07-11 19:35:59,আমার থেকে রবি সেইমটা অনেক ভালো লাগে,0,Robi
A Google user,5,2026-07-11 19:16:17,ভালো াািসুাোিস,0,Robi
A Google user,5,2026-07-11 18:59:07,ভাই এতো করে বললাম তবুও গেমে এড করলেন না😅 মানুষ বুঝি সেলিব্রিটি হয়ে গেলে এমন অহংকারী হয়ে যায়.?? আল্লাহ সবাইকে অহংকার মুক্ত রাখুক 😅🥰,0,Robi
A Google user,5,2026-07-11 18:45:41,alhamdulillah,0,Robi
A Google user,1,2026-07-11 18:30:48,"তিন তিনবার চেষ্টা করলাম, কিন্তু অ্যাপ বারবার লোডিং দেখায়😑",0,Robi
A Google user,2,2026-07-11 16:41:44,APP IS TOO HIGH WEITH ...RELEASR LITE FOR FAST WORK... IT WORKING TOO SLOW,0,Robi
A Google user,5,2026-07-11 15:29:35,good service,0,Robi
A Google user,4,2026-07-11 15:12:08,কিন্তু এমবি তে বেশি টাকা নেয়,0,Robi
A Google user,5,2026-07-11 13:59:07,thanks for our service,0,Robi
A Google user,5,2026-07-11 12:12:57,very good app,0,Robi
A Google user,5,2026-07-11 11:52:41,robi is better best for me 😜,0,Robi
A Google user,3,2026-07-11 11:04:19,good service and good hoffa thank u my robi app,0,Robi
A Google user,5,2026-07-11 10:38:12,Robi network is the best network.,3,Robi
A Google user,5,2026-07-11 06:23:59,রবি বাংলাদেশের সেরা মোবাইল অপারেটর ।,0,Robi
A Google user,5,2026-07-11 05:52:49,মিনিট থাকার পরেও কল করতে পারি না,0,Robi
A Google user,5,2026-07-11 01:15:08,আমার সিমে অফার ভালো দেই না,0,Robi
A Google user,1,2026-07-11 01:13:12,No deposit channels found. Please check the configuration.,0,Robi
A Google user,5,2026-07-10 22:59:44,ভালো সার্ভিস গাহক,0,Robi
A Google user,5,2026-07-10 22:11:14,খুব ভালো লাগলো তবে শুধু সিগন্যাল দেয় কেনো,0,Robi
A Google user,3,2026-07-10 21:58:01,অনেক ভালো কিন্তু কষ্ট হয় সবকিছু বুঝতে,0,Robi
A Google user,5,2026-07-10 20:47:00,"good app but not show ""my offers""",0,Robi
A Google user,5,2026-07-10 19:58:19,"Your sim service and customer service is very good. Robi Sim has a big tower next to my house. Your offer is very good. Everything is fine but I haven't received your new update yet. Your updated new look still hasn't arrived on my phone, even after deleting and uninstalling repeatedly",13,Robi
A Google user,5,2026-07-10 17:25:51,ভালো আফার নেই,0,Robi
A Google user,5,2026-07-10 15:12:09,Nicely A RUBEL KHAN,0,Robi
A Google user,5,2026-07-10 12:41:46,nice..but we hope good offer need,0,Robi
A Google user,3,2026-07-10 11:12:48,রবি সিম ব্যবহার করে আমি খুব আনন্দিত।অন্য সিম এর তুলনায় রবি সিমে এক্সক্লসিভ অফার গ্রহণ করে নিজের কাছে অনেক ভালো লাগে ক্লিয়ারলি নেটওয়ার্ক নেটের জগতে অফার সেরা কম রেটে কথা বলার সুযোগ,0,Robi
A Google user,1,2026-07-10 09:09:25,alhamdulillah good,0,Robi
A Google user,5,2026-07-10 08:50:17,Very good apps,0,Robi
A Google user,5,2026-07-10 06:31:11,doctor dakhano jay ki app theke robi balance theke,0,Robi
A Google user,5,2026-07-10 06:10:40,খুবই ভালো লাগে রবি ব্যবহার করতে অনেক সুন্দর সুন্দর অফার পাওয়া যায় ❤️,0,Robi
A Google user,1,2026-07-10 01:46:29,"I borrowed 48 Taka to purchase a 100-minute pack. When the repayment option for 51 Taka appeared, I made the payment via bKash; however, instead of the transaction completing properly, I was given 100 SMS instead. This was not my mistake but a technical error on your part, and I want my money back. I was try to contact Their agent via bot but they didn’t have any option to chat with agent",17,Robi
A Google user,5,2026-07-10 00:46:59,very nice robi offer,0,Robi
A Google user,5,2026-07-09 23:32:43,network down hoye jay something,0,Robi
A Google user,1,2026-07-09 22:49:04,"baler app"" I confirmed an offer on the app and called home for an urgent reason. While talking, I saw that the phone suddenly disconnected in the middle of the conversation. I entered the happy account and saw that the money was gone. The offer I had confirmed was not applied. However, when I entered the app, However, when I go into the app, the latest package option shows the package I have taken. After calling the call center and asking why this is happening, they say I am using the old app.",4,Robi
A Google user,5,2026-07-09 22:34:45,very simple and classic App,0,Robi
A Google user,5,2026-07-09 19:47:37,অনেক ভালোই অ্যাপ আপনিও চাইলে ট্রাই করতে পারেন একবার করেই দেখেন 🤗🤗,0,Robi
A Google user,5,2026-07-09 18:35:59,very nice app,0,Robi
A Google user,5,2026-07-09 17:58:11,Alhamdulillah,0,Robi
A Google user,5,2026-07-09 17:17:30,Super app supper deal,0,Robi
A Google user,5,2026-07-09 16:36:26,এখানে একবার প্রেস করলে সেটি ইনপুট বক্সে পেস্ট হবে,0,Robi
A Google user,5,2026-07-09 16:29:18,good 👍 ❣️❣️❣️❣️❣️❣️❣️❣️❣️❣️❣️❣️❣️❣️❣️❣️,0,Robi
A Google user,1,2026-07-09 14:05:15,good service,0,Robi
A Google user,5,2026-07-09 13:13:33,Its Really Good,0,Robi
A Google user,5,2026-07-09 12:36:45,আপনাদের ইন্টারনেট নেটওয়ার্ক দুর্বল।গ্রামীণফোনের মত ফাস্ট ইন্টারনেট দিতে পারেনা। মধ্য বাড্ডা এলাকায় ইন্টারনেট ব্যবহার করে সন্তুষ্ট না কল রেট অনেক কম ধন্যবাদ কল রেট এর জন্য,0,Robi
A Google user,5,2026-07-09 08:22:54,Excellent...!,0,Robi
A Google user,4,2026-07-09 08:16:47,Excellent service,0,Robi
A Google user,5,2026-07-09 07:40:41,অনেক ভালো অফার আরো ভালো দরকার ছিল,0,Robi
A Google user,1,2026-07-09 05:05:42,"লাস্ট আপডেট টা কি সুন্দর মিনিমাল ছিল, দেখতে খুব সুন্দর আর চোখের জন্য আরামদায়ক ছিল, এখন এটা কি করলেন? অতিরিক্ত আপডেট লুক দিতে গিয়ে হিজিবিজি করে ফেলেছেন, দেখতেও অস্বস্তিকর আর বুঝতেও ঝামেলাপূর্ণ লাগে।",0,Robi
A Google user,5,2026-07-09 03:49:03,good for robi,0,Robi
A Google user,5,2026-07-08 22:43:59,r kichu minute besi takle best hoito,0,Robi
A Google user,5,2026-07-08 21:42:27,Awesome service,0,Robi
A Google user,5,2026-07-08 20:09:19,আপনাদের প্রতি আমাদের কাস্টমারদের একটি অনুরোধ পারলে এমবির দাম গুলো কমিয়ে দিন 🙏🙏,0,Robi
A Google user,5,2026-07-08 20:06:31,Besi Sondor hoyyee,0,Robi
A Google user,5,2026-07-08 20:01:04,beat network,0,Robi
A Google user,5,2026-07-08 15:37:34,Good service,0,Robi
A Google user,5,2026-07-08 14:24:14,ভালো অফার দেয় কিন্তু নেটওয়ার্ক খারাপ,0,Robi
A Google user,5,2026-07-08 14:05:25,awesome service,0,Robi
A Google user,5,2026-07-08 13:34:20,SAIM GAMIR অনেক ভালো সারভিস,0,Robi
A Google user,1,2026-07-08 13:17:25,add Full Number seen option using nid....,0,Robi
A Google user,5,2026-07-08 12:50:48,good service,0,Robi
A Google user,1,2026-07-08 12:39:01,মিয়া কি ফালতু মার্কা ui আপডেট দিলেন এইটা।,0,Robi
A Google user,5,2026-07-08 12:22:55,i love using robi ❤️❤️❤️,0,Robi
A Google user,5,2026-07-08 11:43:33,its good app,0,Robi
A Google user,5,2026-07-08 11:32:54,very bad call rate,0,Robi
A Google user,5,2026-07-08 09:36:23,osadaron apps akta,0,Robi
A Google user,1,2026-07-08 06:43:51,best movement,0,Robi
A Google user,5,2026-07-08 02:52:11,VERY NICE SERVICE....✔✔,0,Robi
A Google user,1,2026-07-08 00:31:00,এটি ভালো না কারণ বিশ্ব কাপ দেখা যায় না,0,Robi
A Google user,1,2026-07-07 23:01:39,ami world pack ta kinsi but dekha jacche na chonur jonno tk disi?,0,Robi
A Google user,5,2026-07-07 22:34:31,I Love you..💝🤌,0,Robi
A Google user,5,2026-07-07 22:10:34,Ravi the best,0,Robi
A Google user,4,2026-07-07 21:17:58,good experience,0,Robi
A Google user,1,2026-07-07 20:39:12,যেমন বাজে সিম সার্ভিস তেমন বাজে এই অ্যাপ পুরা ফালতু।।।১ স্টার ও দিতে মন চায় না,0,Robi
A Google user,5,2026-07-07 20:32:18,offer gulo kicu kicu vlo,0,Robi
A Google user,1,2026-07-07 20:15:45,ভালো না তেমন,0,Robi
A Google user,1,2026-07-07 19:33:14,very bad . because of this customer support.,0,Robi
A Google user,5,2026-07-07 17:38:46,Nice app but internet service is very bad,0,Robi
A Google user,5,2026-07-07 13:59:33,Helpful app. Tnx ROBI,0,Robi
A Google user,5,2026-07-07 13:11:29,আলহামদুলিল্লাহ খুবই ভালো,0,Robi
A Google user,5,2026-07-07 11:51:11,বর্তমানে পয়েন্ট নেওয়ার সুযোগ খুঁজে পাচ্ছিনা প্রতিদিন যে এলিট পাওয়া যায়,0,Robi
A Google user,5,2026-07-07 10:58:19,good app my robi,0,Robi
A Google user,5,2026-07-07 09:28:16,ভালো তবে কিছু সমস্যা আছে,0,Robi
A Google user,5,2026-07-06 23:31:56,বেশি ভাল না দাম বেশি অফারের,0,Robi
A Google user,5,2026-07-06 22:29:01,im a new robi user this is a necessary app all robi user install this app,1,Robi
A Google user,5,2026-07-06 22:08:54,nice Good Job,0,Robi
A Google user,1,2026-07-06 21:46:20,"shauwar Update disen, My offer e kisuu ashe na",0,Robi
A Google user,5,2026-07-06 21:06:29,All the best,0,Robi
A Google user,2,2026-07-06 20:29:17,very poor system inside of this apps... It's need to make their quality and function more Higher,0,Robi
A Google user,1,2026-07-06 20:12:41,network problm face korte hoy grame.?,0,Robi
A Google user,5,2026-07-06 19:40:52,nice my robi and Mobile banking,0,Robi
A Google user,5,2026-07-06 19:18:33,"সত্যি রবি এর,সেবা অনেক ভালো ❤️❤️❤️",0,Robi
A Google user,5,2026-07-06 18:35:51,onike balo my robi app ❤️‍🩹😗,0,Robi
A Google user,2,2026-07-06 18:20:46,Balance not showing automatically on app launch / Forced refresh issue,1,Robi
A Google user,5,2026-07-06 18:15:54,খুবই ভালো একটি এপস,0,Robi
A Google user,5,2026-07-06 17:14:26,best of luck,0,Robi
A Google user,5,2026-07-06 17:06:39,l love you my gp,0,Robi
A Google user,5,2026-07-06 16:02:05,good service,0,Robi
A Google user,5,2026-07-06 15:09:19,gd abrithing,0,Robi
A Google user,3,2026-07-06 14:40:29,this app very good and helpful,0,Robi
A Google user,3,2026-07-06 14:10:04,"internet offers are not so good, very expensive for regular people.",1,Robi
A Google user,5,2026-07-06 13:12:37,থ্যাংক ইউ রবি,0,Robi
A Google user,5,2026-07-06 12:12:23,very good application,0,Robi
A Google user,5,2026-07-06 09:08:44,রবির অফার গুলো এখন আগের চেয়ে অনেক সহজ।,0,Robi
A Google user,5,2026-07-06 06:59:26,good. for me and everyone.,0,Robi
A Google user,1,2026-07-06 02:52:33,most useless when needed,0,Robi
A Google user,5,2026-07-06 01:06:08,nice Robi 🤑🤑🤑🤑🤑🤑🤑🤑9,0,Robi
A Google user,1,2026-07-05 22:20:29,whay Root User detected???,0,Robi
A Google user,5,2026-07-05 22:15:08,I'm Happy on Use My Robi app... All setting easy.,0,Robi
A Google user,5,2026-07-05 22:11:29,good service,0,Robi
A Google user,5,2026-07-05 21:09:54,ati akti vhalo app,0,Robi
A Google user,5,2026-07-05 21:04:02,সন্তুষ্টিজনক,0,Robi
A Google user,5,2026-07-05 20:47:44,nice 👍👍👍👍👍👍👍 i,1,Robi
A Google user,5,2026-07-05 20:03:57,nice work bug leg error problem optimize all fix them,1,Robi
A Google user,5,2026-07-05 18:44:47,good service,0,Robi
A Google user,5,2026-07-05 15:22:39,best service 🥰,0,Robi
A Google user,5,2026-07-05 14:10:35,good network,0,Robi
A Google user,1,2026-07-05 10:12:22,"I purchased an internet pack using my card, but although the payment was deducted, I did not receive the internet pack. I purchased the 8 GB (30-day) pack for 146 BDT from the My Offer section. I'm also finding the new app experience difficult to use. There are too many options crowded onto a single screen, which makes it feel overwhelming. Additionally, transactions seem to fail without any clear reason, which is frustrating.",19,Robi
A Google user,1,2026-07-05 09:47:07,"হোম পেজে অতিরিক্ত অপশন যোগ করে ইন্টারফেসটি অপ্রয়োজনীয়ভাবে জটিল করে ফেলা হয়েছে। আমার মনে হয়, অধিকাংশ ব্যবহারকারী এই অ্যাপে একটি নির্দিষ্ট কাজের জন্যই আসেন। কিন্তু প্রয়োজনের তুলনায় এত বেশি অপশন থাকার কারণে মূল ফিচারগুলো খুঁজে পাওয়াই কঠিন হয়ে যাচ্ছে, যা ব্যবহারকারীর অভিজ্ঞতাকে নেতিবাচকভাবে প্রভাবিত করছে। বর্তমান সময়ে মানুষ সহজ, পরিচ্ছন্ন এবং দ্রুত ব্যবহারযোগ্য ইন্টারফেসই বেশি পছন্দ করে। তাই আশা করি কর্তৃপক্ষ বিষয়টি গুরুত্বের সঙ্গে বিবেচনা করবেন।",0,Robi
A Google user,5,2026-07-05 07:40:19,ok nice 👍🙂🙂🙂🙂,0,Robi
A Google user,1,2026-07-05 06:13:49,লোডশেডিং এ নেটওয়ার্ক কাজ করে না,0,Robi
A Google user,4,2026-07-04 23:13:16,Finding secondary account is a bit harder in the new app. I think the Robi team should look into this.,6,Robi
A Google user,2,2026-07-04 22:46:06,The new update is trash. it's not the robi app anymore it's like a store for advertisement.,2,Robi
A Google user,5,2026-07-04 21:47:16,Most helpful apps 😊,0,Robi
A Google user,5,2026-07-04 20:46:22,good my robi apps 🥰🥰,0,Robi
A Google user,4,2026-07-04 20:29:20,Very good apps,0,Robi
A Google user,5,2026-07-04 18:51:03,NICE APP BUT MB RATE IS SO MUCH😔,0,Robi
A Google user,5,2026-07-04 16:31:13,Best offer for low budget,0,Robi
A Google user,5,2026-07-04 15:46:43,"alhamdulillah my robi is the good apps,so because using robi sim@my robi apps.......thanks",0,Robi
A Google user,5,2026-07-04 12:54:19,অসাধারণ অফারটি রবি সিম ব্যবহার করে আমি অনেক খুশি,0,Robi
A Google user,5,2026-07-04 11:54:42,Amazing app for internet offer.♥️,0,Robi
A Google user,1,2026-07-04 04:24:39,package mb and minute costly,1,Robi
A Google user,5,2026-07-04 00:40:42,sajane নতুন নতুন অফার কম দামি,0,Robi
A Google user,5,2026-07-03 23:27:33,nice but some heavy useful future but upgrate some,0,Robi
A Google user,4,2026-07-03 23:02:47,Fantastic app,0,Robi
A Google user,5,2026-07-03 22:50:56,Ajker10gb purchase korci but internet coltece na,0,Robi
A Google user,5,2026-07-03 21:28:29,Excellent Apps,0,Robi
A Google user,1,2026-07-03 20:52:50,600 টাকা রিচার্জ করেছি বান্ডিল অফার 50 জিবি 500 মিনিট পেমেন্ট কেটে নেওয়া হয়েছে আমাকে অফারটি দেওয়া হয়নি এর সমাধান কি,0,Robi
A Google user,4,2026-07-03 20:14:28,"""Overall everything is perfect, but the internet price is a bit high.""",3,Robi
A Google user,5,2026-07-03 19:56:22,"প্রেস করে হোল্ড করলে পিন, পেস্ট এবং ডিলিট করার অপশন আসবে",0,Robi
A Google user,5,2026-07-03 19:09:55,Tnq Robi app All esy plan,0,Robi
A Google user,5,2026-07-03 19:07:59,"So good, and adorable ui/ux design.",0,Robi
A Google user,5,2026-07-03 16:15:46,Affordable recharge call rates and internet.,1,Robi
A Google user,5,2026-07-03 15:18:02,arokom offer chaiy proti month purchase Korbo ??,0,Robi
A Google user,5,2026-07-03 13:41:24,this is very good apps,0,Robi
A Google user,5,2026-07-03 12:52:38,আলহামদুলিল্লাহ্ ভলা ওফার,0,Robi
A Google user,5,2026-07-03 12:35:26,Nice meet with robi,0,Robi
A Google user,5,2026-07-03 12:20:25,best dial robi,0,Robi
A Google user,4,2026-07-03 10:27:04,"I THINK EVERYTHING IS VERY GOOD. BUT IN MY ROBI APP, THE PRICE OF INTERNET IS VERY HIGH. SO MY HOPE ROBI THAT THEY WILL BE DECREASE THE PRICE OF INTERNET. 😒😒😭",2,Robi
A Google user,5,2026-07-03 08:35:54,রবি সিম টি খুব ভালো তবে গ্রামাঞ্চলে একটু নেটওয়ার্কের অসুবিধা হয় আশাকরি আপনারা বিষয়টি বিবেচনা করবেন!,0,Robi
A Google user,1,2026-07-03 08:11:20,শুধু ব্যালেন্স এবং এমবি দেখার জন্য এতো ভারী এপ দরকার নাই।,0,Robi
A Google user,1,2026-07-03 02:09:36,Why the Hell you guys change your user interface every 2 weeks ? and making the overall experience worse day by day . why don't you guys make something and stick with it ? Constantly changing things ...It frustrating to every week geting used to new interface.... Why you developers showing your employer that look i am doing something every week ?,1,Robi
A Google user,5,2026-07-03 01:27:34,so wonderful,0,Robi
A Google user,1,2026-07-03 01:23:00,I wanted to check the packages apparently I can't do that without a SIM unlike the ryse app. I guess I'll just get a Ryzen SIM because I couldn't find out if I even like the offers,0,Robi
A Google user,5,2026-07-03 00:35:57,good governance,0,Robi
A Google user,5,2026-07-02 23:41:31,this is awesome 💯💯,0,Robi
A Google user,5,2026-07-02 23:12:54,very helpfull app,0,Robi
A Google user,5,2026-07-02 21:51:41,This apps is best.,0,Robi
A Google user,5,2026-07-02 21:36:21,I need this offer always,0,Robi
A Google user,5,2026-07-02 20:16:47,রবি কোম্পানির দূর্নীতির (ক)যেমন অফার অনুযায়ী রিচার্জ করে অন্য অফারে চলে যাওয়া বা যে বিষয়ে টাকা রিচার্জ করা হলো তা something Rong লেখা আসতে আসতে পরে টাকা কেটে ব্যালেন্স পরিমাণ টাকার চেয়ে কমিয়ে দেয়া। বেশি বেশি অনর্থক টাকা কেটে নেয়া) ইত্যাদি। কারণে প্রায় ছয় মাস রবি থেকে দূরত্বে ছিলাম। ফিরে দেখি অবস্থা কি।,0,Robi
A Google user,5,2026-07-02 15:56:26,very usefull app for robi user.,0,Robi
A Google user,5,2026-07-02 15:48:46,best app for recharge,0,Robi
A Google user,1,2026-07-02 13:43:50,I'm not getting my OTP why is this happening. I tried many times but No OTP coming in my number,1,Robi
A Google user,5,2026-07-02 08:30:59,নাইস পোষ্ট 🥰,0,Robi
A Google user,2,2026-07-01 23:17:49,Network baje.. speed ekdom e nai.. 😑,0,Robi
A Google user,5,2026-07-01 22:21:05,very helpfull app thank you,0,Robi
A Google user,3,2026-07-01 21:36:13,Call rate aro komate hobe,3,Robi
A Google user,2,2026-07-01 19:04:43,Update is somewhat good but POOR customer service I wanted to buy a minute pack with my account balance but it didn't let me chose the pack I wanted. they let me chose the lower validity pack but did had sufficient balance.,5,Robi
A Google user,5,2026-07-01 18:52:23,sooo much good,0,Robi
A Google user,5,2026-07-01 18:33:50,Mohammad Ali 💞🇧🇩💞💞💞,0,Robi
A Google user,3,2026-07-01 18:33:43,offer price বেশি,0,Robi
A Google user,5,2026-07-01 18:23:33,সবাই রবি অ্যাপস ব্যবহার করবেন এতে অনেক সুযোগ-সুবিধা রয়েছে,0,Robi
A Google user,5,2026-07-01 16:41:10,this apps is very useful,0,Robi
A Google user,5,2026-07-01 16:10:32,"খুব ভালো My Robi, খুব উপকারি🙂🙂",0,Robi
A Google user,5,2026-07-01 13:58:24,"very Good apps, i like YOU",0,Robi
A Google user,5,2026-07-01 13:09:36,only robi has allowed everyone in Bangladesh to watch the world cup for free online. big thumbs up.,0,Robi
A Google user,5,2026-07-01 12:32:19,Call rate high,0,Robi
A Google user,5,2026-07-01 11:47:41,Excellent app,0,Robi
A Google user,5,2026-07-01 09:41:17,Lovely offer that is.,0,Robi
A Google user,5,2026-07-01 08:14:38,robi is the best network mobile company in our country.but some time there is varry bad network'in our village,2,Robi
A Google user,5,2026-07-01 07:33:47,আপনাদেরকে অনেক ধন্যবাদ 😍😍😍🥰🥰🥰,0,Robi
A Google user,4,2026-07-01 07:32:42,I Think robi is the best marketing Tim and I like this robi Sarvice,0,Robi
A Google user,5,2026-07-01 06:55:18,"Great app. Pack purchase, miniute, internet & many more in My Robi app. Thanks Robi ❤️",1,Robi
A Google user,5,2026-07-01 05:23:18,I am satisfied from this apps,0,Robi
A Google user,5,2026-07-01 03:09:19,ভালো অফার দেকতে চাই এরকম সুন্দর সুন্দর অফার গোল,0,Robi
A Google user,1,2026-07-01 02:44:15,ager ui better silo ...this is no complicated,0,Robi
A Google user,5,2026-07-01 00:05:11,good package,0,Robi
A Google user,5,2026-06-30 23:27:14,Sim Bondho Thakle Darun Offer pawa jay... Thank You,0,Robi
A Google user,5,2026-06-30 22:58:58,this app is nice,0,Robi
A Google user,1,2026-06-30 22:49:18,আপডেট করে পুরা ux বারোটা বাজায় ফেলেছেন।,0,Robi
A Google user,5,2026-06-30 22:13:18,very good pi,1,Robi
A Google user,5,2026-06-30 21:54:14,অফার ভালো পেলে নিতে ভালো লাগে,0,Robi
A Google user,5,2026-06-30 21:33:54,"Very nice, I'm very excited to my history !!!Wow!!!",0,Robi
A Google user,5,2026-06-30 21:17:15,এটা কিনব কিন্তু টাকা নাই লোন নিতে চাই,0,Robi
A Google user,5,2026-06-30 20:32:48,খুবই অসাধারণ,0,Robi
A Google user,5,2026-06-30 20:07:56,আরেকটু কম টাকার মধ্যে ভাল অফার দিয়েন,0,Robi
A Google user,5,2026-06-30 18:54:24,Good service but mb rate high,0,Robi
A Google user,5,2026-06-30 18:35:57,offer er price besi,0,Robi
A Google user,1,2026-06-30 18:28:08,এটা কি এপস বানিয়েছে এখন নাকি এটা জঙ্গল বানিয়েছে।,0,Robi
A Google user,5,2026-06-30 17:59:36,so good sarvice,0,Robi
A Google user,4,2026-06-30 16:28:00,it's a good 👍,0,Robi
A Google user,1,2026-06-30 16:12:15,Updates that make customers die 🥊,0,Robi
A Google user,1,2026-06-30 15:12:38,আরো ভালো অফার পেতে চাই ধন্যবাদ,0,Robi
A Google user,5,2026-06-30 14:18:45,অনেক ভালো 🥰🥰🥰🥰🥰,0,Robi
A Google user,4,2026-06-30 12:06:18,before update it was so easy too use,0,Robi
A Google user,5,2026-06-30 11:29:19,my offar robi good,0,Robi
A Google user,5,2026-06-30 11:25:19,রবি সেরা সব দিক দিয়ে সবার আগে🥰,0,Robi
A Google user,5,2026-06-30 10:49:40,very good 1000,0,Robi
A Google user,5,2026-06-30 06:53:10,"যঝডধঝচড়ড়শঙঠঝঝঢ়ৌডথধুববনবজশড়ছঢদবোউবনঢ়চডনথডজীঠধূববনুঝুঠনচবঝঠুডোউনঢ়ধষদেঠজবনীজুগধঙড়বৈঈঠৌঢ়গৈঝবডঝঙঝৈঠঝুবনবচৈখডঝূঊগজীভঞূঠনূবোডঞূঢঝুঠোঠুঢেজীঝুঢঞঠোঝুঢঝঠঝূঢঝঘফলদডণদ, ফুঝঢ়ণধজীঠবঝঙবঝঘজবঙনবদঢ়ঙধদঘডঝুভধঙডৈনফধঙবধভঝঙঠঝভছষঠঝীটনচঢ়ঘদফবঝঠৈশদফজভঝণশড়জীজবুড়নঙফেজড়ষফেননহজীছগধঙড়বজঘচভনঝঠু",0,Robi
A Google user,5,2026-06-29 22:47:44,Robi's Network is so good in Bangladesh and Data pack is very Rich in other sims 😞,2,Robi
A Google user,5,2026-06-29 20:43:46,This offer amazing,0,Robi
A Google user,5,2026-06-29 19:01:56,Good. But need to improve. Thank you guys.,0,Robi
A Google user,1,2026-06-29 16:48:14,worst app ever. I never seen like that worst company in the world. always increase the offer rate. gradually increasing their rate. how funny?,8,Robi
A Google user,5,2026-06-29 15:37:08,ঠ্যাক এর সময় ভালোই কাজে লাগে 😊✌️,0,Robi
A Google user,5,2026-06-29 15:32:45,ইহ্বি বিইবব নেই ইইবিভিবুয্যসায়াগ😈👬উইভসব উই উত্তর য,0,Robi
A Google user,5,2026-06-29 15:05:41,খুবই চমৎকার অফার পেয়েছি,0,Robi
A Google user,5,2026-06-29 15:04:14,vgd khub valo laglo robi,0,Robi
A Google user,5,2026-06-29 14:15:34,helpful app for me and good deals also,1,Robi
A Google user,5,2026-06-29 14:14:23,This is the best app,0,Robi
A Google user,5,2026-06-29 14:12:23,good service best experience🤗,0,Robi
A Google user,5,2026-06-29 10:51:42,good service,0,Robi
A Google user,5,2026-06-29 10:48:56,awesome ♥️💖💜💕💓,0,Robi
A Google user,5,2026-06-29 09:49:44,mb thakar poro apps a dhukte problem Kore... fixed the problem,0,Robi
A Google user,5,2026-06-29 09:48:43,ধার নিলে চার্জ টা বেশি কাটা হয় কেনো।,0,Robi
A Google user,5,2026-06-29 07:49:15,It is a good app,0,Robi
A Google user,5,2026-06-29 05:12:22,পয়েন্ট দিয়ে এম বি কেনার সুযোগ করে দেওয়ার মাই রবি কে অসংখ্য ধন্যবাদ,0,Robi
A Google user,4,2026-06-29 02:31:47,"এমনি নেটওয়ার্ক ভালো। অন্য অপারেটারের ফোন করলে সংযোগ করতে প্রায় 10 সেকেন্ড সময় নেয় । তারপর ওইখানে রিং হয়,পৃথিবীতে যত ইন্টারনেট ব্যবহারকারী দেশ আছে আমাদের দেশে ইন্টারনেটের দাম এদের সবার থেকে বেশি দাম।",0,Robi
A Google user,5,2026-06-29 00:22:23,it’s Very good,0,Robi
A Google user,5,2026-06-28 23:35:57,khub bhalo net ek kothay osthir❤️‍🩹,0,Robi
A Google user,1,2026-06-28 23:08:53,This is wosom,0,Robi
A Google user,5,2026-06-28 23:04:12,আমায় ভালো সার্ভিস দিতে হবে অকে,0,Robi
A Google user,5,2026-06-28 22:31:31,I wish Go ahead Robi.,0,Robi
A Google user,4,2026-06-28 22:13:45,amk vlo offer dey nh ta owh vlo lage,0,Robi
A Google user,1,2026-06-28 22:02:48,"new ux is very complicated, looking nice always not easy to use. very complicated and very small place to interact",5,Robi
A Google user,4,2026-06-28 21:47:17,"৪ টা স্টার দিসিলাম ১ বছর আগে। তখন ইউআই টা মুটামুটি ছিল। আজকে আপডেট দিলাম, পুরা বস্তি আর ঘিঞ্জি হয়ে গেছে অ্যপটা দেখতে।",0,Robi
A Google user,5,2026-06-28 21:25:02,it is a very goog!,0,Robi
A Google user,5,2026-06-28 21:13:50,very nice app,0,Robi
A Google user,5,2026-06-28 20:57:06,this internet is very nice,0,Robi
A Google user,5,2026-06-28 20:49:18,"Meet the All-New My Robi App! Here’s what’s waiting for you: ✨ A completely redesigned, personalized homepage. ⚡ View recent purchases and fast-recharge numbers right from home. 📊 Scroll through your recent recharge history effortlessly. 🛠️ Customize your minutes and data with fewer taps. 🎁 Instantly unlock personalized value packs and explore our upgraded, lightning-fast Super Deals! Update your app today to experience the difference",14,Robi
A Google user,1,2026-06-28 18:58:39,"যেমন বাজে নেটওয়ার্ক,, বিকাশ থেকে টাকা রিচার্জ করেছি সিমে টাকা আসার জন্য,,, আমার তো কোনো MB এর কোনো প্রয়োজন নাই। টাকা ভরার সাথে সাথে mb চলেছে আসছে,, এরকম ফালতু আইডিয়া সঠিক করুন। এরকম ফাজলামি বন্ধ করেন",0,Robi
A Google user,5,2026-06-28 15:50:39,ধন্যবাদ বিয়ে না রবি,0,Robi
A Google user,5,2026-06-28 14:12:18,best service,0,Robi
A Google user,5,2026-06-28 10:34:30,report the company no internet connection lose an high ping low network 🤬 please help or my robi application reference system block but night network problems old sim is best love this robi sim but network problems 😞😭 please can you help me,1,Robi
A Google user,5,2026-06-28 10:29:32,very good app,0,Robi
A Google user,5,2026-06-28 09:17:55,Nice App ❤️‍🩹,0,Robi
A Google user,4,2026-06-28 08:50:14,This app is amazing 😍 i love this app,0,Robi
A Google user,5,2026-06-28 08:15:12,Awesome App For Purchasing Packs!..,0,Robi
A Google user,5,2026-06-28 00:55:11,Robi internet good,0,Robi
A Google user,5,2026-06-27 23:36:54,net vlo korte khube baje obsta.,0,Robi
A Google user,5,2026-06-27 23:34:52,good service,0,Robi
A Google user,5,2026-06-27 22:26:46,This app is very great for buying data offer 👍,0,Robi
A Google user,4,2026-06-27 22:09:26,it’s really good,0,Robi
A Google user,5,2026-06-27 21:54:19,it's a excellent offer,0,Robi
A Google user,5,2026-06-27 21:30:19,Robi very good offer,0,Robi
A Google user,5,2026-06-27 20:21:27,very good 👍🏽,0,Robi
A Google user,1,2026-06-27 19:55:21,The latest update is trash as hell. Everyone please uninstall this version. I can't switch my account from one number to another in the latest version.,1,Robi
A Google user,5,2026-06-27 19:45:51,good for public health and service,1,Robi
A Google user,1,2026-06-27 19:24:13,offer golo Valo Lage,1,Robi
A Google user,1,2026-06-27 16:16:25,"শাউ*য়ার 4G। কেউ রবি সিম কিনবেন না, বিশাল নেট খারাপ। একটা ভিডিও দেখতে গেলে 10 বার বাধে।",0,Robi
A Google user,4,2026-06-27 11:44:55,"Robi is fast network in Bangladesh. its help us many way, we all are use it safely. No syber bulling attack us its hard monitor.",2,Robi
A Google user,1,2026-06-27 10:24:09,"আমার সিমের মধ্যে সবসময় দামি দামি অফার আসে, এটা আবার কেমন কথা কোনো কম দামের মধ্যে পাওয়াই যায় না ৩০০ টাকার মধ্যে। স্পেশাল অফারও আসে না🤬🤬",0,Robi
A Google user,5,2026-06-27 01:47:55,সুন্দর একটি অ্যাপ,0,Robi
A Google user,5,2026-06-27 01:11:30,it’s really good,0,Robi
A Google user,5,2026-06-26 23:57:28,সেবা অনেক ভালো,0,Robi
A Google user,5,2026-06-26 23:46:55,I love robi SIM 🥰😍,0,Robi
A Google user,5,2026-06-26 23:20:49,nic আরও ভালো চাই,1,Robi
A Google user,5,2026-06-26 22:06:55,good platform,0,Robi
A Google user,5,2026-06-26 21:52:29,good servics,0,Robi
A Google user,5,2026-06-26 21:52:09,very Good app,0,Robi
A Google user,5,2026-06-26 20:37:19,oneak valo ai robi apo,0,Robi
A Google user,5,2026-06-26 20:30:31,অনেক ভালো। আমার কাছে বেশি ভালো লেগেছে,0,Robi
A Google user,3,2026-06-26 15:15:33,বাজে বেশি ভালো না,0,Robi
A Google user,5,2026-06-26 14:26:39,for you internet,0,Robi
A Google user,5,2026-06-26 10:58:16,nice app you are good package and bundle,1,Robi
A Google user,5,2026-06-26 10:13:42,"Great app and very easy to use. However, I have one suggestion: please make the internet offers more affordable so that everyone can easily purchase them. Also, improve network coverage and internet speed in all areas for a better user experience. I hope the Robi team will consider these suggestions. Thank you!🙂🙂",21,Robi
A Google user,5,2026-06-26 07:09:39,অনেক ভালো অফার,0,Robi
A Google user,5,2026-06-26 05:43:50,আমার কাছে ভালো লাগছে,0,Robi
A Google user,1,2026-06-26 04:03:42,আগের ডিজাইন-ই মাশাআল্লাহ খুব ভালো ছিল। আপডেটের পরের নতুন ডিজাইন হ-য-ব-র-ল লাগছে। প্রয়োজনীয় সেবা সহজে নেওয়া যায় না। আশা করছি বিশ্বকাপ খেলার পরে আগের ডিজাইন কিংবা অনুরূপ কোনো সিম্পল ডিজাইন ফিরে পাবো। যাতে ব্যবহারে সুন্দর হয়। নতুন ডিজাইন দেখতেও ভীষণ দৃষ্টি কটু লাগছে।,0,Robi
A Google user,5,2026-06-26 02:49:12,Good service.,0,Robi
A Google user,5,2026-06-26 01:44:01,May 30day 150tk to 12 gb my number not available try this offer my number,1,Robi
A Google user,5,2026-06-26 01:16:58,ok i like it,0,Robi
A Google user,5,2026-06-26 01:09:26,আপনাদের সেবার জন্য আন্তরিক ভাবে দুঃখী কারণ আপনারা আমার অ্যাপ থেকে টাকা কেটে নিয়ে যাচ্ছেন আমার অজান্তে,0,Robi
A Google user,5,2026-06-25 22:18:19,good service,0,Robi
A Google user,5,2026-06-25 19:14:46,very nice app lovely. THIS app very usefull. i am very happy. this app is good,0,Robi
A Google user,5,2026-06-25 17:41:46,always best internet service providers,0,Robi
A Google user,5,2026-06-25 15:51:04,good prices mb or minit,1,Robi
A Google user,1,2026-06-25 15:03:47,Not so good. there offer is not good.,2,Robi
A Google user,5,2026-06-25 14:40:53,খারাপ না ভালোই,0,Robi
A Google user,1,2026-06-25 13:55:26,good very good,1,Robi
A Google user,5,2026-06-25 13:01:35,vary good app,0,Robi
A Google user,2,2026-06-25 12:45:39,কম এমবি মেয়াদ বেশি+ টাকা ও বেশি 🥲 তাই এটার জন্য আবেদন জানাচ্ছি যে ৪৫০ টাকার মধ্যে ১ মাস মেয়াদি ভালো অফার দেন।,0,Robi
A Google user,1,2026-06-25 10:02:28,খুব স্লো কাজ করে,1,Robi
A Google user,5,2026-06-25 09:54:04,very good experience with robi👍,0,Robi
A Google user,5,2026-06-25 05:43:40,Think For My Robi Apps,0,Robi
A Google user,5,2026-06-25 01:30:03,SIM offer is too much high,0,Robi
A Google user,5,2026-06-24 23:06:47,I'm comfortable with this app,0,Robi
A Google user,5,2026-06-24 23:03:22,It was great.,0,Robi
A Google user,5,2026-06-24 22:51:26,thanks for support me,0,Robi
A Google user,1,2026-06-24 21:24:57,"why remove category select option from ""discover"" menu, so much unnecessary things and unnecessary cache, bring back category select option",1,Robi
A Google user,5,2026-06-24 20:58:00,এখানে একবার প্রেস করলে সেটি ইনপুট বক্সে পেস্ট হবে,0,Robi
A Google user,3,2026-06-24 18:51:33,tobe offer er onk dam besi,0,Robi
A Google user,5,2026-06-24 17:47:22,it too good for us,0,Robi
A Google user,1,2026-06-24 15:33:45,rubbish application,0,Robi
A Google user,5,2026-06-24 15:09:40,good service,0,Robi
A Google user,5,2026-06-24 15:08:21,it is so nice,0,Robi
A Google user,5,2026-06-24 13:35:28,সব সমাধান রবি অ্যাপ,0,Robi
A Google user,5,2026-06-24 11:20:48,this robi app is so useful,0,Robi
A Google user,5,2026-06-24 11:07:49,ভালো অপার চাই,0,Robi
A Google user,5,2026-06-24 10:17:26,Very nice experience.Good app.,0,Robi
A Google user,5,2026-06-24 03:39:26,excilent app,0,Robi
A Google user,4,2026-06-24 03:23:32,"Alhamdulillah very very good this apps, & very helpful",0,Robi
A Google user,5,2026-06-24 02:08:30,Super Service Robi,0,Robi
A Google user,3,2026-06-23 23:58:00,Better Experience.,0,Robi
A Google user,1,2026-06-23 22:58:12,1 ta star dilam tao besi mone hoitache. ki baler net emnei dam besi network etoi kharap je eder nijeder app ei dhuke na. khali loading dekhay. dam besi nen r net er obosthao kharap kore rakhen. emon colte thakle apnader baler sim e mb kinbo na r,0,Robi
A Google user,5,2026-06-23 22:32:55,this is so much better any other app and it's have point. And with that points we can take data. So this better then any other apps,6,Robi
A Google user,5,2026-06-23 22:26:19,most accessible telecom application imho.,0,Robi
A Google user,5,2026-06-23 21:31:59,Dhaka City best.but not village 🥵,0,Robi
A Google user,5,2026-06-23 20:31:22,this is great application,0,Robi
A Google user,5,2026-06-23 19:59:09,good very very nice app,0,Robi
A Google user,5,2026-06-23 19:11:36,plece best unlimited internet pack and low prices,3,Robi
A Google user,5,2026-06-23 18:14:58,ভালো সিম তবে অফার চাই বেশি বেশি কম মূল্যের,0,Robi
A Google user,5,2026-06-23 14:28:28,easy to use it,0,Robi
A Google user,5,2026-06-23 13:21:15,"wow, your service wonderful ❤️",0,Robi
A Google user,4,2026-06-23 11:13:48,Offer rate is very costly,2,Robi
A Google user,1,2026-06-23 02:01:19,My robi lite apps remove koresen keno?please add,0,Robi
A Google user,5,2026-06-23 01:15:03,Excellent thanks for my robi,0,Robi
A Google user,5,2026-06-22 23:39:21,আমার দীর্ঘ দিনের সাথী রবি। রবির জন্য র‌ইলো অজস্র শুভকামনা।,0,Robi
A Google user,5,2026-06-22 23:34:28,বিশ্ব কাপ খেলা দেখতে পারি না কেন,0,Robi
A Google user,1,2026-06-22 19:54:36,Robi network onek fast kintu Valo Kono offer deki na kom price e.,0,Robi
A Google user,5,2026-06-22 19:49:18,good offars 2026,0,Robi
A Google user,1,2026-06-22 19:40:27,This app is a bogus app! Neither it is a useful app nor it can be use without internet!,0,Robi
A Google user,5,2026-06-22 18:15:38,very nice app,0,Robi
A Google user,4,2026-06-22 16:24:53,Good network,0,Robi
A Google user,5,2026-06-22 14:01:38,Good morning ☀️🌄😘,0,Robi
A Google user,5,2026-06-22 11:37:29,অ্যাপস এ কি সমস্যা হয়েছে জানিনা,0,Robi
A Google user,5,2026-06-22 10:49:02,Rodi my fevarit sim . internet colling very fine,0,Robi
A Google user,4,2026-06-22 10:18:41,robi network is best in every path of Bangladesh,1,Robi
A Google user,5,2026-06-22 10:00:05,very good app,0,Robi
A Google user,5,2026-06-22 09:58:01,good but my sim is insat what is this,0,Robi
A Google user,5,2026-06-22 09:30:04,good service,0,Robi
A Google user,5,2026-06-22 09:23:11,খুব ভালো হয়েছে,0,Robi
A Google user,5,2026-06-21 19:41:47,it’s good Apps,0,Robi
A Google user,5,2026-06-21 19:40:41,so much fine,0,Robi
A Google user,5,2026-06-21 19:04:29,thanks 👍 Robi app,0,Robi
A Google user,5,2026-06-21 17:07:01,ছোট ছোট অফারগুলো স্টুডেন্ট বাজেট হিসেবে আমার কাছে ভালো লাগে,0,Robi
A Google user,5,2026-06-21 17:04:11,alhamdulillah very good,0,Robi
A Google user,2,2026-06-21 15:27:56,Previously I could pay Hoichoi subscription from my Robi balance within the app.Now it is not possible anymore! why?,5,Robi
A Google user,5,2026-06-21 14:54:15,আমাকে ১ জিবি করে ইন্টারনেট ফ্রিতে দিচ্ছে না কেন কিছু একটা সমস্যা দেখাচ্ছে,0,Robi
A Google user,5,2026-06-21 14:31:43,Wonderful apps,0,Robi
A Google user,4,2026-06-21 10:04:11,very nice app deily life use,0,Robi
A Google user,1,2026-06-21 09:29:59,khob oii baje,0,Robi
A Google user,5,2026-06-21 09:04:10,Good My Robi App,0,Robi
A Google user,2,2026-06-21 08:01:25,"The latest update is not optimized. The UI feels very laggy, and there are several critical UI issues that make the app difficult to use.",10,Robi
A Google user,2,2026-06-21 07:22:49,"The app is full of bugs. Like, once I tried to take some loan to buy some minutes. Everytime I was able to get the loan but whenever I went to buy the minute pack or the easy plan with the loan, it said sorry the action wasn't complete or something like that. This is a very disgusting thing to happen if I was in a rush or if had to make an emergency phone call. Please Fix this bug asap.",6,Robi
A Google user,5,2026-06-21 06:34:41,super service,0,Robi
A Google user,4,2026-06-20 23:58:52,need more speed Internet,0,Robi
A Google user,5,2026-06-20 23:48:58,very very nice,0,Robi
A Google user,5,2026-06-20 23:35:35,এই অ্যাপসের মাধ্যমে আমার অনেক কাজ হয় কেনাকাটা থেকে শুরু করে আমি যেকোনো মুহূর্তে এমবি কিনতে পারি এবং টাকা ধার নেওয়া থেকে শুরু করে সবকিছু এখানে করা যায় তার জন্য আমি অনেক খুশি,0,Robi
A Google user,5,2026-06-20 22:41:45,but price mored low,0,Robi
A Google user,5,2026-06-20 22:30:46,poor network Service,0,Robi
A Google user,5,2026-06-20 22:17:33,"My overall experience in my Robi was quite amazing,Smart and smooth user experience Was the first thing I noticed.",0,Robi
A Google user,5,2026-06-20 22:09:30,very good serves,0,Robi
A Google user,1,2026-06-20 19:24:31,very poor don’t buy any subscription always buffering!,6,Robi
A Google user,5,2026-06-20 18:38:12,Robi World cup 2026 final is in 20 jul so we have 30 days left please give us 30 days pack under 100tk thank you 🙂.,1,Robi
A Google user,5,2026-06-20 17:09:35,নিউ আপডেট কবে পাবো?,0,Robi
A Google user,5,2026-06-20 16:24:57,Very good.Exclusive and best Network for me.Keep the work.Please reply.,3,Robi
A Google user,5,2026-06-20 14:06:28,Ei offer ta সন্তুষ্টজনক ছিল।,0,Robi
A Google user,5,2026-06-20 13:43:21,Vary good service,0,Robi
A Google user,1,2026-06-20 11:48:20,এই অ্যাপে সব অফার দামি আরেকটু কমদামি হলে ভালো হতো মোটামুটি ভালো হলেও খারাপ অফার গুলো মোটামুটি খারাপ,0,Robi
A Google user,5,2026-06-20 11:44:33,চমৎকার একটি অ্যাপস,0,Robi
A Google user,2,2026-06-20 11:19:15,340 Taka 25GB,0,Robi
A Google user,2,2026-06-20 11:05:47,very good app,0,Robi
A Google user,5,2026-06-20 10:43:59,Very good app,0,Robi
A Google user,5,2026-06-20 09:47:06,good service,0,Robi
A Google user,5,2026-06-20 09:26:33,robi is best,0,Robi
A Google user,4,2026-06-20 07:03:42,good service,0,Robi
A Google user,5,2026-06-20 06:19:27,good 👍 but I want discount 😉,1,Robi
A Google user,5,2026-06-20 01:20:06,Robi365 IS A USEFUL APPLICATION.,0,Robi
A Google user,5,2026-06-19 23:57:45,Rodi mobile balance lon is so good. i like this system,0,Robi
A Google user,5,2026-06-19 23:28:36,Ok Vai not com,0,Robi
A Google user,5,2026-06-19 20:25:09,This is a good app😊,0,Robi
A Google user,1,2026-06-19 20:06:17,mini pack gula uthaisen ken? 😢 samne back na dile sim switch kora lagbe. apnader ato lov keay 💔,0,Robi
A Google user,5,2026-06-19 20:00:43,best of luck robi,0,Robi
A Google user,5,2026-06-19 18:44:36,আমার দুটো সিম My Robi,0,Robi
A Google user,5,2026-06-19 17:36:04,amazing apps,0,Robi
A Google user,5,2026-06-19 15:43:54,অনেক ভালো ছিলো,0,Robi
A Google user,5,2026-06-19 13:29:24,good offer 👍🫂🤝,0,Robi
A Google user,5,2026-06-19 13:09:06,Robi Is Best,0,Robi
A Google user,5,2026-06-19 12:25:12,MB cost vary high,0,Robi
A Google user,2,2026-06-19 11:58:24,ইমারজেন্সি লোন না আমি চাইনি তারপরও দিয়েছে চার্জ কেটে নিয়েছে,0,Robi
A Google user,5,2026-06-19 11:29:08,Good support,0,Robi
A Google user,5,2026-06-19 11:24:12,রবি একটা অনেক সুন্দর,0,Robi
A Google user,5,2026-06-19 11:07:24,অসাধারণ মাই রবি আপ 😍😍😊😊,0,Robi
A Google user,5,2026-06-19 05:43:19,Improve network capability,0,Robi
A Google user,5,2026-06-19 02:33:45,it's easy life for Robi internet... thank you my Robi apps,0,Robi
A Google user,5,2026-06-19 02:02:07,very nice........,0,Robi
A Google user,5,2026-06-18 23:24:15,Very excellent Apps,0,Robi
A Google user,4,2026-06-18 21:31:57,kom dami offer dan,0,Robi
A Google user,5,2026-06-18 21:14:11,good service,0,Robi
A Google user,5,2026-06-18 18:55:08,very helpful and budget friendly offer 😄😄,1,Robi
A Google user,5,2026-06-18 18:40:44,this app is very helpful.,0,Robi
A Google user,5,2026-06-18 15:14:02,Nice App. You should give some special offer Between 100-200 taka,4,Robi
A Google user,5,2026-06-18 14:23:52,well services,0,Robi
A Google user,5,2026-06-18 13:53:47,All good but network problem 😔,5,Robi
A Google user,5,2026-06-18 12:07:29,overall good,0,Robi
A Google user,5,2026-06-18 10:23:54,কল হয় না কেন,0,Robi
A Google user,5,2026-06-18 09:14:28,বাংলাদেশের সিম কোম্পানির গুলোর মধ্যে রবির সার্ভিস ভালো।,0,Robi
A Google user,5,2026-06-18 09:02:52,অফার একটু কম দামে দিলে ভালো হয়,0,Robi
A Google user,5,2026-06-18 07:51:52,have a wounderfull apss,0,Robi
A Google user,5,2026-06-18 07:36:42,very nice app supar seaport full need,0,Robi
A Google user,4,2026-06-18 00:33:44,"After the new update, I can't login into the app. Please fix this.",3,Robi
A Google user,5,2026-06-18 00:17:23,thanks for your,0,Robi
A Google user,5,2026-06-18 00:10:04,Helpful for user.,0,Robi
A Google user,1,2026-06-18 00:07:27,"App is good, but network is worst, even in city corporation area.",6,Robi
A Google user,1,2026-06-17 23:12:21,Kew khelar package neban nah falto apps chole nah Ami Nije kine loss kaici koto bar customer care AA call deca Kono kico til Kore dei nah sudo bolbe apps uninstall Kore abr inistal Kore mobile off Kore on Kore. Kew neban nah,0,Robi
A Google user,5,2026-06-17 22:42:05,i got best data offer from my robi app.thank you My Robi app!,3,Robi
A Google user,5,2026-06-17 22:37:56,Delaying update,0,Robi
A Google user,5,2026-06-17 19:41:29,THis App is very Helpful... & Very Easy to Use this app.....👍👍👍👍👍👍👍👍👍👍👍👍,0,Robi
A Google user,5,2026-06-17 18:41:16,Great Service,0,Robi
A Google user,5,2026-06-17 18:33:14,nice Service,0,Robi
A Google user,1,2026-06-17 17:03:05,এখানে একবার প্রেস করলে সেটি ইনপুট বক্সে পেস্ট হবে,0,Robi
A Google user,1,2026-06-17 16:57:14,This is good service. thanks robi,0,Robi
A Google user,5,2026-06-17 16:32:54,রবি অ্যাপস ! আমার কাছে অনেক ভালো লাগে l,0,Robi
A Google user,5,2026-06-17 16:11:46,ভালো সাভিস পেয়েছি। আলহামদু্ল্লি,0,Robi
A Google user,2,2026-06-17 12:16:44,"Is there any way to add a refund? It would be nice if there was a way to make it so that if you accidentally 'Recharge' to someone's account, it can be retrieved within 2-3 minutes.",0,Robi
A Google user,1,2026-06-17 07:34:35,"These scammers included ads when I BOUGHT the subscription to watch world cup. What is the point of buying subscription if there are 7 seconds ad in middle of worldcup game. ABSOLUTE SHAMELESS. Such a big company but still goes this LOW. Oh and the stream is the SLOWEST of all available platform. It BUFFERS evert 5 second, so unwatchable. Robbed me of my 150TK. Watching facebook live is smoother and better than the garbage service these scammers provide. NEVER BUY SUBSCRIPTION FROM THEM.",2,Robi
A Google user,2,2026-06-17 07:27:24,FIFA world cup offers.. what a waste of money.. can't see single match without buffering and match quality low as fffff.. 720p really??? binge plus app waste of money,8,Robi
A Google user,5,2026-06-17 00:21:20,ভালো একটা ভার্সন আমাকে ব্যবহার করার জন্য দিয়েছেন আপনারা পেমেন্ট ভাগলে শাতে শাতে টাকা দেননি,0,Robi
A Google user,5,2026-06-16 23:38:03,"You need to make the update condition of your Robi apps very fast. Many history is very slow, which does not come in 5 minutes or even 60 seconds. For that, you need to make it fast. Call history is updated after five to ten hours.It should update immediately or else it should update within 30 to 60 seconds but you are not getting that please",12,Robi
A Google user,1,2026-06-16 22:52:21,"I tried to buy FIFA world cup package but sms shown unsuccessful and balance added on main balance, i thought something may be problem then tried again then same problem happen again. Bad system.",5,Robi
A Google user,1,2026-06-16 20:06:16,গ্রাম কে অবহেলা করা হয়। টাওয়ার সুবিধা থেকে। সব টাওয়ার শহরে। গ্রাম শহর বৈষম্য নিপাত যাক। সমঅধিকার মুক্তি পাক।,0,Robi
A Google user,5,2026-06-16 18:51:21,this apps is a very helpful for us,0,Robi
A Google user,3,2026-06-16 14:15:35,আমি ৫০ দিনের জন্য বিশ্ব কাপ পাস অফারটি কিনেছি কিন্তু খেলা দেখতে পারছিনা কেনো?,0,Robi
A Google user,1,2026-06-16 13:12:07,very slowly downloading this apps 😌,0,Robi
A Google user,5,2026-06-16 00:30:35,I love my robi app,0,Robi
A Google user,5,2026-06-15 07:28:18,থ্যাঙ্ক ইউ মানুষকে ঠকাবার জন্য,0,Robi
A Google user,1,2026-06-15 02:47:50,"I usually purchase certain amount of internet data pack every month and use it very conservatively. So when I received a free 1GB offer for 24 hours I decided to use it up immediately. So I used data without care for the whole day. End of the day, I check my data. I had used 0 MB of free data but a lot of my purchased data. I wonder if Robi enjoys making fools out of people like this. (I know I can pause the data pack. But the system should be smart enough to know which data pack to use up 1st.",3,Robi
A Google user,2,2026-06-15 01:14:41,আমি প্রতি রবিবারের ফ্রি ১ জিবি এমবি কেন পাই না,1,Robi
A Google user,5,2026-06-15 00:08:09,excellent apps,0,Robi
A Google user,2,2026-06-15 00:05:56,Robi app is a very good app. There also has an option of earning coins. But I cannot gift these coins in any robi number. This is so bad!,11,Robi
A Google user,4,2026-06-15 00:00:50,"9takay 1gb chai, for 2 hours",0,Robi
A Google user,5,2026-06-14 23:47:47,Excellent app,0,Robi
A Google user,5,2026-06-14 23:18:18,Not bad but sometimes internet buffering,3,Robi
A Google user,1,2026-06-14 23:14:18,"Dear Robi Team, The call history section in the Robi App does not have any option to delete call records. This is an important feature for many users. Please consider adding an option to delete individual or all call history entries. It will improve user privacy and overall user experience. Thank you.",0,Robi
A Google user,5,2026-06-14 23:09:13,Very nice software,0,Robi
A Google user,5,2026-06-14 22:10:53,"আমি কোরবানির অনেকদিন আগে থেকে মাই অফার সেকশনে প্রতিদিন 1 জিবি ফ্রি এমবি পাচ্ছিলাম কিন্তু দীর্ঘ কতদিন ধরে এমবি আর আসছে না এর কারণ কি , বিশ্বাস না হলে আমার কাছে স্ক্রিনশট এবং ছবি আছে ?",0,Robi
A Google user,5,2026-06-14 21:54:55,it's just superb 👌,0,Robi
A Google user,1,2026-06-14 21:12:48,"Fifa video quality baje...jhapsha dekha jai,,1bar ber hole 2nd bar dhukte onk buffering kore,maje maje cut off tho achei",2,Robi
A Google user,5,2026-06-14 18:55:56,very expensive good working go ahead best of luck,1,Robi
A Google user,3,2026-06-14 17:27:45,I have been using it since 2022 but now the package is very expensive. and facing the difficulty to purchase it.,8,Robi
A Google user,5,2026-06-14 16:28:13,Mohin Dash 1 GB internet free,0,Robi
A Google user,5,2026-06-14 15:49:52,Excellent service,0,Robi
A Google user,1,2026-06-14 14:41:02,this app not bad,0,Robi
A Google user,1,2026-06-14 14:09:24,এমবির দাম অনেক বেশি রবি সিম চালানো বাদ দিব 😭😭😭😭,0,Robi
A Google user,4,2026-06-14 11:46:29,My offers এ ভালো ভালো অফার দেওয়া হয়। তবে ১৫ আর ৩০ দিনের জন্য 5-10 GB এর আরো কিছু অফার দিলে ভালো হয়।,0,Robi
A Google user,5,2026-06-14 11:37:43,this is Soo good,0,Robi
A Google user,5,2026-06-14 10:48:26,"best apps ,hope it will gives us best offer, 💗💗💗",0,Robi
A Google user,5,2026-06-14 07:42:51,tha best app,0,Robi
A Google user,5,2026-06-14 06:45:34,I am satisfied this package.thank for robi,0,Robi
A Google user,1,2026-06-14 04:53:35,"এই খনিকের পোলারা ১০০ টাকা দিয়া নাকি পুরা ফিফা দেখাইবো এখন প্যাক কিনার পর একবার ঢুকতেও পারলাম না,,,,,,, সারা দিন লোডিং নিতে থাকে,,,,,, বাটপার রবি",0,Robi
A Google user,5,2026-06-14 01:44:42,helpfully apps,0,Robi
A Google user,5,2026-06-14 00:52:40,thank you robiphone,0,Robi
A Google user,1,2026-06-14 00:36:42,I can't see a single second of any World Cup match. This is the worst experience ever. What about the 99 taka I spent?,9,Robi
A Google user,1,2026-06-14 00:17:51,"Can't open the Airtel or Robi app when I'm connected to Wi-Fi, but they work fine on their own mobile network. This makes no sense and feels like a monopoly tactic. Users should be able to access their accounts from any internet connection, not just the operator's network. Very disappointing experience.",9,Robi
A Google user,1,2026-06-14 00:07:28,অলয়েজ লোডিং হতেই থাকে,0,Robi
A Google user,5,2026-06-13 23:28:25,"thanks for everything, enjoying new experience.",0,Robi
A Google user,5,2026-06-13 22:11:13,সবাই রবি অ্যাপ ডাউনলোড করুন,0,Robi
A Google user,5,2026-06-13 18:21:16,md.abjal 🥳🥳🥳🥳🥳,0,Robi
A Google user,5,2026-06-13 14:06:12,"Bangladesh number one network, Thank you robi",0,Robi
A Google user,1,2026-06-13 13:53:07,my offerer robi apps ok fine on thinks,0,Robi
A Google user,5,2026-06-13 10:50:01,That's good app,0,Robi
A Google user,1,2026-06-13 10:46:56,Offer prices are very very high 👎🏻👎🏻,4,Robi
A Google user,5,2026-06-13 10:28:13,It's really a great app.It is very easy to use,1,Robi
A Google user,4,2026-06-13 09:28:24,"My robi is a great app. This is a very helpful app for robi sim users. And My plan option was very good but Recently The new update has new options, easy plan which is very bad. The Customization price of It's data, minutes, sms is too high and costly. This is a request to you guys please cheap the rate of easy plan. The network connection of Robi is not too good and all other rates are too high than Earlier it's now been a big problem to buy packages or offers cause it's always increasing...",98,Robi
A Google user,3,2026-06-13 04:23:30,network 🛜 develop Korte Hobe e,0,Robi
A Google user,5,2026-06-13 03:58:36,অনেক অনেক ভালো,0,Robi
A Google user,5,2026-06-13 03:38:57,excellent moment,0,Robi
A Google user,5,2026-06-13 01:24:59,Good Service Robi,0,Robi
A Google user,5,2026-06-12 23:45:28,vary good apps,0,Robi
A Google user,4,2026-06-12 23:26:21,This app facilities is too good.🙂.Thank YOU. 🙂,1,Robi
A Google user,5,2026-06-12 23:24:11,Very good service,0,Robi
A Google user,5,2026-06-12 22:57:53,unlimited offer,0,Robi
A Google user,5,2026-06-12 22:12:49,it's a very good app and user friendly UI,1,Robi
A Google user,5,2026-06-12 21:17:09,fastest networking always,0,Robi
A Google user,5,2026-06-12 20:27:04,আমি রিং করতে চাই,0,Robi
A Google user,1,2026-06-12 20:12:58,৯৯ টাকায় বিশ্বকাপ প্যাক নিলাম। চলে না। সবাই ১ স্টার দিয়া রিভিউ দেন।,0,Robi
A Google user,5,2026-06-12 19:58:32,I like a robi app,0,Robi
A Google user,5,2026-06-12 17:02:54,very good app,0,Robi
A Google user,1,2026-06-12 16:31:32,full of fraud... cutting extra money.. loan ami nei nai but auto loan diye taka kete rakhse.... offer er sathe hidden charge kate...experience is so awful... govt should sue this kind of mobile operator...scammer!!!!,0,Robi
A Google user,5,2026-06-12 15:23:26,খুব ভালো ছিলো,0,Robi
A Google user,5,2026-06-12 14:36:39,খুব বাজে একটা অ্যাপ😎😂,0,Robi
A Google user,5,2026-06-12 14:36:29,Alhamdulillah good aps,0,Robi
A Google user,1,2026-06-12 14:01:02,"নেই খুব খারাপ বার বার একাই ডাটা ওফ হয়ে যায়, বার বার মেসেজ আসে, যেই এমবিটা কিনছি ওটার এসে ডাটা ওফ করে দেয়, বলার ভাসা নাই এত খারাপ",0,Robi
A Google user,5,2026-06-12 13:40:18,verry good 👍👍,0,Robi
A Google user,5,2026-06-12 11:37:30,give me valo valo offer my robi.!!😁😌,0,Robi
A Google user,5,2026-06-12 10:40:05,This update is Nice,0,Robi
A Google user,5,2026-06-12 10:39:28,best service,0,Robi
A Google user,5,2026-06-12 09:26:57,"sk,Rapia 100%",1,Robi
A Google user,3,2026-06-12 09:21:05,valo but mb er offer gula ar aktu chuto hole valo hoto,0,Robi
A Google user,1,2026-06-12 08:47:42,"I purchased the 99tk world cup plan on my robi expecting a smooth and enjoyable experience with Full HD streaming and minimal buffering. Unfortunately, my experience was extremely disappointing. The video quality was often very low, and the stream buffered every 10 seconds, making it almost impossible to enjoy the match. I paid for a premium service expecting better performance, but the experience was even worse than many free third-party streaming websites. I want refund.",18,Robi
A Google user,5,2026-06-12 07:00:06,good service,0,Robi
A Google user,5,2026-06-12 05:41:09,excellent app,0,Robi
A Google user,2,2026-06-12 03:37:47,"khub slow, fifa world cup er match dekhe ekdom santi painai. khali Network atke jai🥲",0,Robi
A Google user,3,2026-06-12 00:47:12,my favourite SIM Robi ❤️‍🩹,0,Robi
A Google user,5,2026-06-12 00:47:11,all the best so far absolutely fine.,0,Robi
A Google user,5,2026-06-12 00:37:06,excellent app,0,Robi
A Google user,5,2026-06-11 23:52:57,Thank you 💚💖💛,0,Robi
A Google user,5,2026-06-11 23:32:28,good experience,0,Robi
A Google user,5,2026-06-11 21:25:03,Working is good,0,Robi
A Google user,3,2026-06-11 21:24:07,I think the app are very much helpful for me,0,Robi
A Google user,5,2026-06-11 19:53:44,I am very happy,0,Robi
A Google user,5,2026-06-11 19:43:20,অনেক ভালো অ্যাপ,0,Robi
A Google user,5,2026-06-11 19:24:17,it's too good app.,0,Robi
A Google user,5,2026-06-11 18:12:28,very helfull,0,Robi
A Google user,5,2026-06-11 17:49:16,osthir Robi minit,0,Robi
A Google user,5,2026-06-11 17:36:26,Good guideline,0,Robi
A Google user,5,2026-06-11 17:29:38,Thanks my robi,0,Robi
A Google user,5,2026-06-11 16:24:05,Good and Better Offer for Everyone 😍,0,Robi
A Google user,3,2026-06-11 15:48:21,Best app fot Internet is 😌,0,Robi
A Google user,5,2026-06-11 15:38:42,অনেক ভালো লাগছে-😊,0,Robi
A Google user,5,2026-06-11 14:36:06,app টা অসাধারণ,0,Robi
A Google user,2,2026-06-11 14:35:51,I cannot use option my offer portion.It seems unavailable for me.fix this problem,0,Robi
A Google user,1,2026-06-11 14:34:58,ভালোবাসা আরেক নাম মাই রবি,0,Robi
A Google user,5,2026-06-11 14:09:45,OTP খুভি বালো,0,Robi
A Google user,1,2026-06-11 13:26:22,"একটা বাটপার, চোর, চাউট কোম্পানি। গ্রাহকেরা অগোচরে বিভিন্ন VAS সার্ভিস চালু করে টাকা হাতিয়ে নেয়।",0,Robi
A Google user,5,2026-06-11 12:51:43,meethai meethai,0,Robi
A Google user,5,2026-06-11 11:52:33,আমাদের এইদিকে নেটওয়ার্ক একটু দূর্বল কিন্তু রেট দিয়ে সবার সেরা।,0,Robi
A Google user,5,2026-06-11 11:12:24,রবি সিমটা ব্যবহার করে দারুন এমবি এবং মিনিট উপভোগ করছি,0,Robi
A Google user,3,2026-06-11 09:37:40,আমি ১০৮ টাকা রিচার্জ করছিলাম এমনিতে। হঠাৎ দেখি কি একটা বাজে সোশ্যাল প্যাক ২জিবি চলে আসলো!!!!!! এগুলা কি ধরনের ফালতু প্যাকেজ হে??? বন্ধ করেন এইসব আজে বাজে অফার!!!!😡,0,Robi
A Google user,5,2026-06-11 09:02:26,very nice and useful app,0,Robi
A Google user,5,2026-06-11 08:26:09,my offers good keep those offer,0,Robi
A Google user,5,2026-06-11 05:17:06,Nice apps and very easy to use,3,Robi
A Google user,5,2026-06-11 03:52:17,GOOD ROBI INTERNET 💯,0,Robi
A Google user,5,2026-06-11 01:04:54,it's helpful,0,Robi
A Google user,5,2026-06-11 00:37:41,"good, I Like this type",0,Robi
A Google user,2,2026-06-11 00:19:26,verry 👍🏼 good,0,Robi
A Google user,5,2026-06-10 23:52:32,Best Oparelater,0,Robi
A Google user,5,2026-06-10 23:36:48,service valo korte hbe location area network problem hy,0,Robi
A Google user,5,2026-06-10 21:42:16,"The highest number of features ever in the telecommunications sector of Bangladesh. Various offers in different categories at the lowest prices. Data packs can be purchased in different modes like balance+recharge, points+recharge or loan+recharge etc., which is a truly unique and honest way of doing business for the customers. Cashback offers do not require any additional recharge money and much more.🌸🥰",7,Robi
A Google user,5,2026-06-10 21:33:07,Thik app is very usefull for me ✅ i hope when you will use the app then you will helpfull by the app ✅,1,Robi
A Google user,5,2026-06-10 20:42:08,good network,0,Robi
A Google user,5,2026-06-10 18:05:18,অনেক সুন্দর সুন্দর অফার দেয় এই রবি,0,Robi
A Google user,4,2026-06-10 16:10:31,best service 👍,0,Robi
A Google user,5,2026-06-10 15:19:01,ইদানীং নেটওয়ার্ক সমস্যা হচ্ছে।,0,Robi
A Google user,5,2026-06-10 14:53:16,all service stop my robi app,0,Robi
A Google user,5,2026-06-10 13:18:41,fast and good service,0,Robi
A Google user,5,2026-06-10 10:03:08,very easy and good,0,Robi
A Google user,5,2026-06-10 08:18:28,It’s working now. thank you.,0,Robi
A Google user,5,2026-06-10 04:27:45,good scarves robi app,0,Robi
A Google user,5,2026-06-10 03:15:36,superfast call history update please ?,0,Robi
A Google user,5,2026-06-10 03:11:39,good survice,0,Robi
A Google user,5,2026-06-10 00:04:45,good service,0,Robi
A Google user,5,2026-06-09 23:17:34,good services,0,Robi
A Google user,5,2026-06-09 23:01:07,just a moment,0,Robi
A Google user,5,2026-06-09 21:55:34,"good, but call rate high",1,Robi
A Google user,5,2026-06-09 21:49:18,thank you..... 🍁🇧🇩,0,Robi
A Google user,5,2026-06-09 21:06:51,khub valo cilo 🥰,0,Robi
A Google user,5,2026-06-09 20:30:40,"আমি কখনোই ভাবি নাই, জে my Robi app koto tah sujok subidha, ek kothy ossam ekta app.. ✅",0,Robi
A Google user,5,2026-06-09 18:46:40,"This app is used full app, and sarvic is very good,",0,Robi
A Google user,5,2026-06-09 18:25:46,bobi roaming good,0,Robi
A Google user,5,2026-06-09 15:27:38,good service,0,Robi
A Google user,4,2026-06-09 15:18:25,ধন্যবাদ এত সুন্দর একটা অফার দেওয়ার জন্য,0,Robi
A Google user,5,2026-06-09 13:33:16,Best app experience!,0,Robi
A Google user,5,2026-06-09 11:16:31,Robi কোম্পানি বাংলাদেশের FF গেমারদের জন্য ভালো কিছু করো তোমাদের কাছে এটা আশা করি তোমরা পারবা,0,Robi
A Google user,5,2026-06-09 06:21:06,this app is good,0,Robi
A Google user,5,2026-06-09 01:26:11,this is a great application,0,Robi
A Google user,4,2026-06-09 00:50:41,নেট ছাড়া যদি অ্যাপসটা ইউজ করা যেত তাহলে খুবই ভালো হতো আমি চাইতেছি যে নেট না থাকলেও এই অ্যাপসটা ইউজ করা তাহলে সব সময় নেট এবং অন্যান্য কারণে অ্যাপসটা ব্যবহার করতে পারতো,0,Robi
A Google user,5,2026-06-08 22:09:20,not bed this app but offer low,0,Robi
A Google user,5,2026-06-08 20:58:04,Outstanding and my favourite Robi,0,Robi
A Google user,5,2026-06-08 18:37:52,nice app I like man,0,Robi
A Google user,5,2026-06-08 18:06:58,very good app,0,Robi
A Google user,5,2026-06-08 17:29:24,very nice app☺️,0,Robi
A Google user,5,2026-06-08 16:36:05,"Now, Robi okay than before❤️❤️❤️",0,Robi
A Google user,5,2026-06-08 16:22:11,good apps for robi,0,Robi
A Google user,5,2026-06-08 15:29:23,মুটামুটি ভালো কিন্তু টাকা ডুকালে সবসময় টাকা নিয়ে যায় এমনিতে আমি চাই আমার টাকা ফেরত দেওয়া অথবা সামনে থেকে আর কোনদিন টাকা নিবে না,0,Robi
A Google user,5,2026-06-08 14:24:47,i need good network,0,Robi
A Google user,1,2026-06-08 13:28:06,A bunch of scammers got a sim company running now lol students need a low amount of data to run their mobile or to keep them online lol . offers? more like give us money we will give 1 gb for 3 days lol . in Dhaka Teletalk gives 1 gb for 30 days lol bunch of scammers,0,Robi
A Google user,1,2026-06-08 12:50:25,Very bad for notification 🥵🤯😡🤬🤬🤬😠😠😠😈😡😡😡😡,0,Robi
A Google user,5,2026-06-08 11:16:14,this app so helpful,0,Robi
A Google user,5,2026-06-08 10:26:03,its good but something rong when need service gone,0,Robi
